2.3837
2.36918
2.35457
2.33987
2.32507
2.31019
2.29523
2.28018
2.26505
2.24985
2.23458
2.21924
2.20384
2.18837
2.17285
2.15726
2.14163
2.12595
2.11021
2.09444
2.07862
2.06277
2.04688
2.03096
2.01501
1.99903
1.98303
1.96701
1.95097
1.93492
1.91886
1.90278
1.8867
1.87062
1.85454
1.83846
1.82239
1.80633
1.79028
1.77424
1.75822
1.74222
1.72625
1.7103
1.69438
1.6785
1.66264
1.64683
1.63106
1.61534
1.59966
1.58404
1.56847
1.55296
1.53751
1.52212
1.5068
1.49156
1.47638
1.46129
1.44627
1.43135
1.41651
1.40176
1.38711
1.37256
1.35811
1.34378
1.32955
1.31543
1.30144
1.28757
1.27383
1.26022
1.24674
1.23341
1.22022
1.20719
1.1943
1.18157
1.16901
1.15661
1.14438
1.13233
1.12045
1.10877
1.09727
1.08596
1.07486
1.06395
1.05325
1.04276
1.03249
1.02244
1.01261
1.00301
0.993636
0.984501
0.975605
0.966952
0.958545
0.950387
0.942481
0.934829
0.927436
0.920302
0.913431
0.906823
0.900481
0.894406
0.8886
0.883063
0.877796
0.872797
0.868071
0.863615
0.859429
0.855512
0.851863
0.848479
0.845364
0.842513
0.839923
0.837596
0.835525
0.833708
0.832145
0.830832
0.829766
0.828943
0.828361
0.828016
0.827905
0.828024
0.828374
0.828943
0.829731
0.830735
0.831948
0.833373
0.835002
0.836832
0.838857
0.841078
0.843488
0.846084
0.848863
0.851821
0.854958
0.858266
0.861744
0.865394
0.869203
0.873173
0.877299
0.881582
0.886019
0.890606
0.895341
0.900224
0.905249
0.910415
0.915721
0.921166
0.926745
0.932459
0.938305
0.944283
0.950391
0.956627
0.962993
0.969484
0.9761
0.98284
0.989701
0.996687
1.00379
1.01102
1.01837
1.02584
1.03343
1.04114
1.04896
1.05691
1.06497
1.07315
1.08145
1.08987
1.0984
1.10705
1.11582
1.12471
1.13371
1.14283
1.15207
1.16143
1.1709
1.18049
1.1902
1.20002
1.20997
1.22003
1.23021
1.24051
1.25092
1.26146
1.27211
1.28288
1.29377
1.30478
1.3159
1.32715
1.33851
1.34999
1.36159
1.37331
1.38515
1.39711
1.40918
1.42137
1.43368
1.44611
1.45865
1.47132
1.4841
1.49699
1.51
1.52313
1.53637
1.54972
1.56319
1.57677
1.59047
1.60428
1.6182
1.63224
1.64638
1.66064
1.675
1.68947
1.70405
1.71874
1.73353
1.74842
1.76343
1.77853
1.79374
1.80905
1.82445
1.83996
1.85556
1.87127
1.88706
1.90295
1.91893
1.93501
1.95117
1.96742
1.98376
2.00019
2.01669
2.03328
2.04994
2.06668
2.0835
2.10038
2.11734
2.13436
2.15144
2.16859
2.18579
2.20304
2.22033
2.23767
2.25505
2.27246
2.28989
2.30733
2.32478
2.34222
2.35964
2.37702
2.39436
2.41162
2.42877
2.4458
2.46265
2.47928
2.49563
2.51161
2.52714
2.54208
2.5563
2.56959
2.58175
2.5925
2.60159
2.60876
2.61385
2.61678
2.6176
2.36988
2.35537
2.34077
2.32607
2.31128
2.2964
2.28144
2.2664
2.25128
2.23608
2.22081
2.20547
2.19007
2.1746
2.15907
2.14349
2.12785
2.11216
2.09642
2.08064
2.06482
2.04896
2.03306
2.01713
2.00117
1.98518
1.96917
1.95313
1.93708
1.92101
1.90494
1.88884
1.87275
1.85665
1.84055
1.82444
1.80835
1.79226
1.77619
1.76012
1.74407
1.72805
1.71204
1.69606
1.6801
1.66418
1.64829
1.63244
1.61663
1.60087
1.58515
1.56948
1.55386
1.5383
1.5228
1.50735
1.49198
1.47668
1.46145
1.44629
1.43122
1.41622
1.40132
1.3865
1.37178
1.35715
1.34263
1.32822
1.31391
1.29971
1.28564
1.27168
1.25785
1.24415
1.23059
1.21716
1.20388
1.19074
1.17775
1.16493
1.15226
1.13975
1.12742
1.11526
1.10328
1.09148
1.07987
1.06845
1.05723
1.04621
1.0354
1.0248
1.01441
1.00424
0.9943
0.984585
0.975103
0.965856
0.956849
0.948085
0.939569
0.931304
0.923294
0.91554
0.908047
0.900815
0.89385
0.88715
0.880721
0.874561
0.868673
0.863059
0.857717
0.85265
0.847858
0.843341
0.839099
0.83513
0.831434
0.828009
0.824855
0.821968
0.81935
0.816997
0.814907
0.813076
0.811501
0.810181
0.809112
0.808292
0.807716
0.807381
0.807284
0.80742
0.807787
0.808383
0.809199
0.810229
0.811478
0.81294
0.814607
0.816477
0.818545
0.820811
0.823267
0.825912
0.828742
0.831751
0.834939
0.838301
0.841836
0.845537
0.849403
0.853435
0.857622
0.861964
0.866459
0.871106
0.875901
0.880843
0.885929
0.891157
0.896527
0.902033
0.907675
0.91345
0.919359
0.9254
0.931568
0.937868
0.944294
0.950847
0.957529
0.96433
0.971256
0.978305
0.985476
0.992765
1.00018
1.00771
1.01537
1.02314
1.03103
1.03904
1.04717
1.05542
1.06379
1.07227
1.08087
1.08959
1.09843
1.10738
1.11646
1.12565
1.13496
1.14439
1.15394
1.1636
1.17339
1.18329
1.19331
1.20345
1.2137
1.22408
1.23458
1.24519
1.25593
1.26678
1.27775
1.28885
1.30006
1.31139
1.32284
1.33442
1.3461
1.35791
1.36984
1.38189
1.39406
1.40634
1.41875
1.43127
1.44391
1.45667
1.46955
1.48254
1.49565
1.50888
1.52222
1.53567
1.54924
1.56293
1.57673
1.59064
1.60467
1.61881
1.63306
1.64742
1.66189
1.67646
1.69115
1.70594
1.72084
1.73584
1.75095
1.76616
1.78147
1.79689
1.8124
1.82801
1.84372
1.85953
1.87543
1.89143
1.90751
1.92369
1.93996
1.95631
1.97275
1.98927
2.00588
2.02256
2.03933
2.05616
2.07307
2.09005
2.1071
2.12421
2.14138
2.15861
2.17589
2.19322
2.2106
2.22801
2.24545
2.26292
2.28041
2.2979
2.31539
2.33287
2.35032
2.36772
2.38505
2.4023
2.41942
2.43639
2.45316
2.46968
2.48588
2.50166
2.51693
2.53156
2.54537
2.55817
2.56972
2.57977
2.58807
2.59439
2.59861
2.6007
2.60075
2.35621
2.34171
2.32711
2.31242
2.29764
2.28276
2.2678
2.25276
2.23764
2.22245
2.20718
2.19184
2.17643
2.16097
2.14544
2.12985
2.11421
2.09852
2.08277
2.06699
2.05116
2.03529
2.01938
2.00344
1.98747
1.97147
1.95545
1.9394
1.92334
1.90725
1.89116
1.87505
1.85894
1.84282
1.82669
1.81057
1.79446
1.77835
1.76224
1.74615
1.73008
1.71402
1.69798
1.68197
1.66598
1.65003
1.6341
1.61822
1.60237
1.58656
1.5708
1.55508
1.53942
1.52381
1.50826
1.49276
1.47734
1.46198
1.44669
1.43148
1.41634
1.40128
1.38631
1.37143
1.35664
1.34194
1.32735
1.31286
1.29847
1.2842
1.27004
1.256
1.24209
1.2283
1.21464
1.20112
1.18775
1.17451
1.16143
1.1485
1.13573
1.12313
1.11069
1.09842
1.08633
1.07443
1.06271
1.05118
1.03984
1.02871
1.01778
1.00707
0.996566
0.986284
0.976226
0.966397
0.9568
0.94744
0.93832
0.929445
0.920819
0.912447
0.90433
0.896472
0.888876
0.881546
0.874483
0.86769
0.861169
0.854922
0.84895
0.843255
0.837837
0.832698
0.827839
0.823257
0.818955
0.814932
0.811186
0.807715
0.80452
0.801598
0.798947
0.796567
0.794455
0.792607
0.791018
0.78969
0.788617
0.787796
0.787224
0.786898
0.786812
0.786964
0.78735
0.787965
0.788806
0.789869
0.79115
0.792646
0.79435
0.796259
0.798369
0.800678
0.803181
0.805872
0.808751
0.811811
0.815051
0.818466
0.822053
0.825811
0.829733
0.833817
0.838061
0.842466
0.847021
0.851725
0.856581
0.861582
0.866728
0.872016
0.877444
0.883011
0.888713
0.89455
0.900522
0.906624
0.912856
0.919216
0.925704
0.932318
0.939059
0.945924
0.952914
0.960024
0.967258
0.974609
0.982086
0.989686
0.997402
1.00524
1.0132
1.02127
1.02947
1.03778
1.04621
1.05476
1.06343
1.07221
1.08112
1.09014
1.09929
1.10855
1.11793
1.12744
1.13705
1.14679
1.15665
1.16663
1.17672
1.18694
1.19727
1.20773
1.21831
1.229
1.23982
1.25075
1.26181
1.27299
1.28429
1.2957
1.30724
1.3189
1.33068
1.34258
1.3546
1.36674
1.379
1.39138
1.40387
1.41649
1.42923
1.44208
1.45506
1.46815
1.48135
1.49468
1.50812
1.52168
1.53535
1.54914
1.56304
1.57705
1.59118
1.60542
1.61978
1.63424
1.64881
1.66349
1.67828
1.69318
1.70818
1.72329
1.7385
1.75382
1.76923
1.78475
1.80037
1.81609
1.8319
1.84781
1.86382
1.87991
1.8961
1.91238
1.92875
1.94521
1.96174
1.97837
1.99507
2.01185
2.02871
2.04564
2.06264
2.07971
2.09684
2.11404
2.1313
2.1486
2.16596
2.18337
2.20081
2.21829
2.2358
2.25333
2.27087
2.2884
2.30593
2.32344
2.3409
2.35831
2.37563
2.39285
2.40993
2.42683
2.4435
2.45989
2.4759
2.49146
2.50644
2.5207
2.53407
2.54632
2.55723
2.56655
2.57403
2.57949
2.58285
2.58413
2.58344
2.3427
2.3282
2.31361
2.29892
2.28414
2.26927
2.25432
2.23928
2.22416
2.20897
2.1937
2.17836
2.16296
2.14749
2.13196
2.11637
2.10072
2.08502
2.06928
2.05348
2.03765
2.02177
2.00586
1.98991
1.97393
1.95792
1.94188
1.92582
1.90975
1.89365
1.87754
1.86141
1.84528
1.82915
1.813
1.79686
1.78072
1.76459
1.74846
1.73235
1.71625
1.70016
1.68409
1.66805
1.65203
1.63604
1.62008
1.60416
1.58827
1.57243
1.55662
1.54086
1.52516
1.5095
1.4939
1.47836
1.46288
1.44746
1.43212
1.41685
1.40166
1.38654
1.37151
1.35656
1.3417
1.32694
1.31227
1.29771
1.28325
1.2689
1.25466
1.24054
1.22654
1.21266
1.19892
1.18531
1.17185
1.15852
1.14534
1.13231
1.11944
1.10673
1.09419
1.08182
1.06962
1.05761
1.04578
1.03414
1.02269
1.01145
1.00041
0.989577
0.978961
0.968564
0.958391
0.948447
0.938735
0.92926
0.920027
0.91104
0.902303
0.89382
0.885594
0.87763
0.86993
0.862498
0.855336
0.848447
0.841832
0.835494
0.829435
0.823657
0.818161
0.812947
0.808016
0.803369
0.799004
0.794922
0.791123
0.787604
0.784365
0.781405
0.778721
0.776311
0.774172
0.772304
0.770701
0.769361
0.768282
0.767459
0.766889
0.766568
0.766493
0.766658
0.767062
0.767698
0.76856
0.769654
0.770964
0.772493
0.774233
0.77618
0.778331
0.780683
0.783229
0.785968
0.788894
0.792004
0.795294
0.79876
0.802401
0.806211
0.810189
0.81433
0.81863
0.823088
0.8277
0.832468
0.837381
0.842441
0.847646
0.852993
0.858481
0.864107
0.869869
0.875766
0.881796
0.887958
0.89425
0.900673
0.907221
0.913897
0.920696
0.927621
0.934671
0.941846
0.949136
0.956553
0.964094
0.971753
0.979532
0.987433
0.995454
1.00359
1.01185
1.02023
1.02872
1.03734
1.04607
1.05493
1.0639
1.07299
1.08221
1.09154
1.10099
1.11056
1.12025
1.13006
1.13999
1.15004
1.16022
1.17051
1.18092
1.19145
1.20211
1.21288
1.22378
1.2348
1.24594
1.2572
1.26858
1.28008
1.29171
1.30345
1.31532
1.32731
1.33942
1.35165
1.364
1.37647
1.38906
1.40177
1.4146
1.42755
1.44062
1.45381
1.46712
1.48054
1.49408
1.50774
1.52151
1.53539
1.5494
1.56352
1.57775
1.59209
1.60654
1.62111
1.63578
1.65057
1.66546
1.68046
1.69556
1.71078
1.72609
1.74151
1.75703
1.77265
1.78837
1.80419
1.82011
1.83612
1.85222
1.86842
1.88471
1.90109
1.91756
1.93411
1.95075
1.96746
1.98426
2.00113
2.01808
2.0351
2.05219
2.06935
2.08657
2.10385
2.12119
2.13857
2.15601
2.17348
2.19099
2.20854
2.2261
2.24368
2.26126
2.27884
2.2964
2.31392
2.33139
2.34879
2.3661
2.38328
2.40029
2.41711
2.43366
2.44988
2.4657
2.481
2.49565
2.50951
2.52239
2.53406
2.54429
2.55283
2.55948
2.56409
2.5666
2.56709
2.56569
2.32935
2.31487
2.30028
2.2856
2.27082
2.25595
2.241
2.22597
2.21085
2.19566
2.18039
2.16505
2.14964
2.13417
2.11864
2.10305
2.0874
2.0717
2.05595
2.04015
2.0243
2.00842
1.9925
1.97654
1.96055
1.94453
1.92848
1.91241
1.89632
1.88021
1.86408
1.84794
1.8318
1.81564
1.79948
1.78332
1.76716
1.751
1.73485
1.71871
1.70259
1.68647
1.67038
1.65431
1.63826
1.62224
1.60624
1.59028
1.57436
1.55847
1.54263
1.52683
1.51108
1.49538
1.47973
1.46414
1.44862
1.43315
1.41776
1.40243
1.38718
1.372
1.35691
1.3419
1.32698
1.31215
1.29741
1.28278
1.26824
1.25382
1.2395
1.2253
1.21122
1.19726
1.18343
1.16973
1.15617
1.14275
1.12948
1.11636
1.10339
1.09058
1.07793
1.06546
1.05316
1.04103
1.0291
1.01735
1.00579
0.994433
0.98328
0.972334
0.961603
0.951091
0.940802
0.930742
0.920914
0.911325
0.901977
0.892875
0.884026
0.875431
0.867095
0.859023
0.851216
0.843679
0.836415
0.829425
0.822714
0.816284
0.810137
0.804273
0.798694
0.793402
0.788397
0.783679
0.77925
0.775107
0.771251
0.767681
0.764396
0.761393
0.758672
0.756231
0.754065
0.752173
0.750553
0.749199
0.748111
0.747283
0.746713
0.746396
0.746329
0.746507
0.746926
0.747578
0.748466
0.749585
0.750924
0.752485
0.754258
0.756243
0.758433
0.760825
0.763415
0.766199
0.769172
0.77233
0.775669
0.779188
0.78288
0.786744
0.790774
0.794969
0.799326
0.80384
0.808508
0.813331
0.818301
0.823418
0.828685
0.83409
0.839636
0.84532
0.851141
0.857096
0.863186
0.869407
0.875758
0.882237
0.888846
0.895579
0.902442
0.909427
0.916535
0.923767
0.931121
0.938601
0.9462
0.95392
0.961762
0.969724
0.977806
0.986007
0.994327
1.00277
1.01133
1.02001
1.02881
1.03773
1.04677
1.05593
1.06521
1.07461
1.08413
1.09377
1.10353
1.11341
1.12342
1.13354
1.14379
1.15416
1.16465
1.17526
1.18599
1.19684
1.20782
1.21892
1.23014
1.24148
1.25295
1.26454
1.27625
1.28808
1.30003
1.31211
1.32431
1.33663
1.34907
1.36163
1.37432
1.38712
1.40004
1.41309
1.42625
1.43954
1.45294
1.46646
1.4801
1.49385
1.50772
1.52171
1.53581
1.55003
1.56436
1.5788
1.59336
1.60802
1.6228
1.63769
1.65268
1.66778
1.68299
1.6983
1.71372
1.72924
1.74486
1.76058
1.77641
1.79233
1.80834
1.82445
1.84066
1.85696
1.87334
1.88982
1.90638
1.92303
1.93976
1.95657
1.97346
1.99042
2.00746
2.02457
2.04175
2.05899
2.07629
2.09365
2.11106
2.12852
2.14602
2.16356
2.18114
2.19874
2.21635
2.23398
2.2516
2.2692
2.28678
2.30432
2.32179
2.33917
2.35644
2.37357
2.39051
2.40721
2.42362
2.43966
2.45525
2.47026
2.48456
2.49798
2.51032
2.52136
2.53087
2.53863
2.54443
2.54819
2.54988
2.54961
2.54754
2.31619
2.3017
2.28712
2.27244
2.25767
2.24281
2.22786
2.21283
2.19771
2.18252
2.16725
2.15191
2.13651
2.12103
2.1055
2.0899
2.07425
2.05854
2.04279
2.02698
2.01113
1.99524
1.97931
1.96335
1.94735
1.93132
1.91526
1.89918
1.88307
1.86695
1.85081
1.83465
1.81849
1.80231
1.78613
1.76995
1.75377
1.7376
1.72142
1.70526
1.68911
1.67297
1.65685
1.64075
1.62467
1.60861
1.59259
1.57659
1.56064
1.54471
1.52883
1.513
1.4972
1.48146
1.46577
1.45013
1.43456
1.41904
1.40359
1.38822
1.37291
1.35768
1.34252
1.32745
1.31247
1.29757
1.28277
1.26806
1.25346
1.23896
1.22457
1.21029
1.19613
1.18209
1.16817
1.15439
1.14074
1.12723
1.11386
1.10064
1.08758
1.07467
1.06193
1.04935
1.03694
1.02471
1.01266
1.00081
0.98914
0.977671
0.966404
0.955345
0.944499
0.933871
0.923466
0.913289
0.903345
0.893639
0.884175
0.874958
0.865994
0.857286
0.848838
0.840655
0.832739
0.825095
0.817726
0.810636
0.803825
0.797298
0.791057
0.785105
0.779441
0.774068
0.768985
0.764196
0.759697
0.755491
0.751575
0.74795
0.744615
0.741568
0.738807
0.73633
0.734134
0.732217
0.730577
0.729206
0.728106
0.727272
0.7267
0.726385
0.726323
0.726511
0.726943
0.727613
0.728522
0.729662
0.731032
0.732623
0.734429
0.736449
0.738677
0.741109
0.743742
0.746569
0.749588
0.752793
0.756181
0.759749
0.763492
0.767407
0.771491
0.77574
0.780149
0.78472
0.789444
0.794321
0.799348
0.804523
0.809841
0.815303
0.82091
0.826652
0.832531
0.838543
0.84469
0.850969
0.857379
0.863917
0.870583
0.877375
0.884293
0.891337
0.898505
0.905797
0.91321
0.920748
0.928409
0.936189
0.94409
0.952113
0.960255
0.968518
0.9769
0.985404
0.994025
1.00277
1.01163
1.02062
1.02973
1.03895
1.0483
1.05777
1.06736
1.07707
1.0869
1.09685
1.10693
1.11713
1.12745
1.13789
1.14845
1.15914
1.16995
1.18088
1.19194
1.20312
1.21442
1.22584
1.23739
1.24907
1.26086
1.27278
1.28482
1.29699
1.30927
1.32168
1.33421
1.34687
1.35964
1.37254
1.38556
1.39869
1.41195
1.42533
1.43883
1.45245
1.46618
1.48003
1.494
1.50809
1.52229
1.5366
1.55103
1.56558
1.58023
1.595
1.60987
1.62486
1.63995
1.65516
1.67046
1.68588
1.70139
1.71701
1.73273
1.74856
1.76448
1.7805
1.79661
1.81282
1.82912
1.84552
1.862
1.87857
1.89523
1.91197
1.92879
1.94569
1.96267
1.97972
1.99685
2.01404
2.0313
2.04862
2.066
2.08343
2.10092
2.11845
2.13602
2.15362
2.17125
2.1889
2.20656
2.22422
2.24188
2.25951
2.2771
2.29463
2.31209
2.32945
2.34667
2.36373
2.38057
2.39715
2.4134
2.42923
2.44455
2.45924
2.47314
2.48608
2.49785
2.50823
2.517
2.52394
2.5289
2.53181
2.53271
2.53171
2.529
2.30321
2.28873
2.27415
2.25948
2.24471
2.22985
2.2149
2.19987
2.18476
2.16957
2.1543
2.13896
2.12355
2.10808
2.09254
2.07694
2.06128
2.04557
2.02981
2.014
1.99815
1.98225
1.96631
1.95033
1.93432
1.91828
1.90222
1.88612
1.87
1.85387
1.83771
1.82154
1.80536
1.78917
1.77297
1.75677
1.74057
1.72438
1.70818
1.692
1.67582
1.65966
1.64351
1.62738
1.61127
1.59519
1.57913
1.56311
1.54711
1.53116
1.51524
1.49936
1.48353
1.46774
1.45201
1.43633
1.42071
1.40515
1.38965
1.37422
1.35886
1.34357
1.32836
1.31323
1.29818
1.28322
1.26835
1.25358
1.23891
1.22433
1.20987
1.19552
1.18128
1.16715
1.15316
1.13929
1.12555
1.11195
1.0985
1.08518
1.07202
1.05902
1.04617
1.03349
1.02098
1.00865
0.996492
0.984526
0.972749
0.961168
0.949788
0.938615
0.927654
0.91691
0.906389
0.896095
0.886034
0.876211
0.866629
0.857296
0.848215
0.839392
0.83083
0.822533
0.814506
0.806753
0.799277
0.792081
0.785169
0.778544
0.772208
0.766162
0.76041
0.754952
0.749789
0.744922
0.740352
0.736078
0.732099
0.728417
0.725029
0.721934
0.719129
0.716613
0.714384
0.712439
0.710774
0.709387
0.708272
0.707428
0.706851
0.706536
0.706478
0.706674
0.707115
0.707804
0.708731
0.709894
0.711286
0.712908
0.714747
0.716801
0.719065
0.721536
0.724209
0.727079
0.730142
0.733394
0.73683
0.740446
0.744239
0.748205
0.75234
0.756642
0.761105
0.765727
0.770507
0.775439
0.780521
0.785751
0.791126
0.796645
0.802302
0.8081
0.81404
0.820109
0.826313
0.832648
0.839114
0.84571
0.852431
0.859281
0.866257
0.873361
0.880587
0.887934
0.895405
0.903
0.910717
0.918559
0.92652
0.934601
0.942805
0.951129
0.959573
0.968138
0.976821
0.985628
0.99456
1.00361
1.01278
1.02207
1.03149
1.04102
1.05068
1.06046
1.07036
1.08038
1.09053
1.1008
1.11119
1.12171
1.13235
1.14311
1.15399
1.165
1.17614
1.1874
1.19878
1.21029
1.22192
1.23368
1.24556
1.25756
1.26969
1.28194
1.29431
1.30681
1.31943
1.33217
1.34504
1.35803
1.37114
1.38437
1.39772
1.41119
1.42479
1.4385
1.45233
1.46628
1.48034
1.49453
1.50883
1.52324
1.53777
1.55241
1.56716
1.58203
1.597
1.61209
1.62728
1.64258
1.65799
1.6735
1.68912
1.70483
1.72065
1.73657
1.75259
1.76871
1.78492
1.80122
1.81762
1.83411
1.85069
1.86735
1.8841
1.90093
1.91784
1.93483
1.9519
1.96904
1.98624
2.00352
2.02085
2.03825
2.05571
2.07321
2.09077
2.10836
2.12599
2.14365
2.16133
2.17903
2.19673
2.21442
2.2321
2.24975
2.26734
2.28487
2.3023
2.31962
2.33678
2.35376
2.37049
2.38692
2.40298
2.41858
2.4336
2.44793
2.4614
2.47382
2.48498
2.49467
2.50266
2.50877
2.51289
2.51499
2.51512
2.51343
2.51011
2.29042
2.27595
2.26138
2.24671
2.23194
2.21708
2.20214
2.18711
2.172
2.1568
2.14154
2.1262
2.11079
2.09531
2.07977
2.06417
2.04851
2.03279
2.01702
2.00121
1.98535
1.96944
1.9535
1.93751
1.92149
1.90544
1.88936
1.87326
1.85713
1.84098
1.82481
1.80862
1.79242
1.77622
1.76001
1.74379
1.72757
1.71135
1.69514
1.67893
1.66273
1.64654
1.63037
1.61421
1.59808
1.58197
1.56588
1.54982
1.53379
1.5178
1.50185
1.48594
1.47007
1.45424
1.43847
1.42274
1.40708
1.39147
1.37592
1.36044
1.34503
1.32968
1.31442
1.29923
1.28412
1.2691
1.25417
1.23933
1.22459
1.20995
1.19541
1.18099
1.16667
1.15247
1.13839
1.12444
1.11062
1.09693
1.08338
1.06998
1.05672
1.04362
1.03068
1.0179
1.00528
0.992845
0.980585
0.968511
0.956625
0.944932
0.93344
0.922153
0.911076
0.900216
0.889578
0.879166
0.868987
0.859045
0.849345
0.839894
0.830695
0.821754
0.813076
0.804664
0.796524
0.78866
0.781073
0.773771
0.766754
0.760026
0.753591
0.74745
0.741606
0.736059
0.730812
0.725865
0.721219
0.716874
0.712829
0.709084
0.70564
0.702493
0.699642
0.697085
0.69482
0.692843
0.691152
0.689744
0.688613
0.687758
0.687172
0.686854
0.686798
0.686996
0.68745
0.688152
0.689097
0.69028
0.691697
0.693342
0.695214
0.697301
0.6996
0.702108
0.70482
0.707732
0.710838
0.714134
0.717616
0.72128
0.725122
0.729139
0.733324
0.737676
0.742192
0.746867
0.751698
0.756683
0.761821
0.767105
0.772535
0.778109
0.783823
0.789675
0.795665
0.80179
0.808054
0.814445
0.820966
0.827618
0.834395
0.841301
0.848337
0.855495
0.862773
0.870179
0.877708
0.88536
0.893135
0.901032
0.909051
0.917193
0.925458
0.933842
0.942345
0.950971
0.959717
0.968589
0.97758
0.986693
0.995928
1.00528
1.01476
1.02437
1.03409
1.04394
1.05391
1.064
1.07422
1.08456
1.09502
1.10561
1.11633
1.12716
1.13813
1.14922
1.16043
1.17176
1.18323
1.19482
1.20653
1.21837
1.23033
1.24242
1.25463
1.26697
1.27943
1.29202
1.30473
1.31756
1.33052
1.3436
1.3568
1.37012
1.38357
1.39713
1.41082
1.42463
1.43855
1.45259
1.46676
1.48104
1.49543
1.50994
1.52457
1.5393
1.55416
1.56912
1.58419
1.59937
1.61466
1.63006
1.64557
1.66118
1.67689
1.69271
1.70862
1.72464
1.74075
1.75696
1.77327
1.78967
1.80616
1.82274
1.83941
1.85616
1.873
1.88992
1.90692
1.92399
1.94114
1.95836
1.97565
1.993
2.01042
2.02789
2.04541
2.06299
2.0806
2.09826
2.11595
2.13366
2.15139
2.16912
2.18686
2.20458
2.22227
2.23992
2.25751
2.27502
2.29242
2.30969
2.32677
2.34365
2.36024
2.37651
2.39235
2.40769
2.42239
2.43633
2.44932
2.46119
2.47171
2.48067
2.48787
2.49316
2.49644
2.49774
2.49714
2.49479
2.49089
2.27783
2.26337
2.2488
2.23413
2.21937
2.20452
2.18957
2.17454
2.15943
2.14424
2.12897
2.11363
2.09822
2.08274
2.06719
2.05159
2.03593
2.02021
2.00443
1.98861
1.97274
1.95683
1.94088
1.92489
1.90886
1.8928
1.87671
1.86059
1.84445
1.82828
1.8121
1.7959
1.77969
1.76347
1.74724
1.73101
1.71477
1.69853
1.6823
1.66606
1.64984
1.63363
1.61743
1.60125
1.58509
1.56895
1.55284
1.53675
1.52069
1.50466
1.48868
1.47273
1.45682
1.44096
1.42514
1.40938
1.39366
1.37801
1.36242
1.34689
1.33142
1.31603
1.30071
1.28546
1.2703
1.25522
1.24023
1.22532
1.21052
1.19581
1.1812
1.1667
1.15231
1.13803
1.12388
1.10985
1.09594
1.08217
1.06853
1.05504
1.04169
1.02849
1.01545
1.00257
0.989856
0.977314
0.964949
0.952767
0.940771
0.928968
0.917364
0.905963
0.894771
0.883795
0.873039
0.862509
0.852211
0.84215
0.832329
0.822759
0.813441
0.804381
0.795585
0.787056
0.7788
0.770821
0.763122
0.755709
0.748584
0.741751
0.735214
0.728974
0.723034
0.717396
0.712061
0.70703
0.702304
0.697885
0.693771
0.689961
0.686456
0.683254
0.680352
0.67775
0.675445
0.673433
0.671712
0.670279
0.669131
0.66826
0.667666
0.667341
0.667284
0.667485
0.667947
0.66866
0.669621
0.670823
0.672261
0.673932
0.675829
0.67795
0.680282
0.682826
0.685576
0.688528
0.691676
0.695015
0.698543
0.702252
0.706143
0.710207
0.714443
0.718845
0.723411
0.728138
0.733021
0.738059
0.743248
0.748587
0.754071
0.759698
0.765466
0.771374
0.777418
0.783596
0.78991
0.796356
0.802936
0.809642
0.816479
0.82344
0.830527
0.83774
0.845074
0.852535
0.86012
0.86783
0.875661
0.883615
0.891692
0.899891
0.908212
0.916655
0.925219
0.933907
0.942716
0.951647
0.960701
0.969875
0.979173
0.988596
0.99814
1.00781
1.0176
1.02751
1.03755
1.04771
1.058
1.06841
1.07895
1.08961
1.1004
1.11131
1.12235
1.13351
1.1448
1.15622
1.16776
1.17943
1.19123
1.20315
1.21519
1.22737
1.23966
1.25209
1.26464
1.27731
1.29011
1.30303
1.31608
1.32925
1.34254
1.35595
1.36949
1.38315
1.39693
1.41083
1.42485
1.43899
1.45325
1.46762
1.48211
1.49672
1.51144
1.52627
1.54122
1.55628
1.57145
1.58673
1.60211
1.61761
1.63321
1.64891
1.66472
1.68063
1.69664
1.71275
1.72896
1.74526
1.76167
1.77816
1.79474
1.81141
1.82817
1.84501
1.86194
1.87894
1.89603
1.91318
1.93041
1.94771
1.96508
1.98251
1.99999
2.01754
2.03513
2.05276
2.07044
2.08815
2.10589
2.12365
2.14142
2.15919
2.17695
2.19469
2.21239
2.23004
2.24762
2.2651
2.28245
2.29965
2.31664
2.3334
2.34984
2.36591
2.38152
2.39657
2.41092
2.42443
2.43691
2.44819
2.45803
2.46624
2.47264
2.4771
2.47958
2.4801
2.47879
2.47581
2.47136
2.26545
2.25099
2.23643
2.22176
2.207
2.19215
2.17721
2.16218
2.14707
2.13188
2.11661
2.10127
2.08585
2.07037
2.05483
2.03922
2.02355
2.00782
1.99205
1.97622
1.96034
1.94443
1.92846
1.91246
1.89642
1.88035
1.86425
1.84813
1.83198
1.8158
1.7996
1.78339
1.76717
1.75093
1.73468
1.71843
1.70217
1.68592
1.66966
1.65341
1.63717
1.62093
1.60471
1.58851
1.57232
1.55615
1.54001
1.52389
1.5078
1.49175
1.47572
1.45974
1.4438
1.4279
1.41204
1.39624
1.38048
1.36478
1.34914
1.33357
1.31806
1.30261
1.28724
1.27194
1.25672
1.24158
1.22653
1.21156
1.19669
1.18192
1.16724
1.15267
1.13821
1.12386
1.10962
1.09551
1.08152
1.06767
1.05395
1.04036
1.02692
1.01363
1.00049
0.987516
0.974703
0.962059
0.949589
0.937299
0.925197
0.913284
0.901567
0.890052
0.878746
0.867653
0.856779
0.84613
0.835713
0.825531
0.815589
0.805898
0.796459
0.787279
0.778362
0.769715
0.76134
0.753244
0.745431
0.737904
0.730668
0.723727
0.717084
0.710741
0.704702
0.698968
0.693541
0.688423
0.683614
0.679116
0.674928
0.671049
0.66748
0.664219
0.661264
0.658613
0.656264
0.654214
0.652461
0.651
0.649829
0.64894
0.648332
0.648
0.647937
0.648142
0.648609
0.649332
0.650305
0.651523
0.652982
0.654676
0.656599
0.658747
0.661114
0.663692
0.666479
0.669469
0.672658
0.676039
0.679612
0.683366
0.687302
0.691414
0.695697
0.700149
0.704765
0.709542
0.714477
0.719566
0.724807
0.730197
0.735734
0.741415
0.747236
0.753196
0.759295
0.765525
0.771894
0.778393
0.785022
0.791784
0.798671
0.805691
0.812832
0.820095
0.827488
0.835005
0.842645
0.85041
0.858297
0.866308
0.874441
0.882696
0.891075
0.899576
0.9082
0.916946
0.925814
0.934806
0.943922
0.953159
0.962521
0.972006
0.981614
0.991346
1.0012
1.01118
1.02129
1.03152
1.04188
1.05236
1.06297
1.0737
1.08456
1.09555
1.10667
1.11791
1.12928
1.14077
1.15239
1.16414
1.17601
1.18802
1.20015
1.2124
1.22479
1.23729
1.24993
1.26269
1.27557
1.28858
1.30172
1.31498
1.32836
1.34187
1.3555
1.36925
1.38312
1.39711
1.41123
1.42546
1.43981
1.45428
1.46887
1.48357
1.49838
1.51331
1.52835
1.5435
1.55877
1.57415
1.58963
1.60522
1.62091
1.63671
1.65262
1.66862
1.68472
1.70093
1.71723
1.73363
1.75011
1.76669
1.78337
1.80013
1.81697
1.8339
1.85091
1.868
1.88517
1.9024
1.91971
1.93709
1.95453
1.97203
1.98958
2.00719
2.02485
2.04254
2.06028
2.07804
2.09582
2.11362
2.13143
2.14923
2.16701
2.18476
2.20246
2.2201
2.23765
2.25509
2.27238
2.2895
2.30639
2.32301
2.33928
2.35514
2.37048
2.38521
2.39917
2.41222
2.42416
2.43481
2.44395
2.4514
2.45699
2.46063
2.46231
2.46209
2.46011
2.45653
2.45156
2.25329
2.23883
2.22427
2.20961
2.19485
2.18
2.16506
2.15003
2.13492
2.11973
2.10446
2.08911
2.0737
2.05821
2.04266
2.02705
2.01138
1.99565
1.97987
1.96403
1.94815
1.93223
1.91626
1.90025
1.8842
1.86812
1.85201
1.83588
1.81971
1.80352
1.78732
1.77109
1.75485
1.7386
1.72234
1.70607
1.68979
1.67352
1.65724
1.64097
1.62471
1.60845
1.59221
1.57598
1.55977
1.54357
1.5274
1.51126
1.49514
1.47905
1.463
1.44698
1.431
1.41506
1.39917
1.38333
1.36753
1.35179
1.33611
1.32049
1.30493
1.28944
1.27401
1.25866
1.24339
1.22819
1.21308
1.19805
1.18312
1.16828
1.15354
1.1389
1.12437
1.10994
1.09563
1.08144
1.06737
1.05344
1.03963
1.02596
1.01243
0.999046
0.985815
0.972741
0.959829
0.947084
0.934511
0.922116
0.909906
0.897884
0.886054
0.874426
0.863005
0.851796
0.840804
0.830036
0.819498
0.809195
0.799133
0.789319
0.779757
0.770455
0.761416
0.752647
0.744152
0.735937
0.728005
0.720362
0.713012
0.705959
0.699206
0.692758
0.686615
0.680782
0.67526
0.67005
0.665154
0.660573
0.656306
0.652355
0.648717
0.645393
0.64238
0.639678
0.637282
0.635191
0.6334
0.631908
0.630709
0.6298
0.629177
0.628831
0.628765
0.628968
0.629438
0.630166
0.63115
0.632384
0.633861
0.635576
0.637525
0.6397
0.642094
0.644708
0.64753
0.650558
0.653786
0.657209
0.660822
0.664621
0.668601
0.672759
0.67709
0.68159
0.686255
0.691081
0.696065
0.701206
0.706497
0.711938
0.717526
0.723258
0.729132
0.735144
0.741296
0.747581
0.754
0.760553
0.767234
0.774046
0.780987
0.788054
0.79525
0.802572
0.810018
0.817589
0.825283
0.833103
0.841045
0.849111
0.857299
0.865611
0.874048
0.882606
0.89129
0.900091
0.909021
0.918071
0.927246
0.936545
0.945968
0.955517
0.96519
0.974987
0.984909
0.994957
1.00513
1.01543
1.02585
1.03641
1.04709
1.05789
1.06883
1.07989
1.09108
1.1024
1.11384
1.12541
1.13711
1.14894
1.1609
1.17298
1.18519
1.19753
1.21
1.22259
1.23531
1.24816
1.26113
1.27423
1.28745
1.3008
1.31428
1.32787
1.34159
1.35543
1.3694
1.38348
1.39769
1.41202
1.42646
1.44102
1.4557
1.4705
1.4854
1.50043
1.51556
1.53081
1.54617
1.56164
1.57722
1.5929
1.60869
1.62458
1.64057
1.65667
1.67287
1.68916
1.70555
1.72204
1.73862
1.75529
1.77204
1.78889
1.80582
1.82283
1.83993
1.8571
1.87434
1.89166
1.90904
1.92649
1.944
1.96157
1.97919
1.99686
2.01458
2.03233
2.05012
2.06793
2.08575
2.10359
2.12142
2.13924
2.15703
2.17479
2.19248
2.2101
2.22762
2.245
2.26223
2.27924
2.29601
2.31247
2.32855
2.34417
2.35923
2.3736
2.38715
2.3997
2.41107
2.42106
2.42948
2.43615
2.44093
2.44377
2.44468
2.44375
2.44112
2.43698
2.43151
2.24133
2.22688
2.21232
2.19766
2.18291
2.16806
2.15312
2.13809
2.12298
2.10779
2.09252
2.07717
2.06175
2.04627
2.03071
2.0151
1.99942
1.98369
1.9679
1.95206
1.93618
1.92024
1.90427
1.88825
1.8722
1.85611
1.83999
1.82384
1.80766
1.79146
1.77524
1.759
1.74275
1.72648
1.71021
1.69392
1.67763
1.66134
1.64504
1.62875
1.61247
1.59619
1.57993
1.56367
1.54744
1.53122
1.51502
1.49885
1.4827
1.46659
1.4505
1.43445
1.41844
1.40247
1.38654
1.37066
1.35482
1.33904
1.32331
1.30765
1.29204
1.2765
1.26103
1.24563
1.2303
1.21505
1.19989
1.1848
1.16981
1.15491
1.1401
1.12539
1.11079
1.0963
1.08191
1.06764
1.0535
1.03948
1.02559
1.01183
0.998218
0.984744
0.971421
0.958251
0.945242
0.932396
0.919721
0.907221
0.894904
0.882772
0.870833
0.859093
0.847557
0.836231
0.825121
0.814234
0.803575
0.793149
0.782965
0.773027
0.763342
0.753915
0.744752
0.735859
0.727241
0.718904
0.710852
0.70309
0.695622
0.688454
0.681589
0.67503
0.66878
0.662844
0.657222
0.651917
0.646929
0.642261
0.637913
0.633883
0.630173
0.626782
0.623708
0.620948
0.618501
0.616364
0.614534
0.613007
0.611778
0.610846
0.610203
0.609844
0.609768
0.609967
0.610436
0.61117
0.612161
0.613406
0.614899
0.616634
0.618605
0.620806
0.62323
0.625872
0.628731
0.631795
0.63506
0.638522
0.642177
0.646019
0.650042
0.654245
0.658622
0.663168
0.667881
0.672756
0.677789
0.682978
0.688321
0.693812
0.699449
0.705232
0.711156
0.717221
0.723423
0.729758
0.736232
0.742833
0.749565
0.75643
0.763423
0.770543
0.777788
0.785162
0.792661
0.800289
0.808037
0.81591
0.823907
0.832027
0.840271
0.848639
0.857131
0.865746
0.874486
0.883346
0.892332
0.901445
0.910681
0.920039
0.929523
0.939133
0.948868
0.958729
0.968717
0.978833
0.989073
0.99944
1.00993
1.02056
1.03131
1.04219
1.05319
1.06433
1.07559
1.08698
1.09851
1.11016
1.12193
1.13384
1.14588
1.15804
1.17034
1.18276
1.19531
1.20799
1.22079
1.23373
1.24678
1.25997
1.27328
1.28672
1.30028
1.31397
1.32778
1.34171
1.35577
1.36995
1.38424
1.39866
1.41319
1.42785
1.44262
1.45751
1.47251
1.48763
1.50285
1.5182
1.53365
1.54921
1.56488
1.58065
1.59653
1.61252
1.62861
1.64479
1.66108
1.67746
1.69394
1.71052
1.72718
1.74394
1.76078
1.77771
1.79472
1.81182
1.82899
1.84624
1.86356
1.88095
1.89841
1.91593
1.93351
1.95114
1.96882
1.98656
2.00433
2.02213
2.03996
2.05781
2.07567
2.09354
2.1114
2.12923
2.14703
2.16478
2.18246
2.20005
2.21752
2.23484
2.25198
2.26888
2.28551
2.3018
2.31766
2.33302
2.34776
2.36175
2.37485
2.38687
2.39764
2.40695
2.41463
2.42051
2.42449
2.42655
2.42671
2.4251
2.42186
2.41718
2.41124
2.2296
2.21515
2.20059
2.18594
2.17118
2.15634
2.1414
2.12637
2.11126
2.09607
2.08079
2.06545
2.05003
2.03454
2.01898
2.00337
1.98768
1.97195
1.95615
1.94031
1.92442
1.90848
1.89249
1.87647
1.86041
1.84431
1.82818
1.81202
1.79584
1.77962
1.76339
1.74714
1.73087
1.71459
1.6983
1.682
1.66569
1.64938
1.63307
1.61676
1.60046
1.58416
1.56787
1.5516
1.53534
1.5191
1.50287
1.48667
1.4705
1.45435
1.43824
1.42216
1.40611
1.39011
1.37414
1.35822
1.34235
1.32653
1.31077
1.29506
1.27941
1.26383
1.2483
1.23285
1.21748
1.20217
1.18695
1.17181
1.15676
1.1418
1.12693
1.11216
1.09749
1.08292
1.06846
1.05412
1.0399
1.0258
1.01183
0.997991
0.984289
0.970729
0.957313
0.944051
0.930945
0.918001
0.905225
0.892622
0.880198
0.867959
0.85591
0.844057
0.832406
0.820964
0.809736
0.798729
0.787949
0.777401
0.767092
0.75703
0.74722
0.737667
0.728378
0.71936
0.710617
0.702154
0.693979
0.686094
0.678506
0.671219
0.664237
0.657564
0.651205
0.64516
0.639434
0.634029
0.628946
0.624186
0.619751
0.61564
0.611853
0.60839
0.605249
0.602429
0.599926
0.597739
0.595865
0.594299
0.593039
0.592078
0.59141
0.591036
0.590947
0.591139
0.591606
0.592342
0.59334
0.594595
0.596101
0.597853
0.599844
0.60207
0.604519
0.607192
0.610079
0.613179
0.616482
0.619982
0.623677
0.62756
0.631626
0.635873
0.640294
0.644887
0.649646
0.654568
0.65965
0.664887
0.670278
0.675818
0.681505
0.687337
0.69331
0.699423
0.705679
0.712065
0.718584
0.725238
0.732023
0.738937
0.745981
0.753153
0.760449
0.767875
0.775426
0.783102
0.790904
0.798834
0.806884
0.815058
0.823356
0.831779
0.840327
0.849001
0.857795
0.866712
0.875756
0.884925
0.894221
0.903642
0.913188
0.922859
0.932656
0.942582
0.952634
0.962813
0.97312
0.983555
0.99412
1.00481
1.01563
1.02658
1.03766
1.04887
1.06021
1.07168
1.08327
1.095
1.10686
1.11885
1.13096
1.14321
1.15558
1.16809
1.18072
1.19348
1.20637
1.21939
1.23254
1.24581
1.25921
1.27273
1.28638
1.30016
1.31406
1.32808
1.34223
1.3565
1.37089
1.38539
1.40002
1.41477
1.42963
1.44461
1.4597
1.47491
1.49023
1.50566
1.52121
1.53686
1.55262
1.56849
1.58446
1.60053
1.61671
1.63299
1.64936
1.66583
1.6824
1.69906
1.71581
1.73265
1.74958
1.76658
1.78368
1.80085
1.8181
1.83543
1.85282
1.87028
1.88781
1.9054
1.92305
1.94074
1.95849
1.97627
1.99409
2.01194
2.02982
2.0477
2.0656
2.08349
2.10136
2.1192
2.137
2.15474
2.17239
2.18994
2.20735
2.2246
2.24163
2.25842
2.27489
2.29097
2.3066
2.32167
2.33607
2.34965
2.36226
2.37373
2.38387
2.39248
2.39941
2.4045
2.4077
2.40899
2.40843
2.40616
2.40234
2.39715
2.39077
2.21809
2.20364
2.18909
2.17443
2.15968
2.14484
2.1299
2.11487
2.09976
2.08457
2.0693
2.05395
2.03853
2.02304
2.00748
1.99185
1.97617
1.96043
1.94463
1.92878
1.91288
1.89694
1.88095
1.86491
1.84884
1.83274
1.8166
1.80043
1.78423
1.76801
1.75177
1.7355
1.71922
1.70293
1.68662
1.67031
1.65398
1.63766
1.62133
1.605
1.58868
1.57236
1.55605
1.53975
1.52347
1.50721
1.49096
1.47473
1.45853
1.44236
1.42622
1.41011
1.39403
1.37799
1.362
1.34604
1.33014
1.31427
1.29847
1.28272
1.26703
1.2514
1.23583
1.22034
1.20491
1.18956
1.17428
1.15909
1.14398
1.12895
1.11402
1.09919
1.08446
1.06982
1.0553
1.04088
1.02659
1.01241
0.998359
0.984438
0.970651
0.957004
0.9435
0.930144
0.916943
0.903903
0.891027
0.878321
0.865794
0.853448
0.841289
0.829324
0.817559
0.806001
0.794655
0.783528
0.772625
0.761955
0.751523
0.741335
0.731397
0.721718
0.712301
0.703155
0.694284
0.685694
0.677392
0.669382
0.66167
0.654261
0.647159
0.640368
0.633894
0.627738
0.621904
0.616394
0.61121
0.606355
0.601828
0.59763
0.593762
0.590223
0.587011
0.584126
0.581564
0.579322
0.577399
0.575791
0.574492
0.5735
0.572806
0.572412
0.572308
0.572489
0.57295
0.573684
0.574686
0.575949
0.577467
0.579233
0.581244
0.583492
0.585966
0.588666
0.591583
0.594713
0.598052
0.601589
0.605321
0.609244
0.613354
0.617642
0.622107
0.626744
0.631549
0.636519
0.641647
0.646932
0.65237
0.657958
0.663693
0.669573
0.675595
0.681759
0.688059
0.694495
0.701066
0.707769
0.714604
0.72157
0.728664
0.735882
0.743232
0.750709
0.758312
0.76604
0.773894
0.781871
0.789974
0.798206
0.806558
0.815035
0.82364
0.832367
0.841216
0.850191
0.859292
0.868521
0.877875
0.887354
0.896961
0.906696
0.916557
0.926546
0.936661
0.946906
0.957279
0.967781
0.978413
0.989174
1.00006
1.01109
1.02224
1.03352
1.04493
1.05648
1.06815
1.07995
1.09189
1.10395
1.11615
1.12848
1.14093
1.15352
1.16624
1.17908
1.19206
1.20516
1.21839
1.23175
1.24524
1.25885
1.27259
1.28645
1.30044
1.31456
1.32879
1.34315
1.35763
1.37223
1.38694
1.40178
1.41673
1.4318
1.44699
1.46229
1.4777
1.49322
1.50886
1.5246
1.54045
1.55641
1.57247
1.58863
1.60489
1.62126
1.63772
1.65428
1.67093
1.68767
1.70451
1.72143
1.73844
1.75553
1.7727
1.78995
1.80727
1.82467
1.84214
1.85967
1.87726
1.89492
1.91262
1.93038
1.94818
1.96601
1.98388
2.00178
2.01969
2.03761
2.05553
2.07343
2.09132
2.10916
2.12695
2.14466
2.16228
2.17978
2.19712
2.21428
2.2312
2.24784
2.26413
2.28001
2.29538
2.31013
2.32416
2.3373
2.3494
2.36029
2.36977
2.37767
2.38383
2.38815
2.39057
2.39111
2.38987
2.38698
2.38261
2.37693
2.37013
2.2068
2.19236
2.17781
2.16316
2.14841
2.13356
2.11863
2.1036
2.08849
2.0733
2.05803
2.04267
2.02725
2.01176
1.9962
1.98057
1.96488
1.94914
1.93333
1.91748
1.90157
1.88562
1.86962
1.85358
1.83751
1.82139
1.80524
1.78906
1.77286
1.75662
1.74037
1.72409
1.7078
1.69149
1.67517
1.65884
1.6425
1.62616
1.60982
1.59347
1.57713
1.56079
1.54447
1.52815
1.51184
1.49556
1.47928
1.46304
1.44681
1.43061
1.41444
1.3983
1.38219
1.36612
1.3501
1.33411
1.31817
1.30227
1.28643
1.27064
1.2549
1.23923
1.22362
1.20808
1.19261
1.1772
1.16188
1.14663
1.13146
1.11639
1.1014
1.0865
1.07171
1.057
1.04241
1.02793
1.01355
0.999305
0.985177
0.971176
0.957307
0.943574
0.929983
0.916538
0.903243
0.890106
0.877132
0.864327
0.851694
0.839243
0.826975
0.8149
0.803022
0.791347
0.779884
0.768637
0.757612
0.746819
0.736261
0.725946
0.715882
0.706073
0.696527
0.687251
0.678249
0.66953
0.661098
0.65296
0.645121
0.637586
0.63036
0.623449
0.616855
0.610583
0.604636
0.599017
0.593728
0.588773
0.58415
0.57986
0.575906
0.572285
0.568998
0.566042
0.563415
0.561116
0.55914
0.557484
0.556144
0.555113
0.554391
0.553973
0.553851
0.554018
0.55447
0.555201
0.556203
0.557471
0.558998
0.560778
0.562807
0.565072
0.567569
0.570295
0.57324
0.576401
0.579773
0.583345
0.587115
0.591076
0.595225
0.599554
0.604062
0.608744
0.613592
0.618607
0.62378
0.629112
0.634596
0.640231
0.646014
0.651942
0.658013
0.664223
0.670573
0.677056
0.683674
0.690428
0.697312
0.704327
0.711467
0.71874
0.72614
0.733666
0.741319
0.749098
0.757004
0.765033
0.773188
0.781468
0.789873
0.798411
0.807069
0.81585
0.824755
0.833786
0.842946
0.852231
0.861644
0.871183
0.880849
0.890644
0.900569
0.910621
0.920801
0.931112
0.941551
0.952119
0.962818
0.973649
0.984609
0.995702
1.00692
1.01828
1.02977
1.04139
1.05314
1.06502
1.07703
1.08917
1.10145
1.11385
1.12639
1.13906
1.15186
1.16479
1.17785
1.19104
1.20435
1.2178
1.23137
1.24507
1.2589
1.27285
1.28693
1.30113
1.31545
1.3299
1.34447
1.35916
1.37397
1.38889
1.40394
1.4191
1.43437
1.44976
1.46526
1.48087
1.4966
1.51243
1.52837
1.54441
1.56056
1.57681
1.59316
1.60961
1.62616
1.6428
1.65954
1.67636
1.69328
1.71028
1.72737
1.74454
1.76179
1.77911
1.79651
1.81397
1.83151
1.84911
1.86677
1.88448
1.90224
1.92005
1.9379
1.95579
1.9737
1.99163
2.00958
2.02752
2.04546
2.06338
2.08127
2.09911
2.11688
2.13456
2.15214
2.16957
2.18684
2.20389
2.22068
2.23716
2.25326
2.2689
2.28398
2.2984
2.31202
2.3247
2.33627
2.34655
2.35536
2.36253
2.36793
2.37147
2.37313
2.37297
2.37107
2.36758
2.36269
2.35655
2.34934
2.19575
2.18131
2.16676
2.15211
2.13736
2.12252
2.10759
2.09256
2.07745
2.06226
2.04698
2.03163
2.01621
2.00071
1.98514
1.96951
1.95382
1.93807
1.92227
1.9064
1.89049
1.87453
1.85853
1.84248
1.8264
1.81028
1.79412
1.77793
1.76171
1.74547
1.7292
1.71292
1.69661
1.68029
1.66396
1.64761
1.63126
1.6149
1.59854
1.58218
1.56582
1.54947
1.53312
1.51678
1.50046
1.48415
1.46785
1.45158
1.43533
1.41911
1.40291
1.38674
1.37061
1.35451
1.33845
1.32243
1.30645
1.29052
1.27464
1.25881
1.24304
1.22733
1.21168
1.19609
1.18057
1.16512
1.14974
1.13445
1.11923
1.10409
1.08905
1.07409
1.05924
1.04447
1.02981
1.01526
1.00082
0.986493
0.97229
0.95821
0.94426
0.930445
0.916767
0.903234
0.889849
0.876616
0.863546
0.85064
0.837905
0.825349
0.812976
0.80079
0.788798
0.777009
0.765428
0.754061
0.742915
0.731998
0.721314
0.710872
0.700679
0.69074
0.681063
0.671655
0.662522
0.65367
0.645106
0.636837
0.628867
0.621203
0.613849
0.606812
0.600095
0.593703
0.587638
0.581906
0.576508
0.571445
0.566721
0.562335
0.558289
0.554583
0.551214
0.548183
0.545487
0.543124
0.541091
0.539383
0.537994
0.536927
0.536172
0.535723
0.535579
0.535729
0.53617
0.536893
0.537893
0.539163
0.540697
0.542489
0.544529
0.546813
0.54933
0.55208
0.555053
0.558242
0.561643
0.565252
0.569057
0.573055
0.577244
0.581614
0.586163
0.590885
0.595777
0.600834
0.606052
0.611428
0.616958
0.622639
0.628471
0.634445
0.640563
0.64682
0.653215
0.659748
0.666415
0.673215
0.680149
0.687213
0.694402
0.701723
0.709172
0.716747
0.72445
0.732279
0.740235
0.748316
0.756522
0.764855
0.773316
0.7819
0.790611
0.799447
0.808411
0.8175
0.826716
0.836059
0.845529
0.855128
0.864855
0.874711
0.884695
0.894811
0.905058
0.915433
0.925937
0.936574
0.94734
0.958239
0.96927
0.980433
0.991728
1.00316
1.01472
1.02641
1.03823
1.05019
1.06228
1.07451
1.08686
1.09935
1.11197
1.12472
1.1376
1.15061
1.16375
1.17702
1.19043
1.20396
1.21762
1.2314
1.24532
1.25936
1.27352
1.28781
1.30223
1.31676
1.33142
1.3462
1.36109
1.37611
1.39124
1.40649
1.42186
1.43733
1.45293
1.46863
1.48444
1.50036
1.51638
1.53251
1.54875
1.56508
1.58152
1.59805
1.61468
1.63141
1.64823
1.66513
1.68213
1.69921
1.71638
1.73362
1.75094
1.76834
1.7858
1.80334
1.82094
1.8386
1.85632
1.87409
1.89191
1.90977
1.92767
1.9456
1.96355
1.98151
1.99948
2.01745
2.03541
2.05333
2.07122
2.08904
2.10679
2.12444
2.14196
2.15932
2.17649
2.19342
2.21007
2.22638
2.24226
2.25764
2.27242
2.28647
2.29967
2.31186
2.32286
2.33251
2.34063
2.34707
2.35171
2.3545
2.35543
2.35457
2.35205
2.348
2.3426
2.33602
2.32842
2.18493
2.17049
2.15594
2.1413
2.12655
2.11171
2.09678
2.08175
2.06664
2.05145
2.03617
2.02082
2.00539
1.98989
1.97432
1.95869
1.943
1.92724
1.91143
1.89556
1.87965
1.86368
1.84767
1.83162
1.81553
1.79939
1.78323
1.76703
1.7508
1.73455
1.71828
1.70198
1.68566
1.66933
1.65298
1.63662
1.62025
1.60388
1.58751
1.57113
1.55475
1.53838
1.52202
1.50566
1.48931
1.47298
1.45667
1.44037
1.4241
1.40785
1.39163
1.37543
1.35927
1.34314
1.32705
1.311
1.295
1.27903
1.26312
1.24725
1.23144
1.21569
1.2
1.18437
1.1688
1.15331
1.13789
1.12254
1.10727
1.09208
1.07698
1.06197
1.04705
1.03222
1.0175
1.00288
0.988375
0.973977
0.9597
0.945545
0.931516
0.917618
0.903858
0.890238
0.876763
0.86344
0.850272
0.837269
0.824433
0.811774
0.799292
0.786997
0.774895
0.762992
0.751293
0.739806
0.728539
0.717497
0.706687
0.696117
0.685794
0.675725
0.665916
0.656373
0.647106
0.63812
0.629422
0.621018
0.612914
0.605117
0.597632
0.590465
0.583621
0.577103
0.570917
0.565067
0.559553
0.55438
0.549549
0.545061
0.540918
0.53712
0.533665
0.530554
0.527783
0.525352
0.523255
0.521492
0.520053
0.518941
0.518148
0.517667
0.517496
0.517625
0.518049
0.518761
0.519757
0.521027
0.522564
0.524363
0.526415
0.528713
0.531252
0.534023
0.53702
0.540237
0.543668
0.547307
0.551149
0.555184
0.559409
0.563817
0.568405
0.573169
0.578102
0.583202
0.588464
0.593883
0.59946
0.605186
0.611061
0.617081
0.623245
0.62955
0.635992
0.642571
0.649286
0.656134
0.663113
0.670221
0.677463
0.684832
0.69233
0.699956
0.707707
0.715586
0.723592
0.731723
0.739981
0.748368
0.756879
0.765515
0.77428
0.78317
0.792187
0.80133
0.810606
0.820007
0.829535
0.839193
0.84898
0.858897
0.868945
0.879122
0.88943
0.899873
0.910443
0.921146
0.931982
0.94295
0.95405
0.965283
0.976651
0.988151
0.999785
1.01155
1.02345
1.03549
1.04766
1.05996
1.07239
1.08496
1.09766
1.11049
1.12345
1.13655
1.14977
1.16313
1.17662
1.19023
1.20398
1.21785
1.23185
1.24598
1.26023
1.27461
1.28911
1.30373
1.31848
1.33335
1.34833
1.36344
1.37866
1.394
1.40945
1.42501
1.44069
1.45648
1.47238
1.48839
1.5045
1.52071
1.53703
1.55345
1.56997
1.58659
1.6033
1.62011
1.63701
1.65399
1.67106
1.68822
1.70546
1.72278
1.74017
1.75763
1.77517
1.79277
1.81043
1.82816
1.84593
1.86376
1.88163
1.89954
1.91748
1.93545
1.95343
1.97143
1.98942
2.00741
2.02537
2.04329
2.06117
2.07897
2.09669
2.11429
2.13174
2.14902
2.16609
2.18289
2.19938
2.21549
2.23114
2.24624
2.26069
2.27436
2.28711
2.29878
2.3092
2.3182
2.32562
2.33132
2.33521
2.33726
2.33748
2.33596
2.33284
2.32825
2.32238
2.31538
2.30742
2.17434
2.15991
2.14536
2.13072
2.11598
2.10113
2.0862
2.07118
2.05607
2.04087
2.02559
2.01024
1.99481
1.97931
1.96374
1.9481
1.9324
1.91664
1.90083
1.88496
1.86904
1.85307
1.83705
1.82099
1.80489
1.78875
1.77258
1.75637
1.74013
1.72387
1.70759
1.69128
1.67495
1.6586
1.64224
1.62587
1.60949
1.5931
1.57671
1.56032
1.54393
1.52754
1.51116
1.49478
1.47842
1.46207
1.44573
1.42942
1.41312
1.39685
1.3806
1.36438
1.34819
1.33204
1.31592
1.29984
1.2838
1.2678
1.25186
1.23596
1.22011
1.20432
1.18859
1.17292
1.15731
1.14177
1.1263
1.11091
1.09559
1.08035
1.0652
1.05013
1.03515
1.02027
1.00548
0.990801
0.976227
0.961761
0.947412
0.933183
0.919077
0.9051
0.891257
0.877551
0.863989
0.850576
0.837315
0.824215
0.811281
0.798519
0.785932
0.773529
0.761316
0.749299
0.737484
0.725879
0.714489
0.703323
0.692387
0.681689
0.671236
0.661034
0.651091
0.641414
0.632011
0.622888
0.614052
0.605511
0.59727
0.589337
0.581717
0.574416
0.56744
0.560793
0.55448
0.548505
0.542871
0.537582
0.532639
0.528043
0.523798
0.519902
0.516356
0.513159
0.510308
0.507802
0.505639
0.50381
0.50232
0.501158
0.500322
0.499805
0.499601
0.499707
0.500113
0.500811
0.501796
0.503062
0.5046
0.506405
0.508466
0.510777
0.513332
0.516123
0.519144
0.522388
0.525846
0.529515
0.533387
0.537459
0.54172
0.546166
0.550792
0.555596
0.56057
0.565711
0.571015
0.57648
0.582099
0.587869
0.593789
0.599854
0.606063
0.612411
0.618901
0.625526
0.632287
0.639181
0.646209
0.653364
0.660652
0.66807
0.675617
0.683291
0.691092
0.699021
0.707075
0.715257
0.723569
0.732005
0.740566
0.749255
0.758073
0.767018
0.776089
0.785288
0.794616
0.804074
0.813665
0.823382
0.83323
0.843207
0.853316
0.863556
0.873929
0.884434
0.89507
0.905842
0.916746
0.927783
0.938953
0.950258
0.961696
0.97327
0.984977
0.996819
1.0088
1.02091
1.03315
1.04553
1.05804
1.07069
1.08347
1.09639
1.10943
1.12261
1.13592
1.14936
1.16293
1.17663
1.19046
1.20442
1.21851
1.23272
1.24706
1.26153
1.27611
1.29082
1.30566
1.32061
1.33569
1.35088
1.36619
1.38161
1.39715
1.41281
1.42857
1.44445
1.46043
1.47652
1.49272
1.50902
1.52542
1.54192
1.55852
1.57522
1.59201
1.6089
1.62587
1.64294
1.66009
1.67732
1.69463
1.71202
1.72948
1.74701
1.76461
1.78228
1.8
1.81778
1.83561
1.85349
1.87141
1.88936
1.90734
1.92534
1.94336
1.96138
1.97939
1.99739
2.01535
2.03327
2.05113
2.0689
2.08658
2.10412
2.1215
2.13868
2.15563
2.17229
2.1886
2.2045
2.2199
2.2347
2.2488
2.26205
2.27433
2.28546
2.29528
2.30362
2.31033
2.3153
2.31845
2.31978
2.31932
2.31717
2.31347
2.30838
2.30205
2.29466
2.28634
2.16399
2.14956
2.13502
2.12038
2.10564
2.0908
2.07586
2.06084
2.04573
2.03053
2.01525
1.9999
1.98447
1.96896
1.95339
1.93775
1.92205
1.90629
1.89046
1.87459
1.85866
1.84269
1.82666
1.8106
1.79449
1.77834
1.76216
1.74595
1.7297
1.71343
1.69714
1.68082
1.66448
1.64812
1.63175
1.61537
1.59897
1.58257
1.56617
1.54976
1.53335
1.51695
1.50055
1.48415
1.46777
1.4514
1.43505
1.41871
1.4024
1.3861
1.36983
1.35358
1.33737
1.32119
1.30504
1.28894
1.27287
1.25684
1.24086
1.22493
1.20905
1.19322
1.17745
1.16174
1.1461
1.13052
1.115
1.09956
1.0842
1.06891
1.0537
1.03858
1.02355
1.0086
0.993761
0.979018
0.964379
0.949849
0.935428
0.921127
0.906947
0.892892
0.878968
0.86518
0.851532
0.838031
0.82468
0.811484
0.798452
0.785589
0.772899
0.76039
0.748066
0.735936
0.724007
0.712281
0.700772
0.689483
0.67842
0.667593
0.657008
0.646673
0.636595
0.626782
0.617241
0.60798
0.599004
0.590323
0.581942
0.573869
0.566111
0.558672
0.551559
0.544778
0.538333
0.532228
0.526469
0.521058
0.515997
0.511289
0.506935
0.502936
0.499292
0.496003
0.493067
0.490482
0.488242
0.486349
0.484798
0.483583
0.482699
0.482141
0.481901
0.481979
0.48236
0.483041
0.484014
0.485272
0.486807
0.488614
0.490681
0.493004
0.495575
0.498384
0.501425
0.504692
0.508178
0.511875
0.515777
0.51988
0.524177
0.52866
0.533323
0.538165
0.54318
0.548364
0.553711
0.559216
0.564877
0.570691
0.576654
0.582764
0.589016
0.595411
0.601946
0.608616
0.615423
0.622363
0.629433
0.636637
0.643972
0.651437
0.659033
0.666755
0.674604
0.682582
0.690687
0.698921
0.707281
0.715767
0.724382
0.733124
0.741995
0.750992
0.760117
0.769372
0.778757
0.788273
0.797918
0.807693
0.817604
0.827643
0.837814
0.848117
0.858554
0.869123
0.879826
0.890664
0.901637
0.912743
0.923983
0.935359
0.94687
0.958517
0.970298
0.982214
0.994268
1.00645
1.01878
1.03123
1.04383
1.05655
1.06941
1.08241
1.09553
1.1088
1.12219
1.13572
1.14937
1.16316
1.17707
1.19112
1.20529
1.21959
1.23402
1.24857
1.26324
1.27804
1.29296
1.308
1.32316
1.33844
1.35384
1.36935
1.38497
1.40071
1.41656
1.43252
1.44859
1.46477
1.48105
1.49743
1.51391
1.5305
1.54718
1.56396
1.58083
1.59779
1.61484
1.63198
1.6492
1.66651
1.68389
1.70134
1.71887
1.73647
1.75413
1.77186
1.78964
1.80747
1.82536
1.84328
1.86124
1.87924
1.89726
1.91529
1.93333
1.95137
1.96939
1.98739
2.00536
2.02326
2.0411
2.05884
2.07646
2.09393
2.11123
2.12831
2.14513
2.16163
2.17775
2.19341
2.20854
2.22302
2.23674
2.24957
2.26135
2.27192
2.28112
2.28879
2.2948
2.29904
2.30147
2.30209
2.30097
2.29822
2.29398
2.2884
2.28165
2.27387
2.26522
2.15388
2.13946
2.12492
2.11028
2.09554
2.0807
2.06576
2.05074
2.03563
2.02043
2.00515
1.9898
1.97436
1.95886
1.94328
1.92764
1.91193
1.89617
1.88034
1.86446
1.84853
1.83255
1.81652
1.80045
1.78433
1.76818
1.75199
1.73577
1.71952
1.70324
1.68693
1.6706
1.65425
1.63788
1.6215
1.60511
1.5887
1.57229
1.55587
1.53945
1.52302
1.5066
1.49019
1.47378
1.45738
1.44099
1.42462
1.40826
1.39192
1.37561
1.35931
1.34305
1.32681
1.3106
1.29443
1.2783
1.2622
1.24615
1.23014
1.21417
1.19826
1.1824
1.16659
1.15084
1.13516
1.11954
1.10398
1.0885
1.07309
1.05775
1.0425
1.02732
1.01224
0.997238
0.982338
0.967535
0.952835
0.93824
0.923751
0.90938
0.895128
0.880997
0.866996
0.853127
0.839396
0.825807
0.812367
0.79908
0.785951
0.772988
0.760198
0.747583
0.735151
0.72291
0.710864
0.699023
0.687392
0.675979
0.66479
0.653835
0.643118
0.632649
0.622436
0.612485
0.602804
0.593402
0.584284
0.57546
0.566937
0.558721
0.550819
0.543238
0.535984
0.529064
0.522483
0.516244
0.510354
0.504815
0.49963
0.494803
0.490334
0.486227
0.48248
0.479092
0.476064
0.473394
0.471074
0.469109
0.467492
0.466218
0.465281
0.464677
0.464398
0.464439
0.464794
0.465453
0.46641
0.467657
0.469188
0.470994
0.473066
0.475396
0.477977
0.480802
0.483863
0.487152
0.490662
0.494386
0.498319
0.502452
0.506779
0.5113
0.516001
0.52088
0.525936
0.531158
0.536545
0.542092
0.547796
0.553652
0.559659
0.565812
0.572108
0.578547
0.585126
0.591841
0.598693
0.605678
0.612793
0.620044
0.627426
0.634938
0.642578
0.650349
0.658247
0.666274
0.674432
0.682714
0.691122
0.69966
0.708326
0.717121
0.726046
0.735096
0.744278
0.753589
0.76303
0.772602
0.782305
0.792138
0.802105
0.812205
0.822443
0.832809
0.843309
0.853944
0.864713
0.875618
0.886657
0.897832
0.909145
0.920592
0.932176
0.943895
0.955751
0.967743
0.979871
0.992135
1.00454
1.01707
1.02974
1.04255
1.05549
1.06856
1.08177
1.09512
1.10859
1.1222
1.13594
1.14981
1.16381
1.17795
1.1922
1.20659
1.2211
1.23574
1.2505
1.26538
1.28039
1.29551
1.31076
1.32613
1.34161
1.3572
1.37292
1.38874
1.40468
1.42072
1.43687
1.45313
1.46949
1.48596
1.50252
1.51919
1.53595
1.5528
1.56975
1.58679
1.60391
1.62112
1.63842
1.65579
1.67324
1.69076
1.70836
1.72602
1.74374
1.76152
1.77936
1.79725
1.81518
1.83315
1.85115
1.86918
1.88723
1.90529
1.92335
1.94141
1.95944
1.97744
1.99539
2.01328
2.03108
2.04878
2.06634
2.08374
2.10094
2.1179
2.13457
2.1509
2.16681
2.18223
2.19707
2.21121
2.22454
2.23691
2.24817
2.25817
2.26674
2.27373
2.27903
2.28256
2.28428
2.28423
2.28248
2.27916
2.27439
2.26836
2.26119
2.25306
2.24408
2.14402
2.12959
2.11505
2.10042
2.08568
2.07084
2.05591
2.04088
2.02577
2.01057
1.99529
1.97994
1.9645
1.94899
1.93341
1.91777
1.90206
1.88629
1.87046
1.85458
1.83864
1.82265
1.80662
1.79054
1.77442
1.75826
1.74206
1.72583
1.70958
1.69329
1.67697
1.66063
1.64427
1.6279
1.6115
1.5951
1.57868
1.56225
1.54582
1.52938
1.51295
1.49651
1.48008
1.46366
1.44724
1.43084
1.41445
1.39807
1.38171
1.36538
1.34906
1.33277
1.31651
1.30028
1.28409
1.26793
1.2518
1.23572
1.21968
1.20369
1.18774
1.17185
1.15601
1.14023
1.12451
1.10885
1.09325
1.07772
1.06227
1.04689
1.03158
1.01636
1.00123
0.986171
0.971215
0.956355
0.941594
0.926937
0.912386
0.897945
0.883621
0.869419
0.855342
0.841394
0.827582
0.813908
0.80038
0.787003
0.773782
0.76072
0.74783
0.735112
0.722574
0.710222
0.698063
0.686105
0.674354
0.662818
0.651504
0.640419
0.629571
0.618968
0.608618
0.598528
0.588707
0.579161
0.5699
0.560931
0.552261
0.543898
0.53585
0.528123
0.520724
0.51366
0.506937
0.500559
0.494532
0.488859
0.483545
0.478592
0.474003
0.46978
0.465923
0.462432
0.459305
0.456539
0.454138
0.452094
0.450405
0.449066
0.448071
0.447415
0.447092
0.447093
0.447416
0.448049
0.448988
0.450221
0.451743
0.453544
0.455616
0.457951
0.460542
0.46338
0.466457
0.469766
0.4733
0.47705
0.481009
0.485173
0.489533
0.494085
0.498827
0.503743
0.508834
0.514096
0.519522
0.52511
0.530854
0.536753
0.542801
0.548996
0.555337
0.561819
0.568443
0.575203
0.582099
0.589126
0.59629
0.603587
0.611014
0.618573
0.626261
0.634078
0.642024
0.650103
0.658306
0.666637
0.675097
0.683685
0.692403
0.701252
0.71023
0.719334
0.72857
0.737935
0.747433
0.757063
0.766824
0.776719
0.786746
0.796908
0.807203
0.817633
0.8282
0.8389
0.849735
0.860708
0.871816
0.88306
0.894442
0.905962
0.917618
0.929411
0.94134
0.953407
0.965611
0.977953
0.990432
1.00304
1.01579
1.02868
1.0417
1.05486
1.06815
1.08158
1.09514
1.10883
1.12265
1.1366
1.15069
1.16491
1.17925
1.19372
1.20832
1.22304
1.23789
1.25286
1.26795
1.28316
1.29849
1.31394
1.32951
1.34519
1.36099
1.3769
1.39291
1.40904
1.42528
1.44162
1.45806
1.4746
1.49125
1.50799
1.52483
1.54176
1.55878
1.57589
1.59309
1.61037
1.62774
1.64518
1.66269
1.68028
1.69794
1.71566
1.73344
1.75128
1.76916
1.7871
1.80508
1.82309
1.84113
1.85919
1.87727
1.89535
1.91343
1.9315
1.94953
1.96753
1.98546
2.00332
2.02109
2.03873
2.05623
2.07354
2.09063
2.10746
2.12398
2.14012
2.15581
2.17096
2.18549
2.19927
2.21218
2.22408
2.23481
2.24422
2.25215
2.25847
2.26307
2.26589
2.26693
2.26623
2.26387
2.26
2.25474
2.24827
2.24072
2.23223
2.22295
2.13439
2.11997
2.10544
2.0908
2.07606
2.06122
2.04629
2.03127
2.01616
2.00096
1.98568
1.97032
1.95488
1.93937
1.92379
1.90814
1.89243
1.87666
1.86082
1.84493
1.82899
1.813
1.79696
1.78088
1.76475
1.74858
1.73238
1.71615
1.69988
1.68358
1.66726
1.65091
1.63454
1.61816
1.60175
1.58533
1.5689
1.55247
1.53602
1.51958
1.50313
1.48668
1.47023
1.45379
1.43736
1.42094
1.40453
1.38814
1.37176
1.35541
1.33907
1.32276
1.30648
1.29023
1.27401
1.25782
1.24168
1.22557
1.2095
1.19348
1.1775
1.16158
1.1457
1.12989
1.11413
1.09843
1.0828
1.06723
1.05174
1.03631
1.02096
1.00569
0.990509
0.975404
0.960395
0.945479
0.930661
0.915943
0.90133
0.886822
0.872432
0.858159
0.844008
0.829985
0.816092
0.802337
0.788723
0.775257
0.761945
0.74879
0.7358
0.72298
0.710336
0.697877
0.685605
0.673532
0.661663
0.650004
0.638565
0.627351
0.616372
0.605634
0.595147
0.584917
0.574953
0.565264
0.555856
0.546739
0.537921
0.529408
0.52121
0.513333
0.505785
0.498572
0.491702
0.485179
0.479009
0.473198
0.467748
0.462664
0.457948
0.453602
0.449628
0.446026
0.442794
0.43993
0.437436
0.435308
0.433541
0.43213
0.431071
0.430358
0.429985
0.429943
0.430229
0.430833
0.431746
0.432961
0.43447
0.436264
0.438334
0.440672
0.443268
0.446118
0.449209
0.452536
0.45609
0.459864
0.463852
0.468044
0.472436
0.477023
0.481793
0.486748
0.491876
0.497175
0.502641
0.508268
0.514053
0.519993
0.526082
0.532321
0.538704
0.54523
0.551897
0.558701
0.565642
0.572714
0.579924
0.587266
0.59474
0.602344
0.610079
0.617943
0.625941
0.634063
0.642317
0.650697
0.659208
0.667848
0.676619
0.685517
0.694548
0.703705
0.712996
0.722419
0.731974
0.741661
0.751481
0.761435
0.771524
0.781747
0.792105
0.802598
0.813228
0.823994
0.834899
0.84594
0.857117
0.868429
0.879881
0.891471
0.9032
0.915068
0.927073
0.939215
0.951495
0.963913
0.976471
0.989163
1.00199
1.01496
1.02806
1.0413
1.05467
1.06818
1.08182
1.0956
1.1095
1.12355
1.13771
1.15201
1.16644
1.18099
1.19568
1.21049
1.22542
1.24048
1.25565
1.27095
1.28637
1.3019
1.31755
1.33331
1.34919
1.36518
1.38128
1.39749
1.41381
1.43023
1.44675
1.46338
1.4801
1.49692
1.51383
1.53084
1.54793
1.56512
1.58238
1.59974
1.61717
1.63468
1.65226
1.66991
1.68762
1.7054
1.72323
1.74112
1.75906
1.77704
1.79506
1.81311
1.83119
1.84928
1.86738
1.88548
1.90357
1.92164
1.93968
1.95766
1.97557
1.9934
2.01112
2.0287
2.04612
2.06334
2.08031
2.097
2.11335
2.12928
2.14474
2.15961
2.17381
2.18722
2.1997
2.2111
2.22129
2.2301
2.23738
2.24302
2.24693
2.24906
2.24944
2.24811
2.24518
2.24078
2.23506
2.22816
2.22024
2.21143
2.20185
2.12502
2.11059
2.09606
2.08143
2.06669
2.05185
2.03692
2.0219
2.00678
1.99159
1.97631
1.96094
1.94551
1.92999
1.91441
1.89876
1.88304
1.86727
1.85143
1.83554
1.81959
1.8036
1.78755
1.77146
1.75533
1.73916
1.72295
1.70671
1.69043
1.67413
1.6578
1.64144
1.62506
1.60866
1.59225
1.57582
1.55938
1.54293
1.52648
1.51002
1.49356
1.4771
1.46064
1.44418
1.42774
1.4113
1.39487
1.37847
1.36207
1.3457
1.32935
1.31302
1.29671
1.28044
1.2642
1.24799
1.23182
1.21568
1.19959
1.18354
1.16754
1.15158
1.13568
1.11983
1.10404
1.08831
1.07264
1.05703
1.0415
1.02603
1.01064
0.995325
0.980093
0.964938
0.949879
0.93491
0.920035
0.905259
0.890585
0.876019
0.86156
0.847219
0.832997
0.818899
0.80493
0.791096
0.777399
0.763847
0.750444
0.737196
0.724112
0.711191
0.698444
0.685876
0.673496
0.661309
0.649322
0.637542
0.625979
0.614637
0.603526
0.592654
0.582028
0.571658
0.561551
0.551715
0.54216
0.532893
0.523923
0.515258
0.506906
0.498876
0.491174
0.483808
0.476785
0.470112
0.463794
0.457838
0.452245
0.447023
0.442173
0.437699
0.433601
0.42988
0.426534
0.423567
0.420975
0.418755
0.416903
0.415414
0.414285
0.41351
0.413081
0.41299
0.413233
0.413802
0.414687
0.415879
0.417372
0.419156
0.421221
0.423558
0.426158
0.429015
0.432119
0.435462
0.439036
0.442832
0.446844
0.451064
0.455489
0.460105
0.464909
0.469896
0.475062
0.480399
0.485903
0.491569
0.497395
0.503375
0.509505
0.515786
0.522212
0.52878
0.535491
0.542338
0.549321
0.556441
0.563696
0.571083
0.578603
0.586254
0.594035
0.60195
0.609993
0.618165
0.626465
0.634897
0.643458
0.652149
0.66097
0.669922
0.679003
0.688218
0.697565
0.707044
0.716654
0.726399
0.736279
0.746294
0.756443
0.766728
0.777149
0.787707
0.798402
0.809233
0.820202
0.83131
0.842557
0.853946
0.865469
0.877132
0.888933
0.900871
0.912953
0.925171
0.937527
0.950023
0.962658
0.975429
0.988339
1.00139
1.01457
1.02789
1.04134
1.05493
1.06866
1.08251
1.09651
1.11063
1.12488
1.13927
1.15378
1.16842
1.18319
1.19808
1.2131
1.22823
1.2435
1.25888
1.27438
1.29
1.30573
1.32158
1.33754
1.35361
1.36979
1.38608
1.40248
1.41898
1.43558
1.45228
1.46908
1.48597
1.50296
1.52004
1.53721
1.55446
1.5718
1.58922
1.60672
1.62429
1.64193
1.65964
1.67741
1.69524
1.71313
1.73107
1.74906
1.76708
1.78514
1.80322
1.82133
1.83945
1.85757
1.87568
1.89378
1.91185
1.92988
1.94784
1.96573
1.98352
2.00118
2.01869
2.03603
2.05314
2.06999
2.08653
2.10269
2.11841
2.1336
2.14818
2.16204
2.17505
2.18708
2.19798
2.20761
2.21581
2.22245
2.22741
2.23064
2.23211
2.23184
2.22991
2.22644
2.22154
2.21537
2.20808
2.1998
2.19067
2.1808
2.11588
2.10146
2.08693
2.0723
2.05756
2.04273
2.02779
2.01277
1.99766
1.98246
1.96718
1.95182
1.93638
1.92086
1.90528
1.88962
1.87391
1.85813
1.84229
1.82639
1.81044
1.79444
1.77839
1.76229
1.74616
1.72998
1.71376
1.69752
1.68123
1.66492
1.64858
1.63222
1.61583
1.59942
1.583
1.56657
1.55012
1.53366
1.51719
1.50072
1.48425
1.46777
1.4513
1.43483
1.41837
1.40192
1.38548
1.36906
1.35265
1.33626
1.31988
1.30354
1.28722
1.27092
1.25466
1.23843
1.22223
1.20607
1.18995
1.17388
1.15785
1.14187
1.12594
1.11006
1.09423
1.07847
1.06276
1.04712
1.03155
1.01605
1.00061
0.985256
0.969975
0.954776
0.939667
0.924647
0.909719
0.894887
0.880156
0.865529
0.851007
0.8366
0.82231
0.808141
0.794098
0.780186
0.766409
0.752773
0.739283
0.725945
0.712764
0.699748
0.686899
0.674226
0.661737
0.649439
0.637336
0.625436
0.613748
0.602279
0.591038
0.580031
0.569268
0.558756
0.548505
0.538522
0.528817
0.519398
0.510273
0.501454
0.492945
0.484757
0.476897
0.469374
0.462194
0.455366
0.448894
0.442785
0.437044
0.431677
0.426687
0.422076
0.417847
0.413997
0.410536
0.407456
0.404758
0.402438
0.400495
0.398923
0.397716
0.396871
0.39638
0.396236
0.396431
0.396959
0.397812
0.398978
0.400451
0.402219
0.404274
0.406607
0.409209
0.412073
0.415188
0.418544
0.422136
0.425953
0.429991
0.434237
0.438687
0.443333
0.44817
0.453191
0.458393
0.463766
0.469307
0.475013
0.480878
0.486897
0.49307
0.499392
0.50586
0.512472
0.519225
0.526117
0.533143
0.540308
0.547608
0.555041
0.562607
0.570304
0.578137
0.586096
0.594186
0.602406
0.610757
0.619238
0.627848
0.636593
0.645466
0.65447
0.663606
0.672875
0.682277
0.691813
0.701481
0.711284
0.721223
0.731298
0.741509
0.751856
0.762341
0.772964
0.783725
0.794622
0.80566
0.816836
0.828153
0.839608
0.851202
0.862942
0.874817
0.886831
0.898986
0.91128
0.923716
0.936289
0.948999
0.961851
0.97484
0.987967
1.00123
1.01463
1.02817
1.04184
1.05565
1.06959
1.08366
1.09787
1.11221
1.12668
1.14127
1.156
1.17085
1.18582
1.20092
1.21615
1.23149
1.24696
1.26254
1.27824
1.29406
1.30999
1.32603
1.34218
1.35845
1.37482
1.39129
1.40787
1.42454
1.44132
1.45819
1.47516
1.49222
1.50937
1.52661
1.54394
1.56134
1.57883
1.59639
1.61402
1.63172
1.64949
1.66731
1.6852
1.70314
1.72112
1.73915
1.75722
1.77531
1.79343
1.81156
1.8297
1.84784
1.86596
1.88407
1.90213
1.92014
1.93808
1.95593
1.97368
1.99128
2.00872
2.02596
2.04295
2.05966
2.07604
2.092
2.10749
2.12242
2.13669
2.15019
2.16279
2.17435
2.18474
2.19379
2.20138
2.20737
2.21168
2.21424
2.21506
2.21418
2.21167
2.20767
2.2023
2.1957
2.18803
2.17942
2.16998
2.15984
2.107
2.09258
2.07805
2.06342
2.04868
2.03385
2.01892
2.00389
1.98878
1.97358
1.9583
1.94293
1.92749
1.91198
1.89639
1.88074
1.86502
1.84923
1.83339
1.81749
1.80153
1.78553
1.76947
1.75337
1.73723
1.72105
1.70483
1.68857
1.67229
1.65597
1.63962
1.62325
1.60685
1.59044
1.57401
1.55756
1.5411
1.52463
1.50816
1.49168
1.47519
1.45871
1.44222
1.42574
1.40927
1.3928
1.37635
1.35991
1.34349
1.32708
1.31069
1.29433
1.27799
1.26167
1.24539
1.22914
1.21292
1.19674
1.1806
1.1645
1.14844
1.13243
1.11648
1.10057
1.08471
1.06892
1.05318
1.03751
1.0219
1.00635
0.990883
0.975485
0.960163
0.944917
0.929762
0.914692
0.899713
0.884829
0.870042
0.855357
0.840778
0.826305
0.811949
0.797711
0.783596
0.769609
0.755754
0.742037
0.728462
0.715035
0.701762
0.688651
0.675705
0.662929
0.650333
0.637923
0.625706
0.613688
0.601877
0.590283
0.578911
0.56777
0.556869
0.546216
0.53582
0.525689
0.515833
0.506261
0.49698
0.488001
0.479333
0.470985
0.462963
0.455277
0.447936
0.440946
0.434314
0.428048
0.422152
0.416633
0.411495
0.40674
0.402373
0.398391
0.394801
0.391601
0.38879
0.386363
0.38432
0.382656
0.381366
0.380444
0.379886
0.379681
0.379823
0.380307
0.38112
0.382256
0.383703
0.385453
0.387496
0.389823
0.392423
0.395291
0.398413
0.401782
0.405391
0.409227
0.413285
0.417556
0.422033
0.426708
0.431577
0.436631
0.441865
0.447278
0.452856
0.4586
0.464504
0.470564
0.476777
0.483141
0.489651
0.496305
0.503102
0.510034
0.517108
0.524318
0.531662
0.539142
0.546754
0.554501
0.562377
0.570385
0.578524
0.586792
0.595192
0.603723
0.612386
0.62118
0.630108
0.639166
0.648356
0.65768
0.667139
0.676731
0.686457
0.69632
0.706319
0.716455
0.726728
0.737138
0.747687
0.758375
0.769201
0.780166
0.791271
0.802518
0.813904
0.825431
0.837098
0.848906
0.860855
0.872949
0.885179
0.89755
0.910061
0.922714
0.935504
0.948436
0.961506
0.974713
0.988059
1.00154
1.01516
1.02891
1.0428
1.05683
1.07099
1.08528
1.0997
1.11425
1.12893
1.14374
1.15867
1.17373
1.18891
1.20422
1.21965
1.23519
1.25086
1.26664
1.28254
1.29855
1.31468
1.33091
1.34725
1.3637
1.38025
1.3969
1.41366
1.43051
1.44746
1.4645
1.48163
1.49885
1.51615
1.53355
1.55102
1.56857
1.58619
1.60388
1.62164
1.63946
1.65734
1.67527
1.69326
1.71129
1.72936
1.74746
1.76559
1.78373
1.80189
1.82005
1.8382
1.85633
1.87443
1.89248
1.91047
1.92839
1.9462
1.96389
1.98142
1.99878
2.01591
2.03279
2.04935
2.06554
2.0813
2.09655
2.1112
2.12514
2.13826
2.15044
2.16152
2.17138
2.17986
2.18683
2.19218
2.19583
2.19775
2.19795
2.19647
2.19342
2.18891
2.18309
2.17609
2.16806
2.15912
2.1494
2.13899
2.09835
2.08394
2.06941
2.05478
2.04005
2.02521
2.01028
1.99526
1.98015
1.96495
1.94966
1.9343
1.91885
1.90334
1.88775
1.87209
1.85637
1.84058
1.82474
1.80883
1.79287
1.77687
1.76081
1.7447
1.72856
1.71237
1.69614
1.67988
1.66359
1.64726
1.63091
1.61453
1.59813
1.58171
1.56527
1.54881
1.53235
1.51587
1.49938
1.48289
1.4664
1.4499
1.4334
1.41691
1.40043
1.38395
1.36748
1.35103
1.33459
1.31817
1.30176
1.28538
1.26903
1.25269
1.23639
1.22012
1.20388
1.18768
1.17152
1.1554
1.13932
1.12328
1.1073
1.09136
1.07548
1.05965
1.04389
1.02818
1.01254
0.996959
0.981451
0.966014
0.950651
0.935364
0.920163
0.905046
0.89002
0.875084
0.860245
0.845504
0.830867
0.816337
0.801914
0.78761
0.773426
0.759367
0.745436
0.73164
0.717982
0.70447
0.691109
0.677905
0.66486
0.651986
0.639285
0.626767
0.614436
0.602301
0.59037
0.57865
0.567149
0.555876
0.544837
0.534043
0.523502
0.513223
0.503214
0.493487
0.484048
0.474909
0.466078
0.457564
0.449376
0.441525
0.434017
0.42686
0.420063
0.413633
0.407575
0.401897
0.396603
0.391698
0.387181
0.383062
0.379337
0.376007
0.373073
0.370532
0.368382
0.366619
0.365238
0.364233
0.363599
0.363328
0.363412
0.363844
0.364614
0.365713
0.367131
0.368859
0.370887
0.373204
0.3758
0.378668
0.381796
0.385176
0.388797
0.39265
0.396728
0.401023
0.405526
0.410231
0.41513
0.420216
0.425484
0.43093
0.436548
0.442331
0.448273
0.454373
0.460628
0.467033
0.473585
0.480283
0.487123
0.494099
0.501217
0.508473
0.515863
0.523387
0.531049
0.53884
0.546764
0.55482
0.563007
0.571326
0.579775
0.588359
0.597072
0.605919
0.614898
0.624012
0.633257
0.642637
0.652153
0.661804
0.671589
0.681511
0.69157
0.701768
0.712104
0.722578
0.733192
0.743946
0.754839
0.765872
0.777046
0.788362
0.799818
0.811417
0.823157
0.83504
0.847063
0.859228
0.871535
0.883987
0.896575
0.909305
0.922174
0.935186
0.948337
0.961627
0.975053
0.988616
1.00232
1.01616
1.03013
1.04424
1.05847
1.07285
1.08735
1.10199
1.11675
1.13164
1.14666
1.1618
1.17707
1.19246
1.20797
1.2236
1.23934
1.25521
1.27119
1.28728
1.30348
1.31979
1.33621
1.35273
1.36936
1.38609
1.40292
1.41985
1.43687
1.45398
1.47118
1.48847
1.50584
1.5233
1.54083
1.55844
1.57612
1.59387
1.61168
1.62956
1.64749
1.66547
1.6835
1.70157
1.71968
1.73781
1.75597
1.77414
1.79232
1.81049
1.82865
1.84678
1.86488
1.88291
1.90088
1.91876
1.93653
1.95416
1.97162
1.98888
2.0059
2.02264
2.03905
2.05505
2.07059
2.08559
2.09994
2.11354
2.12628
2.13801
2.14861
2.15793
2.16584
2.17219
2.17691
2.17992
2.18121
2.1808
2.17876
2.17518
2.1702
2.16394
2.15656
2.14818
2.13893
2.12893
2.11827
2.08996
2.07555
2.06103
2.04639
2.03166
2.01683
2.0019
1.98688
1.97176
1.95656
1.94128
1.92591
1.91047
1.89495
1.87936
1.8637
1.84797
1.83219
1.81634
1.80043
1.78447
1.76846
1.7524
1.73629
1.72013
1.70394
1.68771
1.67144
1.65514
1.63881
1.62245
1.60606
1.58966
1.57323
1.55678
1.54032
1.52384
1.50736
1.49086
1.47436
1.45786
1.44135
1.42484
1.40834
1.39184
1.37535
1.35887
1.34241
1.32595
1.30952
1.2931
1.2767
1.26033
1.24398
1.22766
1.21138
1.19512
1.1789
1.16272
1.14657
1.13047
1.11441
1.0984
1.08244
1.06653
1.05068
1.03488
1.01915
1.00347
0.987859
0.972316
0.956842
0.941441
0.926114
0.910871
0.895712
0.880638
0.865654
0.850764
0.83597
0.821278
0.806689
0.792206
0.777838
0.763588
0.749459
0.735456
0.721583
0.707847
0.694252
0.680803
0.667509
0.65437
0.641397
0.628595
0.61597
0.603529
0.591279
0.579229
0.567385
0.555757
0.54435
0.533175
0.52224
0.511554
0.501126
0.490965
0.481081
0.471483
0.462181
0.453185
0.444503
0.436146
0.428124
0.420443
0.413115
0.406148
0.399547
0.39332
0.387478
0.382021
0.376956
0.372284
0.368014
0.364146
0.360679
0.357614
0.354951
0.352685
0.350815
0.349335
0.34824
0.347523
0.347179
0.347199
0.347571
0.348293
0.349351
0.350736
0.352438
0.354446
0.356749
0.359337
0.362204
0.365336
0.368722
0.372355
0.376224
0.380321
0.384638
0.389167
0.393899
0.398828
0.403948
0.40925
0.41473
0.420383
0.426203
0.432186
0.438328
0.444623
0.45107
0.457665
0.464406
0.471287
0.47831
0.485473
0.492773
0.500209
0.507784
0.51549
0.523328
0.5313
0.539405
0.547641
0.55601
0.564513
0.573147
0.581912
0.590812
0.599845
0.609013
0.618314
0.627752
0.637325
0.647035
0.656879
0.666862
0.676984
0.687244
0.697644
0.708183
0.718862
0.729682
0.740643
0.751744
0.762989
0.774375
0.785903
0.797574
0.809388
0.821344
0.833442
0.845683
0.858066
0.870592
0.883259
0.896073
0.909022
0.922111
0.935344
0.948713
0.962221
0.975867
0.989652
1.00358
1.01763
1.03182
1.04614
1.0606
1.07519
1.0899
1.10475
1.11972
1.13482
1.15005
1.1654
1.18087
1.19646
1.21217
1.228
1.24394
1.26
1.27617
1.29245
1.30884
1.32533
1.34193
1.35864
1.37544
1.39234
1.40934
1.42643
1.44361
1.46088
1.47824
1.49568
1.51319
1.53079
1.54846
1.5662
1.584
1.60187
1.61979
1.63777
1.6558
1.67387
1.69198
1.71012
1.72829
1.74647
1.76467
1.78286
1.80104
1.81921
1.83734
1.85542
1.87344
1.89138
1.90922
1.92693
1.94449
1.96187
1.97904
1.99594
2.01253
2.02877
2.04458
2.05989
2.07462
2.08866
2.10191
2.11425
2.12554
2.13564
2.14442
2.15174
2.15749
2.16158
2.16397
2.16465
2.16365
2.16107
2.15699
2.15155
2.14489
2.13714
2.12843
2.11889
2.10861
2.09771
2.08182
2.06741
2.05289
2.03826
2.02353
2.0087
1.99377
1.97874
1.96363
1.94843
1.93314
1.91778
1.90233
1.88681
1.87122
1.85556
1.83983
1.82404
1.80819
1.79228
1.77632
1.7603
1.74424
1.72812
1.71196
1.69577
1.67953
1.66326
1.64695
1.63061
1.61425
1.59786
1.58144
1.56501
1.54855
1.53208
1.5156
1.49911
1.4826
1.46609
1.44958
1.43306
1.41655
1.40003
1.38352
1.36702
1.35053
1.33405
1.31759
1.30114
1.28471
1.2683
1.25191
1.23555
1.21921
1.20291
1.18663
1.17039
1.15419
1.13802
1.1219
1.10582
1.08979
1.0738
1.05787
1.04199
1.02616
1.0104
0.994694
0.979052
0.963476
0.947969
0.93253
0.917166
0.901883
0.886681
0.871565
0.856536
0.841596
0.826756
0.81201
0.797366
0.782828
0.768396
0.754082
0.739886
0.725812
0.711867
0.698054
0.684379
0.670847
0.657465
0.644235
0.631166
0.618264
0.605535
0.592986
0.580623
0.568456
0.55649
0.544735
0.533198
0.521887
0.510812
0.499982
0.489404
0.47909
0.469049
0.45929
0.449824
0.44066
0.431807
0.423278
0.41508
0.407224
0.399718
0.392573
0.385797
0.379396
0.373379
0.367752
0.362516
0.357684
0.353256
0.349235
0.345622
0.342418
0.339623
0.337233
0.335247
0.333659
0.332466
0.33166
0.331234
0.331182
0.331492
0.33216
0.333171
0.334518
0.336188
0.338172
0.340458
0.343037
0.345897
0.349029
0.352421
0.356064
0.359947
0.364063
0.368401
0.372954
0.377714
0.382673
0.387824
0.39316
0.398676
0.404365
0.410221
0.416246
0.422427
0.428765
0.435255
0.441892
0.448676
0.455601
0.462669
0.469877
0.477224
0.48471
0.492328
0.500082
0.507969
0.515989
0.524144
0.532431
0.540851
0.549405
0.558091
0.566911
0.575864
0.584953
0.594174
0.603534
0.613028
0.622661
0.63243
0.642336
0.65238
0.662565
0.672888
0.683352
0.693957
0.704703
0.715591
0.726621
0.737792
0.749106
0.760564
0.772164
0.783908
0.795797
0.807827
0.820002
0.83232
0.84478
0.857383
0.870129
0.883016
0.896045
0.90922
0.92253
0.935982
0.949575
0.963303
0.977172
0.991174
1.00531
1.01958
1.03399
1.04853
1.0632
1.078
1.09293
1.10799
1.12317
1.13847
1.15391
1.16946
1.18513
1.20092
1.21683
1.23285
1.24899
1.26523
1.28159
1.29806
1.31463
1.3313
1.34808
1.36496
1.38193
1.399
1.41616
1.43341
1.45074
1.46817
1.48567
1.50325
1.52091
1.53863
1.55642
1.57428
1.5922
1.61017
1.6282
1.64627
1.66438
1.68253
1.7007
1.71889
1.7371
1.75531
1.77352
1.79171
1.80987
1.828
1.84606
1.86406
1.88196
1.89976
1.91741
1.9349
1.95219
1.96925
1.98602
2.00247
2.01853
2.03413
2.0492
2.06365
2.07737
2.09026
2.10218
2.11302
2.12262
2.13085
2.1376
2.14274
2.14623
2.14801
2.1481
2.14655
2.14344
2.13888
2.13301
2.12596
2.11786
2.10883
2.09901
2.08848
2.07734
2.07393
2.05952
2.045
2.03037
2.01564
2.00081
1.98588
1.97086
1.95575
1.94055
1.92526
1.90989
1.89445
1.87892
1.86333
1.84767
1.83194
1.81614
1.80029
1.78438
1.76841
1.75239
1.73632
1.72021
1.70405
1.68784
1.6716
1.65532
1.63901
1.62267
1.6063
1.5899
1.57348
1.55704
1.54058
1.52411
1.50761
1.49111
1.4746
1.45808
1.44156
1.42503
1.40851
1.39199
1.37547
1.35896
1.34246
1.32597
1.30949
1.29303
1.27658
1.26016
1.24376
1.22738
1.21103
1.19471
1.17842
1.16216
1.14594
1.12976
1.11362
1.09752
1.08146
1.06545
1.0495
1.03359
1.01774
1.00195
0.986216
0.970544
0.954936
0.939396
0.923925
0.908524
0.893204
0.877964
0.862806
0.847733
0.832749
0.817856
0.80306
0.788363
0.77377
0.75928
0.744905
0.730644
0.716504
0.702488
0.688602
0.674849
0.661236
0.647768
0.63445
0.621289
0.60829
0.59546
0.582805
0.570332
0.558049
0.545964
0.534087
0.522421
0.510976
0.499762
0.488787
0.478062
0.467594
0.457395
0.447474
0.437842
0.428508
0.419482
0.410776
0.4024
0.394365
0.386677
0.37935
0.37239
0.365806
0.359607
0.353799
0.348391
0.343388
0.338793
0.33461
0.330842
0.32749
0.324553
0.32203
0.31992
0.318215
0.316915
0.316011
0.315497
0.315367
0.315608
0.316212
0.317171
0.318473
0.320108
0.322066
0.324332
0.326895
0.329747
0.332877
0.336272
0.339923
0.343819
0.347952
0.352311
0.356888
0.361674
0.366663
0.371845
0.377214
0.382765
0.388492
0.394388
0.40045
0.406675
0.413054
0.419586
0.426266
0.433092
0.440065
0.447179
0.454434
0.46183
0.46936
0.477027
0.484829
0.492765
0.500837
0.509041
0.517379
0.525853
0.534459
0.543199
0.552072
0.561081
0.570225
0.579503
0.588921
0.598475
0.608166
0.617997
0.627963
0.638072
0.648319
0.658708
0.669237
0.679909
0.690722
0.701679
0.712777
0.724019
0.735406
0.746936
0.75861
0.770429
0.782391
0.794498
0.806749
0.819143
0.831681
0.844363
0.857188
0.870155
0.883263
0.896513
0.909907
0.923444
0.937115
0.950931
0.96488
0.978965
0.993186
1.00754
1.02203
1.03665
1.0514
1.06629
1.0813
1.09644
1.1117
1.12709
1.1426
1.15823
1.17399
1.18986
1.20584
1.22195
1.23816
1.25449
1.27092
1.28746
1.3041
1.32085
1.3377
1.35465
1.37169
1.38883
1.40606
1.42337
1.44077
1.45826
1.47582
1.49347
1.51118
1.52896
1.54681
1.56472
1.58268
1.6007
1.61877
1.63688
1.65503
1.67321
1.69141
1.70963
1.72786
1.74608
1.7643
1.78249
1.80066
1.81877
1.83682
1.85479
1.87265
1.89039
1.90798
1.9254
1.94259
1.95953
1.97617
1.99246
2.00833
2.02372
2.03853
2.05269
2.06609
2.0786
2.09011
2.10048
2.10957
2.11726
2.12343
2.12799
2.13087
2.13207
2.13159
2.1295
2.1259
2.12089
2.11461
2.10718
2.09875
2.08942
2.07932
2.06854
2.05718
2.06629
2.05188
2.03737
2.02274
2.00801
1.99318
1.97825
1.96323
1.94811
1.93291
1.91763
1.90226
1.88681
1.87129
1.85569
1.84003
1.8243
1.8085
1.79264
1.77673
1.76076
1.74474
1.72866
1.71254
1.69638
1.68017
1.66393
1.64765
1.63133
1.61498
1.59861
1.58221
1.56578
1.54933
1.53287
1.51638
1.49989
1.48338
1.46686
1.45033
1.4338
1.41727
1.40074
1.3842
1.36768
1.35116
1.33464
1.31814
1.30166
1.28518
1.26873
1.25229
1.23588
1.21949
1.20312
1.18679
1.17048
1.15421
1.13797
1.12177
1.10561
1.08949
1.07342
1.05739
1.04141
1.02548
1.00961
0.993789
0.978031
0.962332
0.946695
0.931123
0.915619
0.900185
0.884832
0.869554
0.854357
0.839243
0.824216
0.809279
0.794436
0.779687
0.765041
0.750499
0.736062
0.721741
0.707536
0.693453
0.679496
0.665669
0.651978
0.638428
0.625025
0.611773
0.59868
0.585751
0.572993
0.560411
0.548017
0.535814
0.523812
0.512018
0.500441
0.489089
0.477971
0.467097
0.456477
0.44612
0.436036
0.426236
0.416731
0.407531
0.398646
0.390088
0.381868
0.373994
0.366477
0.359328
0.352559
0.346173
0.340177
0.334585
0.329403
0.324632
0.320278
0.316344
0.312833
0.309746
0.30708
0.304834
0.303006
0.30159
0.30058
0.29997
0.299751
0.299915
0.300452
0.301352
0.302604
0.304201
0.306124
0.308364
0.31091
0.313752
0.316877
0.320274
0.323931
0.327839
0.331988
0.336366
0.340967
0.34578
0.350797
0.356012
0.361416
0.367001
0.372765
0.378701
0.384803
0.391067
0.397491
0.404067
0.410793
0.417663
0.424683
0.431843
0.439148
0.446589
0.454169
0.461884
0.469736
0.477723
0.485845
0.494102
0.502493
0.511019
0.519679
0.528473
0.537402
0.546468
0.55567
0.565006
0.574482
0.584096
0.593849
0.60374
0.61377
0.623943
0.634256
0.64471
0.655306
0.666045
0.676927
0.687953
0.699122
0.710437
0.721896
0.733499
0.745248
0.757141
0.769179
0.781363
0.79369
0.806163
0.818779
0.83154
0.844444
0.85749
0.870681
0.884013
0.897486
0.9111
0.924857
0.938754
0.952784
0.966954
0.981257
0.995695
1.01027
1.02497
1.0398
1.05477
1.06986
1.08508
1.10043
1.1159
1.13149
1.14721
1.16304
1.17899
1.19505
1.21123
1.22752
1.24393
1.26043
1.27705
1.29377
1.31059
1.32751
1.34453
1.36164
1.37884
1.39614
1.41352
1.43098
1.44852
1.46615
1.48385
1.50162
1.51946
1.53736
1.55531
1.57333
1.59139
1.6095
1.62765
1.64583
1.66404
1.68227
1.70051
1.71875
1.73699
1.75521
1.77341
1.79156
1.80966
1.82769
1.84562
1.86345
1.88113
1.89865
1.91598
1.93307
1.9499
1.96639
1.98251
1.99819
2.01335
2.02791
2.04177
2.05482
2.06695
2.07804
2.08794
2.09653
2.10367
2.10928
2.11325
2.11556
2.11618
2.11516
2.11256
2.10848
2.10304
2.09636
2.08858
2.07983
2.07022
2.05985
2.04883
2.03725
2.0589
2.0445
2.02998
2.01535
2.00062
1.98579
1.97087
1.95584
1.94073
1.92553
1.91024
1.89487
1.87943
1.8639
1.8483
1.83264
1.81691
1.80111
1.78525
1.76933
1.75336
1.73733
1.72126
1.70514
1.68897
1.67276
1.65651
1.64022
1.6239
1.60755
1.59117
1.57476
1.55833
1.54188
1.52541
1.50892
1.49242
1.4759
1.45937
1.44284
1.4263
1.40976
1.39322
1.37668
1.36015
1.34362
1.3271
1.31059
1.29409
1.27761
1.26114
1.24469
1.22827
1.21186
1.19549
1.17914
1.16282
1.14653
1.13028
1.11406
1.09788
1.08175
1.06566
1.04961
1.03361
1.01766
1.00176
0.985922
0.970139
0.954414
0.938751
0.923149
0.907618
0.892151
0.876762
0.86145
0.846217
0.831066
0.815998
0.801018
0.786129
0.771334
0.756638
0.742042
0.72755
0.71317
0.698905
0.684757
0.670732
0.656834
0.643068
0.629438
0.615953
0.602615
0.58943
0.576405
0.563547
0.550861
0.538355
0.526039
0.513916
0.501997
0.490289
0.478801
0.467542
0.456521
0.445749
0.435234
0.424987
0.41502
0.405342
0.395964
0.386899
0.378155
0.369745
0.36168
0.35397
0.346627
0.339658
0.333074
0.326888
0.321104
0.315731
0.310773
0.306239
0.302132
0.298452
0.295203
0.292385
0.289995
0.288031
0.286489
0.285363
0.284648
0.284334
0.284416
0.284878
0.285715
0.286912
0.28846
0.290346
0.292558
0.295083
0.29791
0.30103
0.304425
0.308088
0.312006
0.316169
0.320567
0.325192
0.330031
0.335077
0.340323
0.345762
0.351384
0.357186
0.363162
0.369306
0.375612
0.382077
0.3887
0.395472
0.402389
0.409455
0.416667
0.424017
0.431509
0.439138
0.446904
0.454807
0.462846
0.471021
0.479332
0.487776
0.496356
0.505071
0.513922
0.522909
0.532032
0.541292
0.550688
0.560225
0.5699
0.579715
0.58967
0.599763
0.61
0.62038
0.630902
0.641566
0.652375
0.663327
0.674424
0.685665
0.697051
0.708583
0.720261
0.732085
0.744054
0.756168
0.768428
0.780835
0.793386
0.806082
0.818921
0.831907
0.845035
0.858305
0.871718
0.885273
0.898969
0.912809
0.926783
0.940896
0.955151
0.969538
0.984057
0.998711
1.0135
1.02841
1.04346
1.05864
1.07394
1.08936
1.10491
1.12059
1.13638
1.15229
1.16832
1.18446
1.20072
1.21708
1.23356
1.25014
1.26683
1.28363
1.30052
1.31751
1.33459
1.35177
1.36904
1.3864
1.40385
1.42137
1.43897
1.45665
1.47441
1.49223
1.51012
1.52807
1.54608
1.56414
1.58224
1.60039
1.61857
1.63679
1.65502
1.67328
1.69154
1.7098
1.72804
1.74627
1.76446
1.78261
1.80069
1.81869
1.83658
1.85436
1.87198
1.88943
1.90667
1.92365
1.94035
1.9567
1.97264
1.98811
2.00304
2.01733
2.03088
2.04359
2.05534
2.06599
2.07542
2.0835
2.09011
2.09516
2.09857
2.10031
2.10038
2.09884
2.09575
2.09122
2.08536
2.07831
2.0702
2.06114
2.05125
2.04063
2.02938
2.01759
2.05176
2.03736
2.02284
2.00822
1.99349
1.97866
1.96373
1.94871
1.9336
1.91839
1.90311
1.88774
1.87229
1.85677
1.84117
1.8255
1.80976
1.79397
1.77811
1.76219
1.74621
1.73018
1.7141
1.69798
1.68181
1.66559
1.64934
1.63305
1.61673
1.60037
1.58399
1.56758
1.55114
1.53468
1.51821
1.50171
1.4852
1.46868
1.45215
1.43561
1.41907
1.40252
1.38597
1.36942
1.35288
1.33634
1.31981
1.3033
1.28679
1.2703
1.25382
1.23736
1.22093
1.20451
1.18812
1.17176
1.15543
1.13913
1.12286
1.10663
1.09044
1.07429
1.05818
1.04211
1.02609
1.01013
0.994208
0.978344
0.962538
0.946788
0.931098
0.915473
0.899914
0.884418
0.868999
0.853654
0.838385
0.823196
0.808092
0.793071
0.77814
0.763301
0.748557
0.733913
0.71937
0.704932
0.690608
0.676399
0.66231
0.648343
0.634504
0.6208
0.607235
0.593813
0.58054
0.567423
0.554468
0.54168
0.529068
0.516637
0.504397
0.492356
0.480519
0.468897
0.457498
0.446332
0.435409
0.424737
0.414328
0.404192
0.394341
0.384784
0.375534
0.366602
0.358
0.34974
0.341831
0.334288
0.327117
0.320331
0.313943
0.307958
0.302387
0.297235
0.29251
0.288216
0.284357
0.280937
0.277954
0.275409
0.273299
0.271621
0.27037
0.26954
0.269122
0.269109
0.269491
0.270253
0.271388
0.272884
0.274728
0.276908
0.279407
0.282219
0.285328
0.288721
0.292387
0.296316
0.300494
0.30491
0.309559
0.314425
0.319501
0.32478
0.330253
0.335914
0.341755
0.347772
0.353959
0.36031
0.36682
0.373486
0.380305
0.387273
0.394391
0.401649
0.409051
0.416592
0.424273
0.432091
0.440047
0.448139
0.45637
0.464734
0.473235
0.481871
0.490643
0.499552
0.508597
0.517779
0.527098
0.536557
0.546157
0.555895
0.565774
0.575793
0.585953
0.596256
0.606702
0.617294
0.628028
0.638906
0.649929
0.661098
0.672411
0.683872
0.695479
0.707232
0.719131
0.731177
0.743369
0.755707
0.768193
0.780823
0.793599
0.80652
0.819585
0.832793
0.846146
0.859641
0.873277
0.887059
0.900976
0.915032
0.929228
0.94356
0.958028
0.972631
0.987373
1.00224
1.01724
1.03237
1.04763
1.06301
1.07851
1.09414
1.10989
1.12577
1.14176
1.15786
1.17408
1.19041
1.20685
1.2234
1.24006
1.25682
1.27368
1.29065
1.3077
1.32486
1.3421
1.35944
1.37686
1.39436
1.41195
1.42961
1.44735
1.46516
1.48304
1.50097
1.51897
1.53702
1.55512
1.57326
1.59145
1.60967
1.62791
1.64617
1.66445
1.68273
1.701
1.71925
1.73748
1.75566
1.77379
1.79185
1.80982
1.82767
1.8454
1.86296
1.88033
1.89747
1.91434
1.9309
1.94709
1.96286
1.97812
1.9928
2.00682
2.02006
2.03242
2.04377
2.05399
2.06295
2.07053
2.07661
2.0811
2.08396
2.08515
2.0847
2.08266
2.0791
2.07414
2.06789
2.06049
2.05205
2.0427
2.03254
2.02168
2.01021
1.99821
2.04487
2.03047
2.01596
2.00133
1.98661
1.97178
1.95685
1.94183
1.92671
1.91151
1.89622
1.88086
1.86541
1.84988
1.83428
1.81861
1.80288
1.78708
1.77121
1.75529
1.73931
1.72328
1.7072
1.69107
1.6749
1.65868
1.64242
1.62613
1.60981
1.59345
1.57706
1.56064
1.5442
1.52774
1.51126
1.49476
1.47825
1.46172
1.44518
1.42864
1.41209
1.39553
1.37898
1.36243
1.34588
1.32933
1.3128
1.29627
1.27975
1.26325
1.24677
1.2303
1.21385
1.19743
1.18103
1.16466
1.14831
1.132
1.11572
1.09948
1.08327
1.0671
1.05098
1.0349
1.01886
1.00288
0.986938
0.971054
0.955225
0.939454
0.923741
0.908091
0.892506
0.876984
0.861536
0.846161
0.83086
0.815638
0.800496
0.785438
0.770467
0.755586
0.740798
0.726107
0.711516
0.697026
0.682645
0.668378
0.654226
0.640194
0.626287
0.61251
0.598869
0.585366
0.572009
0.558802
0.545753
0.532866
0.52015
0.507612
0.495256
0.483093
0.471132
0.459379
0.447843
0.436533
0.425459
0.414631
0.404059
0.393756
0.38373
0.373994
0.364558
0.355436
0.346639
0.338179
0.330068
0.322319
0.314937
0.307944
0.301346
0.295153
0.289375
0.284018
0.279092
0.274602
0.270553
0.266947
0.263789
0.261078
0.258811
0.256986
0.2556
0.254644
0.254115
0.254
0.25429
0.254973
0.25604
0.257479
0.259275
0.261417
0.263889
0.26668
0.269778
0.273168
0.276836
0.280771
0.284963
0.289398
0.294067
0.29896
0.304067
0.309378
0.314889
0.320589
0.326471
0.332531
0.338761
0.345158
0.351715
0.35843
0.365298
0.372318
0.379487
0.386797
0.394251
0.401845
0.409579
0.417452
0.425462
0.433611
0.441897
0.450319
0.458876
0.46757
0.476401
0.485369
0.494476
0.503719
0.5131
0.522622
0.532285
0.542089
0.552033
0.562119
0.572346
0.582716
0.593232
0.603891
0.614697
0.625648
0.636744
0.647986
0.659374
0.670909
0.682591
0.69442
0.706397
0.71852
0.730791
0.743208
0.755772
0.768483
0.781339
0.794341
0.807487
0.820778
0.834212
0.847789
0.86151
0.87537
0.88937
0.903511
0.917788
0.932203
0.946753
0.961438
0.976255
0.991207
1.00629
1.0215
1.03684
1.0523
1.06789
1.08359
1.09942
1.11537
1.13144
1.14762
1.16392
1.18032
1.19684
1.21346
1.23019
1.24702
1.26395
1.28098
1.29811
1.31533
1.33264
1.35004
1.36752
1.38508
1.40273
1.42045
1.43824
1.4561
1.47403
1.49201
1.51005
1.52815
1.54629
1.56447
1.58269
1.60094
1.61921
1.63749
1.65579
1.67408
1.69236
1.71062
1.72884
1.74702
1.76513
1.78316
1.80109
1.81891
1.83657
1.85406
1.87135
1.88839
1.90515
1.92157
1.9376
1.95317
1.96822
1.98266
1.99639
2.00932
2.02132
2.03228
2.04206
2.05055
2.05763
2.06318
2.06715
2.06947
2.07013
2.06917
2.06665
2.06265
2.05727
2.05065
2.04291
2.03416
2.02453
2.01412
2.00303
1.99135
1.97915
2.03824
2.02383
2.00932
1.9947
1.97997
1.96514
1.95022
1.93519
1.92008
1.90488
1.88959
1.87422
1.85877
1.84325
1.82765
1.81198
1.79624
1.78043
1.76457
1.74865
1.73267
1.71663
1.70055
1.68442
1.66824
1.65203
1.63577
1.61947
1.60314
1.58678
1.57039
1.55397
1.53752
1.52106
1.50457
1.48807
1.47155
1.45502
1.43847
1.42192
1.40537
1.38881
1.37225
1.35569
1.33913
1.32258
1.30604
1.2895
1.27298
1.25647
1.23998
1.2235
1.20705
1.19062
1.17421
1.15783
1.14147
1.12515
1.10886
1.0926
1.07638
1.0602
1.04406
1.02796
1.01191
0.995909
0.979954
0.964052
0.948203
0.932413
0.916678
0.901005
0.885396
0.869847
0.854373
0.83897
0.823639
0.808385
0.79321
0.778117
0.763108
0.748187
0.733358
0.718623
0.703986
0.689448
0.675014
0.66069
0.64648
0.632386
0.618413
0.604567
0.590853
0.577273
0.563834
0.550542
0.537402
0.52442
0.511603
0.498958
0.486494
0.474213
0.462127
0.450245
0.438573
0.427122
0.4159
0.404918
0.394185
0.383714
0.373514
0.363597
0.353975
0.344661
0.335666
0.327004
0.318686
0.310721
0.30313
0.29592
0.289106
0.282696
0.2767
0.271129
0.265991
0.261294
0.257043
0.253243
0.249897
0.247005
0.24457
0.242588
0.241054
0.239965
0.23931
0.239084
0.239275
0.239872
0.240863
0.242238
0.243982
0.246083
0.248523
0.251292
0.254374
0.257757
0.261427
0.265369
0.269574
0.274028
0.278721
0.283642
0.288781
0.294128
0.299676
0.305417
0.311341
0.317446
0.323723
0.330167
0.336773
0.343535
0.350457
0.35753
0.36475
0.372113
0.379621
0.387271
0.395061
0.402989
0.411057
0.419264
0.427607
0.436087
0.444705
0.453459
0.462352
0.471381
0.480553
0.48986
0.499305
0.508892
0.51862
0.528489
0.538501
0.548655
0.558952
0.569391
0.579977
0.590709
0.601586
0.612609
0.62378
0.635097
0.64656
0.658172
0.669931
0.681838
0.693892
0.706094
0.718445
0.730941
0.743586
0.756377
0.769315
0.782397
0.795626
0.808996
0.822513
0.836175
0.849977
0.863919
0.878002
0.892224
0.906585
0.921082
0.935714
0.950481
0.96538
0.98041
0.99557
1.01086
1.02628
1.04183
1.05749
1.07328
1.08918
1.10521
1.12135
1.13761
1.15398
1.17046
1.18704
1.20374
1.22054
1.23744
1.25444
1.27154
1.28873
1.30601
1.32338
1.34084
1.35839
1.37601
1.39371
1.41149
1.42933
1.44724
1.46522
1.48325
1.50133
1.51947
1.53765
1.55587
1.57412
1.5924
1.61069
1.629
1.64731
1.66561
1.6839
1.70216
1.72037
1.73854
1.75663
1.77463
1.79253
1.81029
1.8279
1.84531
1.86251
1.87945
1.89608
1.91236
1.92822
1.9436
1.95843
1.97262
1.98606
1.99867
2.01031
2.02087
2.03022
2.03825
2.04483
2.04987
2.05332
2.05512
2.05528
2.05383
2.05085
2.04642
2.04066
2.03368
2.02562
2.01658
2.00668
1.99603
1.98472
1.97283
1.96043
2.03185
2.01745
2.00293
1.98831
1.97359
1.95876
1.94383
1.92881
1.9137
1.8985
1.88321
1.86784
1.85239
1.83686
1.82126
1.80559
1.78985
1.77405
1.75818
1.74226
1.72627
1.71024
1.69416
1.67802
1.66184
1.64562
1.62936
1.61306
1.59673
1.58036
1.56397
1.54754
1.5311
1.51463
1.49814
1.48163
1.4651
1.44857
1.43202
1.41547
1.39891
1.38234
1.36578
1.34921
1.33265
1.31609
1.29954
1.283
1.26647
1.24996
1.23346
1.21697
1.20051
1.18407
1.16765
1.15126
1.1349
1.11856
1.10226
1.08599
1.06976
1.05357
1.03742
1.02131
1.00524
0.989224
0.973254
0.957333
0.941467
0.925659
0.909904
0.894211
0.87858
0.863009
0.847508
0.832079
0.816721
0.801437
0.786232
0.771105
0.756061
0.741103
0.726235
0.711458
0.696776
0.682194
0.667714
0.653335
0.639069
0.624915
0.61088
0.596969
0.583184
0.569531
0.556014
0.54264
0.529412
0.516339
0.503426
0.490678
0.478104
0.46571
0.453504
0.441494
0.429692
0.418102
0.406734
0.395599
0.384707
0.374068
0.363695
0.353598
0.343789
0.334281
0.325087
0.316218
0.30769
0.29951
0.291699
0.284269
0.277229
0.270593
0.264371
0.258575
0.253215
0.248299
0.243834
0.239827
0.236281
0.233199
0.230582
0.228429
0.226736
0.225498
0.22471
0.224363
0.224445
0.224949
0.225857
0.227162
0.228848
0.2309
0.233305
0.236048
0.239114
0.242489
0.246158
0.250108
0.254326
0.2588
0.263518
0.268468
0.273639
0.279024
0.284612
0.290395
0.296366
0.302517
0.308843
0.315337
0.321995
0.328813
0.335786
0.342911
0.350189
0.357609
0.365173
0.372881
0.380729
0.388716
0.396845
0.405111
0.413515
0.422055
0.430735
0.439553
0.448509
0.457603
0.466837
0.476209
0.485719
0.495372
0.505168
0.515106
0.525187
0.53541
0.545778
0.55629
0.566948
0.577752
0.588703
0.599804
0.611049
0.622443
0.633983
0.645672
0.657509
0.669494
0.681629
0.693911
0.70634
0.718918
0.731643
0.744515
0.757533
0.770698
0.784009
0.797463
0.811065
0.824807
0.838691
0.852716
0.866882
0.881186
0.895629
0.910208
0.924922
0.93977
0.95475
0.969861
0.985101
1.00047
1.01597
1.03159
1.04734
1.0632
1.07918
1.09529
1.1115
1.12783
1.14427
1.16083
1.17749
1.19425
1.21112
1.22809
1.24515
1.26232
1.27957
1.29692
1.31435
1.33187
1.34947
1.36715
1.38491
1.40274
1.42064
1.4386
1.45661
1.47469
1.49282
1.51099
1.52921
1.54746
1.56574
1.58405
1.60236
1.62069
1.63901
1.65733
1.67562
1.69387
1.71208
1.73023
1.7483
1.76627
1.78413
1.80184
1.81938
1.83672
1.85382
1.87065
1.88716
1.90329
1.91898
1.93417
1.94877
1.9627
1.97585
1.98813
1.99941
2.00958
2.0185
2.02606
2.03216
2.03671
2.03964
2.04094
2.04062
2.03871
2.03529
2.03046
2.02432
2.01701
2.00864
1.99932
1.98917
1.97828
1.96675
1.95466
1.94208
2.02571
2.01131
1.9968
1.98218
1.96745
1.95263
1.9377
1.92268
1.90757
1.89236
1.87708
1.86171
1.84626
1.83073
1.81512
1.79945
1.78371
1.76791
1.75204
1.73611
1.72013
1.7041
1.68801
1.67187
1.65569
1.63947
1.6232
1.6069
1.59057
1.5742
1.5578
1.54137
1.52492
1.50845
1.49196
1.47545
1.45892
1.44238
1.42583
1.40927
1.39271
1.37614
1.35957
1.343
1.32643
1.30987
1.29331
1.27676
1.26023
1.24371
1.2272
1.21071
1.19424
1.17779
1.16136
1.14496
1.12859
1.11225
1.09594
1.07966
1.06342
1.04721
1.03105
1.01493
0.998851
0.982819
0.966834
0.950899
0.935017
0.91919
0.903419
0.887706
0.872055
0.856462
0.840939
0.825484
0.810101
0.794791
0.779556
0.764399
0.749324
0.734332
0.719426
0.704611
0.689888
0.675261
0.660734
0.646307
0.631989
0.617781
0.603687
0.589712
0.57586
0.562138
0.548547
0.535094
0.521783
0.508621
0.495613
0.482767
0.470088
0.457584
0.445262
0.43313
0.421196
0.409471
0.397959
0.386674
0.375624
0.364821
0.354275
0.343998
0.334002
0.3243
0.314905
0.305829
0.297083
0.288689
0.280653
0.272994
0.265722
0.258852
0.252395
0.246364
0.240771
0.235624
0.230934
0.226706
0.222947
0.219661
0.216851
0.214514
0.212648
0.211251
0.210317
0.209837
0.209802
0.2102
0.211018
0.212246
0.213868
0.215869
0.218233
0.220947
0.223994
0.22736
0.231029
0.234986
0.239219
0.243713
0.248457
0.253437
0.258644
0.264068
0.269699
0.275528
0.281546
0.287747
0.294125
0.300672
0.307386
0.314259
0.321289
0.328472
0.335805
0.343288
0.350912
0.35868
0.36659
0.374641
0.38283
0.391159
0.399626
0.408231
0.416975
0.425858
0.434879
0.444039
0.45334
0.46278
0.472359
0.482082
0.491948
0.501956
0.512107
0.522403
0.532843
0.543428
0.55416
0.56504
0.576066
0.58724
0.598562
0.610032
0.621651
0.633418
0.645336
0.657401
0.669614
0.681976
0.694486
0.707145
0.719952
0.732909
0.746011
0.759258
0.772651
0.786191
0.799873
0.813697
0.827664
0.841771
0.856019
0.870406
0.88493
0.899591
0.914386
0.929315
0.944376
0.959567
0.974886
0.990334
1.00591
1.02161
1.03743
1.05337
1.06943
1.08561
1.1019
1.1183
1.13482
1.15144
1.16817
1.185
1.20194
1.21897
1.23611
1.25333
1.27065
1.28806
1.30555
1.32313
1.34079
1.35852
1.37633
1.39421
1.41216
1.43017
1.44823
1.46635
1.48452
1.50273
1.52098
1.53926
1.55757
1.5759
1.59424
1.61258
1.63092
1.64923
1.66753
1.68578
1.70398
1.72211
1.74015
1.75809
1.7759
1.79356
1.81103
1.82829
1.8453
1.86202
1.87839
1.89437
1.90989
1.92487
1.93925
1.95292
1.96578
1.97773
1.98865
1.99842
2.00692
2.01403
2.01965
2.02371
2.02616
2.02698
2.02618
2.02383
2.02
2.01478
2.0083
2.00066
1.99199
1.98241
1.97201
1.9609
1.94917
1.93689
1.92413
2.01982
2.00542
1.99091
1.97629
1.96157
1.94674
1.93182
1.9168
1.90168
1.88648
1.87119
1.85582
1.84037
1.82484
1.80924
1.79357
1.77783
1.76202
1.74615
1.73022
1.71424
1.6982
1.68211
1.66597
1.64979
1.63356
1.6173
1.601
1.58466
1.56829
1.55189
1.53546
1.51901
1.50253
1.48603
1.46952
1.45299
1.43644
1.41989
1.40333
1.38676
1.37018
1.35361
1.33704
1.32047
1.3039
1.28734
1.27079
1.25424
1.23772
1.2212
1.20471
1.18823
1.17178
1.15534
1.13894
1.12256
1.10621
1.08989
1.0736
1.05735
1.04113
1.02496
1.00883
0.992738
0.976692
0.960695
0.944746
0.92885
0.913007
0.897219
0.881489
0.865819
0.850207
0.834663
0.819186
0.803779
0.788443
0.773183
0.757998
0.742892
0.727868
0.712929
0.698077
0.683316
0.668648
0.654077
0.639607
0.625237
0.610976
0.596829
0.582795
0.568881
0.555092
0.54143
0.527901
0.514509
0.501262
0.488165
0.475223
0.462444
0.449833
0.437399
0.425148
0.413087
0.401227
0.389577
0.378144
0.366939
0.355973
0.345256
0.334801
0.324619
0.314722
0.305124
0.29584
0.286878
0.27826
0.269995
0.262103
0.254592
0.24748
0.24078
0.234504
0.228666
0.223278
0.218349
0.213888
0.209904
0.206399
0.203379
0.200845
0.198794
0.197224
0.196132
0.195507
0.195341
0.195625
0.196347
0.197489
0.19904
0.200985
0.203305
0.205987
0.209013
0.212369
0.216037
0.220002
0.224249
0.228765
0.233537
0.23855
0.243796
0.249263
0.254939
0.260816
0.266886
0.27314
0.279573
0.286181
0.29295
0.299883
0.306973
0.314218
0.321613
0.329155
0.336847
0.344679
0.352654
0.360769
0.369023
0.377418
0.385951
0.394623
0.403435
0.412385
0.421474
0.430704
0.440074
0.449581
0.459234
0.469028
0.478966
0.489047
0.499272
0.509641
0.520157
0.530816
0.541625
0.55258
0.563684
0.574935
0.586335
0.597884
0.609583
0.62143
0.633428
0.645571
0.657866
0.670311
0.682903
0.695644
0.708533
0.72157
0.734753
0.748084
0.76156
0.775183
0.788947
0.802854
0.816904
0.831093
0.845423
0.859891
0.874497
0.889243
0.904119
0.919127
0.934268
0.949538
0.964937
0.980463
0.996114
1.01189
1.02779
1.04381
1.05994
1.07619
1.09256
1.10903
1.12562
1.14231
1.15911
1.17601
1.19301
1.21011
1.22731
1.2446
1.26198
1.27944
1.297
1.31463
1.33234
1.35013
1.36799
1.38592
1.40391
1.42196
1.44007
1.45823
1.47644
1.49468
1.51297
1.53128
1.54961
1.56796
1.58632
1.60468
1.62302
1.64135
1.65964
1.67788
1.69607
1.71418
1.73219
1.75009
1.76786
1.78546
1.80286
1.82004
1.83695
1.85356
1.8698
1.88562
1.90096
1.91574
1.92989
1.94329
1.95587
1.96749
1.97805
1.98743
1.9955
2.00217
2.00733
2.01092
2.0129
2.01325
2.01201
2.00924
2.00501
1.99942
1.9926
1.98466
1.97572
1.96588
1.95525
1.94393
1.93199
1.91953
1.90659
2.01418
1.99978
1.98527
1.97065
1.95593
1.9411
1.92618
1.91116
1.89605
1.88085
1.86556
1.85018
1.83473
1.81921
1.8036
1.78793
1.77219
1.75638
1.74051
1.72458
1.7086
1.69256
1.67647
1.66033
1.64414
1.62792
1.61165
1.59534
1.579
1.56263
1.54623
1.5298
1.51334
1.49686
1.48036
1.46384
1.44731
1.43076
1.41421
1.39764
1.38107
1.36449
1.34791
1.33134
1.31476
1.29819
1.28162
1.26507
1.24852
1.23199
1.21547
1.19897
1.18249
1.16603
1.14959
1.13317
1.11679
1.10043
1.0841
1.06781
1.05155
1.03533
1.01914
1.003
0.986898
0.970843
0.954833
0.938873
0.922963
0.907103
0.891303
0.875557
0.85987
0.84424
0.828678
0.81318
0.797751
0.782393
0.767107
0.751896
0.736763
0.72171
0.706739
0.691853
0.677056
0.662351
0.647739
0.633226
0.618809
0.604501
0.5903
0.576211
0.562239
0.548385
0.534656
0.521056
0.507589
0.494261
0.481078
0.468044
0.455169
0.442456
0.429912
0.417545
0.405363
0.393372
0.381584
0.370006
0.358651
0.347524
0.336639
0.326006
0.315639
0.305549
0.29575
0.286251
0.277075
0.268231
0.259733
0.251602
0.243847
0.236486
0.229533
0.223003
0.21691
0.211267
0.206087
0.201381
0.197156
0.193418
0.190174
0.187425
0.185174
0.183418
0.182154
0.181372
0.181067
0.181227
0.181838
0.182888
0.184363
0.186246
0.188517
0.191164
0.194169
0.197512
0.20118
0.205153
0.209417
0.213958
0.218759
0.22381
0.229097
0.234609
0.240335
0.246264
0.25239
0.258702
0.265196
0.27186
0.278695
0.285692
0.292847
0.300157
0.307619
0.315227
0.322983
0.330887
0.338928
0.347112
0.355435
0.363899
0.372501
0.381244
0.390126
0.399147
0.408308
0.417609
0.427051
0.436631
0.446357
0.456225
0.466237
0.476393
0.486694
0.49714
0.507732
0.518469
0.529355
0.540389
0.55157
0.562901
0.574383
0.58601
0.597788
0.609715
0.621793
0.634022
0.646399
0.658925
0.6716
0.684424
0.697395
0.710515
0.723782
0.737195
0.750757
0.76446
0.778307
0.792297
0.806428
0.8207
0.835112
0.849662
0.864348
0.87917
0.894127
0.909216
0.924436
0.939784
0.955261
0.970864
0.986592
1.00244
1.01841
1.03451
1.05072
1.06704
1.08347
1.10002
1.11668
1.13344
1.15031
1.16727
1.18434
1.2015
1.21876
1.23611
1.25355
1.27108
1.28869
1.30637
1.32414
1.34198
1.35989
1.37787
1.3959
1.414
1.43215
1.45035
1.46859
1.48687
1.50518
1.52352
1.54188
1.56025
1.57862
1.59699
1.61534
1.63367
1.65196
1.6702
1.68837
1.70646
1.72444
1.7423
1.76002
1.77755
1.79489
1.81198
1.82879
1.84528
1.86138
1.87705
1.89221
1.90679
1.9207
1.93385
1.94612
1.95743
1.96763
1.97662
1.98429
1.99052
1.99523
1.99836
1.99988
1.99979
1.99813
1.99495
1.99035
1.98442
1.97728
1.96905
1.95984
1.94976
1.93891
1.92737
1.91525
1.9026
1.8895
2.00879
1.99439
1.97988
1.96526
1.95054
1.93572
1.92079
1.90577
1.89066
1.87546
1.86017
1.8448
1.82935
1.81382
1.79822
1.78254
1.7668
1.75099
1.73512
1.71919
1.70321
1.68716
1.67107
1.65493
1.63874
1.62252
1.60625
1.58994
1.5736
1.55722
1.54082
1.52438
1.50793
1.49144
1.47494
1.45842
1.44189
1.42534
1.40878
1.39221
1.37563
1.35905
1.34247
1.32589
1.30931
1.29274
1.27617
1.25961
1.24306
1.22652
1.21
1.19349
1.177
1.16054
1.1441
1.12768
1.11128
1.09492
1.07859
1.06229
1.04602
1.02979
1.01359
0.997442
0.981332
0.965267
0.949247
0.933275
0.917354
0.901482
0.885666
0.869908
0.854206
0.83856
0.82298
0.807463
0.792015
0.776636
0.761327
0.746092
0.730933
0.715853
0.700853
0.685937
0.671107
0.656366
0.641718
0.627163
0.612706
0.598348
0.584098
0.569957
0.555928
0.542016
0.528224
0.514555
0.501016
0.487611
0.474348
0.461228
0.448259
0.435447
0.422798
0.410319
0.398018
0.385903
0.373981
0.362264
0.350757
0.339474
0.328423
0.317616
0.307066
0.296784
0.28678
0.277074
0.267678
0.258606
0.249873
0.241498
0.233493
0.225876
0.218663
0.211869
0.205513
0.199606
0.194161
0.189191
0.184709
0.180722
0.177239
0.174262
0.171794
0.169837
0.168385
0.167434
0.166975
0.166999
0.167494
0.168444
0.169831
0.171646
0.173866
0.176477
0.179457
0.182789
0.186456
0.190439
0.194723
0.19929
0.204125
0.209216
0.214549
0.220111
0.22589
0.231878
0.238063
0.24444
0.250997
0.257727
0.264629
0.271694
0.278919
0.286298
0.29383
0.30151
0.309336
0.317309
0.325426
0.333682
0.342078
0.350615
0.359291
0.368107
0.377062
0.386157
0.395393
0.404769
0.414286
0.423942
0.433743
0.443688
0.453777
0.46401
0.474388
0.484912
0.495583
0.506399
0.517365
0.528479
0.539743
0.551153
0.562715
0.574423
0.586282
0.598292
0.610452
0.622762
0.635223
0.647833
0.660591
0.673498
0.686553
0.699756
0.713105
0.726605
0.740247
0.754033
0.767962
0.782034
0.796248
0.810601
0.825094
0.839725
0.854492
0.869394
0.884431
0.899598
0.914895
0.930323
0.945876
0.961555
0.977358
0.993283
1.00933
1.02549
1.04177
1.05816
1.07467
1.09129
1.10801
1.12484
1.14177
1.15881
1.17594
1.19316
1.21048
1.22789
1.24539
1.26297
1.28063
1.29837
1.31619
1.33408
1.35204
1.37006
1.38814
1.40628
1.42447
1.4427
1.46098
1.47929
1.49763
1.516
1.53438
1.55277
1.57115
1.58953
1.60789
1.62622
1.6445
1.66273
1.68089
1.69895
1.7169
1.73472
1.75238
1.76986
1.78712
1.80412
1.82083
1.8372
1.85317
1.86868
1.88365
1.89803
1.91171
1.92459
1.93658
1.94756
1.95741
1.96603
1.97329
1.97909
1.98337
1.98607
1.98715
1.98664
1.98457
1.98101
1.97605
1.9698
1.96236
1.95385
1.94438
1.93407
1.92301
1.91128
1.89897
1.88615
1.87289
2.00364
1.98924
1.97474
1.96012
1.9454
1.93058
1.91565
1.90063
1.88552
1.87032
1.85503
1.83966
1.82421
1.80868
1.79308
1.7774
1.76166
1.74585
1.72998
1.71405
1.69806
1.68202
1.66592
1.64978
1.6336
1.61736
1.60109
1.58478
1.56844
1.55206
1.53566
1.51922
1.50276
1.48628
1.46977
1.45325
1.43671
1.42016
1.4036
1.38703
1.37045
1.35387
1.33729
1.3207
1.30412
1.28754
1.27097
1.25441
1.23785
1.22131
1.20478
1.18827
1.17178
1.15531
1.13886
1.12244
1.10604
1.08967
1.07333
1.05703
1.04075
1.02452
1.00831
0.992155
0.976037
0.959963
0.943934
0.927952
0.91202
0.896137
0.880309
0.864538
0.848822
0.833162
0.817566
0.802033
0.786567
0.771168
0.755839
0.740583
0.7254
0.710294
0.695269
0.680325
0.665464
0.65069
0.636006
0.621414
0.606917
0.592516
0.57822
0.56403
0.549948
0.53598
0.522127
0.508395
0.49479
0.481312
0.467969
0.454766
0.441709
0.428802
0.416053
0.403468
0.391053
0.378817
0.366766
0.354909
0.343258
0.331821
0.32061
0.309632
0.2989
0.288427
0.278223
0.268307
0.258691
0.249391
0.240419
0.231797
0.223538
0.215661
0.20818
0.201113
0.194481
0.188294
0.182571
0.177327
0.172573
0.168322
0.164582
0.16136
0.158659
0.156484
0.15483
0.153693
0.153068
0.152944
0.153309
0.154149
0.155447
0.157188
0.159351
0.161919
0.164874
0.168196
0.171864
0.175859
0.180164
0.184761
0.189635
0.194771
0.200154
0.205772
0.211611
0.217661
0.223915
0.230358
0.236982
0.243786
0.25076
0.257899
0.265198
0.272653
0.280261
0.288016
0.295921
0.303968
0.312159
0.320494
0.328967
0.33758
0.346333
0.355226
0.364259
0.373432
0.382745
0.392199
0.401794
0.41153
0.421409
0.431432
0.441601
0.451913
0.462371
0.472975
0.483726
0.494626
0.505671
0.516867
0.528212
0.539705
0.551347
0.56314
0.575083
0.587176
0.599418
0.611812
0.624355
0.637049
0.649891
0.662881
0.67602
0.689306
0.702742
0.716321
0.730045
0.743914
0.757926
0.77208
0.786375
0.80081
0.815383
0.830095
0.844941
0.859922
0.875036
0.890282
0.905657
0.921161
0.93679
0.952544
0.968421
0.984419
1.00054
1.01677
1.03312
1.04959
1.06616
1.08284
1.09963
1.11653
1.13352
1.15062
1.16781
1.1851
1.20248
1.21994
1.23749
1.25513
1.27285
1.29064
1.30851
1.32645
1.34445
1.36251
1.38064
1.39882
1.41704
1.43531
1.45362
1.47196
1.49033
1.50872
1.52712
1.54552
1.56392
1.58231
1.60067
1.619
1.63728
1.65549
1.67363
1.69167
1.70958
1.72736
1.74497
1.76239
1.77957
1.79649
1.81309
1.82934
1.84517
1.86052
1.87531
1.88948
1.90293
1.91555
1.92726
1.93792
1.94743
1.95567
1.96253
1.96793
1.97179
1.97407
1.97474
1.97382
1.97137
1.96744
1.96215
1.95558
1.94786
1.93909
1.92938
1.91885
1.90758
1.89567
1.88318
1.8702
1.85678
1.99874
1.98435
1.96984
1.95522
1.9405
1.92568
1.91076
1.89574
1.88063
1.86542
1.85014
1.83477
1.81931
1.80379
1.78818
1.77251
1.75676
1.74095
1.72508
1.70915
1.69316
1.67712
1.66102
1.64488
1.62869
1.61246
1.59619
1.57988
1.56353
1.54716
1.53075
1.51431
1.49785
1.48136
1.46486
1.44833
1.43179
1.41524
1.39868
1.3821
1.36552
1.34894
1.33235
1.31577
1.29918
1.2826
1.26603
1.24946
1.2329
1.21636
1.19983
1.18332
1.16682
1.15035
1.13389
1.11747
1.10106
1.08469
1.06835
1.05203
1.03575
1.01951
1.0033
0.987136
0.97101
0.954928
0.938891
0.922901
0.906959
0.891066
0.875227
0.859445
0.843717
0.828043
0.812434
0.796887
0.781403
0.765988
0.75064
0.735363
0.720161
0.705032
0.689981
0.675009
0.660122
0.645317
0.6306
0.615974
0.601439
0.587002
0.57266
0.558424
0.544293
0.530273
0.516364
0.502573
0.488902
0.475355
0.461937
0.448656
0.435515
0.422519
0.409673
0.396985
0.38446
0.372107
0.359933
0.347945
0.336154
0.324568
0.313196
0.30205
0.291141
0.280477
0.270078
0.259954
0.250119
0.240588
0.23138
0.222508
0.21399
0.205844
0.19809
0.190743
0.183823
0.177347
0.171333
0.165798
0.160758
0.156225
0.152211
0.148725
0.145774
0.143362
0.141489
0.140151
0.139344
0.139058
0.139282
0.140003
0.141201
0.142863
0.144966
0.147492
0.150419
0.153729
0.1574
0.161411
0.16574
0.170373
0.175292
0.180478
0.185918
0.191597
0.197502
0.203625
0.209948
0.216466
0.223167
0.230048
0.237102
0.244321
0.2517
0.259235
0.266924
0.274762
0.282747
0.290876
0.299147
0.307564
0.316119
0.324812
0.333646
0.34262
0.351733
0.360987
0.370382
0.379917
0.389591
0.39941
0.409371
0.419476
0.429726
0.44012
0.45066
0.461347
0.472181
0.483162
0.494291
0.50557
0.516998
0.528573
0.5403
0.552176
0.564203
0.576381
0.588708
0.601185
0.613813
0.626588
0.639514
0.652588
0.66581
0.679183
0.692699
0.706361
0.720167
0.734119
0.748212
0.762448
0.776823
0.791339
0.805992
0.820782
0.835708
0.850767
0.865958
0.881281
0.896732
0.91231
0.928014
0.943842
0.959793
0.975863
0.992051
1.00836
1.02478
1.04131
1.05795
1.0747
1.09155
1.10851
1.12557
1.14272
1.15997
1.17731
1.19475
1.21228
1.22988
1.24757
1.26534
1.28318
1.3011
1.31908
1.33713
1.35524
1.3734
1.39161
1.40987
1.42818
1.44652
1.46488
1.48328
1.50169
1.52011
1.53853
1.55694
1.57534
1.5937
1.61203
1.6303
1.6485
1.66661
1.68462
1.70251
1.72024
1.7378
1.75514
1.77225
1.78908
1.80558
1.82171
1.8374
1.85259
1.8672
1.88117
1.89438
1.90675
1.91817
1.92852
1.93769
1.94557
1.95206
1.95706
1.96052
1.96239
1.96266
1.96136
1.95854
1.95428
1.94866
1.9418
1.93381
1.92479
1.91486
1.90412
1.89266
1.88056
1.86791
1.85477
1.8412
1.99409
1.9797
1.96519
1.95058
1.93585
1.92103
1.90611
1.89109
1.87598
1.86078
1.84549
1.83012
1.81467
1.79914
1.78353
1.76786
1.75211
1.7363
1.72043
1.7045
1.68851
1.67247
1.65637
1.64023
1.62404
1.60781
1.59153
1.57522
1.55888
1.5425
1.52609
1.50965
1.49318
1.4767
1.46019
1.44367
1.42712
1.41057
1.394
1.37743
1.36085
1.34426
1.32767
1.31108
1.2945
1.27791
1.26134
1.24477
1.22821
1.21166
1.19513
1.17861
1.16211
1.14564
1.12918
1.11275
1.09634
1.07996
1.06362
1.0473
1.03101
1.01476
0.998553
0.982381
0.966249
0.950161
0.934117
0.918119
0.902168
0.886266
0.870419
0.854624
0.838887
0.823201
0.80758
0.792019
0.776521
0.761091
0.745727
0.730432
0.715209
0.700059
0.684986
0.66999
0.655076
0.640244
0.625498
0.610838
0.59627
0.581795
0.567417
0.553136
0.538959
0.52489
0.510929
0.497081
0.483349
0.469737
0.456251
0.442895
0.429672
0.416591
0.403653
0.390867
0.378238
0.365774
0.35348
0.341366
0.329438
0.317706
0.306181
0.294871
0.283789
0.27294
0.262345
0.252017
0.241965
0.232206
0.222755
0.213633
0.204854
0.196438
0.188401
0.180766
0.17355
0.166774
0.160457
0.154618
0.149274
0.144442
0.140136
0.136367
0.133146
0.130479
0.128367
0.12681
0.125804
0.125342
0.125412
0.126003
0.127095
0.128669
0.130708
0.133189
0.13609
0.13939
0.143065
0.147094
0.151453
0.156129
0.161097
0.166341
0.171844
0.177593
0.183574
0.189771
0.196175
0.202772
0.20956
0.216526
0.223666
0.230971
0.238437
0.24606
0.253837
0.261761
0.269832
0.278048
0.286406
0.294906
0.303549
0.312328
0.321247
0.330306
0.339505
0.348843
0.358322
0.367941
0.3777
0.387603
0.397648
0.407836
0.418171
0.428651
0.439275
0.450045
0.460964
0.472029
0.483242
0.494605
0.506116
0.517779
0.52959
0.54155
0.553662
0.565924
0.578336
0.590897
0.603609
0.616469
0.629479
0.642636
0.655943
0.669397
0.682996
0.69674
0.710628
0.724661
0.738836
0.753151
0.767607
0.782202
0.796934
0.811802
0.826806
0.841942
0.857209
0.872606
0.888134
0.903786
0.919562
0.935463
0.951483
0.967624
0.983881
1.00025
1.01674
1.03334
1.05005
1.06686
1.08377
1.10079
1.11791
1.13513
1.15243
1.16983
1.18732
1.2049
1.22256
1.2403
1.25812
1.27601
1.29397
1.312
1.33009
1.34823
1.36644
1.38469
1.40298
1.42132
1.43968
1.45808
1.4765
1.49493
1.51336
1.5318
1.55022
1.56862
1.58698
1.60531
1.62357
1.64175
1.65984
1.67782
1.69567
1.71336
1.73086
1.74815
1.76518
1.78192
1.79831
1.81432
1.82987
1.8449
1.85934
1.8731
1.88609
1.89821
1.90935
1.91939
1.92823
1.93577
1.94188
1.94651
1.94958
1.95107
1.95096
1.9493
1.94614
1.94155
1.93563
1.92849
1.92024
1.91099
1.90085
1.8899
1.87826
1.86599
1.85318
1.83988
1.82617
1.98968
1.97529
1.96079
1.94617
1.93145
1.91663
1.90171
1.88669
1.87158
1.85638
1.84109
1.82572
1.81026
1.79474
1.77913
1.76345
1.74771
1.7319
1.71603
1.7001
1.68411
1.66806
1.65197
1.63582
1.61963
1.6034
1.58713
1.57081
1.55446
1.53808
1.52167
1.50523
1.48877
1.47228
1.45577
1.43925
1.4227
1.40615
1.38958
1.373
1.35642
1.33983
1.32324
1.30665
1.29006
1.27348
1.2569
1.24033
1.22376
1.20722
1.19068
1.17416
1.15766
1.14118
1.12472
1.10829
1.09188
1.0755
1.05915
1.04282
1.02654
1.01028
0.994066
0.977889
0.961752
0.945658
0.929607
0.913603
0.897644
0.881736
0.86588
0.850075
0.834329
0.818633
0.803001
0.787429
0.771918
0.756472
0.741093
0.725782
0.710542
0.695373
0.680279
0.665262
0.650324
0.635466
0.620693
0.606004
0.591404
0.576895
0.562481
0.548161
0.533942
0.519825
0.505816
0.491915
0.478126
0.464453
0.450901
0.437475
0.424177
0.411013
0.397989
0.385111
0.372383
0.359812
0.347404
0.335167
0.323109
0.311236
0.299562
0.288095
0.276839
0.265815
0.255029
0.244495
0.234229
0.224243
0.214552
0.20518
0.196138
0.187446
0.179124
0.171193
0.163674
0.156587
0.149953
0.143796
0.138132
0.132983
0.128366
0.124294
0.120782
0.117838
0.115468
0.113672
0.11245
0.111796
0.111699
0.112146
0.113121
0.114604
0.116572
0.119007
0.121881
0.125172
0.128857
0.132909
0.137307
0.142028
0.147053
0.152364
0.157941
0.16377
0.169832
0.176115
0.182607
0.189296
0.196176
0.203235
0.210468
0.217868
0.225429
0.233147
0.241017
0.249034
0.257197
0.265505
0.273955
0.282546
0.291277
0.300149
0.309158
0.318306
0.327593
0.33702
0.346587
0.356294
0.366139
0.376129
0.386261
0.396538
0.406959
0.417524
0.428235
0.439091
0.450095
0.461247
0.472544
0.483992
0.49559
0.507338
0.519235
0.531281
0.543477
0.555824
0.568321
0.580967
0.593763
0.606707
0.6198
0.63304
0.646432
0.659968
0.673649
0.687474
0.701442
0.715555
0.72981
0.744206
0.758741
0.773413
0.788223
0.80317
0.818249
0.83346
0.848802
0.864273
0.879873
0.895597
0.911445
0.927415
0.943506
0.959714
0.976039
0.992479
1.00903
1.02569
1.04246
1.05933
1.07631
1.09339
1.11057
1.12784
1.1452
1.16266
1.1802
1.19783
1.21554
1.23333
1.2512
1.26913
1.28714
1.30521
1.32334
1.34152
1.35976
1.37804
1.39637
1.41474
1.43313
1.45155
1.46999
1.48844
1.50689
1.52534
1.54377
1.56217
1.58054
1.59885
1.6171
1.63527
1.65334
1.67129
1.6891
1.70674
1.72419
1.74141
1.75836
1.77501
1.7913
1.80719
1.8226
1.83748
1.85174
1.8653
1.87807
1.88994
1.90081
1.91056
1.91908
1.92628
1.93204
1.9363
1.939
1.94012
1.93966
1.93766
1.93417
1.92927
1.92307
1.91567
1.90718
1.89771
1.88736
1.87623
1.86441
1.85198
1.83901
1.82557
1.81172
1.98552
1.97113
1.95662
1.94201
1.92729
1.91247
1.89755
1.88253
1.86742
1.85222
1.83693
1.82156
1.80611
1.79058
1.77497
1.7593
1.74355
1.72774
1.71187
1.69594
1.67995
1.6639
1.64781
1.63166
1.61547
1.59924
1.58296
1.56665
1.5503
1.53392
1.51751
1.50107
1.4846
1.46811
1.4516
1.43507
1.41853
1.40197
1.3854
1.36883
1.35224
1.33565
1.31906
1.30247
1.28588
1.26929
1.25271
1.23614
1.21957
1.20302
1.18649
1.16997
1.15347
1.13698
1.12052
1.10408
1.08767
1.07129
1.05493
1.03861
1.02232
1.00606
0.989839
0.973657
0.957516
0.941417
0.925361
0.90935
0.893385
0.877471
0.861606
0.845796
0.830041
0.814336
0.798693
0.78311
0.767587
0.752129
0.736737
0.721411
0.706155
0.69097
0.675857
0.660821
0.645861
0.63098
0.616181
0.601465
0.586837
0.572298
0.55785
0.543495
0.529234
0.515075
0.50102
0.487069
0.473227
0.459497
0.445884
0.432391
0.419023
0.405784
0.392678
0.37971
0.366887
0.354214
0.341698
0.329345
0.317163
0.305158
0.293338
0.281712
0.270295
0.259094
0.248122
0.237391
0.226912
0.216704
0.206777
0.197153
0.187847
0.178879
0.170267
0.162036
0.154205
0.146798
0.139837
0.133346
0.127347
0.121863
0.116914
0.112518
0.108693
0.10545
0.102797
0.100742
0.0992834
0.0984188
0.0981383
0.0984302
0.0992778
0.100661
0.102555
0.10494
0.107789
0.111076
0.114772
0.118856
0.123299
0.128078
0.133172
0.138556
0.144218
0.150134
0.156289
0.162669
0.169258
0.176049
0.183031
0.190193
0.197529
0.205031
0.212694
0.220513
0.228484
0.236601
0.244864
0.25327
0.261818
0.270506
0.279332
0.288295
0.297401
0.306643
0.316023
0.32554
0.335198
0.344996
0.354933
0.365014
0.375235
0.3856
0.396109
0.406763
0.417561
0.428505
0.439596
0.450834
0.462219
0.473755
0.485439
0.497272
0.509254
0.521386
0.533668
0.5461
0.558681
0.571411
0.584291
0.597319
0.610495
0.623821
0.637292
0.650908
0.66467
0.678578
0.692627
0.706819
0.721155
0.735627
0.750239
0.764989
0.779874
0.794895
0.810048
0.825334
0.840747
0.85629
0.87196
0.887756
0.903673
0.919711
0.93587
0.952145
0.968536
0.985039
1.00165
1.01838
1.03521
1.05214
1.06918
1.08631
1.10355
1.12087
1.13829
1.1558
1.1734
1.19107
1.20883
1.22667
1.24457
1.26255
1.28061
1.29872
1.31688
1.33511
1.35338
1.3717
1.39005
1.40845
1.42687
1.44531
1.46377
1.48223
1.5007
1.51916
1.53759
1.556
1.57436
1.59267
1.61091
1.62906
1.64711
1.66503
1.6828
1.7004
1.71779
1.73494
1.75182
1.76838
1.78457
1.80033
1.81562
1.83034
1.84443
1.85779
1.87034
1.88197
1.89258
1.90204
1.91026
1.91713
1.92255
1.92647
1.92882
1.92959
1.9288
1.92647
1.92267
1.91749
1.91102
1.90337
1.89466
1.88498
1.87443
1.86313
1.85114
1.83855
1.82544
1.81186
1.79787
1.9816
1.96721
1.95271
1.93809
1.92337
1.90855
1.89363
1.87862
1.86351
1.84831
1.83302
1.81765
1.80219
1.78666
1.77106
1.75538
1.73964
1.72383
1.70796
1.69202
1.67603
1.65999
1.64389
1.62774
1.61155
1.59532
1.57904
1.56273
1.54638
1.53
1.51359
1.49714
1.48068
1.46419
1.44768
1.43115
1.41461
1.39805
1.38148
1.3649
1.34831
1.33172
1.31513
1.29854
1.28194
1.26536
1.24877
1.2322
1.21564
1.19908
1.18255
1.16602
1.14952
1.13303
1.11657
1.10013
1.08372
1.06733
1.05097
1.03465
1.01835
1.00209
0.985869
0.969684
0.953538
0.937435
0.921374
0.905359
0.889389
0.873468
0.857598
0.84178
0.826016
0.810305
0.794653
0.779061
0.763529
0.748059
0.732654
0.717316
0.702045
0.686845
0.671716
0.656661
0.641682
0.62678
0.611957
0.597218
0.582564
0.567996
0.553517
0.539128
0.524831
0.510632
0.496534
0.482538
0.468646
0.454864
0.441194
0.42764
0.414205
0.400895
0.387712
0.374661
0.361748
0.348981
0.33636
0.323895
0.311593
0.299459
0.287503
0.275729
0.264153
0.252783
0.241629
0.230703
0.22002
0.20959
0.19943
0.189557
0.179989
0.170744
0.161842
0.153306
0.145158
0.137421
0.130122
0.123284
0.116934
0.111096
0.105795
0.101053
0.0968893
0.0933223
0.0903643
0.0880249
0.0863078
0.0852116
0.0847299
0.0848518
0.0855598
0.086835
0.0886508
0.0909871
0.093812
0.097098
0.100815
0.104938
0.109436
0.114283
0.119455
0.124931
0.130687
0.136701
0.142961
0.149449
0.156149
0.163052
0.170146
0.177422
0.184869
0.192483
0.200258
0.208185
0.216264
0.224489
0.232858
0.241369
0.25002
0.258809
0.267736
0.276799
0.285999
0.295341
0.304817
0.314432
0.324184
0.334077
0.344106
0.354278
0.364591
0.375047
0.385647
0.39639
0.407278
0.41831
0.42949
0.440816
0.452289
0.463911
0.475682
0.487602
0.49967
0.511888
0.524254
0.536771
0.549436
0.562251
0.575213
0.588324
0.601586
0.614991
0.628542
0.64224
0.656082
0.670067
0.684196
0.698466
0.712877
0.727428
0.742116
0.75694
0.771899
0.786993
0.802219
0.817576
0.833062
0.848675
0.864414
0.880277
0.896262
0.912368
0.928591
0.944931
0.961384
0.977949
0.994625
1.01141
1.0283
1.04529
1.06238
1.07957
1.09686
1.11424
1.13171
1.14927
1.16691
1.18464
1.20244
1.22032
1.23827
1.2563
1.27438
1.29253
1.31074
1.329
1.3473
1.36565
1.38404
1.40245
1.4209
1.43936
1.45784
1.47632
1.4948
1.51326
1.53171
1.55011
1.56848
1.58678
1.60501
1.62314
1.64116
1.65905
1.67679
1.69434
1.71167
1.72876
1.74557
1.76203
1.77812
1.79377
1.80892
1.82349
1.83741
1.85059
1.86293
1.87433
1.88468
1.89387
1.90179
1.90835
1.91345
1.91703
1.91906
1.9195
1.91838
1.91575
1.91167
1.90621
1.8995
1.89162
1.88269
1.87281
1.86209
1.85062
1.83847
1.82574
1.81248
1.79877
1.78466
1.97793
1.96354
1.94903
1.93442
1.9197
1.90488
1.88996
1.87494
1.85983
1.84463
1.82935
1.81398
1.79852
1.78299
1.76739
1.75171
1.73597
1.72016
1.70429
1.68835
1.67236
1.65632
1.64022
1.62407
1.60788
1.59164
1.57537
1.55905
1.5427
1.52632
1.50991
1.49347
1.477
1.46051
1.444
1.42747
1.41092
1.39437
1.37779
1.36121
1.34463
1.32804
1.31144
1.29485
1.27826
1.26167
1.24508
1.22851
1.21194
1.19539
1.17885
1.16233
1.14582
1.12934
1.11287
1.09643
1.08002
1.06363
1.04727
1.03094
1.01464
0.99838
0.982153
0.965965
0.949817
0.93371
0.917646
0.901627
0.885651
0.869725
0.85385
0.838026
0.822256
0.806538
0.790878
0.775278
0.759737
0.744257
0.728842
0.713491
0.698208
0.682994
0.667851
0.65278
0.637783
0.622862
0.608021
0.593259
0.578579
0.563985
0.549477
0.535058
0.52073
0.506493
0.492355
0.478316
0.46438
0.450548
0.436825
0.423214
0.409718
0.396342
0.383086
0.369958
0.356962
0.344102
0.331383
0.318812
0.306396
0.29414
0.28205
0.270139
0.25841
0.246877
0.235549
0.224435
0.213549
0.202905
0.192515
0.182399
0.172569
0.163049
0.153856
0.145012
0.136543
0.128471
0.120824
0.113627
0.106911
0.100701
0.0950253
0.0899125
0.0853873
0.0814699
0.0781793
0.0755288
0.0735271
0.0721763
0.0714731
0.0714077
0.0719644
0.0731232
0.0748566
0.0771424
0.0799466
0.0832371
0.0869843
0.0911566
0.0957212
0.10065
0.105918
0.111494
0.117359
0.12349
0.129868
0.136474
0.143299
0.150327
0.157546
0.164945
0.172515
0.180252
0.188145
0.196191
0.204386
0.212726
0.221207
0.229829
0.238588
0.247484
0.256517
0.265684
0.274988
0.284428
0.294007
0.303721
0.313571
0.323557
0.333684
0.343951
0.354357
0.364905
0.375597
0.386431
0.397409
0.408532
0.4198
0.431216
0.442776
0.454486
0.466344
0.47835
0.490503
0.502805
0.515256
0.527856
0.540605
0.553502
0.566548
0.579744
0.593083
0.606569
0.6202
0.633977
0.647896
0.66196
0.676165
0.690512
0.704999
0.719624
0.734386
0.749284
0.764316
0.779481
0.794778
0.810203
0.825757
0.841438
0.857244
0.873174
0.889224
0.905393
0.921678
0.93808
0.954595
0.97122
0.987954
1.00479
1.02174
1.03879
1.05594
1.07318
1.09052
1.10795
1.12547
1.14308
1.16077
1.17854
1.19638
1.21431
1.2323
1.25036
1.26849
1.28667
1.30491
1.3232
1.34154
1.35992
1.37833
1.39677
1.41524
1.43372
1.45222
1.47071
1.4892
1.50767
1.52612
1.54453
1.56289
1.58118
1.59939
1.61751
1.63551
1.65337
1.67107
1.68857
1.70585
1.72288
1.73961
1.75599
1.77198
1.78752
1.80254
1.81696
1.83072
1.84371
1.85585
1.86702
1.87713
1.88605
1.89369
1.89996
1.90475
1.90803
1.90974
1.90987
1.90846
1.90554
1.90118
1.89548
1.88853
1.88044
1.87131
1.86125
1.85036
1.83872
1.82643
1.81356
1.80017
1.78633
1.7721
1.97449
1.9601
1.9456
1.93099
1.91627
1.90145
1.88653
1.87151
1.8564
1.8412
1.82592
1.81055
1.7951
1.77956
1.76396
1.74828
1.73254
1.71673
1.70086
1.68492
1.66893
1.65288
1.63679
1.62064
1.60445
1.58821
1.57194
1.55562
1.53927
1.52289
1.50647
1.49003
1.47356
1.45707
1.44056
1.42403
1.40749
1.39093
1.37436
1.35778
1.34119
1.3246
1.308
1.29141
1.27481
1.25822
1.24164
1.22507
1.2085
1.19195
1.17541
1.15888
1.14238
1.12589
1.10942
1.09298
1.07656
1.06017
1.04381
1.02748
1.01118
0.994919
0.978689
0.9625
0.946348
0.93024
0.914172
0.898149
0.882169
0.86624
0.85036
0.834531
0.818755
0.803031
0.787365
0.771757
0.756209
0.74072
0.725295
0.709935
0.694641
0.679415
0.664258
0.649173
0.634162
0.619224
0.604362
0.58958
0.574878
0.56026
0.545725
0.531278
0.51692
0.50265
0.488476
0.4744
0.460422
0.446545
0.432775
0.41911
0.405556
0.392116
0.378793
0.365592
0.352517
0.339572
0.326762
0.314093
0.301568
0.289197
0.276981
0.264935
0.253064
0.241375
0.229878
0.218583
0.207503
0.196649
0.186036
0.175681
0.165595
0.155802
0.146319
0.137169
0.128375
0.119963
0.111959
0.104392
0.0972945
0.0906957
0.0846272
0.0791209
0.0742054
0.0699089
0.0662547
0.0632631
0.0609479
0.0593163
0.0583679
0.0580965
0.0584873
0.0595204
0.0611684
0.063402
0.0661906
0.069495
0.0732829
0.0775182
0.0821648
0.0871935
0.0925689
0.0982648
0.104256
0.110519
0.117033
0.123777
0.13074
0.137904
0.145259
0.152793
0.1605
0.168367
0.176389
0.184562
0.192882
0.201342
0.209943
0.218682
0.227557
0.236566
0.245709
0.254986
0.264396
0.273941
0.283621
0.293438
0.303388
0.313472
0.323696
0.334059
0.34456
0.355201
0.365986
0.376912
0.387981
0.399194
0.410552
0.422056
0.433705
0.445501
0.457445
0.469537
0.481775
0.494163
0.506698
0.519381
0.532212
0.54519
0.558319
0.571592
0.58501
0.598575
0.612284
0.626138
0.640134
0.654273
0.668553
0.682973
0.697534
0.712231
0.727065
0.742034
0.757136
0.77237
0.787734
0.803228
0.818849
0.834595
0.850466
0.866456
0.882569
0.898799
0.915145
0.931606
0.948179
0.964862
0.981652
0.998548
1.01555
1.03265
1.04985
1.06714
1.08453
1.10201
1.11958
1.13723
1.15496
1.17278
1.19067
1.20863
1.22666
1.24476
1.26292
1.28114
1.29941
1.31773
1.33609
1.3545
1.37294
1.3914
1.40989
1.42839
1.4469
1.46541
1.48391
1.50239
1.52084
1.53925
1.5576
1.57589
1.59409
1.61219
1.63016
1.64799
1.66565
1.68311
1.70034
1.71731
1.73396
1.75026
1.76616
1.78158
1.79648
1.81076
1.82436
1.83718
1.84912
1.86008
1.86995
1.87862
1.886
1.89198
1.89649
1.89947
1.90089
1.90074
1.89904
1.89586
1.89125
1.88531
1.87815
1.86985
1.86054
1.85031
1.83925
1.82747
1.81504
1.80204
1.78853
1.77457
1.76022
1.9713
1.95691
1.94241
1.9278
1.91308
1.89826
1.88334
1.86832
1.85322
1.83802
1.82273
1.80736
1.79191
1.77638
1.76077
1.7451
1.72935
1.71354
1.69767
1.68173
1.66574
1.64969
1.6336
1.61745
1.60126
1.58502
1.56875
1.55243
1.53608
1.5197
1.50328
1.48684
1.47037
1.45388
1.43737
1.42084
1.4043
1.38773
1.37116
1.35458
1.338
1.3214
1.30481
1.28821
1.27162
1.25503
1.23844
1.22187
1.2053
1.18875
1.17221
1.15568
1.13917
1.12269
1.10622
1.08978
1.07336
1.05697
1.0406
1.02427
1.00797
0.991709
0.975477
0.959284
0.943131
0.92702
0.910949
0.894921
0.878941
0.863008
0.847124
0.831291
0.815511
0.79978
0.78411
0.768496
0.752941
0.737446
0.722012
0.706642
0.691339
0.676102
0.660935
0.645837
0.63081
0.615855
0.600978
0.586178
0.571456
0.556816
0.542258
0.527785
0.513399
0.499103
0.484897
0.470785
0.456769
0.44285
0.429032
0.415318
0.40171
0.388213
0.374828
0.361559
0.348411
0.335387
0.322491
0.309729
0.297105
0.284621
0.272291
0.260119
0.24811
0.236272
0.224615
0.213148
0.201881
0.190826
0.179996
0.169408
0.159074
0.149011
0.139242
0.129787
0.120669
0.111912
0.103547
0.0956032
0.0881113
0.0811065
0.0746233
0.068698
0.0633649
0.0586579
0.0546082
0.0512422
0.0485807
0.0466366
0.0454164
0.0449167
0.045125
0.0460213
0.0475783
0.0497635
0.0525404
0.0558716
0.0597143
0.0640298
0.0687795
0.0739233
0.0794291
0.0852642
0.0914023
0.0978159
0.104481
0.111382
0.118499
0.125817
0.133322
0.141005
0.148855
0.156864
0.165025
0.173334
0.181787
0.190377
0.199104
0.207966
0.216961
0.226088
0.235346
0.244736
0.254256
0.263908
0.273693
0.283614
0.293666
0.30385
0.314173
0.324633
0.335231
0.345966
0.356844
0.367863
0.379023
0.390326
0.401773
0.413365
0.425103
0.436984
0.449014
0.46119
0.473512
0.485981
0.498598
0.511363
0.524274
0.537332
0.550539
0.56389
0.577386
0.591027
0.604811
0.61874
0.632811
0.647023
0.661375
0.675867
0.690497
0.705264
0.720168
0.735204
0.750374
0.765674
0.781104
0.796662
0.812347
0.828156
0.844087
0.86014
0.876311
0.8926
0.909003
0.92552
0.942149
0.958886
0.975729
0.992677
1.00973
1.02688
1.04413
1.06147
1.0789
1.09643
1.11404
1.13174
1.14951
1.16737
1.18529
1.20329
1.22137
1.2395
1.25769
1.27594
1.29424
1.31259
1.33098
1.34941
1.36787
1.38636
1.40487
1.42339
1.44191
1.46043
1.47894
1.49743
1.51588
1.53429
1.55264
1.57091
1.5891
1.60718
1.62513
1.64293
1.66056
1.67797
1.69515
1.71206
1.72864
1.74486
1.76066
1.77598
1.79075
1.80491
1.81836
1.83101
1.84276
1.85352
1.86317
1.8716
1.87873
1.88444
1.88868
1.89138
1.89253
1.89211
1.89016
1.88673
1.88189
1.87574
1.86837
1.85989
1.8504
1.84001
1.82881
1.81689
1.80432
1.7912
1.77757
1.7635
1.74904
1.96834
1.95395
1.93945
1.92485
1.91013
1.89531
1.88039
1.86537
1.85027
1.83507
1.81978
1.80441
1.78896
1.77343
1.75783
1.74215
1.7264
1.71059
1.69472
1.67878
1.66279
1.64675
1.63065
1.6145
1.59831
1.58207
1.5658
1.54948
1.53313
1.51675
1.50033
1.48389
1.46742
1.45093
1.43442
1.41789
1.40134
1.38478
1.36821
1.35163
1.33504
1.31845
1.30185
1.28526
1.26866
1.25207
1.23549
1.21891
1.20235
1.18579
1.16925
1.15272
1.13622
1.11973
1.10326
1.08682
1.0704
1.05401
1.03765
1.02131
1.00501
0.988746
0.972514
0.956318
0.940163
0.92405
0.907977
0.891946
0.875963
0.860028
0.844141
0.828305
0.81252
0.796785
0.78111
0.765491
0.74993
0.734429
0.718988
0.703611
0.688298
0.673053
0.657875
0.642764
0.627725
0.612757
0.597865
0.583049
0.568309
0.553649
0.53907
0.524577
0.510166
0.495842
0.481605
0.467461
0.453409
0.439452
0.425593
0.411834
0.398178
0.384627
0.371184
0.357854
0.344638
0.33154
0.318565
0.305717
0.292996
0.280415
0.267976
0.255683
0.243544
0.231567
0.219757
0.208126
0.196681
0.185436
0.174397
0.163583
0.153008
0.142686
0.132636
0.122879
0.113439
0.10434
0.0956108
0.0872812
0.0793856
0.0719597
0.0650423
0.0586735
0.0528934
0.0477432
0.0432615
0.0394834
0.0364375
0.0341464
0.0326224
0.0318681
0.031874
0.032622
0.0340833
0.0362227
0.038999
0.0423691
0.0462857
0.0507051
0.0555771
0.0608617
0.066522
0.0725221
0.0788292
0.0854156
0.092254
0.0993281
0.106616
0.114103
0.121776
0.129619
0.137626
0.145788
0.154097
0.16255
0.171144
0.179871
0.188731
0.197722
0.206842
0.216091
0.225468
0.234973
0.244605
0.254368
0.26426
0.274283
0.284441
0.294727
0.30515
0.315707
0.3264
0.33723
0.348203
0.359312
0.370563
0.381955
0.393491
0.405169
0.416992
0.428958
0.441071
0.45333
0.465733
0.478284
0.490981
0.503824
0.516813
0.529952
0.543233
0.556659
0.570229
0.583944
0.597801
0.611802
0.625943
0.640226
0.654648
0.669209
0.683906
0.69874
0.713708
0.728811
0.744044
0.759408
0.774901
0.79052
0.806265
0.822133
0.838123
0.854233
0.870461
0.886805
0.903264
0.919835
0.936516
0.953302
0.970196
0.987194
1.00429
1.02149
1.03879
1.05617
1.07365
1.09122
1.10887
1.12661
1.14442
1.16231
1.18028
1.19832
1.21642
1.23459
1.25281
1.27109
1.28942
1.3078
1.32621
1.34467
1.36315
1.38165
1.40018
1.41871
1.43725
1.45578
1.4743
1.49279
1.51124
1.52965
1.548
1.56626
1.58444
1.6025
1.62043
1.6382
1.65579
1.67316
1.69029
1.70714
1.72366
1.7398
1.75551
1.77073
1.78539
1.79942
1.81272
1.82521
1.83679
1.84735
1.8568
1.86501
1.8719
1.87737
1.88135
1.8838
1.88469
1.88402
1.88183
1.87817
1.87312
1.86677
1.85921
1.85056
1.84092
1.83038
1.81904
1.80699
1.79431
1.78106
1.76733
1.75316
1.7386
1.96563
1.95124
1.93674
1.92213
1.90742
1.8926
1.87768
1.86266
1.84756
1.83236
1.81707
1.8017
1.78625
1.77072
1.75512
1.73944
1.7237
1.70788
1.69201
1.67608
1.66008
1.64404
1.62794
1.61179
1.5956
1.57936
1.56309
1.54677
1.53042
1.51404
1.49762
1.48118
1.46471
1.44822
1.43171
1.41518
1.39863
1.38207
1.3655
1.34892
1.33233
1.31574
1.29914
1.28255
1.26595
1.24936
1.23278
1.2162
1.19963
1.18308
1.16654
1.15001
1.1335
1.11701
1.10055
1.0841
1.06769
1.05129
1.03493
1.0186
1.00229
0.986027
0.969795
0.953597
0.937441
0.921325
0.905252
0.88922
0.873235
0.857297
0.841407
0.825568
0.809781
0.794042
0.778364
0.76274
0.747173
0.731666
0.716219
0.700836
0.685516
0.670261
0.655074
0.639954
0.624904
0.609924
0.595018
0.580187
0.565435
0.550757
0.53616
0.521643
0.50721
0.492862
0.478599
0.464424
0.450341
0.436349
0.422452
0.408653
0.394952
0.381353
0.367858
0.35447
0.341192
0.328027
0.314978
0.30205
0.289244
0.276569
0.264027
0.251624
0.239364
0.227255
0.215304
0.203517
0.191904
0.180476
0.16924
0.158214
0.147405
0.136832
0.12651
0.11646
0.106702
0.0972637
0.0881701
0.0794527
0.0711456
0.0632866
0.055917
0.0490816
0.0428256
0.0371973
0.0322441
0.0280113
0.0245381
0.0218573
0.0199914
0.0189507
0.0187313
0.0193171
0.0206782
0.0227765
0.025565
0.0289956
0.0330091
0.037555
0.0425803
0.0480368
0.0538805
0.0600727
0.0665756
0.0733594
0.0803949
0.087663
0.0951408
0.102813
0.110666
0.118685
0.126862
0.135187
0.143656
0.152262
0.161001
0.169871
0.17887
0.187995
0.197244
0.206617
0.216115
0.225737
0.235484
0.245358
0.255359
0.265489
0.275747
0.286139
0.296659
0.307314
0.318103
0.329026
0.340089
0.351289
0.362628
0.374108
0.38573
0.397493
0.4094
0.421448
0.433643
0.445981
0.458464
0.471093
0.483867
0.496787
0.509854
0.523064
0.536418
0.549917
0.563559
0.577344
0.591271
0.60534
0.61955
0.633899
0.648388
0.663014
0.677776
0.692673
0.707703
0.722867
0.738163
0.753586
0.769137
0.784814
0.800616
0.81654
0.832585
0.848749
0.86503
0.881426
0.897937
0.914558
0.931287
0.948124
0.965066
0.982109
0.999251
1.01649
1.03383
1.05126
1.06878
1.08639
1.10408
1.12185
1.1397
1.15763
1.17563
1.1937
1.21184
1.23004
1.24829
1.2666
1.28495
1.30335
1.32179
1.34027
1.35877
1.37729
1.39583
1.41438
1.43293
1.45147
1.46999
1.48849
1.50694
1.52535
1.54369
1.56195
1.58011
1.59815
1.61606
1.6338
1.65136
1.66869
1.68578
1.70257
1.71902
1.73509
1.75072
1.76585
1.7804
1.7943
1.80747
1.81981
1.83123
1.84161
1.85086
1.85886
1.86553
1.87077
1.87453
1.87674
1.87739
1.8765
1.87409
1.87022
1.86497
1.85844
1.85071
1.8419
1.83211
1.82143
1.80996
1.7978
1.785
1.77166
1.75782
1.74355
1.7289
1.96316
1.94877
1.93427
1.91966
1.90494
1.89013
1.87521
1.86019
1.84508
1.82988
1.8146
1.79923
1.78378
1.76825
1.75265
1.73697
1.72123
1.70541
1.68954
1.6736
1.65761
1.64157
1.62547
1.60932
1.59313
1.57689
1.56062
1.5443
1.52795
1.51157
1.49515
1.47871
1.46224
1.44575
1.42924
1.41271
1.39616
1.3796
1.36303
1.34645
1.32986
1.31327
1.29667
1.28007
1.26348
1.24689
1.2303
1.21373
1.19716
1.18061
1.16406
1.14754
1.13103
1.11454
1.09807
1.08163
1.06521
1.04882
1.03246
1.01612
0.999821
0.983552
0.967319
0.951121
0.934963
0.918847
0.902772
0.886739
0.870752
0.854812
0.838921
0.823079
0.807289
0.791547
0.775864
0.760238
0.744668
0.729157
0.713704
0.698314
0.682987
0.667726
0.65253
0.6374
0.622343
0.607353
0.592436
0.577592
0.562824
0.548131
0.533517
0.518983
0.504529
0.490158
0.475872
0.461672
0.447558
0.433535
0.419605
0.405768
0.392027
0.378384
0.364842
0.351402
0.338067
0.324841
0.311727
0.298723
0.285839
0.273078
0.260442
0.247935
0.235565
0.223335
0.21125
0.199321
0.187551
0.175951
0.164529
0.153299
0.142269
0.131456
0.120873
0.110541
0.100476
0.0907041
0.0812501
0.0721454
0.0634236
0.0551233
0.0472877
0.0399638
0.0332035
0.0270614
0.0215948
0.0168593
0.0129085
0.00978828
0.00753413
0.00616819
0.00569467
0.00610126
0.00735651
0.00942246
0.0122429
0.0157558
0.0198977
0.0246064
0.0298223
0.0354857
0.0415479
0.0479641
0.0546936
0.0616992
0.0689582
0.0764425
0.0841311
0.0920075
0.100055
0.108262
0.116619
0.125118
0.133753
0.142519
0.151414
0.160431
0.169569
0.17883
0.188211
0.197712
0.207333
0.217075
0.226937
0.236923
0.247032
0.257267
0.267626
0.278115
0.288737
0.299487
0.310369
0.321384
0.332536
0.343824
0.35525
0.366815
0.37852
0.390365
0.402353
0.414481
0.426754
0.439168
0.451728
0.464432
0.47728
0.490275
0.503412
0.516692
0.530116
0.543683
0.557393
0.571246
0.585239
0.599373
0.613647
0.628059
0.64261
0.657297
0.67212
0.687077
0.702167
0.717388
0.732739
0.748219
0.763826
0.779557
0.795412
0.811388
0.827485
0.843699
0.860029
0.876475
0.893033
0.909701
0.926476
0.943357
0.960343
0.97743
0.994616
1.0119
1.02928
1.04675
1.0643
1.08195
1.09967
1.11748
1.13537
1.15333
1.17136
1.18946
1.20763
1.22585
1.24413
1.26246
1.28084
1.29926
1.31773
1.33622
1.35474
1.37328
1.39183
1.41039
1.42895
1.4475
1.46603
1.48453
1.50298
1.52139
1.53972
1.55797
1.57612
1.59415
1.61203
1.62975
1.64728
1.66457
1.68161
1.69835
1.71475
1.73075
1.7463
1.76134
1.77579
1.78958
1.80262
1.81483
1.82609
1.8363
1.84537
1.85318
1.85965
1.86468
1.86822
1.87022
1.87066
1.86955
1.86694
1.86289
1.85746
1.85075
1.84287
1.83392
1.82399
1.81319
1.80161
1.78933
1.77644
1.76299
1.74906
1.7347
1.71996
1.96091
1.94653
1.93203
1.91742
1.9027
1.88789
1.87297
1.85795
1.84284
1.82765
1.81236
1.79699
1.78154
1.76602
1.75041
1.73474
1.71899
1.70318
1.68731
1.67137
1.65538
1.63933
1.62324
1.60709
1.5909
1.57466
1.55838
1.54207
1.52572
1.50933
1.49292
1.47648
1.46001
1.44352
1.427
1.41047
1.39393
1.37737
1.36079
1.34421
1.32763
1.31103
1.29444
1.27784
1.26125
1.24466
1.22807
1.2115
1.19493
1.17837
1.16183
1.14531
1.1288
1.11231
1.09584
1.0794
1.06298
1.04659
1.03022
1.01389
0.997588
0.981319
0.965086
0.948886
0.932728
0.916611
0.900535
0.884501
0.868514
0.852572
0.836679
0.820835
0.805043
0.789298
0.773612
0.757984
0.742411
0.726895
0.711439
0.696042
0.68071
0.665443
0.65024
0.635105
0.620036
0.605038
0.59011
0.575255
0.560474
0.545769
0.53114
0.516589
0.502118
0.487728
0.47342
0.459197
0.445056
0.431006
0.417046
0.403176
0.389399
0.375717
0.362131
0.348644
0.335259
0.321978
0.308802
0.295731
0.282776
0.269935
0.257214
0.244615
0.232142
0.219801
0.207596
0.195533
0.183619
0.171859
0.160264
0.148845
0.137608
0.126568
0.115738
0.105135
0.0947752
0.0846802
0.0748756
0.0653895
0.0562545
0.0475094
0.0391978
0.0313686
0.0240777
0.017387
0.0113621
0.00607193
0.00158525
-0.00203432
-0.0047332
-0.00647319
-0.00723746
-0.00703216
-0.00588426
-0.00383871
-0.00096536
0.00266521
0.00697755
0.0118941
0.0173447
0.0232589
0.0295794
0.0362572
0.0432466
0.050508
0.0580146
0.0657377
0.0736568
0.0817517
0.0900085
0.0984157
0.106964
0.115644
0.124453
0.133384
0.142436
0.151603
0.160889
0.170287
0.179798
0.189426
0.19917
0.20903
0.219007
0.229102
0.239318
0.249656
0.260116
0.270703
0.281417
0.292263
0.303235
0.314339
0.325577
0.33695
0.348459
0.360105
0.37189
0.383814
0.395878
0.408081
0.420429
0.432917
0.445549
0.458323
0.471244
0.484305
0.497509
0.510856
0.524346
0.537978
0.551751
0.565666
0.579721
0.593916
0.60825
0.622721
0.63733
0.652074
0.666954
0.681966
0.69711
0.712385
0.72779
0.743321
0.758978
0.77476
0.790664
0.806689
0.822833
0.839094
0.855471
0.871961
0.888562
0.905273
0.922091
0.939014
0.956039
0.973166
0.99039
1.00771
1.02512
1.04263
1.06022
1.0779
1.09566
1.1135
1.13142
1.14941
1.16747
1.1856
1.20379
1.22204
1.24034
1.2587
1.2771
1.29554
1.31402
1.33253
1.35107
1.36963
1.38819
1.40676
1.42533
1.44389
1.46242
1.48092
1.49938
1.51778
1.53611
1.55435
1.57249
1.5905
1.60836
1.62606
1.64355
1.66081
1.67781
1.6945
1.71084
1.72678
1.74226
1.75721
1.77158
1.78527
1.79819
1.81027
1.82139
1.83145
1.84035
1.84799
1.85427
1.85911
1.86245
1.86425
1.8645
1.86321
1.86042
1.85619
1.8506
1.84375
1.83572
1.82664
1.81659
1.80568
1.79399
1.78162
1.76863
1.75509
1.74108
1.72664
1.71182
1.95892
1.94453
1.93003
1.91542
1.90071
1.88589
1.87097
1.85596
1.84085
1.82565
1.81036
1.795
1.77955
1.76402
1.74841
1.73274
1.71699
1.70118
1.68531
1.66937
1.65338
1.63733
1.62124
1.60509
1.5889
1.57266
1.55639
1.54007
1.52372
1.50734
1.49092
1.47448
1.45801
1.44152
1.42501
1.40848
1.39193
1.37537
1.3588
1.34222
1.32563
1.30904
1.29244
1.27585
1.25925
1.24266
1.22608
1.2095
1.19293
1.17638
1.15984
1.14331
1.1268
1.11032
1.09385
1.07741
1.06099
1.04459
1.02823
1.0119
0.995595
0.979326
0.963092
0.946892
0.930734
0.914617
0.898538
0.882505
0.866516
0.850574
0.83468
0.818834
0.80304
0.787294
0.771606
0.755974
0.740396
0.72488
0.709421
0.69402
0.678683
0.663409
0.6482
0.633058
0.617982
0.602976
0.58804
0.573176
0.558385
0.543667
0.529025
0.514459
0.499972
0.485565
0.471239
0.456995
0.442835
0.428757
0.41477
0.40087
0.387062
0.373344
0.359721
0.346192
0.332761
0.319429
0.306196
0.29307
0.28005
0.267139
0.25434
0.241657
0.229092
0.21665
0.204336
0.192152
0.180106
0.168202
0.156447
0.144853
0.133425
0.122175
0.111113
0.100255
0.0896142
0.0792146
0.0690725
0.0592164
0.0496771
0.0404906
0.0316996
0.0233538
0.0155116
0.00823886
0.00161101
-0.00429033
-0.00937865
-0.0135688
-0.0167834
-0.0189602
-0.0200625
-0.0200844
-0.0190476
-0.0170103
-0.0140466
-0.01025
-0.00571359
-0.00053352
0.00520574
0.0114234
0.0180516
0.0250334
0.0323169
0.0398666
0.0476469
0.0556321
0.0637973
0.0721263
0.0806047
0.0892211
0.0979694
0.106838
0.115822
0.124921
0.134132
0.14345
0.152879
0.162415
0.172059
0.181813
0.191675
0.20165
0.211739
0.221941
0.23226
0.242699
0.253256
0.263937
0.274742
0.285673
0.296735
0.307923
0.319244
0.330697
0.342285
0.354008
0.365867
0.377865
0.390001
0.402276
0.414692
0.427249
0.439948
0.452792
0.465774
0.478899
0.492166
0.505575
0.519125
0.532817
0.54665
0.560622
0.574734
0.588985
0.603375
0.6179
0.632563
0.64736
0.662291
0.677354
0.692548
0.707872
0.723324
0.738904
0.754607
0.770434
0.786384
0.802454
0.818641
0.834944
0.851363
0.867894
0.884535
0.901285
0.918141
0.935101
0.952164
0.969326
0.986586
1.00394
1.02139
1.03893
1.05655
1.07426
1.09205
1.10992
1.12786
1.14588
1.16397
1.18212
1.20034
1.21861
1.23693
1.25531
1.27373
1.29219
1.31069
1.32922
1.34777
1.36634
1.38492
1.4035
1.42207
1.44064
1.45917
1.47768
1.49613
1.51453
1.53285
1.55109
1.56921
1.58721
1.60506
1.62273
1.64019
1.65743
1.67438
1.69103
1.70732
1.7232
1.73861
1.75349
1.76777
1.78137
1.79419
1.80615
1.81714
1.82706
1.83582
1.8433
1.84941
1.85408
1.85725
1.85887
1.85895
1.85749
1.85453
1.85015
1.84442
1.83743
1.82928
1.82008
1.80992
1.79891
1.78713
1.77466
1.76159
1.74798
1.73389
1.71937
1.70448
1.95715
1.94277
1.92827
1.91366
1.89895
1.88413
1.86921
1.8542
1.83909
1.82389
1.8086
1.79324
1.77779
1.76226
1.74665
1.73098
1.71523
1.69942
1.68355
1.66761
1.65162
1.63557
1.61947
1.60333
1.58714
1.5709
1.55463
1.53831
1.52196
1.50558
1.48916
1.47272
1.45625
1.43976
1.42325
1.40671
1.39017
1.37361
1.35704
1.34046
1.32387
1.30728
1.29069
1.27409
1.2575
1.24091
1.22432
1.20775
1.19118
1.17462
1.15808
1.14156
1.12505
1.10856
1.09209
1.07565
1.05923
1.04284
1.02647
1.01014
0.993839
0.977569
0.961336
0.945138
0.928978
0.91286
0.896781
0.880747
0.864757
0.848814
0.832919
0.817072
0.801278
0.78553
0.769841
0.754206
0.738627
0.723104
0.707641
0.692238
0.676897
0.661621
0.646407
0.63126
0.616178
0.601165
0.586222
0.571349
0.556548
0.54182
0.527167
0.512589
0.498089
0.483667
0.469324
0.455062
0.440883
0.426784
0.412773
0.398848
0.38501
0.371263
0.357606
0.344041
0.330569
0.317191
0.303913
0.290735
0.277657
0.264684
0.251817
0.239059
0.226411
0.21388
0.201466
0.189175
0.17701
0.164977
0.15308
0.141327
0.129724
0.118282
0.107008
0.0959147
0.0850154
0.0743257
0.0638672
0.0536592
0.0437314
0.0341148
0.0248507
0.0159863
0.00757911
-0.00030136
-0.00757394
-0.0141445
-0.0199089
-0.0247557
-0.0285754
-0.0312717
-0.0327774
-0.0330605
-0.032143
-0.030084
-0.026982
-0.0229527
-0.0181209
-0.0126023
-0.00650448
7.72e-05
0.007066
0.0143971
0.0220146
0.0298806
0.0379616
0.0462253
0.0546527
0.0632272
0.0719362
0.0807675
0.0897145
0.0987716
0.107934
0.1172
0.126568
0.136036
0.145606
0.155275
0.165047
0.174922
0.184901
0.194987
0.205182
0.215484
0.225902
0.236437
0.247085
0.257854
0.268745
0.27976
0.2909
0.30217
0.313567
0.325095
0.336755
0.348549
0.360479
0.372544
0.384747
0.397087
0.409568
0.422187
0.434948
0.447852
0.460894
0.474077
0.487401
0.500867
0.514473
0.528219
0.542105
0.556131
0.570295
0.584596
0.599036
0.613611
0.628321
0.643166
0.658143
0.673253
0.688492
0.70386
0.719356
0.734977
0.750723
0.766592
0.782581
0.798691
0.814917
0.831259
0.847715
0.864282
0.880959
0.897744
0.914635
0.931629
0.948724
0.965918
0.983209
1.00059
1.01807
1.03564
1.05329
1.07103
1.08884
1.10674
1.12471
1.14275
1.16086
1.17904
1.19727
1.21557
1.23391
1.25231
1.27075
1.28922
1.30774
1.32628
1.34484
1.36342
1.38201
1.4006
1.41918
1.43775
1.45629
1.4748
1.49325
1.51165
1.52996
1.54819
1.5663
1.58429
1.60212
1.61977
1.63721
1.65441
1.67134
1.68795
1.70419
1.72002
1.73537
1.75019
1.76439
1.7779
1.79063
1.80248
1.81336
1.82316
1.83178
1.83912
1.84508
1.8496
1.85261
1.85408
1.854
1.85239
1.8493
1.84478
1.83892
1.83181
1.82355
1.81425
1.804
1.7929
1.78103
1.76849
1.75534
1.74166
1.7275
1.71292
1.69796
1.95563
1.94124
1.92674
1.91214
1.89742
1.88261
1.86769
1.85267
1.83757
1.82237
1.80708
1.79171
1.77626
1.76074
1.74513
1.72945
1.71371
1.6979
1.68202
1.66609
1.6501
1.63405
1.61795
1.60181
1.58561
1.56938
1.5531
1.53679
1.52044
1.50405
1.48764
1.4712
1.45473
1.43824
1.42172
1.40519
1.38865
1.37209
1.35552
1.33894
1.32235
1.30576
1.28916
1.27257
1.25597
1.23938
1.2228
1.20622
1.18966
1.1731
1.15656
1.14004
1.12353
1.10704
1.09057
1.07413
1.05771
1.04132
1.02496
1.00862
0.99232
0.976051
0.959818
0.943621
0.92746
0.911342
0.895262
0.879228
0.863238
0.847294
0.831402
0.815554
0.799757
0.784007
0.768315
0.752677
0.737097
0.721573
0.706107
0.690702
0.675357
0.660076
0.644858
0.629705
0.61462
0.5996
0.58465
0.569771
0.554962
0.540226
0.525563
0.510975
0.496463
0.482028
0.467671
0.453394
0.439197
0.425082
0.411048
0.397102
0.383241
0.369466
0.355781
0.342184
0.328678
0.315262
0.301942
0.288718
0.275592
0.262565
0.249638
0.236815
0.224096
0.211486
0.198986
0.1866
0.174331
0.162183
0.150159
0.138267
0.126509
0.114894
0.10343
0.0921255
0.0809912
0.0700393
0.059287
0.0487534
0.0384593
0.0284343
0.0187145
0.00934107
0.00036908
-0.00813388
-0.0160843
-0.0233801
-0.0298996
-0.0355039
-0.0400425
-0.0433697
-0.045367
-0.0459671
-0.0451714
-0.0430514
-0.0397352
-0.0353809
-0.0301542
-0.0242037
-0.0176646
-0.0106483
-0.00324187
0.00448132
0.0124696
0.0206785
0.0290753
0.0376321
0.0463318
0.0551566
0.0640964
0.0731428
0.0822892
0.091532
0.100869
0.110296
0.119817
0.129428
0.139132
0.148929
0.158821
0.16881
0.178899
0.189088
0.199382
0.20978
0.220289
0.230909
0.241642
0.252494
0.263463
0.274554
0.285768
0.29711
0.308576
0.320172
0.331899
0.343757
0.355749
0.367877
0.38014
0.392538
0.405077
0.417752
0.430572
0.443527
0.456622
0.469857
0.483233
0.496749
0.510404
0.524199
0.538133
0.552205
0.566416
0.580763
0.595246
0.609865
0.624618
0.639504
0.654524
0.669673
0.684952
0.70036
0.715894
0.731553
0.747336
0.76324
0.779265
0.795409
0.811671
0.828047
0.844535
0.861135
0.877843
0.894659
0.91158
0.928603
0.945727
0.962949
0.980267
0.997679
1.01518
1.03277
1.05045
1.06821
1.08605
1.10397
1.12196
1.14003
1.15816
1.17635
1.19461
1.21292
1.23128
1.24969
1.26815
1.28664
1.30516
1.32371
1.34229
1.36088
1.37947
1.39807
1.41666
1.43524
1.45378
1.47229
1.49074
1.50914
1.52745
1.54567
1.56377
1.58174
1.59956
1.61719
1.63461
1.65179
1.66868
1.68526
1.70146
1.71724
1.73254
1.7473
1.76143
1.77487
1.78752
1.79928
1.81006
1.81975
1.82825
1.83547
1.8413
1.84569
1.84857
1.8499
1.84969
1.84795
1.84473
1.8401
1.83413
1.82692
1.81856
1.80917
1.79884
1.78766
1.77572
1.76311
1.7499
1.73615
1.72193
1.7073
1.69228
1.95434
1.93995
1.92546
1.91085
1.89613
1.88132
1.8664
1.85138
1.83628
1.82108
1.80579
1.79043
1.77498
1.75945
1.74384
1.72817
1.71242
1.69661
1.68074
1.6648
1.64881
1.63276
1.61667
1.60052
1.58433
1.56809
1.55181
1.5355
1.51915
1.50276
1.48635
1.46991
1.45344
1.43695
1.42044
1.40391
1.38736
1.3708
1.35423
1.33765
1.32106
1.30447
1.28787
1.27128
1.25469
1.2381
1.22151
1.20494
1.18837
1.17182
1.15528
1.13875
1.12224
1.10575
1.08929
1.07284
1.05643
1.04003
1.02367
1.00734
0.991034
0.974769
0.958535
0.942338
0.926178
0.910059
0.89398
0.877947
0.861958
0.846014
0.830117
0.814269
0.798471
0.782719
0.767026
0.751388
0.735806
0.72028
0.704813
0.689405
0.674057
0.658773
0.643552
0.628395
0.613305
0.598283
0.583327
0.568441
0.553626
0.538882
0.524212
0.509615
0.495093
0.480647
0.466279
0.451989
0.437779
0.423648
0.4096
0.395633
0.381751
0.367954
0.354244
0.34062
0.327083
0.313638
0.300283
0.287021
0.273851
0.260777
0.2478
0.234921
0.222142
0.209465
0.196892
0.184424
0.172066
0.159819
0.147686
0.135673
0.123782
0.112018
0.100387
0.0888973
0.0775559
0.0663724
0.0553584
0.0445295
0.0339045
0.0235036
0.0133574
0.00350045
-0.00601838
-0.0151398
-0.0237837
-0.0318476
-0.0391993
-0.0456738
-0.0510763
-0.0551876
-0.0578102
-0.0588028
-0.0581332
-0.0558852
-0.0522409
-0.0474273
-0.0416725
-0.0351775
-0.0281033
-0.0205777
-0.0126989
-0.00454259
0.0038415
0.0124112
0.0211347
0.0299887
0.0389576
0.0480294
0.0571949
0.0664488
0.0757866
0.0852061
0.094706
0.104286
0.113949
0.123693
0.13352
0.143434
0.153437
0.16353
0.173716
0.184
0.194384
0.204868
0.215459
0.226156
0.236966
0.247888
0.258928
0.270088
0.281368
0.29277
0.304301
0.315956
0.327741
0.339657
0.351704
0.363885
0.376201
0.388653
0.40124
0.413968
0.426832
0.439835
0.452976
0.466257
0.479677
0.493236
0.506935
0.520771
0.534748
0.54886
0.56311
0.577496
0.592017
0.606674
0.621464
0.636387
0.651441
0.666626
0.681939
0.697381
0.712948
0.728639
0.744454
0.76039
0.776446
0.79262
0.808909
0.825314
0.841832
0.858459
0.875195
0.892037
0.908983
0.926032
0.94318
0.960426
0.977768
0.995202
1.01273
1.03034
1.04804
1.06582
1.08368
1.10162
1.11963
1.13771
1.15586
1.17407
1.19234
1.21067
1.22904
1.24747
1.26594
1.28444
1.30298
1.32154
1.34012
1.35872
1.37732
1.39593
1.41452
1.4331
1.45165
1.47015
1.48861
1.507
1.52531
1.54352
1.56162
1.57958
1.59738
1.61499
1.6324
1.64955
1.66642
1.68297
1.69914
1.71488
1.73014
1.74484
1.75892
1.77229
1.78487
1.79655
1.80724
1.81684
1.82525
1.83236
1.83809
1.84236
1.84512
1.84634
1.84602
1.84417
1.84085
1.83612
1.83005
1.82275
1.81432
1.80485
1.79445
1.7832
1.77121
1.75854
1.74527
1.73147
1.7172
1.70251
1.68746
1.95329
1.9389
1.9244
1.90979
1.89508
1.88026
1.86535
1.85033
1.83523
1.82003
1.80474
1.78937
1.77392
1.7584
1.74279
1.72711
1.71137
1.69556
1.67968
1.66375
1.64776
1.63171
1.61561
1.59947
1.58327
1.56704
1.55076
1.53444
1.51809
1.50171
1.4853
1.46885
1.45238
1.43589
1.41938
1.40286
1.38631
1.36975
1.35318
1.3366
1.32001
1.30342
1.28682
1.27023
1.25364
1.23705
1.22046
1.20389
1.18732
1.17077
1.15423
1.1377
1.12119
1.10471
1.08824
1.0718
1.05538
1.03899
1.02262
1.00629
0.989987
0.973718
0.957484
0.94129
0.925128
0.90901
0.892932
0.876897
0.860907
0.844962
0.829065
0.813218
0.797416
0.781669
0.765975
0.750335
0.734751
0.719225
0.703756
0.688347
0.672998
0.657711
0.642487
0.627326
0.612234
0.597206
0.582247
0.567357
0.552536
0.537786
0.523109
0.508505
0.493976
0.479522
0.465144
0.450844
0.436622
0.42248
0.408418
0.394435
0.380537
0.366722
0.352991
0.339346
0.325784
0.312314
0.29893
0.285637
0.272433
0.259322
0.246303
0.233378
0.220549
0.207816
0.195182
0.182648
0.170216
0.157887
0.145663
0.13355
0.121547
0.109659
0.0978895
0.0862426
0.0747259
0.0633448
0.0521077
0.0410244
0.0301086
0.0193779
0.00884997
-0.00144606
-0.0114737
-0.0211834
-0.0305051
-0.0393529
-0.0475946
-0.0550512
-0.0614846
-0.0665958
-0.0700515
-0.0715696
-0.0710307
-0.0685392
-0.064382
-0.0589115
-0.0524552
-0.0452771
-0.0375681
-0.0294683
-0.0210781
-0.012464
-0.00367336
0.00525497
0.0142977
0.0234382
0.0326642
0.0419676
0.0513435
0.0607885
0.0703007
0.0798802
0.0895274
0.0992437
0.109033
0.118894
0.128831
0.138848
0.148947
0.159131
0.169404
0.179769
0.19023
0.200789
0.211449
0.222214
0.233089
0.244075
0.255174
0.26639
0.277725
0.289182
0.300762
0.312471
0.324306
0.336269
0.348363
0.36059
0.37295
0.385445
0.398078
0.410844
0.423749
0.436791
0.449971
0.46329
0.476748
0.490342
0.504078
0.51795
0.531959
0.546106
0.560389
0.574808
0.589361
0.604049
0.61887
0.633823
0.648907
0.66412
0.679463
0.694932
0.710526
0.726244
0.742085
0.758047
0.774128
0.790327
0.806641
0.82307
0.83961
0.856261
0.873019
0.889882
0.90685
0.92392
0.941089
0.958355
0.975715
0.993169
1.01071
1.02834
1.04606
1.06386
1.08174
1.09969
1.11772
1.13581
1.15397
1.1722
1.19048
1.20882
1.22721
1.24564
1.26412
1.28264
1.30118
1.31975
1.33834
1.35695
1.37556
1.39417
1.41276
1.43134
1.44989
1.4684
1.48686
1.50525
1.52355
1.54176
1.55985
1.5778
1.59559
1.61319
1.63058
1.64771
1.66456
1.68108
1.69722
1.71294
1.72816
1.74282
1.75685
1.77017
1.78269
1.79431
1.80493
1.81445
1.82278
1.8298
1.83544
1.83962
1.84229
1.84341
1.843
1.84107
1.83766
1.83284
1.8267
1.81933
1.81083
1.8013
1.79084
1.77954
1.7675
1.75478
1.74147
1.72763
1.71331
1.69859
1.68349
1.95247
1.93808
1.92358
1.90897
1.89426
1.87944
1.86453
1.84951
1.83441
1.81921
1.80392
1.78855
1.7731
1.75757
1.74197
1.7263
1.71055
1.69474
1.67887
1.66293
1.64694
1.63089
1.6148
1.59865
1.58246
1.56622
1.54994
1.53363
1.51728
1.50089
1.48448
1.46804
1.45157
1.43508
1.41856
1.40203
1.38549
1.36893
1.35236
1.33578
1.31919
1.3026
1.28601
1.26941
1.25282
1.23623
1.21965
1.20307
1.1865
1.16995
1.15341
1.13689
1.12038
1.10389
1.08743
1.07098
1.05457
1.03817
1.02181
1.00548
0.989176
0.972908
0.956674
0.940476
0.924317
0.908196
0.892118
0.876083
0.860093
0.844147
0.828249
0.8124
0.796597
0.78085
0.765155
0.749515
0.73393
0.718403
0.702933
0.687523
0.672176
0.656885
0.641658
0.626497
0.611401
0.59637
0.581409
0.566514
0.55169
0.536936
0.522255
0.507645
0.49311
0.478649
0.464264
0.449956
0.435726
0.421574
0.407501
0.393509
0.379595
0.365766
0.35202
0.338356
0.324778
0.311286
0.297881
0.284563
0.271333
0.258192
0.245141
0.232181
0.219312
0.206537
0.193855
0.181269
0.168778
0.156385
0.14409
0.131898
0.119806
0.10782
0.0959396
0.0841695
0.0725127
0.0609719
0.0495543
0.0382646
0.0271138
0.0161076
0.00526235
-0.00540713
-0.0158756
-0.0261076
-0.0360565
-0.0456528
-0.0547878
-0.0633021
-0.0709471
-0.0773432
-0.0819685
-0.0842526
-0.0838498
-0.0808929
-0.0759085
-0.0694954
-0.0621281
-0.0541335
-0.0457157
-0.0370069
-0.0280967
-0.0190352
-0.00986198
-0.00059967
0.00873516
0.018133
0.0275869
0.0370937
0.0466517
0.0562602
0.0659214
0.0756365
0.0854078
0.0952386
0.105132
0.115091
0.125119
0.13522
0.145399
0.155658
0.166001
0.176433
0.186957
0.197577
0.208294
0.219113
0.23004
0.241076
0.252224
0.263487
0.274867
0.286366
0.297987
0.309735
0.321612
0.333613
0.345745
0.358008
0.370403
0.382936
0.3956
0.408398
0.421335
0.434409
0.44762
0.46097
0.474457
0.488081
0.501844
0.515743
0.52978
0.543953
0.558262
0.572706
0.587286
0.601998
0.616843
0.63182
0.646928
0.662164
0.677528
0.693019
0.708635
0.724375
0.740236
0.756219
0.77232
0.788538
0.804872
0.821319
0.837877
0.854544
0.87132
0.888201
0.905186
0.922271
0.939457
0.956738
0.974115
0.991583
1.00914
1.02679
1.04451
1.06233
1.08022
1.09818
1.11622
1.13433
1.1525
1.17074
1.18903
1.20738
1.22578
1.24422
1.26271
1.28123
1.29978
1.31836
1.33696
1.35557
1.37418
1.3928
1.4114
1.42998
1.44853
1.46704
1.48549
1.50388
1.52218
1.54039
1.55847
1.57641
1.5942
1.61179
1.62916
1.64628
1.66311
1.67961
1.69573
1.71142
1.72661
1.74124
1.75523
1.76851
1.78098
1.79255
1.80312
1.81258
1.82084
1.8278
1.83337
1.83748
1.84007
1.84113
1.84064
1.83864
1.83516
1.83029
1.82409
1.81666
1.80811
1.79853
1.78803
1.77669
1.7646
1.75185
1.7385
1.72463
1.71028
1.69552
1.6804
1.95188
1.9375
1.923
1.90839
1.89368
1.87886
1.86394
1.84893
1.83382
1.81863
1.80334
1.78797
1.77252
1.75699
1.74139
1.72571
1.70997
1.69416
1.67828
1.66235
1.64635
1.63031
1.61421
1.59806
1.58187
1.56564
1.54936
1.53304
1.51669
1.50031
1.48389
1.46745
1.45098
1.43449
1.41798
1.40145
1.38491
1.36835
1.35178
1.3352
1.31861
1.30202
1.28542
1.26883
1.25224
1.23565
1.21906
1.20249
1.18592
1.16937
1.15283
1.1363
1.1198
1.10331
1.08684
1.0704
1.05399
1.03759
1.02123
1.0049
0.988595
0.972327
0.956094
0.939898
0.923739
0.907616
0.891537
0.875501
0.85951
0.843566
0.827668
0.811819
0.796016
0.780268
0.764574
0.748932
0.733347
0.717819
0.702348
0.686937
0.671585
0.656293
0.641065
0.625902
0.610803
0.595772
0.580807
0.565911
0.551084
0.53633
0.521645
0.507032
0.492493
0.478027
0.463637
0.449323
0.435086
0.420927
0.406847
0.392847
0.378924
0.365086
0.351328
0.337651
0.324061
0.310554
0.297133
0.283798
0.270549
0.257387
0.244313
0.231327
0.218431
0.205625
0.192909
0.180285
0.167752
0.155313
0.142966
0.130717
0.118562
0.106506
0.0945462
0.0826853
0.0709262
0.0592702
0.04772
0.0362772
0.0249478
0.0137354
0.00264715
-0.00830669
-0.019117
-0.0297664
-0.0402268
-0.0504603
-0.0604012
-0.0699456
-0.0788965
-0.0868892
-0.0932364
-0.096809
-0.0965495
-0.092634
-0.0862777
-0.0785593
-0.0701001
-0.0612222
-0.0520995
-0.0428213
-0.033443
-0.0239955
-0.0144974
-0.00495896
0.00461402
0.014218
0.0238525
0.0335186
0.0432183
0.0529541
0.0627291
0.0725477
0.0824133
0.0923305
0.102304
0.112336
0.122431
0.132597
0.142834
0.153149
0.163544
0.174026
0.184596
0.19526
0.206019
0.216879
0.227845
0.238917
0.250101
0.261397
0.27281
0.284342
0.295993
0.30777
0.319672
0.331706
0.343864
0.356153
0.368578
0.381133
0.393819
0.406643
0.419603
0.4327
0.445934
0.459305
0.472813
0.486458
0.500241
0.514161
0.528217
0.54241
0.556738
0.571201
0.585798
0.600528
0.615391
0.630385
0.645509
0.660762
0.676143
0.69165
0.707281
0.723036
0.738912
0.75491
0.771025
0.787257
0.803604
0.820065
0.836636
0.853316
0.870104
0.886998
0.903994
0.921092
0.938289
0.955581
0.972969
0.990448
1.00802
1.02567
1.04341
1.06123
1.07913
1.09711
1.11515
1.13327
1.15145
1.16969
1.18799
1.20635
1.22475
1.2432
1.26169
1.28022
1.29878
1.31736
1.33596
1.35458
1.3732
1.39181
1.41042
1.429
1.44755
1.46606
1.48451
1.5029
1.5212
1.5394
1.55748
1.57542
1.5932
1.61078
1.62815
1.64526
1.66208
1.67856
1.69466
1.71033
1.7255
1.7401
1.75407
1.76732
1.77976
1.7913
1.80182
1.81125
1.81946
1.82637
1.83189
1.83595
1.83849
1.83949
1.83896
1.8369
1.83338
1.82845
1.82221
1.81475
1.80616
1.79655
1.78601
1.77465
1.76253
1.74975
1.73638
1.72248
1.70811
1.69333
1.67818
1.95153
1.93715
1.92265
1.90804
1.89333
1.87851
1.86359
1.84858
1.83347
1.81828
1.80299
1.78762
1.77217
1.75664
1.74104
1.72536
1.70962
1.69381
1.67793
1.662
1.646
1.62996
1.61386
1.59771
1.58152
1.56529
1.54901
1.53269
1.51634
1.49996
1.48354
1.4671
1.45063
1.43414
1.41763
1.4011
1.38456
1.368
1.35143
1.33485
1.31826
1.30167
1.28507
1.26848
1.25188
1.2353
1.21871
1.20214
1.18557
1.16902
1.15248
1.13596
1.11945
1.10296
1.0865
1.07005
1.05364
1.03725
1.02088
1.00455
0.988249
0.97198
0.955746
0.939549
0.923391
0.907267
0.891189
0.875154
0.859163
0.843218
0.827319
0.811471
0.795667
0.77992
0.764224
0.748584
0.732998
0.717468
0.701998
0.686586
0.671233
0.655941
0.640712
0.625548
0.610448
0.595415
0.580449
0.565551
0.550722
0.535964
0.521277
0.506661
0.49212
0.477652
0.463259
0.448941
0.4347
0.420538
0.406456
0.392451
0.378524
0.364677
0.35091
0.337229
0.323631
0.310116
0.296685
0.283339
0.270078
0.256904
0.243816
0.230815
0.217903
0.20508
0.192344
0.179697
0.16714
0.154672
0.142295
0.130011
0.117817
0.105716
0.0937074
0.0817922
0.0699704
0.0582437
0.0466114
0.0350763
0.0236372
0.0122982
0.0010593
-0.010077
-0.0211061
-0.0320229
-0.0428228
-0.0534913
-0.0640118
-0.0743472
-0.0844246
-0.094075
-0.102816
-0.109011
-0.108911
-0.102725
-0.0942395
-0.0850168
-0.0755163
-0.0658954
-0.0562201
-0.0465202
-0.0368091
-0.0270936
-0.0173749
-0.00765231
0.00207659
0.0118149
0.0215658
0.0313339
0.0411235
0.0509398
0.0607874
0.070671
0.0805952
0.090566
0.100589
0.110666
0.120804
0.131009
0.141283
0.151632
0.16206
0.172571
0.18317
0.193861
0.204646
0.215531
0.22652
0.237615
0.24882
0.260138
0.271571
0.283122
0.294792
0.306587
0.318507
0.330553
0.34273
0.35504
0.367477
0.380047
0.392748
0.405587
0.418561
0.431671
0.444918
0.458302
0.471824
0.485482
0.499277
0.513209
0.527278
0.541482
0.555821
0.570295
0.584903
0.599644
0.614517
0.629522
0.644656
0.659919
0.67531
0.690826
0.706467
0.722232
0.738117
0.754123
0.770247
0.786487
0.802842
0.819311
0.83589
0.852578
0.869373
0.886274
0.903277
0.920383
0.937586
0.954887
0.972281
0.989766
1.00734
1.025
1.04275
1.06057
1.07848
1.09646
1.11451
1.13263
1.15082
1.16906
1.18737
1.20573
1.22414
1.24259
1.26109
1.27962
1.29818
1.31676
1.33537
1.35398
1.3726
1.39122
1.40983
1.42841
1.44696
1.46547
1.48392
1.50231
1.52061
1.53881
1.55689
1.57483
1.5926
1.61018
1.62754
1.64464
1.66145
1.67793
1.69402
1.70967
1.72483
1.73942
1.75337
1.7666
1.77902
1.79054
1.80104
1.81044
1.81863
1.82551
1.831
1.83502
1.83753
1.83851
1.83794
1.83585
1.8323
1.82735
1.82109
1.8136
1.80499
1.79536
1.78481
1.77342
1.76129
1.74849
1.7351
1.72119
1.70681
1.69201
1.67685
1.95141
1.93703
1.92253
1.90793
1.89321
1.87839
1.86348
1.84846
1.83336
1.81816
1.80287
1.78751
1.77205
1.75652
1.74092
1.72524
1.7095
1.69369
1.67782
1.66188
1.64589
1.62984
1.61375
1.5976
1.58141
1.56517
1.54889
1.53258
1.51623
1.49984
1.48343
1.46699
1.45052
1.43403
1.41751
1.40098
1.38444
1.36788
1.35131
1.33473
1.31814
1.30155
1.28496
1.26836
1.25177
1.23518
1.2186
1.20202
1.18545
1.16891
1.15237
1.13584
1.11934
1.10285
1.08638
1.06994
1.05352
1.03713
1.02077
1.00444
0.988134
0.971866
0.955632
0.939433
0.923274
0.907152
0.891073
0.875038
0.859047
0.843102
0.827204
0.811355
0.795551
0.779805
0.764108
0.748468
0.732881
0.717351
0.701882
0.686469
0.671116
0.655823
0.640594
0.62543
0.61033
0.595297
0.58033
0.565431
0.550602
0.535843
0.521155
0.50654
0.491997
0.477528
0.463133
0.448815
0.434574
0.42041
0.406323
0.392315
0.378388
0.364536
0.35077
0.337086
0.323485
0.309967
0.296539
0.283189
0.269924
0.256746
0.243654
0.230648
0.217729
0.204898
0.192155
0.179501
0.166935
0.154459
0.142071
0.129775
0.117569
0.105453
0.0934286
0.0814937
0.0696516
0.0579003
0.0462417
0.0346752
0.0232011
0.011818
0.00052635
-0.0106707
-0.0217749
-0.0327862
-0.0437021
-0.0545284
-0.0652613
-0.0759003
-0.0864461
-0.096899
-0.107258
-0.117525
-0.117611
-0.107494
-0.0974346
-0.0874253
-0.0774612
-0.0675369
-0.0576485
-0.0477904
-0.0379586
-0.0281469
-0.0183501
-0.00856277
0.00122089
0.0110053
0.0207967
0.0305995
0.0404203
0.0502641
0.0601363
0.0700421
0.0799867
0.0899747
0.100015
0.110108
0.12026
0.130478
0.140764
0.151125
0.161564
0.172085
0.182694
0.193394
0.204186
0.21508
0.226077
0.237181
0.248393
0.259717
0.271157
0.282714
0.29439
0.306192
0.318118
0.33017
0.34235
0.354667
0.367108
0.379685
0.392391
0.405235
0.418213
0.431328
0.44458
0.457969
0.471494
0.485156
0.498956
0.512892
0.526964
0.541172
0.555515
0.569994
0.584604
0.599349
0.614226
0.629234
0.644372
0.659638
0.675032
0.690552
0.706196
0.721964
0.737852
0.75386
0.769986
0.78623
0.802588
0.81906
0.835642
0.852333
0.86913
0.886033
0.903039
0.920145
0.937352
0.954655
0.972051
0.989539
1.00712
1.02478
1.04252
1.06035
1.07826
1.09624
1.1143
1.13242
1.15061
1.16885
1.18716
1.20552
1.22393
1.24239
1.26088
1.27942
1.29798
1.31656
1.33517
1.35379
1.37241
1.39103
1.40963
1.42822
1.44677
1.46528
1.48373
1.50211
1.52041
1.53861
1.55669
1.57463
1.5924
1.60998
1.62734
1.64443
1.66124
1.67772
1.6938
1.70945
1.72461
1.7392
1.75314
1.76637
1.77878
1.79028
1.80078
1.81017
1.81835
1.82522
1.8307
1.83472
1.83722
1.83818
1.8376
1.83551
1.83195
1.82699
1.82071
1.81322
1.8046
1.79496
1.7844
1.77301
1.76087
1.74807
1.73468
1.72076
1.70637
1.69158
1.67641
1.95153
1.93715
1.92265
1.90804
1.89333
1.87851
1.86359
1.84858
1.83348
1.81828
1.80299
1.78762
1.77217
1.75664
1.74104
1.72536
1.70962
1.69381
1.67793
1.662
1.64601
1.62996
1.61386
1.59772
1.58152
1.56529
1.54901
1.5327
1.51635
1.49996
1.48355
1.4671
1.45063
1.43414
1.41763
1.4011
1.38456
1.368
1.35143
1.33485
1.31826
1.30167
1.28507
1.26848
1.25189
1.2353
1.21872
1.20214
1.18557
1.16902
1.15248
1.13596
1.11945
1.10297
1.0865
1.07006
1.05364
1.03725
1.02088
1.00455
0.988249
0.971981
0.955747
0.93955
0.923392
0.907268
0.89119
0.875155
0.859164
0.843219
0.82732
0.811472
0.795668
0.77992
0.764225
0.748584
0.732999
0.717468
0.701999
0.686586
0.671234
0.655942
0.640712
0.625548
0.610449
0.595416
0.58045
0.565552
0.550723
0.535965
0.521277
0.506662
0.49212
0.477652
0.46326
0.448942
0.434701
0.420538
0.406456
0.392451
0.378525
0.364677
0.350911
0.33723
0.323631
0.310117
0.296686
0.28334
0.270079
0.256905
0.243817
0.230816
0.217904
0.205081
0.192345
0.179698
0.16714
0.154673
0.142296
0.130012
0.117818
0.105717
0.0937087
0.0817936
0.0699719
0.0582454
0.0466132
0.0350783
0.0236394
0.0123006
0.00106204
-0.0100739
-0.0211026
-0.0320188
-0.0428181
-0.0534857
-0.0640051
-0.0743388
-0.0844138
-0.0940602
-0.102794
-0.108978
-0.108878
-0.102702
-0.0942231
-0.0850042
-0.0755061
-0.0658868
-0.0562128
-0.0465137
-0.0368032
-0.0270883
-0.01737
-0.00764781
0.00208078
0.0118189
0.0215695
0.0313374
0.0411268
0.050943
0.0607904
0.0706739
0.0805979
0.0905686
0.100591
0.110668
0.120807
0.131011
0.141285
0.151634
0.162062
0.172573
0.183172
0.193863
0.204648
0.215532
0.226521
0.237617
0.248822
0.260139
0.271572
0.283123
0.294793
0.306588
0.318508
0.330554
0.342731
0.355041
0.367478
0.380048
0.392749
0.405588
0.418562
0.431672
0.444919
0.458303
0.471824
0.485483
0.499278
0.51321
0.527278
0.541482
0.555822
0.570296
0.584903
0.599645
0.614518
0.629522
0.644657
0.65992
0.675311
0.690827
0.706468
0.722232
0.738118
0.754123
0.770247
0.786488
0.802843
0.819311
0.835891
0.852579
0.869374
0.886274
0.903278
0.920383
0.937586
0.954887
0.972281
0.989766
1.00734
1.025
1.04275
1.06057
1.07848
1.09646
1.11451
1.13263
1.15082
1.16906
1.18737
1.20573
1.22414
1.24259
1.26109
1.27962
1.29818
1.31676
1.33537
1.35398
1.3726
1.39122
1.40983
1.42841
1.44696
1.46547
1.48392
1.50231
1.52061
1.53881
1.55689
1.57483
1.5926
1.61018
1.62754
1.64464
1.66145
1.67793
1.69402
1.70967
1.72483
1.73942
1.75337
1.7666
1.77902
1.79054
1.80104
1.81044
1.81863
1.82551
1.831
1.83502
1.83753
1.83851
1.83794
1.83585
1.8323
1.82735
1.82109
1.8136
1.80499
1.79536
1.78481
1.77342
1.76129
1.74849
1.7351
1.72119
1.70681
1.69201
1.67685
1.95189
1.9375
1.923
1.90839
1.89368
1.87886
1.86394
1.84893
1.83383
1.81863
1.80334
1.78797
1.77252
1.75699
1.74139
1.72571
1.70997
1.69416
1.67828
1.66235
1.64636
1.63031
1.61421
1.59807
1.58187
1.56564
1.54936
1.53305
1.5167
1.50031
1.4839
1.46745
1.45099
1.43449
1.41798
1.40145
1.38491
1.36835
1.35178
1.3352
1.31861
1.30202
1.28543
1.26883
1.25224
1.23565
1.21907
1.20249
1.18592
1.16937
1.15283
1.13631
1.1198
1.10331
1.08685
1.0704
1.05399
1.0376
1.02123
1.0049
0.988597
0.972328
0.956095
0.939899
0.92374
0.907617
0.891539
0.875502
0.859512
0.843567
0.82767
0.811821
0.796017
0.78027
0.764575
0.748934
0.733348
0.717821
0.702349
0.686938
0.671587
0.656295
0.641066
0.625903
0.610805
0.595773
0.580808
0.565912
0.551085
0.536331
0.521646
0.507033
0.492494
0.478028
0.463638
0.449324
0.435088
0.420928
0.406849
0.392848
0.378925
0.365087
0.351329
0.337652
0.324062
0.310555
0.297134
0.283799
0.27055
0.257388
0.244314
0.231328
0.218432
0.205626
0.192911
0.180286
0.167754
0.155314
0.142968
0.130719
0.118564
0.106508
0.0945488
0.0826881
0.0709292
0.0592736
0.0477236
0.0362811
0.0249522
0.0137403
0.00265257
-0.0083006
-0.0191101
-0.0297585
-0.0402177
-0.0504496
-0.0603885
-0.0699297
-0.0788775
-0.0868655
-0.093207
-0.0967747
-0.096515
-0.0926035
-0.0862522
-0.0785379
-0.0700819
-0.0612064
-0.0520856
-0.0428089
-0.0334317
-0.0239852
-0.0144879
-0.00495017
0.00462222
0.0142257
0.0238597
0.0335254
0.0432249
0.0529603
0.062735
0.0725534
0.0824187
0.0923357
0.102309
0.112341
0.122436
0.132601
0.142838
0.153153
0.163548
0.17403
0.1846
0.195264
0.206023
0.216882
0.227848
0.238921
0.250104
0.2614
0.272813
0.284344
0.295996
0.307773
0.319674
0.331708
0.343867
0.356156
0.36858
0.381135
0.393821
0.406645
0.419605
0.432702
0.445936
0.459307
0.472814
0.48646
0.500243
0.514163
0.528219
0.542412
0.55674
0.571202
0.585799
0.600529
0.615392
0.630386
0.64551
0.660763
0.676144
0.691651
0.707282
0.723037
0.738913
0.75491
0.771026
0.787258
0.803605
0.820065
0.836637
0.853317
0.870105
0.886998
0.903995
0.921093
0.938289
0.955582
0.97297
0.990449
1.00802
1.02567
1.04341
1.06123
1.07913
1.09711
1.11515
1.13327
1.15145
1.16969
1.18799
1.20635
1.22475
1.2432
1.26169
1.28022
1.29878
1.31736
1.33596
1.35458
1.3732
1.39181
1.41042
1.429
1.44755
1.46606
1.48451
1.5029
1.5212
1.5394
1.55748
1.57542
1.5932
1.61078
1.62815
1.64526
1.66208
1.67856
1.69466
1.71033
1.7255
1.7401
1.75407
1.76732
1.77976
1.79129
1.80182
1.81125
1.81946
1.82637
1.83189
1.83594
1.83849
1.83949
1.83895
1.8369
1.83338
1.82845
1.82221
1.81475
1.80616
1.79655
1.78601
1.77464
1.76253
1.74975
1.73638
1.72248
1.70811
1.69333
1.67818
1.95247
1.93809
1.92359
1.90898
1.89426
1.87945
1.86453
1.84952
1.83441
1.81921
1.80393
1.78856
1.77311
1.75758
1.74197
1.7263
1.71055
1.69474
1.67887
1.66293
1.64694
1.6309
1.6148
1.59865
1.58246
1.56622
1.54995
1.53363
1.51728
1.5009
1.48448
1.46804
1.45157
1.43508
1.41857
1.40204
1.38549
1.36893
1.35236
1.33578
1.3192
1.3026
1.28601
1.26941
1.25282
1.23623
1.21965
1.20307
1.18651
1.16995
1.15341
1.13689
1.12038
1.10389
1.08743
1.07099
1.05457
1.03817
1.02181
1.00548
0.989178
0.97291
0.956676
0.940478
0.924318
0.908198
0.89212
0.876085
0.860095
0.844149
0.828251
0.812402
0.796599
0.780852
0.765157
0.749517
0.733932
0.718405
0.702935
0.687525
0.672177
0.656887
0.64166
0.626498
0.611403
0.596372
0.58141
0.566516
0.551691
0.536938
0.522257
0.507647
0.493111
0.478651
0.464266
0.449958
0.435728
0.421576
0.407503
0.39351
0.379597
0.365768
0.352022
0.338358
0.324779
0.311288
0.297883
0.284565
0.271335
0.258194
0.245143
0.232183
0.219315
0.206539
0.193858
0.181271
0.168781
0.156388
0.144093
0.131901
0.11981
0.107824
0.0959435
0.0841737
0.0725172
0.0609768
0.0495597
0.0382705
0.0271204
0.0161148
0.00527034
-0.00539819
-0.0158655
-0.0260962
-0.0360435
-0.0456377
-0.0547703
-0.0632817
-0.0709231
-0.0773152
-0.0819366
-0.0842182
-0.0838151
-0.0808602
-0.0758788
-0.0694689
-0.0621045
-0.0541124
-0.0456967
-0.0369896
-0.0280809
-0.0190205
-0.00984841
-0.000587
0.00874704
0.0181442
0.0275975
0.0371037
0.0466613
0.0562693
0.0659301
0.0756448
0.0854158
0.0952462
0.10514
0.115098
0.125126
0.135227
0.145405
0.155664
0.166007
0.176439
0.186963
0.197582
0.208299
0.219118
0.230045
0.241081
0.252229
0.263491
0.274871
0.28637
0.297991
0.309739
0.321616
0.333617
0.345748
0.358011
0.370407
0.38294
0.395603
0.408402
0.421338
0.434412
0.447623
0.460971
0.474459
0.488084
0.501846
0.515746
0.529782
0.543955
0.558265
0.572708
0.587288
0.602
0.616845
0.631822
0.646929
0.662165
0.67753
0.693021
0.708637
0.724376
0.740238
0.75622
0.772321
0.788539
0.804873
0.82132
0.837878
0.854545
0.871321
0.888202
0.905187
0.922272
0.939458
0.956739
0.974115
0.991584
1.00914
1.02679
1.04452
1.06233
1.08022
1.09818
1.11622
1.13433
1.1525
1.17074
1.18903
1.20738
1.22578
1.24422
1.26271
1.28123
1.29978
1.31836
1.33696
1.35557
1.37418
1.3928
1.4114
1.42998
1.44853
1.46703
1.48549
1.50388
1.52218
1.54039
1.55847
1.57641
1.5942
1.61179
1.62916
1.64628
1.66311
1.67961
1.69573
1.71142
1.72661
1.74124
1.75523
1.76851
1.78098
1.79255
1.80312
1.81258
1.82084
1.8278
1.83337
1.83748
1.84007
1.84113
1.84064
1.83864
1.83516
1.83028
1.82409
1.81666
1.80811
1.79853
1.78803
1.77669
1.7646
1.75185
1.7385
1.72462
1.71028
1.69552
1.68039
1.95329
1.93891
1.92441
1.9098
1.89508
1.88027
1.86535
1.85034
1.83523
1.82003
1.80475
1.78938
1.77393
1.7584
1.74279
1.72712
1.71137
1.69556
1.67969
1.66375
1.64776
1.63171
1.61562
1.59947
1.58328
1.56704
1.55076
1.53445
1.5181
1.50171
1.4853
1.46886
1.45239
1.4359
1.41939
1.40286
1.38631
1.36975
1.35318
1.3366
1.32001
1.30342
1.28683
1.27023
1.25364
1.23705
1.22047
1.20389
1.18732
1.17077
1.15423
1.1377
1.1212
1.10471
1.08824
1.0718
1.05538
1.03899
1.02263
1.00629
0.98999
0.973721
0.957487
0.941293
0.925131
0.909013
0.892935
0.8769
0.860909
0.844965
0.829067
0.813221
0.797418
0.781671
0.765977
0.750338
0.734753
0.719227
0.703758
0.68835
0.673
0.657713
0.642489
0.627328
0.612236
0.597208
0.582249
0.567359
0.552538
0.537788
0.523111
0.508508
0.493978
0.479524
0.465146
0.450846
0.436625
0.422482
0.408421
0.394437
0.380539
0.366724
0.352993
0.339348
0.325787
0.312316
0.298933
0.285639
0.272436
0.259324
0.246306
0.233381
0.220552
0.207819
0.195185
0.182651
0.17022
0.157891
0.145667
0.133554
0.121552
0.109663
0.0978947
0.0862482
0.0747319
0.0633513
0.0521148
0.0410322
0.0301171
0.0193873
0.00886037
-0.0014345
-0.0114608
-0.0211689
-0.0304887
-0.0393344
-0.0475735
-0.0550273
-0.0614576
-0.0665657
-0.0700187
-0.0715352
-0.0709961
-0.0685057
-0.0643504
-0.0588821
-0.0524282
-0.0452522
-0.0375453
-0.029447
-0.0210585
-0.0124457
-0.00365626
0.00527103
0.0143129
0.0234525
0.0326778
0.0419806
0.0513559
0.0608003
0.070312
0.079891
0.0895378
0.0992537
0.109042
0.118903
0.12884
0.138857
0.148955
0.159139
0.169412
0.179777
0.190237
0.200797
0.211456
0.222221
0.233095
0.244081
0.25518
0.266395
0.277731
0.289188
0.300767
0.312477
0.324311
0.336274
0.348368
0.360594
0.372955
0.38545
0.398082
0.410848
0.423753
0.436795
0.449975
0.463294
0.476751
0.490346
0.504081
0.517953
0.531962
0.546109
0.560392
0.57481
0.589364
0.604051
0.618872
0.633825
0.648909
0.664123
0.679465
0.694934
0.710528
0.726246
0.742087
0.758049
0.77413
0.790329
0.806643
0.823072
0.839611
0.856263
0.87302
0.889883
0.906851
0.923921
0.94109
0.958356
0.975716
0.99317
1.01071
1.02834
1.04606
1.06386
1.08174
1.09969
1.11772
1.13581
1.15397
1.1722
1.19048
1.20882
1.22721
1.24564
1.26412
1.28264
1.30118
1.31975
1.33834
1.35695
1.37556
1.39417
1.41276
1.43134
1.44989
1.4684
1.48686
1.50525
1.52355
1.54176
1.55985
1.5778
1.59559
1.61319
1.63058
1.64771
1.66456
1.68108
1.69722
1.71294
1.72816
1.74282
1.75685
1.77017
1.78269
1.79431
1.80493
1.81445
1.82278
1.8298
1.83544
1.83962
1.84229
1.84341
1.843
1.84107
1.83766
1.83284
1.8267
1.81933
1.81083
1.8013
1.79084
1.77954
1.76749
1.75478
1.74147
1.72763
1.71331
1.69859
1.68349
1.95435
1.93996
1.92546
1.91085
1.89614
1.88132
1.8664
1.85139
1.83628
1.82108
1.8058
1.79043
1.77498
1.75945
1.74385
1.72817
1.71243
1.69662
1.68074
1.66481
1.64881
1.63277
1.61667
1.60052
1.58433
1.56809
1.55182
1.5355
1.51915
1.50277
1.48636
1.46991
1.45345
1.43695
1.42044
1.40391
1.38737
1.3708
1.35423
1.33765
1.32107
1.30447
1.28788
1.27128
1.25469
1.2381
1.22152
1.20494
1.18837
1.17182
1.15528
1.13875
1.12225
1.10576
1.08929
1.07285
1.05643
1.04004
1.02367
1.00734
0.991038
0.974773
0.958539
0.942342
0.926181
0.910063
0.893983
0.877951
0.861962
0.846017
0.83012
0.814272
0.798475
0.782723
0.76703
0.751391
0.735809
0.720283
0.704816
0.689408
0.67406
0.658776
0.643555
0.628398
0.613308
0.598285
0.58333
0.568444
0.553629
0.538885
0.524214
0.509618
0.495095
0.48065
0.466282
0.451992
0.437782
0.423651
0.4096
0.395636
0.381754
0.367957
0.354247
0.340623
0.327086
0.313641
0.300286
0.287024
0.273854
0.260781
0.247804
0.234925
0.222146
0.209469
0.196896
0.184429
0.17207
0.159824
0.147691
0.135678
0.123788
0.112024
0.100394
0.0889043
0.0775634
0.0663805
0.0553672
0.0445391
0.0339149
0.0235151
0.0133701
0.00351438
-0.00600295
-0.0151227
-0.0237647
-0.0318263
-0.0391756
-0.0456476
-0.0510474
-0.0551564
-0.0577771
-0.0587685
-0.0580988
-0.0558513
-0.0522083
-0.0473964
-0.0416434
-0.0351501
-0.0280777
-0.0205537
-0.0126764
-0.00452138
0.00386152
0.0124301
0.0211526
0.0300058
0.0389739
0.0480449
0.0572097
0.0664631
0.0758003
0.0852193
0.0947187
0.104298
0.113961
0.123704
0.133531
0.143445
0.153447
0.16354
0.173726
0.18401
0.194393
0.204877
0.215468
0.226165
0.236974
0.247896
0.258936
0.270095
0.281375
0.292777
0.304307
0.315963
0.327748
0.339663
0.35171
0.363891
0.376207
0.388658
0.401245
0.413973
0.426837
0.43984
0.452981
0.466262
0.479681
0.49324
0.506939
0.520775
0.534751
0.548864
0.563114
0.5775
0.592021
0.606677
0.621467
0.63639
0.651444
0.666629
0.681942
0.697383
0.71295
0.728642
0.744456
0.760392
0.776448
0.792622
0.808911
0.825316
0.841834
0.858461
0.875196
0.892038
0.908984
0.926033
0.943181
0.960427
0.977769
0.995203
1.01273
1.03034
1.04804
1.06582
1.08368
1.10162
1.11963
1.13771
1.15586
1.17407
1.19234
1.21067
1.22905
1.24747
1.26594
1.28444
1.30298
1.32154
1.34012
1.35872
1.37732
1.39593
1.41452
1.4331
1.45165
1.47015
1.48861
1.507
1.52531
1.54352
1.56162
1.57958
1.59738
1.61499
1.6324
1.64955
1.66642
1.68297
1.69914
1.71488
1.73014
1.74484
1.75892
1.77229
1.78487
1.79655
1.80724
1.81684
1.82525
1.83236
1.83809
1.84236
1.84512
1.84634
1.84602
1.84417
1.84085
1.83612
1.83005
1.82275
1.81432
1.80485
1.79445
1.7832
1.7712
1.75854
1.74527
1.73147
1.7172
1.70251
1.68746
1.95564
1.94125
1.92675
1.91214
1.89743
1.88261
1.86769
1.85268
1.83757
1.82237
1.80709
1.79172
1.77627
1.76074
1.74514
1.72946
1.71372
1.69791
1.68203
1.6661
1.6501
1.63406
1.61796
1.60181
1.58562
1.56938
1.55311
1.53679
1.52044
1.50406
1.48764
1.4712
1.45473
1.43824
1.42173
1.4052
1.38865
1.37209
1.35552
1.33894
1.32235
1.30576
1.28917
1.27257
1.25598
1.23939
1.2228
1.20623
1.18966
1.17311
1.15657
1.14004
1.12353
1.10705
1.09058
1.07414
1.05772
1.04132
1.02496
1.00863
0.992324
0.976056
0.959823
0.943625
0.927464
0.911346
0.895267
0.879232
0.863242
0.847298
0.831406
0.815558
0.799761
0.784011
0.768319
0.752681
0.737101
0.721576
0.706111
0.690705
0.67536
0.660079
0.644861
0.629708
0.614623
0.599604
0.584654
0.569774
0.554965
0.540229
0.525566
0.510978
0.496466
0.482031
0.467674
0.453397
0.439201
0.425086
0.411052
0.397105
0.383244
0.36947
0.355784
0.342188
0.328682
0.315265
0.301946
0.288722
0.275596
0.262569
0.249642
0.236819
0.224101
0.211491
0.198991
0.186606
0.174337
0.162189
0.150165
0.138274
0.126516
0.114902
0.103438
0.0921339
0.0810001
0.0700489
0.0592974
0.0487647
0.0384716
0.0284477
0.0187291
0.00935712
0.00038669
-0.00811452
-0.016063
-0.0233567
-0.0298741
-0.0354761
-0.0400126
-0.0433379
-0.0453337
-0.045933
-0.0451371
-0.0430175
-0.0397021
-0.0353491
-0.0301238
-0.0241746
-0.017637
-0.0106222
-0.00321708
0.00450486
0.012492
0.0206998
0.0290957
0.0376515
0.0463504
0.0551744
0.0641135
0.0731592
0.082305
0.0915472
0.100883
0.11031
0.119831
0.129441
0.139144
0.148941
0.158833
0.168822
0.17891
0.189099
0.199392
0.20979
0.220299
0.230919
0.241651
0.252503
0.263472
0.274563
0.285776
0.297118
0.308584
0.32018
0.331906
0.343764
0.355756
0.367883
0.380146
0.392545
0.405083
0.417758
0.430577
0.443533
0.456628
0.469863
0.483238
0.496754
0.510409
0.524204
0.538138
0.552209
0.56642
0.580767
0.59525
0.609869
0.624622
0.639508
0.654527
0.669677
0.684956
0.700363
0.715897
0.731556
0.747338
0.763243
0.779268
0.795412
0.811674
0.828049
0.844538
0.861137
0.877845
0.894661
0.911582
0.928605
0.945728
0.962951
0.980269
0.997681
1.01518
1.03277
1.05045
1.06821
1.08605
1.10397
1.12196
1.14003
1.15816
1.17635
1.19461
1.21292
1.23128
1.24969
1.26815
1.28664
1.30516
1.32371
1.34229
1.36088
1.37947
1.39807
1.41666
1.43524
1.45378
1.47229
1.49074
1.50913
1.52745
1.54567
1.56377
1.58174
1.59956
1.61719
1.63461
1.65179
1.66868
1.68525
1.70146
1.71724
1.73254
1.7473
1.76143
1.77487
1.78752
1.79928
1.81006
1.81975
1.82825
1.83547
1.8413
1.84569
1.84857
1.8499
1.84969
1.84795
1.84473
1.8401
1.83413
1.82692
1.81856
1.80917
1.79884
1.78766
1.77572
1.76311
1.7499
1.73615
1.72193
1.70729
1.69228
1.95716
1.94278
1.92828
1.91367
1.89896
1.88414
1.86922
1.8542
1.83909
1.8239
1.80861
1.79324
1.7778
1.76227
1.74666
1.73098
1.71524
1.69943
1.68355
1.66762
1.65163
1.63558
1.61948
1.60334
1.58715
1.57091
1.55463
1.53832
1.52197
1.50558
1.48917
1.47272
1.45626
1.43976
1.42325
1.40672
1.39017
1.37361
1.35705
1.34047
1.32388
1.30729
1.29069
1.2741
1.2575
1.24091
1.22433
1.20775
1.19118
1.17463
1.15809
1.14156
1.12505
1.10857
1.0921
1.07566
1.05924
1.04284
1.02648
1.01015
0.993844
0.977574
0.961341
0.945143
0.928983
0.912865
0.896786
0.880752
0.864762
0.848819
0.832924
0.817077
0.801282
0.785534
0.769846
0.75421
0.738632
0.723109
0.707646
0.692242
0.676902
0.661625
0.646411
0.631264
0.616182
0.601169
0.586226
0.571353
0.556552
0.541824
0.527171
0.512593
0.498093
0.483671
0.469328
0.455066
0.440887
0.426788
0.412777
0.398852
0.385014
0.371267
0.35761
0.344045
0.330574
0.317195
0.303917
0.290739
0.277662
0.264688
0.251822
0.239064
0.226417
0.213885
0.201472
0.189181
0.177017
0.164984
0.153087
0.141334
0.129732
0.11829
0.107017
0.0959243
0.0850258
0.0743368
0.0638792
0.0536721
0.0437454
0.03413
0.0248672
0.0160042
0.00759862
-0.00028013
-0.00755087
-0.0141195
-0.0198819
-0.0247268
-0.0285448
-0.0312395
-0.0327441
-0.0330266
-0.0321089
-0.03005
-0.0269487
-0.0229203
-0.0180896
-0.0125722
-0.00647555
0.0001049
0.00709252
0.0144225
0.0220389
0.0299038
0.0379839
0.0462467
0.0546733
0.063247
0.0719553
0.0807859
0.0897322
0.0987887
0.107951
0.117216
0.126584
0.136051
0.14562
0.155289
0.165061
0.174935
0.184914
0.195
0.205193
0.215496
0.225914
0.236448
0.247095
0.257865
0.268755
0.27977
0.290909
0.302179
0.313576
0.325104
0.336764
0.348558
0.360487
0.372552
0.384755
0.397094
0.409575
0.422194
0.434954
0.447859
0.4609
0.474083
0.487407
0.500872
0.514478
0.528224
0.54211
0.556136
0.5703
0.584601
0.59904
0.613615
0.628325
0.64317
0.658147
0.673256
0.688495
0.703864
0.719359
0.734981
0.750726
0.766595
0.782584
0.798694
0.814919
0.831261
0.847717
0.864285
0.880962
0.897746
0.914637
0.931631
0.948726
0.96592
0.98321
1.00059
1.01807
1.03564
1.05329
1.07103
1.08885
1.10674
1.12471
1.14276
1.16087
1.17904
1.19728
1.21557
1.23391
1.25231
1.27075
1.28922
1.30774
1.32628
1.34484
1.36342
1.38201
1.4006
1.41918
1.43775
1.45629
1.4748
1.49325
1.51165
1.52996
1.54819
1.5663
1.58429
1.60212
1.61977
1.63721
1.65441
1.67134
1.68794
1.70419
1.72002
1.73537
1.75019
1.76439
1.7779
1.79063
1.80248
1.81336
1.82316
1.83178
1.83912
1.84508
1.8496
1.85261
1.85408
1.854
1.85239
1.8493
1.84478
1.83892
1.83181
1.82355
1.81425
1.804
1.7929
1.78103
1.76849
1.75534
1.74166
1.7275
1.71292
1.69796
1.95893
1.94454
1.93004
1.91543
1.90072
1.8859
1.87098
1.85597
1.84085
1.82566
1.81037
1.795
1.77956
1.76403
1.74842
1.73275
1.717
1.70119
1.68531
1.66938
1.65339
1.63734
1.62124
1.6051
1.5889
1.57267
1.5564
1.54008
1.52373
1.50735
1.49093
1.47449
1.45802
1.44153
1.42502
1.40848
1.39194
1.37538
1.35881
1.34223
1.32564
1.30905
1.29245
1.27585
1.25926
1.24267
1.22609
1.20951
1.19294
1.17639
1.15984
1.14332
1.12681
1.11032
1.09386
1.07741
1.06099
1.0446
1.02824
1.0119
0.995601
0.979332
0.963098
0.946898
0.93074
0.914623
0.898544
0.882511
0.866522
0.85058
0.834685
0.81884
0.803045
0.7873
0.771611
0.755979
0.740401
0.724885
0.709426
0.694024
0.678687
0.663414
0.648205
0.633063
0.617987
0.60298
0.588044
0.573181
0.558389
0.543671
0.529029
0.514464
0.499977
0.48557
0.471243
0.456999
0.44284
0.428762
0.414774
0.400875
0.387066
0.373349
0.359725
0.346197
0.332766
0.319435
0.306202
0.293075
0.280055
0.267145
0.254346
0.241663
0.229098
0.216657
0.204343
0.192159
0.180113
0.168209
0.156455
0.144862
0.133434
0.122185
0.111124
0.100266
0.0896259
0.0792271
0.0690859
0.0592309
0.0496926
0.0405074
0.0317177
0.0233734
0.0155327
0.00826164
0.0016355
-0.00426407
-0.00935065
-0.0135392
-0.0167523
-0.0189278
-0.0200292
-0.0200506
-0.0190135
-0.0169764
-0.0140132
-0.0102173
-0.00568169
-0.00050258
0.00523565
0.0114523
0.0180794
0.0250602
0.0323427
0.0398915
0.0476709
0.0556551
0.0638195
0.0721478
0.0806254
0.0892412
0.0979888
0.106856
0.115841
0.124939
0.134149
0.143467
0.152895
0.16243
0.172074
0.181827
0.191689
0.201664
0.211752
0.221955
0.232273
0.242711
0.253268
0.263948
0.274753
0.285684
0.296746
0.307934
0.319254
0.330707
0.342294
0.354017
0.365876
0.377874
0.390009
0.402284
0.4147
0.427256
0.439956
0.452799
0.465781
0.478906
0.492172
0.505581
0.519132
0.532823
0.546656
0.560628
0.57474
0.588991
0.60338
0.617905
0.632568
0.647365
0.662295
0.677358
0.692552
0.707876
0.723328
0.738907
0.754611
0.770438
0.786387
0.802457
0.818644
0.834947
0.851366
0.867897
0.884537
0.901287
0.918143
0.935103
0.952166
0.969327
0.986587
1.00394
1.02139
1.03893
1.05655
1.07426
1.09205
1.10992
1.12787
1.14588
1.16397
1.18212
1.20034
1.21861
1.23693
1.25531
1.27373
1.29219
1.31069
1.32922
1.34777
1.36634
1.38492
1.4035
1.42207
1.44064
1.45917
1.47768
1.49613
1.51453
1.53285
1.55109
1.56921
1.58721
1.60506
1.62273
1.64019
1.65743
1.67438
1.69103
1.70732
1.7232
1.73861
1.75349
1.76777
1.78137
1.79419
1.80615
1.81714
1.82706
1.83582
1.84329
1.84941
1.85408
1.85724
1.85887
1.85895
1.85748
1.85453
1.85015
1.84441
1.83742
1.82928
1.82008
1.80992
1.79891
1.78713
1.77466
1.76159
1.74798
1.73388
1.71937
1.70448
1.96092
1.94654
1.93204
1.91743
1.90271
1.8879
1.87298
1.85796
1.84285
1.82766
1.81237
1.797
1.78155
1.76603
1.75042
1.73475
1.719
1.70319
1.68732
1.67138
1.65539
1.63934
1.62325
1.6071
1.59091
1.57467
1.55839
1.54208
1.52573
1.50934
1.49293
1.47649
1.46002
1.44352
1.42701
1.41048
1.39394
1.37737
1.3608
1.34422
1.32763
1.31104
1.29445
1.27785
1.26126
1.24467
1.22808
1.2115
1.19494
1.17838
1.16184
1.14531
1.12881
1.11232
1.09585
1.07941
1.06299
1.04659
1.03023
1.0139
0.997595
0.981326
0.965093
0.948893
0.932735
0.916618
0.900542
0.884507
0.86852
0.852579
0.836685
0.820841
0.805049
0.789304
0.773618
0.75799
0.742417
0.726901
0.711445
0.696048
0.680715
0.665449
0.650246
0.63511
0.620041
0.605043
0.590115
0.57526
0.56048
0.545775
0.531146
0.516594
0.502123
0.487733
0.473425
0.459202
0.445062
0.431011
0.417051
0.403181
0.389404
0.375722
0.362136
0.34865
0.335264
0.321983
0.308808
0.295737
0.282782
0.269942
0.25722
0.244622
0.232149
0.219808
0.207604
0.195541
0.183627
0.171868
0.160273
0.148855
0.137619
0.126579
0.11575
0.105147
0.0947882
0.084694
0.0748904
0.0654053
0.0562715
0.0475277
0.0392174
0.0313896
0.0241002
0.0174111
0.0113877
0.00609918
0.00161403
-0.00200412
-0.00470174
-0.0064407
-0.00720421
-0.00699844
-0.00585036
-0.0038049
-0.00093188
0.00269816
0.00700981
0.0119256
0.0173754
0.0232886
0.0296082
0.036285
0.0432736
0.0505341
0.0580398
0.0657621
0.0736805
0.0817746
0.0900307
0.0984372
0.106984
0.115665
0.124473
0.133403
0.142454
0.151621
0.160906
0.170304
0.179815
0.189442
0.199185
0.209046
0.219022
0.229116
0.239332
0.24967
0.260129
0.270716
0.281429
0.292275
0.303247
0.314351
0.325588
0.336961
0.34847
0.360116
0.3719
0.383824
0.395887
0.408091
0.420438
0.432925
0.445557
0.458331
0.471252
0.484313
0.497516
0.510863
0.524353
0.537984
0.551758
0.565672
0.579727
0.593922
0.608256
0.622727
0.637336
0.652079
0.666959
0.681971
0.697115
0.71239
0.727794
0.743325
0.758982
0.774764
0.790667
0.806692
0.822836
0.839097
0.855474
0.871964
0.888565
0.905276
0.922094
0.939016
0.956041
0.973168
0.990392
1.00771
1.02513
1.04263
1.06022
1.0779
1.09566
1.1135
1.13142
1.14941
1.16747
1.1856
1.20379
1.22204
1.24034
1.2587
1.2771
1.29554
1.31402
1.33253
1.35107
1.36963
1.38819
1.40676
1.42533
1.44389
1.46242
1.48092
1.49938
1.51778
1.53611
1.55435
1.57249
1.5905
1.60836
1.62606
1.64355
1.66081
1.67781
1.6945
1.71084
1.72678
1.74226
1.75721
1.77158
1.78527
1.79819
1.81027
1.82139
1.83145
1.84035
1.84799
1.85427
1.85911
1.86245
1.86425
1.8645
1.86321
1.86042
1.85619
1.8506
1.84374
1.83572
1.82664
1.81659
1.80568
1.79399
1.78162
1.76863
1.75509
1.74108
1.72663
1.71182
1.96317
1.94878
1.93428
1.91967
1.90496
1.89014
1.87522
1.8602
1.84509
1.82989
1.81461
1.79924
1.78379
1.76826
1.75266
1.73698
1.72124
1.70542
1.68955
1.67362
1.65762
1.64158
1.62548
1.60933
1.59314
1.5769
1.56063
1.54431
1.52796
1.51158
1.49516
1.47872
1.46225
1.44576
1.42925
1.41272
1.39617
1.37961
1.36304
1.34646
1.32987
1.31328
1.29668
1.28008
1.26349
1.2469
1.23031
1.21374
1.19717
1.18061
1.16407
1.14755
1.13104
1.11455
1.09808
1.08164
1.06522
1.04883
1.03246
1.01613
0.999828
0.98356
0.967327
0.951128
0.93497
0.918854
0.902779
0.886746
0.870759
0.854819
0.838927
0.823086
0.807295
0.791553
0.775871
0.760245
0.744674
0.729163
0.71371
0.69832
0.682994
0.667732
0.652536
0.637406
0.622349
0.607359
0.592442
0.577598
0.562829
0.548137
0.533523
0.518989
0.504535
0.490164
0.475878
0.461678
0.447563
0.433541
0.419611
0.405774
0.392033
0.37839
0.364848
0.351408
0.338074
0.324847
0.311733
0.298729
0.285846
0.273085
0.260449
0.247943
0.235573
0.223343
0.211259
0.199329
0.18756
0.175961
0.164539
0.153309
0.14228
0.131468
0.120886
0.110555
0.10049
0.0907192
0.0812662
0.0721625
0.063442
0.0551429
0.0473086
0.039986
0.0332271
0.0270866
0.0216214
0.0168873
0.0129379
0.0098189
0.00756582
0.00620076
0.00572788
0.00613488
0.0073903
0.0094562
0.0122763
0.0157888
0.0199302
0.0246383
0.0298534
0.0355161
0.0415775
0.0479929
0.0547215
0.0617263
0.0689846
0.0764681
0.0841559
0.0920316
0.100078
0.108285
0.116642
0.12514
0.133774
0.142539
0.151434
0.16045
0.169588
0.178849
0.188228
0.197729
0.207349
0.217092
0.226953
0.236938
0.247048
0.257282
0.267641
0.278129
0.288751
0.2995
0.310382
0.321397
0.332548
0.343836
0.355262
0.366826
0.378531
0.390376
0.402363
0.414491
0.426763
0.439178
0.451737
0.464441
0.477288
0.490284
0.50342
0.5167
0.530124
0.543691
0.557401
0.571252
0.585245
0.599379
0.613653
0.628066
0.642616
0.657303
0.672125
0.687082
0.702172
0.717392
0.732744
0.748224
0.76383
0.779561
0.795416
0.811392
0.827488
0.843702
0.860033
0.876478
0.893036
0.909704
0.926479
0.94336
0.960346
0.977432
0.994618
1.0119
1.02928
1.04675
1.0643
1.08195
1.09967
1.11748
1.13537
1.15333
1.17136
1.18946
1.20763
1.22585
1.24413
1.26246
1.28084
1.29926
1.31773
1.33622
1.35474
1.37328
1.39183
1.41039
1.42895
1.4475
1.46603
1.48453
1.50298
1.52139
1.53972
1.55797
1.57612
1.59415
1.61203
1.62975
1.64727
1.66457
1.68161
1.69835
1.71475
1.73074
1.7463
1.76133
1.77579
1.78958
1.80262
1.81483
1.82609
1.8363
1.84537
1.85318
1.85965
1.86468
1.86822
1.87022
1.87066
1.86955
1.86694
1.86288
1.85746
1.85075
1.84287
1.83392
1.82399
1.81319
1.80161
1.78933
1.77643
1.76299
1.74906
1.7347
1.71996
1.96564
1.95125
1.93676
1.92215
1.90743
1.89261
1.87769
1.86268
1.84757
1.83237
1.81708
1.80171
1.78626
1.77073
1.75513
1.73946
1.72371
1.70789
1.69202
1.67609
1.6601
1.64405
1.62795
1.6118
1.59561
1.57938
1.5631
1.54678
1.53043
1.51405
1.49763
1.48119
1.46472
1.44823
1.43172
1.41519
1.39864
1.38208
1.36551
1.34893
1.33234
1.31575
1.29915
1.28256
1.26596
1.24937
1.23279
1.21621
1.19964
1.18309
1.16655
1.15002
1.13351
1.11702
1.10056
1.08411
1.06769
1.0513
1.03494
1.0186
1.0023
0.986036
0.969803
0.953605
0.937449
0.921333
0.90526
0.889228
0.873243
0.857304
0.841414
0.825575
0.809788
0.794049
0.778371
0.762747
0.747181
0.731674
0.716226
0.700843
0.685523
0.670268
0.655081
0.63996
0.62491
0.609931
0.595024
0.580193
0.565441
0.550764
0.536166
0.52165
0.507216
0.492868
0.478606
0.46443
0.450347
0.436355
0.422459
0.408659
0.394959
0.38136
0.367865
0.354477
0.341199
0.328034
0.314986
0.302058
0.289252
0.276577
0.264036
0.251632
0.239373
0.227264
0.215314
0.203527
0.191915
0.180486
0.169251
0.158225
0.147417
0.136845
0.126523
0.116474
0.106718
0.0972801
0.0881875
0.0794711
0.0711652
0.0633074
0.0559391
0.049105
0.0428503
0.0372234
0.0322715
0.0280399
0.024568
0.0218883
0.0200233
0.0189833
0.0187645
0.0193507
0.0207119
0.0228102
0.0255985
0.0290287
0.0330418
0.0375872
0.0426118
0.0480676
0.0539107
0.0601021
0.0666043
0.0733874
0.0804221
0.0876896
0.0951666
0.102838
0.110691
0.118709
0.126885
0.13521
0.143678
0.152283
0.161022
0.169891
0.17889
0.188014
0.197263
0.206636
0.216133
0.225755
0.235501
0.245375
0.255375
0.265504
0.275763
0.286154
0.296674
0.307328
0.318116
0.32904
0.340102
0.351302
0.362641
0.37412
0.385742
0.397504
0.409411
0.421459
0.433653
0.445992
0.458474
0.471103
0.483876
0.496796
0.509863
0.523072
0.536427
0.549925
0.563567
0.577352
0.591278
0.605347
0.619557
0.633906
0.648394
0.66302
0.677782
0.692679
0.707709
0.722872
0.738168
0.75359
0.769141
0.784818
0.80062
0.816544
0.832589
0.848753
0.865034
0.881429
0.897941
0.914561
0.93129
0.948127
0.965068
0.982112
0.999254
1.01649
1.03383
1.05126
1.06878
1.08639
1.10408
1.12185
1.13971
1.15763
1.17563
1.19371
1.21184
1.23004
1.24829
1.2666
1.28495
1.30335
1.32179
1.34027
1.35877
1.37729
1.39583
1.41438
1.43293
1.45147
1.46999
1.48849
1.50694
1.52535
1.54369
1.56195
1.58011
1.59815
1.61606
1.6338
1.65136
1.66869
1.68577
1.70257
1.71902
1.73509
1.75072
1.76584
1.7804
1.7943
1.80747
1.81981
1.83123
1.84161
1.85086
1.85886
1.86553
1.87077
1.87452
1.87674
1.87739
1.8765
1.87409
1.87022
1.86497
1.85843
1.85071
1.8419
1.8321
1.82143
1.80996
1.79779
1.785
1.77165
1.75782
1.74355
1.72889
1.96836
1.95397
1.93947
1.92486
1.91015
1.89533
1.8804
1.86539
1.85028
1.83508
1.81979
1.80442
1.78897
1.77344
1.75784
1.74216
1.72642
1.71061
1.69473
1.6788
1.6628
1.64676
1.63066
1.61451
1.59832
1.58209
1.56581
1.54949
1.53314
1.51676
1.50034
1.4839
1.46743
1.45094
1.43443
1.4179
1.40135
1.38479
1.36822
1.35164
1.33505
1.31846
1.30186
1.28527
1.26867
1.25208
1.2355
1.21892
1.20236
1.1858
1.16926
1.15273
1.13623
1.11974
1.10327
1.08683
1.07041
1.05402
1.03765
1.02132
1.00502
0.988755
0.972523
0.956327
0.940172
0.924058
0.907985
0.891955
0.875972
0.860037
0.84415
0.828313
0.812528
0.796793
0.781119
0.765499
0.749938
0.734437
0.718995
0.703618
0.688306
0.67306
0.657882
0.642772
0.627733
0.612765
0.597873
0.583056
0.568316
0.553656
0.539077
0.524584
0.510173
0.495849
0.481612
0.467468
0.453416
0.439459
0.4256
0.411841
0.398185
0.384634
0.371192
0.357861
0.344645
0.331548
0.318573
0.305725
0.293005
0.280424
0.267985
0.255692
0.243554
0.231577
0.219767
0.208136
0.196692
0.185447
0.174409
0.163596
0.153022
0.1427
0.132651
0.122894
0.113455
0.104357
0.0956293
0.0873008
0.0794063
0.0719816
0.0650654
0.0586978
0.052919
0.0477701
0.0432895
0.0395126
0.0364678
0.0341777
0.0326544
0.0319007
0.0319072
0.0326554
0.0341169
0.0362562
0.0390324
0.0424022
0.0463185
0.0507374
0.0556088
0.0608929
0.0665526
0.072552
0.0788584
0.0854441
0.0922819
0.0993553
0.106643
0.114129
0.121801
0.129643
0.13765
0.145811
0.15412
0.162573
0.171166
0.179892
0.188752
0.197742
0.206862
0.216111
0.225487
0.234991
0.244623
0.254385
0.264277
0.2743
0.284458
0.294743
0.305165
0.315722
0.326414
0.337244
0.348217
0.359326
0.370576
0.381968
0.393503
0.405181
0.417004
0.42897
0.441082
0.453341
0.465744
0.478294
0.490991
0.503834
0.516823
0.529961
0.543242
0.556667
0.570237
0.583952
0.597809
0.611809
0.625951
0.640233
0.654655
0.669215
0.683913
0.698746
0.713714
0.728817
0.74405
0.759413
0.774906
0.790525
0.806269
0.822138
0.838127
0.854237
0.870465
0.886809
0.903268
0.919839
0.936519
0.953306
0.970199
0.987197
1.00429
1.02149
1.03879
1.05618
1.07365
1.09122
1.10887
1.12661
1.14442
1.16232
1.18028
1.19832
1.21642
1.23459
1.25281
1.27109
1.28942
1.3078
1.32621
1.34467
1.36315
1.38165
1.40018
1.41871
1.43725
1.45578
1.4743
1.49279
1.51124
1.52965
1.54799
1.56626
1.58444
1.6025
1.62043
1.6382
1.65579
1.67316
1.69029
1.70714
1.72366
1.7398
1.75551
1.77073
1.78539
1.79942
1.81272
1.82521
1.83679
1.84735
1.85679
1.86501
1.8719
1.87737
1.88135
1.8838
1.88469
1.88402
1.88183
1.87817
1.87312
1.86677
1.85921
1.85056
1.84091
1.83037
1.81903
1.80698
1.7943
1.78106
1.76733
1.75315
1.73859
1.97131
1.95693
1.94242
1.92781
1.9131
1.89827
1.88335
1.86834
1.85323
1.83803
1.82274
1.80737
1.79192
1.77639
1.76079
1.74511
1.72937
1.71356
1.69768
1.68175
1.66575
1.64971
1.63361
1.61746
1.60127
1.58504
1.56876
1.55244
1.53609
1.51971
1.5033
1.48685
1.47038
1.45389
1.43738
1.42085
1.40431
1.38775
1.37117
1.35459
1.33801
1.32141
1.30482
1.28822
1.27163
1.25504
1.23845
1.22188
1.20531
1.18876
1.17222
1.15569
1.13918
1.1227
1.10623
1.08979
1.07337
1.05698
1.04062
1.02428
1.00798
0.991719
0.975487
0.959294
0.943141
0.927029
0.910959
0.894931
0.87895
0.863017
0.847133
0.8313
0.81552
0.799789
0.784119
0.768505
0.752949
0.737454
0.72202
0.706651
0.691347
0.67611
0.660944
0.645845
0.630818
0.615864
0.600986
0.586186
0.571464
0.556824
0.542266
0.527793
0.513407
0.499111
0.484904
0.470793
0.456777
0.442858
0.42904
0.415326
0.401719
0.388221
0.374836
0.361568
0.34842
0.335396
0.3225
0.309738
0.297114
0.284631
0.272301
0.260129
0.24812
0.236283
0.224626
0.213159
0.201893
0.190839
0.180009
0.169422
0.159088
0.149027
0.139258
0.129803
0.120686
0.111931
0.103567
0.0956239
0.0881331
0.0811294
0.0746474
0.0687233
0.0633913
0.0586855
0.0546369
0.0512719
0.0486113
0.046668
0.0454486
0.0449494
0.0451581
0.0460547
0.0476119
0.049797
0.0525738
0.0559048
0.0597472
0.0640623
0.0688115
0.0739547
0.07946
0.0852945
0.0914321
0.097845
0.104509
0.11141
0.118526
0.125844
0.133348
0.141031
0.14888
0.156888
0.165049
0.173357
0.181809
0.190399
0.199126
0.207988
0.216982
0.226108
0.235365
0.244755
0.254274
0.263926
0.273711
0.283631
0.293683
0.303867
0.314189
0.324649
0.335246
0.345981
0.356859
0.367877
0.379037
0.39034
0.401786
0.413378
0.425116
0.436997
0.449026
0.461201
0.473523
0.485992
0.498609
0.511373
0.524284
0.537341
0.550549
0.563899
0.577395
0.591035
0.60482
0.618748
0.632819
0.64703
0.661383
0.675874
0.690504
0.705271
0.720174
0.73521
0.75038
0.765679
0.781109
0.796667
0.812352
0.828161
0.844092
0.860144
0.876316
0.892604
0.909006
0.925524
0.942152
0.958889
0.975732
0.99268
1.00973
1.02688
1.04413
1.06147
1.07891
1.09643
1.11404
1.13174
1.14951
1.16737
1.1853
1.2033
1.22137
1.2395
1.25769
1.27594
1.29424
1.31259
1.33098
1.34941
1.36787
1.38636
1.40487
1.42339
1.44191
1.46043
1.47894
1.49743
1.51588
1.53429
1.55264
1.57091
1.5891
1.60718
1.62513
1.64293
1.66055
1.67797
1.69515
1.71205
1.72864
1.74486
1.76066
1.77598
1.79075
1.80491
1.81835
1.831
1.84276
1.85351
1.86316
1.8716
1.87872
1.88444
1.88868
1.89138
1.89253
1.89211
1.89016
1.88673
1.88189
1.87573
1.86836
1.85988
1.8504
1.84001
1.8288
1.81688
1.80432
1.79119
1.77757
1.7635
1.74904
1.97451
1.96012
1.94562
1.93101
1.91629
1.90147
1.88655
1.87153
1.85642
1.84122
1.82593
1.81056
1.79511
1.77958
1.76397
1.7483
1.73255
1.71674
1.70087
1.68494
1.66895
1.6529
1.6368
1.62065
1.60446
1.58823
1.57195
1.55564
1.53929
1.5229
1.50649
1.49005
1.47358
1.45709
1.44058
1.42405
1.4075
1.39094
1.37437
1.35779
1.3412
1.32461
1.30801
1.29142
1.27483
1.25824
1.24165
1.22508
1.20851
1.19196
1.17542
1.15889
1.14239
1.1259
1.10943
1.09299
1.07657
1.06018
1.04382
1.02749
1.01119
0.99493
0.9787
0.96251
0.946359
0.93025
0.914182
0.898159
0.882179
0.86625
0.850369
0.834541
0.818765
0.80304
0.787375
0.771767
0.756218
0.740729
0.725305
0.709944
0.69465
0.679424
0.664267
0.649182
0.63417
0.619233
0.60437
0.589589
0.574887
0.560268
0.545734
0.531287
0.516928
0.502658
0.488485
0.474409
0.460431
0.446553
0.432784
0.419119
0.405565
0.392125
0.378802
0.365601
0.352526
0.339582
0.326772
0.314103
0.301578
0.289207
0.276992
0.264946
0.253076
0.241387
0.22989
0.218596
0.207516
0.196663
0.186051
0.175695
0.165611
0.155818
0.146336
0.137186
0.128394
0.119983
0.11198
0.104414
0.0973173
0.0907195
0.0846521
0.0791469
0.0742325
0.069937
0.0662838
0.0632932
0.0609788
0.0593479
0.0584002
0.0581293
0.0585204
0.0595537
0.0612018
0.0634354
0.0662239
0.0695282
0.0733157
0.0775507
0.0821969
0.0872252
0.0926
0.0982955
0.104287
0.110548
0.117062
0.123805
0.130768
0.137931
0.145286
0.152819
0.160525
0.168392
0.176413
0.184586
0.192905
0.201365
0.209965
0.218704
0.227578
0.236587
0.24573
0.255006
0.264415
0.273961
0.283639
0.293456
0.303406
0.31349
0.323713
0.334076
0.344576
0.355217
0.366002
0.376927
0.387995
0.399208
0.410566
0.422069
0.433718
0.445514
0.457458
0.469549
0.481787
0.494175
0.506709
0.519392
0.532222
0.5452
0.558329
0.571601
0.58502
0.598584
0.612293
0.626146
0.640142
0.654281
0.66856
0.68298
0.697541
0.712238
0.727072
0.74204
0.757142
0.772375
0.78774
0.803234
0.818854
0.8346
0.850471
0.866461
0.882573
0.898803
0.915149
0.93161
0.948183
0.964865
0.981655
0.998551
1.01555
1.03265
1.04985
1.06714
1.08453
1.10201
1.11958
1.13723
1.15496
1.17278
1.19067
1.20863
1.22667
1.24476
1.26292
1.28114
1.29941
1.31773
1.33609
1.3545
1.37294
1.3914
1.40989
1.42839
1.4469
1.46541
1.48391
1.50239
1.52084
1.53925
1.5576
1.57589
1.59409
1.61219
1.63016
1.64799
1.66565
1.68311
1.70034
1.71731
1.73396
1.75026
1.76615
1.78158
1.79647
1.81076
1.82436
1.83718
1.84912
1.86008
1.86995
1.87862
1.886
1.89198
1.89649
1.89947
1.90088
1.90073
1.89904
1.89585
1.89125
1.88531
1.87814
1.86985
1.86054
1.8503
1.83925
1.82747
1.81504
1.80203
1.78852
1.77457
1.76022
1.97794
1.96355
1.94905
1.93444
1.91972
1.9049
1.88998
1.87496
1.85985
1.84465
1.82936
1.81399
1.79854
1.78301
1.7674
1.75173
1.73598
1.72017
1.7043
1.68837
1.67238
1.65633
1.64023
1.62409
1.60789
1.59166
1.57538
1.55907
1.54272
1.52634
1.50992
1.49348
1.47701
1.46052
1.44401
1.42748
1.41094
1.39438
1.37781
1.36123
1.34464
1.32805
1.31146
1.29486
1.27827
1.26168
1.2451
1.22852
1.21196
1.1954
1.17887
1.16234
1.14584
1.12935
1.11289
1.09644
1.08003
1.06364
1.04728
1.03095
1.01465
0.998392
0.982164
0.965977
0.949828
0.933721
0.917657
0.901637
0.885661
0.869736
0.853861
0.838037
0.822266
0.806548
0.790889
0.775288
0.759747
0.744267
0.728852
0.713501
0.698218
0.683004
0.66786
0.65279
0.637793
0.622872
0.60803
0.593268
0.578589
0.563994
0.549487
0.535067
0.520739
0.506502
0.492364
0.478326
0.46439
0.450558
0.436835
0.423223
0.409727
0.396352
0.383096
0.369968
0.356972
0.344112
0.331393
0.318823
0.306407
0.294151
0.282062
0.27015
0.258422
0.24689
0.235562
0.224448
0.213563
0.20292
0.19253
0.182414
0.172586
0.163066
0.153874
0.145031
0.136563
0.128492
0.120845
0.11365
0.106934
0.100726
0.095051
0.0899392
0.085415
0.0814986
0.0782088
0.0755592
0.0735582
0.0722081
0.0715054
0.0714405
0.0719975
0.0731565
0.07489
0.0771758
0.0799799
0.0832702
0.0870172
0.0911892
0.0957534
0.100682
0.105949
0.111525
0.11739
0.12352
0.129898
0.136503
0.143328
0.150355
0.157574
0.164972
0.172542
0.180278
0.18817
0.196216
0.204411
0.212749
0.22123
0.229851
0.23861
0.247506
0.256538
0.265705
0.275008
0.284448
0.294027
0.30374
0.31359
0.323575
0.333702
0.343968
0.354374
0.364922
0.375613
0.386447
0.397424
0.408547
0.419815
0.43123
0.44279
0.4545
0.466357
0.478363
0.490516
0.502817
0.515268
0.527868
0.540616
0.553513
0.566558
0.579754
0.593093
0.606579
0.620209
0.633985
0.647905
0.661968
0.676173
0.69052
0.705006
0.719631
0.734393
0.74929
0.764322
0.779487
0.794784
0.810208
0.825763
0.841444
0.857249
0.873179
0.889228
0.905397
0.921683
0.938084
0.954599
0.971224
0.987958
1.0048
1.02175
1.03879
1.05594
1.07318
1.09052
1.10795
1.12547
1.14308
1.16077
1.17854
1.19639
1.21431
1.2323
1.25036
1.26849
1.28667
1.30491
1.3232
1.34154
1.35992
1.37833
1.39677
1.41524
1.43372
1.45222
1.47071
1.4892
1.50767
1.52612
1.54453
1.56289
1.58118
1.59939
1.61751
1.63551
1.65337
1.67107
1.68857
1.70585
1.72288
1.73961
1.75599
1.77198
1.78752
1.80253
1.81696
1.83072
1.84371
1.85584
1.86702
1.87712
1.88605
1.89369
1.89995
1.90475
1.90802
1.90973
1.90987
1.90846
1.90554
1.90118
1.89548
1.88853
1.88044
1.87131
1.86125
1.85035
1.83872
1.82643
1.81355
1.80017
1.78633
1.77209
1.98162
1.96723
1.95273
1.93811
1.92339
1.90857
1.89365
1.87863
1.86352
1.84832
1.83304
1.81767
1.80221
1.78668
1.77108
1.7554
1.73966
1.72385
1.70797
1.69204
1.67605
1.66
1.64391
1.62776
1.61157
1.59533
1.57906
1.56274
1.5464
1.53001
1.5136
1.49716
1.48069
1.4642
1.44769
1.43116
1.41462
1.39806
1.38149
1.36491
1.34833
1.33174
1.31514
1.29855
1.28196
1.26537
1.24879
1.23221
1.21565
1.1991
1.18256
1.16604
1.14953
1.13305
1.11659
1.10015
1.08373
1.06734
1.05099
1.03466
1.01837
1.00211
0.985881
0.969696
0.95355
0.937447
0.921386
0.905371
0.889401
0.87348
0.85761
0.841792
0.826027
0.810316
0.794665
0.779072
0.76354
0.74807
0.732665
0.717326
0.702056
0.686855
0.671726
0.656672
0.641692
0.626791
0.611967
0.597228
0.582574
0.568006
0.553527
0.539138
0.524841
0.510642
0.496545
0.482548
0.468656
0.454874
0.441204
0.42765
0.414215
0.400905
0.387722
0.374672
0.361759
0.348992
0.336372
0.323907
0.311605
0.299472
0.287516
0.275741
0.264166
0.252796
0.241643
0.230717
0.220036
0.209606
0.199446
0.189574
0.180006
0.170762
0.161861
0.153326
0.145179
0.137443
0.130144
0.123307
0.116958
0.111122
0.105821
0.10108
0.0969177
0.0933515
0.0903942
0.0880557
0.0863392
0.0852436
0.0847623
0.0848846
0.0855929
0.0868683
0.0886842
0.0910204
0.0938453
0.0971312
0.100848
0.10497
0.109468
0.114315
0.119486
0.124962
0.130717
0.136732
0.142991
0.149478
0.156177
0.16308
0.170174
0.177449
0.184896
0.192509
0.200283
0.208211
0.216289
0.224513
0.232882
0.241392
0.250043
0.258831
0.267758
0.27682
0.28602
0.295361
0.304837
0.314451
0.324203
0.334096
0.344125
0.354296
0.364609
0.375064
0.385664
0.396406
0.407294
0.418325
0.429505
0.440831
0.452304
0.463925
0.475696
0.487616
0.499683
0.5119
0.524267
0.536783
0.549447
0.562262
0.575224
0.588334
0.601596
0.615001
0.628552
0.64225
0.656091
0.670075
0.684204
0.698474
0.712885
0.727435
0.742123
0.756948
0.771906
0.786999
0.802225
0.817582
0.833068
0.848681
0.864419
0.880282
0.896267
0.912372
0.928595
0.944935
0.961388
0.977953
0.994629
1.01141
1.0283
1.04529
1.06239
1.07958
1.09686
1.11424
1.13171
1.14927
1.16692
1.18464
1.20245
1.22032
1.23828
1.2563
1.27439
1.29253
1.31074
1.329
1.3473
1.36565
1.38404
1.40245
1.4209
1.43936
1.45784
1.47632
1.4948
1.51326
1.53171
1.55011
1.56848
1.58678
1.605
1.62314
1.64116
1.65905
1.67679
1.69434
1.71167
1.72876
1.74556
1.76203
1.77812
1.79377
1.80892
1.82349
1.83741
1.85059
1.86293
1.87432
1.88467
1.89386
1.90179
1.90834
1.91345
1.91703
1.91905
1.9195
1.91838
1.91575
1.91166
1.90621
1.8995
1.89162
1.88269
1.87281
1.86209
1.85061
1.83847
1.82573
1.81248
1.79877
1.78465
1.98554
1.97115
1.95664
1.94203
1.92731
1.91249
1.89757
1.88255
1.86744
1.85224
1.83695
1.82158
1.80613
1.7906
1.77499
1.75932
1.74357
1.72776
1.71189
1.69596
1.67997
1.66392
1.64782
1.63168
1.61549
1.59925
1.58298
1.56666
1.55032
1.53393
1.51752
1.50108
1.48462
1.46813
1.45162
1.43509
1.41855
1.40199
1.38542
1.36884
1.35226
1.33567
1.31908
1.30249
1.28589
1.26931
1.25273
1.23615
1.21959
1.20304
1.1865
1.16998
1.15348
1.137
1.12054
1.1041
1.08769
1.0713
1.05495
1.03862
1.02233
1.00607
0.989852
0.97367
0.957529
0.94143
0.925374
0.909363
0.893397
0.877483
0.861619
0.845808
0.830053
0.814348
0.798705
0.783122
0.767599
0.752141
0.736748
0.721423
0.706167
0.690981
0.675869
0.660832
0.645872
0.630991
0.616192
0.601476
0.586848
0.572309
0.557861
0.543506
0.529245
0.515086
0.501031
0.48708
0.473238
0.459508
0.445895
0.432402
0.419034
0.405795
0.392689
0.379722
0.366899
0.354227
0.341711
0.329357
0.317176
0.305171
0.293352
0.281726
0.270309
0.259109
0.248137
0.237406
0.226929
0.216721
0.206795
0.197171
0.187866
0.178898
0.170287
0.162057
0.154227
0.14682
0.139861
0.133371
0.127373
0.121889
0.116941
0.112546
0.108722
0.105479
0.102827
0.100773
0.0993151
0.098451
0.0981709
0.0984631
0.0993109
0.100694
0.102588
0.104974
0.107823
0.111109
0.114805
0.118889
0.123332
0.128111
0.133203
0.138587
0.144249
0.150164
0.156319
0.162698
0.169287
0.176078
0.183059
0.19022
0.197556
0.205058
0.21272
0.220539
0.228509
0.236626
0.244889
0.253294
0.261842
0.270528
0.279354
0.288317
0.297423
0.306664
0.316044
0.325561
0.335218
0.345016
0.354952
0.365032
0.375253
0.385618
0.396127
0.40678
0.417578
0.428521
0.439612
0.45085
0.462234
0.473769
0.485453
0.497286
0.509267
0.521399
0.533681
0.546112
0.558693
0.571423
0.584302
0.59733
0.610506
0.623832
0.637302
0.650918
0.66468
0.678587
0.692636
0.706828
0.721163
0.735635
0.750247
0.764996
0.779881
0.794902
0.810055
0.82534
0.840753
0.856296
0.871966
0.887761
0.903678
0.919716
0.935874
0.95215
0.96854
0.985043
1.00166
1.01838
1.03521
1.05215
1.06918
1.08632
1.10355
1.12088
1.13829
1.1558
1.1734
1.19108
1.20883
1.22667
1.24458
1.26256
1.28061
1.29872
1.31688
1.33511
1.35338
1.3717
1.39005
1.40845
1.42687
1.44531
1.46377
1.48223
1.5007
1.51915
1.53759
1.556
1.57436
1.59267
1.61091
1.62906
1.64711
1.66503
1.6828
1.7004
1.71779
1.73494
1.75182
1.76838
1.78457
1.80033
1.81561
1.83034
1.84442
1.85779
1.87034
1.88197
1.89257
1.90204
1.91026
1.91712
1.92255
1.92646
1.92882
1.92959
1.92879
1.92646
1.92267
1.91749
1.91102
1.90337
1.89465
1.88497
1.87443
1.86312
1.85114
1.83855
1.82544
1.81186
1.79787
1.98971
1.97531
1.96081
1.94619
1.93147
1.91665
1.90173
1.88671
1.8716
1.8564
1.84111
1.82574
1.81028
1.79476
1.77915
1.76347
1.74773
1.73192
1.71605
1.70012
1.68413
1.66808
1.65199
1.63584
1.61965
1.60342
1.58714
1.57083
1.55448
1.5381
1.52169
1.50525
1.48879
1.4723
1.45579
1.43926
1.42272
1.40616
1.3896
1.37302
1.35644
1.33985
1.32326
1.30667
1.29008
1.27349
1.25691
1.24034
1.22378
1.20723
1.1907
1.17418
1.15768
1.1412
1.12474
1.1083
1.09189
1.07551
1.05916
1.04284
1.02655
1.0103
0.99408
0.977903
0.961766
0.945672
0.929621
0.913616
0.897657
0.881749
0.865893
0.850088
0.834342
0.818646
0.803014
0.787441
0.77193
0.756485
0.741105
0.725794
0.710554
0.695385
0.680291
0.665274
0.650336
0.635478
0.620705
0.606015
0.591416
0.576907
0.562493
0.548172
0.533953
0.519837
0.505828
0.491927
0.478138
0.464465
0.450913
0.437487
0.424189
0.411025
0.398001
0.385124
0.372395
0.359825
0.347417
0.335181
0.323122
0.311251
0.299576
0.288109
0.276854
0.26583
0.255045
0.244512
0.234246
0.22426
0.21457
0.205199
0.196157
0.187466
0.179145
0.171215
0.163696
0.15661
0.149978
0.143821
0.138159
0.13301
0.128394
0.124323
0.120812
0.117868
0.115499
0.113704
0.112482
0.111828
0.111731
0.112179
0.113154
0.114637
0.116606
0.11904
0.121915
0.125206
0.12889
0.132941
0.137339
0.14206
0.147085
0.152396
0.157972
0.163801
0.169862
0.176144
0.182637
0.189325
0.196204
0.203263
0.210496
0.217895
0.225455
0.233173
0.241042
0.249059
0.257222
0.26553
0.273979
0.28257
0.2913
0.300172
0.30918
0.318328
0.327615
0.337041
0.346607
0.356314
0.366158
0.376148
0.386279
0.396556
0.406977
0.417542
0.428252
0.439108
0.450111
0.461262
0.47256
0.484008
0.495605
0.507352
0.519248
0.531294
0.543491
0.555837
0.568333
0.580979
0.593774
0.606718
0.619811
0.633051
0.646442
0.659978
0.673658
0.687484
0.701451
0.715564
0.729819
0.744214
0.758748
0.773421
0.78823
0.803177
0.818256
0.833466
0.848808
0.864279
0.879878
0.895602
0.91145
0.92742
0.94351
0.959719
0.976043
0.992483
1.00903
1.0257
1.04246
1.05934
1.07631
1.09339
1.11057
1.12784
1.14521
1.16266
1.1802
1.19783
1.21554
1.23333
1.2512
1.26913
1.28714
1.30521
1.32334
1.34152
1.35976
1.37804
1.39637
1.41474
1.43313
1.45155
1.46999
1.48844
1.50689
1.52534
1.54377
1.56217
1.58054
1.59885
1.6171
1.63527
1.65334
1.67129
1.6891
1.70674
1.72419
1.74141
1.75836
1.77501
1.7913
1.80719
1.8226
1.83748
1.85174
1.8653
1.87807
1.88994
1.90081
1.91056
1.91908
1.92627
1.93204
1.9363
1.939
1.94012
1.93966
1.93766
1.93417
1.92927
1.92307
1.91567
1.90718
1.89771
1.88736
1.87623
1.86441
1.85197
1.83901
1.82557
1.81171
1.99411
1.97972
1.96521
1.9506
1.93588
1.92105
1.90613
1.89111
1.876
1.8608
1.84551
1.83014
1.81469
1.79916
1.78355
1.76788
1.75213
1.73632
1.72045
1.70452
1.68853
1.67249
1.65639
1.64025
1.62406
1.60783
1.59155
1.57524
1.55889
1.54251
1.5261
1.50967
1.4932
1.47672
1.46021
1.44368
1.42714
1.41059
1.39402
1.37745
1.36086
1.34428
1.32769
1.3111
1.29451
1.27793
1.26135
1.24478
1.22822
1.21168
1.19514
1.17863
1.16213
1.14565
1.1292
1.11277
1.09636
1.07998
1.06363
1.04731
1.03103
1.01478
0.998568
0.982395
0.966264
0.950176
0.934131
0.918133
0.902183
0.886281
0.870433
0.854638
0.838901
0.823215
0.807593
0.792033
0.776535
0.761104
0.74574
0.730445
0.715222
0.700072
0.684999
0.670003
0.655088
0.640257
0.625511
0.61085
0.596283
0.581808
0.56743
0.553148
0.538972
0.524902
0.510942
0.497093
0.483361
0.46975
0.456264
0.442908
0.429685
0.416604
0.403666
0.390881
0.378252
0.365788
0.353495
0.341381
0.329452
0.317722
0.306196
0.294886
0.283805
0.272957
0.262362
0.252034
0.241983
0.232224
0.222774
0.213653
0.204874
0.196459
0.188423
0.180789
0.173573
0.166798
0.160482
0.154644
0.149301
0.144469
0.140164
0.136396
0.133176
0.130509
0.128398
0.126842
0.125836
0.125375
0.125445
0.126036
0.127128
0.128703
0.130741
0.133222
0.136124
0.139423
0.143098
0.147126
0.151486
0.156161
0.161128
0.166372
0.171875
0.177624
0.183605
0.189801
0.196204
0.202802
0.209589
0.216555
0.223694
0.230998
0.238464
0.246086
0.253863
0.261787
0.269857
0.278072
0.286431
0.29493
0.303572
0.312351
0.32127
0.330328
0.339527
0.348864
0.358343
0.367962
0.37772
0.387623
0.397667
0.407855
0.418189
0.428669
0.439293
0.450062
0.46098
0.472046
0.483258
0.49462
0.506131
0.517793
0.529605
0.541564
0.553676
0.565937
0.578349
0.59091
0.603621
0.616481
0.62949
0.642647
0.655953
0.669407
0.683006
0.696749
0.710637
0.72467
0.738844
0.75316
0.767616
0.78221
0.796941
0.81181
0.826813
0.841948
0.857215
0.872612
0.88814
0.903791
0.919568
0.935468
0.951488
0.967628
0.983886
1.00026
1.01674
1.03334
1.05005
1.06686
1.08378
1.10079
1.11791
1.13513
1.15244
1.16984
1.18733
1.2049
1.22256
1.2403
1.25812
1.27601
1.29397
1.312
1.33009
1.34824
1.36644
1.38469
1.40298
1.42132
1.43968
1.45808
1.4765
1.49493
1.51336
1.5318
1.55022
1.56862
1.58698
1.6053
1.62356
1.64175
1.65984
1.67782
1.69567
1.71336
1.73086
1.74815
1.76518
1.78192
1.79831
1.81431
1.82987
1.8449
1.85934
1.8731
1.88609
1.89821
1.90934
1.91939
1.92823
1.93576
1.94188
1.94651
1.94958
1.95106
1.95096
1.9493
1.94613
1.94154
1.93563
1.92849
1.92024
1.91099
1.90084
1.8899
1.87825
1.86599
1.85317
1.83988
1.82616
1.99877
1.98437
1.96986
1.95525
1.94053
1.9257
1.91078
1.89576
1.88065
1.86545
1.85016
1.83479
1.81934
1.80381
1.7882
1.77253
1.75678
1.74097
1.7251
1.70917
1.69318
1.67714
1.66105
1.6449
1.62871
1.61248
1.59621
1.5799
1.56355
1.54718
1.53077
1.51433
1.49787
1.48138
1.46488
1.44835
1.43181
1.41526
1.3987
1.38212
1.36554
1.34896
1.33237
1.31578
1.2992
1.28262
1.26604
1.24948
1.23292
1.21637
1.19984
1.18333
1.16684
1.15036
1.13391
1.11748
1.10108
1.08471
1.06836
1.05205
1.03577
1.01952
1.00332
0.987151
0.971025
0.954944
0.938907
0.922916
0.906974
0.891081
0.875242
0.85946
0.843732
0.828057
0.812448
0.796901
0.781418
0.766002
0.750654
0.735377
0.720175
0.705046
0.689995
0.675023
0.660135
0.645331
0.630614
0.615987
0.601452
0.587015
0.572673
0.558438
0.544307
0.530286
0.516377
0.502586
0.488915
0.475368
0.461951
0.44867
0.435529
0.422533
0.409687
0.397
0.384475
0.372122
0.359948
0.34796
0.33617
0.324584
0.313212
0.302067
0.291158
0.280494
0.270096
0.259972
0.250138
0.240608
0.2314
0.222529
0.214012
0.205867
0.198113
0.190767
0.183847
0.177372
0.171359
0.165825
0.160785
0.156253
0.15224
0.148755
0.145804
0.143393
0.14152
0.140183
0.139376
0.139091
0.139315
0.140036
0.141234
0.142896
0.144999
0.147526
0.150453
0.153762
0.157433
0.161444
0.165773
0.170405
0.175324
0.18051
0.185949
0.191628
0.197533
0.203655
0.209978
0.216495
0.223195
0.230077
0.23713
0.244348
0.251727
0.259262
0.26695
0.274788
0.282772
0.290901
0.299172
0.307589
0.316142
0.324835
0.333669
0.342642
0.351756
0.361009
0.370403
0.379938
0.389612
0.39943
0.40939
0.419495
0.429745
0.440139
0.450678
0.461364
0.472198
0.483179
0.494307
0.505586
0.517013
0.528589
0.540315
0.552191
0.564217
0.576394
0.588721
0.601198
0.613825
0.6266
0.639525
0.6526
0.665821
0.679194
0.692709
0.706371
0.720177
0.734128
0.748221
0.762456
0.776832
0.791347
0.806
0.82079
0.835715
0.850774
0.865965
0.881287
0.896738
0.912316
0.92802
0.943847
0.959798
0.975868
0.992056
1.00836
1.02478
1.04131
1.05795
1.0747
1.09155
1.10851
1.12557
1.14272
1.15997
1.17732
1.19476
1.21228
1.22989
1.24757
1.26534
1.28318
1.3011
1.31908
1.33713
1.35524
1.3734
1.39161
1.40987
1.42818
1.44652
1.46488
1.48328
1.50169
1.52011
1.53853
1.55694
1.57534
1.5937
1.61203
1.6303
1.6485
1.66661
1.68462
1.7025
1.72024
1.73779
1.75514
1.77225
1.78908
1.80558
1.8217
1.83739
1.85258
1.8672
1.88116
1.89438
1.90675
1.91817
1.92852
1.93769
1.94557
1.95206
1.95706
1.96052
1.96239
1.96266
1.96136
1.95854
1.95428
1.94866
1.9418
1.9338
1.92479
1.91486
1.90411
1.89265
1.88056
1.8679
1.85476
1.84119
2.00367
1.98927
1.97476
1.96015
1.94542
1.9306
1.91568
1.90066
1.88554
1.87034
1.85505
1.83968
1.82423
1.8087
1.7931
1.77742
1.76168
1.74587
1.73
1.71407
1.69808
1.68204
1.66595
1.6498
1.63362
1.61739
1.60111
1.58481
1.56846
1.55208
1.53568
1.51924
1.50278
1.4863
1.46979
1.45327
1.43673
1.42018
1.40362
1.38705
1.37047
1.35389
1.33731
1.32072
1.30414
1.28756
1.27099
1.25442
1.23787
1.22133
1.2048
1.18829
1.1718
1.15533
1.13888
1.12246
1.10606
1.08969
1.07335
1.05704
1.04077
1.02453
1.00833
0.992171
0.976053
0.959979
0.94395
0.927968
0.912036
0.896153
0.880325
0.864554
0.848838
0.833177
0.817581
0.802048
0.786582
0.771183
0.755854
0.740598
0.725415
0.710309
0.695283
0.680339
0.665478
0.650704
0.63602
0.621428
0.606931
0.59253
0.578234
0.564044
0.549962
0.535994
0.522142
0.50841
0.494804
0.481326
0.467984
0.454781
0.441723
0.428817
0.416068
0.403483
0.391069
0.378833
0.366782
0.354926
0.343275
0.331838
0.320628
0.30965
0.298918
0.288446
0.278242
0.268327
0.258711
0.249411
0.24044
0.231819
0.22356
0.215684
0.208204
0.201138
0.194506
0.18832
0.182598
0.177354
0.172601
0.168351
0.164611
0.16139
0.15869
0.156515
0.154861
0.153725
0.1531
0.152976
0.153342
0.154182
0.15548
0.157221
0.159384
0.161952
0.164907
0.168229
0.171897
0.175892
0.180197
0.184793
0.189667
0.194803
0.200185
0.205803
0.211642
0.217692
0.223945
0.230388
0.237011
0.243815
0.250789
0.257927
0.265226
0.27268
0.280287
0.288043
0.295946
0.303994
0.312184
0.320519
0.328991
0.337604
0.346357
0.355249
0.364281
0.373454
0.382766
0.39222
0.401815
0.41155
0.421429
0.431452
0.44162
0.451932
0.46239
0.472993
0.483744
0.494643
0.505688
0.516883
0.528227
0.539721
0.551363
0.563155
0.575097
0.58719
0.599432
0.611825
0.624368
0.637061
0.649903
0.662893
0.676031
0.689317
0.702753
0.716331
0.730055
0.743924
0.757935
0.772089
0.786384
0.800818
0.815391
0.830102
0.844949
0.859929
0.875043
0.890289
0.905663
0.921167
0.936795
0.952549
0.968426
0.984424
1.00054
1.01677
1.03313
1.04959
1.06616
1.08285
1.09964
1.11653
1.13353
1.15062
1.16781
1.1851
1.20248
1.21994
1.2375
1.25513
1.27285
1.29064
1.30851
1.32645
1.34445
1.36251
1.38064
1.39882
1.41704
1.43531
1.45362
1.47196
1.49033
1.50872
1.52712
1.54552
1.56392
1.58231
1.60067
1.619
1.63728
1.65549
1.67363
1.69166
1.70958
1.72736
1.74497
1.76238
1.77957
1.79648
1.81309
1.82934
1.84517
1.86051
1.87531
1.88948
1.90292
1.91555
1.92725
1.93792
1.94742
1.95567
1.96253
1.96793
1.97179
1.97406
1.97473
1.97382
1.97136
1.96744
1.96214
1.95558
1.94785
1.93908
1.92938
1.91885
1.90758
1.89566
1.88318
1.87019
1.85677
2.00881
1.99441
1.97991
1.96529
1.95057
1.93574
1.92082
1.9058
1.89069
1.87548
1.86019
1.84482
1.82937
1.81384
1.79824
1.78256
1.76682
1.75101
1.73514
1.71922
1.70323
1.68719
1.6711
1.65495
1.63877
1.62254
1.60627
1.58996
1.57362
1.55724
1.54084
1.52441
1.50795
1.49147
1.47496
1.45844
1.44191
1.42536
1.4088
1.39223
1.37565
1.35907
1.34249
1.32591
1.30933
1.29276
1.27619
1.25963
1.24308
1.22654
1.21002
1.19351
1.17702
1.16056
1.14411
1.1277
1.1113
1.09494
1.0786
1.0623
1.04604
1.0298
1.01361
0.997459
0.981349
0.965284
0.949264
0.933292
0.91737
0.901498
0.885682
0.869924
0.854222
0.838576
0.822996
0.80748
0.792031
0.776651
0.761343
0.746108
0.730949
0.715869
0.700869
0.685952
0.671122
0.656381
0.641733
0.627179
0.612721
0.598363
0.584113
0.569972
0.555943
0.542031
0.52824
0.51457
0.501032
0.487627
0.474364
0.461244
0.448274
0.435463
0.422814
0.410335
0.398035
0.38592
0.373999
0.362281
0.350775
0.339492
0.328441
0.317635
0.307085
0.296804
0.2868
0.277095
0.267699
0.258628
0.249895
0.241521
0.233517
0.2259
0.218688
0.211895
0.205539
0.199633
0.194188
0.18922
0.184738
0.180752
0.177269
0.174292
0.171826
0.169869
0.168417
0.167467
0.167008
0.167032
0.167527
0.168478
0.169865
0.171679
0.173899
0.17651
0.17949
0.182822
0.186489
0.190472
0.194755
0.199322
0.204157
0.209248
0.21458
0.220142
0.225921
0.231908
0.238093
0.24447
0.251027
0.257756
0.264657
0.271722
0.278946
0.286326
0.293857
0.301537
0.309362
0.317335
0.325451
0.333707
0.342103
0.350639
0.359314
0.36813
0.377085
0.386179
0.395414
0.40479
0.414307
0.423963
0.433764
0.443708
0.453796
0.464029
0.474407
0.484931
0.495601
0.506417
0.517382
0.528496
0.539759
0.551169
0.56273
0.574438
0.586296
0.598307
0.610466
0.622776
0.635236
0.647845
0.660604
0.67351
0.686565
0.699767
0.713116
0.726615
0.740257
0.754042
0.767972
0.782043
0.796257
0.81061
0.825102
0.839733
0.8545
0.869402
0.884438
0.899605
0.914902
0.930329
0.945882
0.961561
0.977364
0.993288
1.00933
1.0255
1.04178
1.05817
1.07468
1.09129
1.10801
1.12484
1.14178
1.15881
1.17594
1.19316
1.21048
1.22789
1.24539
1.26297
1.28063
1.29838
1.31619
1.33408
1.35204
1.37006
1.38814
1.40628
1.42447
1.4427
1.46098
1.47929
1.49763
1.516
1.53438
1.55276
1.57115
1.58953
1.60789
1.62622
1.6445
1.66273
1.68088
1.69895
1.7169
1.73472
1.75238
1.76986
1.78712
1.80412
1.82083
1.8372
1.85317
1.86867
1.88365
1.89803
1.9117
1.92459
1.93658
1.94756
1.95741
1.96602
1.97328
1.97909
1.98337
1.98606
1.98715
1.98664
1.98457
1.98101
1.97605
1.96979
1.96235
1.95384
1.94438
1.93407
1.923
1.91127
1.89897
1.88615
1.87288
2.0142
1.99981
1.9853
1.97068
1.95596
1.94113
1.92621
1.91119
1.89607
1.88087
1.86558
1.85021
1.83476
1.81923
1.80363
1.78796
1.77221
1.75641
1.74054
1.72461
1.70862
1.69258
1.67649
1.66035
1.64417
1.62794
1.61167
1.59537
1.57903
1.56265
1.54625
1.52982
1.51336
1.49688
1.48038
1.46387
1.44733
1.43079
1.41423
1.39766
1.38109
1.36451
1.34793
1.33136
1.31478
1.29821
1.28164
1.26509
1.24854
1.23201
1.21549
1.19899
1.18251
1.16605
1.14961
1.13319
1.11681
1.10045
1.08412
1.06783
1.05157
1.03534
1.01916
1.00302
0.986916
0.970861
0.954851
0.938891
0.922981
0.907121
0.89132
0.875575
0.859888
0.844258
0.828695
0.813197
0.797768
0.78241
0.767123
0.751913
0.73678
0.721726
0.706755
0.69187
0.677073
0.662367
0.647756
0.633242
0.618826
0.604517
0.590316
0.576227
0.562255
0.548401
0.534672
0.521072
0.507606
0.494278
0.481094
0.468061
0.455186
0.442473
0.429929
0.417562
0.40538
0.39339
0.381602
0.370025
0.358669
0.347543
0.336659
0.326026
0.315659
0.305569
0.295771
0.286273
0.277097
0.268253
0.259757
0.251626
0.243871
0.236511
0.229559
0.223029
0.216937
0.211295
0.206115
0.20141
0.197185
0.193448
0.190204
0.187456
0.185206
0.18345
0.182186
0.181405
0.1811
0.18126
0.181871
0.182921
0.184397
0.186279
0.18855
0.191197
0.194202
0.197546
0.201213
0.205186
0.20945
0.21399
0.218791
0.223842
0.229129
0.23464
0.240366
0.246295
0.25242
0.258732
0.265226
0.27189
0.278724
0.28572
0.292875
0.300184
0.307646
0.315254
0.323009
0.330912
0.338954
0.347137
0.35546
0.363923
0.372525
0.381267
0.390149
0.399169
0.40833
0.417631
0.427072
0.436652
0.446377
0.456245
0.466257
0.476413
0.486713
0.497158
0.50775
0.518487
0.529372
0.540406
0.551587
0.562917
0.574398
0.586026
0.597803
0.609729
0.621807
0.634035
0.646412
0.658938
0.671613
0.684436
0.697407
0.710527
0.723793
0.737206
0.750768
0.76447
0.778317
0.792306
0.806437
0.820709
0.83512
0.84967
0.864356
0.879178
0.894135
0.909223
0.924442
0.939791
0.955267
0.97087
0.986597
1.00245
1.01842
1.03451
1.05072
1.06704
1.08348
1.10002
1.11668
1.13344
1.15031
1.16728
1.18434
1.20151
1.21876
1.23611
1.25355
1.27108
1.28869
1.30638
1.32414
1.34198
1.35989
1.37787
1.3959
1.414
1.43215
1.45035
1.46859
1.48687
1.50518
1.52352
1.54188
1.56025
1.57862
1.59699
1.61534
1.63367
1.65196
1.6702
1.68837
1.70645
1.72444
1.7423
1.76001
1.77755
1.79488
1.81198
1.82879
1.84527
1.86138
1.87705
1.89221
1.90679
1.9207
1.93384
1.94612
1.95742
1.96763
1.97662
1.98428
1.99051
1.99523
1.99836
1.99988
1.99979
1.99813
1.99495
1.99034
1.98442
1.97728
1.96905
1.95984
1.94975
1.9389
1.92737
1.91524
1.9026
1.8895
2.01985
2.00545
1.99094
1.97632
1.96159
1.94677
1.93184
1.91682
1.90171
1.88651
1.87122
1.85585
1.8404
1.82487
1.80927
1.79359
1.77785
1.76205
1.74618
1.73025
1.71427
1.69823
1.68214
1.666
1.64981
1.63359
1.61733
1.60102
1.58468
1.56831
1.55191
1.53548
1.51903
1.50255
1.48606
1.46954
1.45301
1.43647
1.41991
1.40335
1.38678
1.37021
1.35363
1.33706
1.32049
1.30392
1.28736
1.27081
1.25427
1.23774
1.22123
1.20473
1.18825
1.1718
1.15536
1.13896
1.12258
1.10623
1.08991
1.07362
1.05737
1.04115
1.02498
1.00885
0.992757
0.976711
0.960714
0.944765
0.928869
0.913025
0.897237
0.881507
0.865837
0.850225
0.834681
0.819204
0.803797
0.788461
0.7732
0.758015
0.742909
0.727886
0.712946
0.698094
0.683333
0.668665
0.654094
0.639624
0.625254
0.610993
0.596846
0.582812
0.568898
0.555109
0.541447
0.527918
0.514526
0.501279
0.488182
0.475241
0.462462
0.449851
0.437418
0.425166
0.413105
0.401246
0.389596
0.378164
0.366959
0.355993
0.345276
0.334822
0.32464
0.314744
0.305146
0.295863
0.286901
0.278283
0.27002
0.262127
0.254618
0.247506
0.240806
0.234531
0.228694
0.223306
0.218377
0.213917
0.209934
0.20643
0.20341
0.200877
0.198826
0.197257
0.196164
0.19554
0.195375
0.195659
0.19638
0.197523
0.199074
0.201018
0.203338
0.20602
0.209047
0.212402
0.21607
0.220035
0.224282
0.228798
0.233569
0.238582
0.243828
0.249294
0.25497
0.260847
0.266916
0.27317
0.279603
0.28621
0.292978
0.299912
0.307002
0.314245
0.32164
0.329182
0.336873
0.344705
0.35268
0.360794
0.369048
0.377442
0.385975
0.394647
0.403458
0.412408
0.421497
0.430726
0.440095
0.449603
0.459255
0.469049
0.478986
0.489066
0.499291
0.50966
0.520175
0.530834
0.541642
0.552597
0.5637
0.574952
0.586351
0.597899
0.609598
0.621445
0.633442
0.645585
0.65788
0.670324
0.682916
0.695656
0.708545
0.721581
0.734765
0.748095
0.76157
0.775193
0.788957
0.802864
0.816913
0.831102
0.845432
0.8599
0.874505
0.88925
0.904126
0.919134
0.934275
0.949545
0.964943
0.980469
0.99612
1.01189
1.02779
1.04381
1.05994
1.07619
1.09256
1.10904
1.12562
1.14231
1.15911
1.17601
1.19301
1.21011
1.22731
1.2446
1.26198
1.27944
1.297
1.31463
1.33234
1.35013
1.36799
1.38592
1.40391
1.42196
1.44007
1.45823
1.47644
1.49468
1.51297
1.53128
1.54961
1.56796
1.58632
1.60468
1.62302
1.64134
1.65964
1.67788
1.69607
1.71418
1.73219
1.75009
1.76785
1.78545
1.80286
1.82004
1.83695
1.85355
1.86979
1.88562
1.90096
1.91574
1.92988
1.94329
1.95586
1.96749
1.97805
1.98742
1.9955
2.00217
2.00733
2.01092
2.01289
2.01325
2.01201
2.00923
2.005
1.99942
1.9926
1.98466
1.97571
1.96587
1.95524
1.94392
1.93199
1.91952
1.90659
2.02574
2.01134
1.99683
1.98221
1.96748
1.95266
1.93773
1.92271
1.9076
1.89239
1.8771
1.86173
1.84628
1.83076
1.81515
1.79948
1.78374
1.76794
1.75207
1.73614
1.72016
1.70412
1.68804
1.6719
1.65572
1.63949
1.62323
1.60693
1.59059
1.57422
1.55783
1.5414
1.52495
1.50848
1.49198
1.47547
1.45894
1.4424
1.42585
1.40929
1.39273
1.37616
1.35959
1.34302
1.32645
1.30989
1.29333
1.27679
1.26025
1.24373
1.22722
1.21073
1.19426
1.17781
1.16139
1.14499
1.12861
1.11227
1.09596
1.07968
1.06344
1.04724
1.03107
1.01495
0.998871
0.982839
0.966854
0.950919
0.935037
0.919209
0.903438
0.887725
0.872074
0.856481
0.840958
0.825503
0.81012
0.79481
0.779575
0.764418
0.749342
0.73435
0.719445
0.704629
0.689906
0.675279
0.660752
0.646325
0.632008
0.617799
0.603705
0.58973
0.575878
0.562156
0.548566
0.535112
0.521802
0.508639
0.495632
0.482786
0.470107
0.457603
0.445281
0.43315
0.421216
0.409491
0.39798
0.386695
0.375645
0.364842
0.354296
0.34402
0.334024
0.324323
0.314928
0.305852
0.297107
0.288713
0.280678
0.27302
0.265748
0.258878
0.252422
0.246392
0.240799
0.235653
0.230963
0.226736
0.222978
0.219692
0.216883
0.214546
0.212681
0.211284
0.21035
0.20987
0.209836
0.210234
0.211052
0.21228
0.213902
0.215903
0.218266
0.220981
0.224028
0.227394
0.231062
0.235019
0.239251
0.243746
0.248489
0.253469
0.258675
0.264099
0.26973
0.275558
0.281577
0.287777
0.294154
0.300702
0.307414
0.314288
0.321318
0.3285
0.335833
0.343315
0.350939
0.358707
0.366616
0.374667
0.382855
0.391184
0.399651
0.408255
0.416999
0.425881
0.434902
0.444062
0.453362
0.462802
0.47238
0.482102
0.491968
0.501975
0.512126
0.522422
0.532862
0.543446
0.554178
0.565057
0.576083
0.587256
0.598578
0.610048
0.621666
0.633433
0.64535
0.657415
0.669628
0.68199
0.694499
0.707158
0.719964
0.732921
0.746022
0.759269
0.772662
0.786202
0.799883
0.813707
0.827673
0.84178
0.856028
0.870414
0.884938
0.899599
0.914393
0.929322
0.944382
0.959573
0.974893
0.99034
1.00591
1.02161
1.03743
1.05338
1.06944
1.08561
1.10191
1.11831
1.13482
1.15144
1.16817
1.18501
1.20194
1.21898
1.23611
1.25334
1.27065
1.28806
1.30556
1.32313
1.34079
1.35852
1.37633
1.39422
1.41216
1.43017
1.44823
1.46635
1.48452
1.50273
1.52098
1.53926
1.55757
1.5759
1.59424
1.61258
1.63091
1.64923
1.66752
1.68578
1.70397
1.7221
1.74015
1.75808
1.77589
1.79355
1.81103
1.82829
1.8453
1.86202
1.87839
1.89437
1.90988
1.92487
1.93924
1.95291
1.96578
1.97773
1.98865
1.99842
2.00691
2.01402
2.01965
2.02371
2.02616
2.02697
2.02618
2.02383
2.01999
2.01478
2.00829
2.00066
1.99199
1.9824
1.97201
1.9609
1.94916
1.93688
1.92412
2.03188
2.01748
2.00296
1.98834
1.97362
1.95879
1.94386
1.92884
1.91373
1.89853
1.88324
1.86787
1.85242
1.83689
1.82129
1.80562
1.78988
1.77408
1.75821
1.74228
1.7263
1.71027
1.69418
1.67805
1.66187
1.64564
1.62939
1.61309
1.59675
1.58039
1.56399
1.54757
1.53112
1.51465
1.49816
1.48165
1.46513
1.4486
1.43205
1.41549
1.39893
1.38237
1.3658
1.34924
1.33268
1.31612
1.29957
1.28303
1.2665
1.24998
1.23348
1.217
1.20053
1.18409
1.16767
1.15128
1.13492
1.11858
1.10228
1.08602
1.06978
1.05359
1.03744
1.02133
1.00526
0.989245
0.973275
0.957354
0.941488
0.92568
0.909924
0.894231
0.8786
0.863029
0.847528
0.832099
0.81674
0.801457
0.786251
0.771124
0.75608
0.741123
0.726254
0.711477
0.696795
0.682214
0.667733
0.653354
0.639088
0.624935
0.610899
0.596988
0.583204
0.56955
0.556034
0.542659
0.529432
0.516359
0.503445
0.490698
0.478124
0.465731
0.453524
0.441515
0.429712
0.418123
0.406755
0.39562
0.384728
0.37409
0.363717
0.353621
0.343812
0.334305
0.325111
0.316243
0.307715
0.299536
0.291725
0.284296
0.277256
0.27062
0.264399
0.258604
0.253244
0.248329
0.243864
0.239857
0.236312
0.233231
0.230614
0.228462
0.226769
0.225531
0.224744
0.224396
0.224479
0.224982
0.225891
0.227196
0.228882
0.230934
0.233339
0.236081
0.239147
0.242522
0.246191
0.250141
0.254359
0.258833
0.26355
0.2685
0.27367
0.279056
0.284643
0.290426
0.296397
0.302547
0.308873
0.315366
0.322024
0.328842
0.335814
0.342939
0.350216
0.357636
0.3652
0.372907
0.380755
0.388742
0.39687
0.405136
0.413539
0.42208
0.430758
0.439576
0.448532
0.457626
0.466859
0.47623
0.485741
0.495393
0.505189
0.515126
0.525206
0.53543
0.545797
0.556308
0.566966
0.57777
0.58872
0.599821
0.611066
0.622459
0.633999
0.645687
0.657524
0.669509
0.681643
0.693925
0.706353
0.718931
0.731656
0.744527
0.757545
0.770709
0.78402
0.797474
0.811076
0.824817
0.838701
0.852725
0.866891
0.881194
0.895637
0.910216
0.924929
0.939777
0.954757
0.969867
0.985108
1.00048
1.01597
1.03159
1.04734
1.06321
1.07919
1.09529
1.11151
1.12784
1.14428
1.16083
1.17749
1.19425
1.21112
1.22809
1.24516
1.26232
1.27958
1.29692
1.31436
1.33187
1.34948
1.36715
1.38491
1.40274
1.42064
1.4386
1.45661
1.47469
1.49282
1.51099
1.52921
1.54746
1.56574
1.58404
1.60236
1.62069
1.63901
1.65732
1.67561
1.69387
1.71208
1.73023
1.7483
1.76627
1.78412
1.80184
1.81937
1.83672
1.85382
1.87065
1.88715
1.90328
1.91898
1.93416
1.94876
1.96269
1.97585
1.98813
1.99941
2.00957
2.0185
2.02606
2.03216
2.0367
2.03964
2.04094
2.04061
2.0387
2.03528
2.03045
2.02432
2.01701
2.00863
1.99931
1.98916
1.97827
1.96675
1.95466
1.94208
2.03827
2.02387
2.00935
1.99473
1.98
1.96517
1.95025
1.93523
1.92011
1.90491
1.88962
1.87425
1.8588
1.84328
1.82768
1.81201
1.79627
1.78046
1.7646
1.74868
1.7327
1.71666
1.70058
1.68445
1.66827
1.65205
1.63579
1.6195
1.60317
1.58681
1.57041
1.55399
1.53755
1.52108
1.5046
1.48809
1.47157
1.45504
1.4385
1.42195
1.40539
1.38884
1.37227
1.35571
1.33916
1.32261
1.30606
1.28953
1.27301
1.2565
1.24
1.22353
1.20707
1.19064
1.17423
1.15785
1.14149
1.12517
1.10888
1.09262
1.0764
1.06022
1.04408
1.02798
1.01193
0.995931
0.979976
0.964074
0.948224
0.932434
0.916699
0.901026
0.885417
0.869868
0.854394
0.83899
0.82366
0.808406
0.793231
0.778138
0.763128
0.748208
0.733378
0.718644
0.704006
0.689469
0.675034
0.66071
0.6465
0.632406
0.618433
0.604587
0.590873
0.577293
0.563854
0.550562
0.537422
0.52444
0.511624
0.498979
0.486515
0.474234
0.462148
0.450267
0.438595
0.427144
0.415922
0.404941
0.394208
0.383737
0.373537
0.363621
0.354
0.344685
0.335691
0.327029
0.318712
0.310748
0.303157
0.295948
0.289134
0.282724
0.276729
0.271158
0.266021
0.261324
0.257074
0.253274
0.249929
0.247037
0.244602
0.242621
0.241087
0.239999
0.239344
0.239118
0.239308
0.239906
0.240897
0.242272
0.244016
0.246117
0.248557
0.251325
0.254407
0.257791
0.26146
0.265402
0.269607
0.274061
0.278754
0.283674
0.288813
0.294159
0.299707
0.305448
0.311372
0.317476
0.323753
0.330197
0.336803
0.343564
0.350486
0.357558
0.364777
0.372141
0.379648
0.387297
0.395087
0.403015
0.411082
0.419289
0.427632
0.436111
0.444729
0.453483
0.462375
0.471404
0.480575
0.489882
0.499326
0.508913
0.518641
0.52851
0.538521
0.548674
0.558971
0.56941
0.579996
0.590726
0.601603
0.612626
0.623797
0.635113
0.646576
0.658187
0.669946
0.681852
0.693906
0.706108
0.718459
0.730955
0.743598
0.75639
0.769326
0.782409
0.795637
0.809007
0.822523
0.836186
0.849986
0.863929
0.878011
0.892233
0.906594
0.92109
0.935722
0.950488
0.965387
0.980417
0.995577
1.01087
1.02629
1.04183
1.0575
1.07328
1.08919
1.10521
1.12136
1.13761
1.15398
1.17046
1.18705
1.20374
1.22054
1.23744
1.25444
1.27154
1.28873
1.30601
1.32339
1.34084
1.35839
1.37601
1.39371
1.41149
1.42933
1.44724
1.46522
1.48325
1.50133
1.51947
1.53765
1.55587
1.57412
1.59239
1.61069
1.629
1.64731
1.66561
1.6839
1.70216
1.72037
1.73853
1.75662
1.77463
1.79252
1.81029
1.82789
1.84531
1.86251
1.87945
1.89608
1.91235
1.92822
1.9436
1.95843
1.97261
1.98606
1.99866
2.01031
2.02087
2.03022
2.03824
2.04482
2.04987
2.05331
2.05511
2.05527
2.05383
2.05084
2.04642
2.04066
2.03368
2.02561
2.01657
2.00668
1.99602
1.98471
1.97282
1.96043
2.04491
2.0305
2.01599
2.00137
1.98664
1.97181
1.95688
1.94186
1.92675
1.91154
1.89626
1.88089
1.86544
1.84991
1.83431
1.81864
1.80291
1.78711
1.77124
1.75532
1.73934
1.72331
1.70723
1.6911
1.67493
1.65871
1.64245
1.62616
1.60984
1.59348
1.57709
1.56067
1.54423
1.52777
1.51129
1.49479
1.47827
1.46175
1.44521
1.42867
1.41211
1.39556
1.37901
1.36245
1.3459
1.32936
1.31282
1.29629
1.27978
1.26328
1.24679
1.23032
1.21388
1.19745
1.18106
1.16468
1.14834
1.13203
1.11575
1.0995
1.08329
1.06713
1.051
1.03492
1.01888
1.0029
0.986961
0.971077
0.955248
0.939477
0.923764
0.908114
0.892529
0.877006
0.861558
0.846182
0.830882
0.81566
0.800518
0.78546
0.770488
0.755607
0.740819
0.726128
0.711537
0.697047
0.682666
0.668399
0.654247
0.640215
0.626308
0.612531
0.59889
0.585387
0.57203
0.558824
0.545774
0.532888
0.520172
0.507633
0.495278
0.483116
0.471154
0.459402
0.447866
0.436556
0.425482
0.414654
0.404083
0.39378
0.383755
0.374019
0.364583
0.355462
0.346665
0.338206
0.330095
0.322346
0.314965
0.307973
0.301375
0.295182
0.289404
0.284049
0.279123
0.274633
0.270585
0.266979
0.263821
0.261111
0.258844
0.25702
0.255633
0.254678
0.254149
0.254034
0.254324
0.255007
0.256074
0.257513
0.259309
0.261452
0.263923
0.266714
0.269812
0.273201
0.276869
0.280805
0.284996
0.289431
0.2941
0.298992
0.304099
0.30941
0.31492
0.32062
0.326502
0.332562
0.338791
0.345188
0.351744
0.358459
0.365326
0.372347
0.379515
0.386825
0.394278
0.401872
0.409606
0.417477
0.425488
0.433636
0.441922
0.450343
0.4589
0.467594
0.476424
0.485392
0.494498
0.503741
0.513121
0.522643
0.532306
0.542109
0.552053
0.562138
0.572365
0.582735
0.59325
0.603909
0.614715
0.625665
0.63676
0.648002
0.659389
0.670924
0.682606
0.694435
0.706411
0.718534
0.730804
0.743221
0.755785
0.768496
0.781351
0.794353
0.807499
0.820789
0.834223
0.847799
0.861519
0.875379
0.889379
0.903519
0.917797
0.932211
0.946761
0.961445
0.976262
0.991213
1.0063
1.02151
1.03684
1.05231
1.06789
1.0836
1.09943
1.11538
1.13144
1.14762
1.16392
1.18032
1.19684
1.21346
1.23019
1.24702
1.26395
1.28098
1.29811
1.31533
1.33264
1.35004
1.36752
1.38508
1.40273
1.42045
1.43824
1.4561
1.47403
1.49201
1.51005
1.52815
1.54629
1.56447
1.58269
1.60094
1.6192
1.63749
1.65579
1.67408
1.69236
1.71062
1.72884
1.74701
1.76513
1.78316
1.80109
1.8189
1.83657
1.85406
1.87135
1.88839
1.90514
1.92156
1.93759
1.95317
1.96822
1.98265
1.99639
2.00931
2.02131
2.03227
2.04206
2.05055
2.05762
2.06318
2.06714
2.06946
2.07013
2.06917
2.06664
2.06264
2.05727
2.05065
2.0429
2.03416
2.02453
2.01412
2.00303
1.99134
1.97915
2.0518
2.03739
2.02288
2.00825
1.99352
1.97869
1.96377
1.94874
1.93363
1.91843
1.90314
1.88777
1.87232
1.8568
1.8412
1.82553
1.8098
1.794
1.77814
1.76222
1.74624
1.73021
1.71413
1.69801
1.68184
1.66562
1.64937
1.63308
1.61676
1.6004
1.58402
1.56761
1.55117
1.53471
1.51824
1.50174
1.48523
1.46871
1.45218
1.43564
1.41909
1.40255
1.386
1.36945
1.35291
1.33637
1.31984
1.30332
1.28681
1.27032
1.25385
1.23739
1.22095
1.20454
1.18815
1.17179
1.15546
1.13916
1.12289
1.10666
1.09046
1.07431
1.0582
1.04214
1.02612
1.01015
0.994232
0.978368
0.962562
0.946812
0.931122
0.915496
0.899937
0.884441
0.869022
0.853677
0.838408
0.823219
0.808114
0.793094
0.778162
0.763323
0.748579
0.733935
0.719392
0.704955
0.69063
0.676421
0.662332
0.648365
0.634526
0.620822
0.607257
0.593835
0.580562
0.567445
0.55449
0.541702
0.529091
0.51666
0.50442
0.492379
0.480543
0.468921
0.457522
0.446356
0.435434
0.424762
0.414353
0.404217
0.394367
0.38481
0.375561
0.366629
0.358028
0.349767
0.34186
0.334316
0.327146
0.32036
0.313973
0.307988
0.302417
0.297266
0.292541
0.288248
0.28439
0.28097
0.277987
0.275442
0.273332
0.271655
0.270404
0.269574
0.269156
0.269143
0.269525
0.270287
0.271423
0.272919
0.274762
0.276942
0.279442
0.282253
0.285362
0.288755
0.292421
0.296349
0.300527
0.304943
0.309591
0.314457
0.319533
0.324812
0.330284
0.335945
0.341786
0.347803
0.353989
0.360339
0.366849
0.373515
0.380334
0.387301
0.394419
0.401677
0.409078
0.416619
0.424299
0.432117
0.440073
0.448164
0.456395
0.464759
0.473259
0.481895
0.490666
0.499575
0.50862
0.517802
0.52712
0.536579
0.546178
0.555915
0.565794
0.575812
0.585972
0.596275
0.606721
0.617312
0.628045
0.638923
0.649946
0.661115
0.672428
0.683888
0.695494
0.707247
0.719146
0.731191
0.743382
0.755721
0.768205
0.780835
0.793611
0.806531
0.819596
0.832804
0.846157
0.859651
0.873287
0.887068
0.900985
0.915041
0.929236
0.943568
0.958036
0.972638
0.987381
1.00225
1.01725
1.03237
1.04763
1.06301
1.07852
1.09415
1.1099
1.12577
1.14176
1.15786
1.17408
1.19041
1.20686
1.22341
1.24006
1.25682
1.27369
1.29065
1.30771
1.32486
1.3421
1.35944
1.37686
1.39436
1.41195
1.42961
1.44735
1.46516
1.48304
1.50097
1.51897
1.53702
1.55512
1.57326
1.59145
1.60967
1.62791
1.64617
1.66444
1.68272
1.70099
1.71925
1.73747
1.75566
1.77379
1.79185
1.80982
1.82767
1.84539
1.86295
1.88032
1.89746
1.91434
1.9309
1.94709
1.96285
1.97812
1.9928
2.00681
2.02006
2.03242
2.04377
2.05399
2.06295
2.07052
2.0766
2.0811
2.08395
2.08515
2.0847
2.08265
2.07909
2.07413
2.06789
2.06048
2.05204
2.04269
2.03253
2.02168
2.01021
1.99821
2.05894
2.04453
2.03001
2.01539
2.00066
1.98583
1.9709
1.95588
1.94076
1.92556
1.91028
1.89491
1.87946
1.86393
1.84834
1.83267
1.81694
1.80114
1.78528
1.76937
1.75339
1.73737
1.72129
1.70517
1.689
1.67279
1.65654
1.64025
1.62393
1.60758
1.5912
1.57479
1.55836
1.54191
1.52544
1.50895
1.49245
1.47593
1.4594
1.44287
1.42633
1.40979
1.39325
1.37671
1.36018
1.34365
1.32713
1.31061
1.29412
1.27763
1.26117
1.24472
1.22829
1.21189
1.19551
1.17917
1.16285
1.14656
1.13031
1.11409
1.09791
1.08177
1.06568
1.04963
1.03363
1.01769
1.00179
0.985946
0.970164
0.954438
0.938775
0.923173
0.907642
0.892175
0.876786
0.861474
0.846241
0.831089
0.816021
0.801041
0.786152
0.771358
0.756661
0.742065
0.727573
0.713194
0.698928
0.68478
0.670755
0.656858
0.643092
0.629462
0.615976
0.602638
0.589454
0.576429
0.563571
0.550885
0.538379
0.526063
0.513941
0.502021
0.490314
0.478826
0.467567
0.456547
0.445774
0.43526
0.425013
0.415047
0.405369
0.395991
0.386927
0.378183
0.369773
0.361708
0.353999
0.346656
0.339688
0.333104
0.326918
0.321135
0.315762
0.310805
0.306271
0.302164
0.298485
0.295236
0.292418
0.290028
0.288065
0.286523
0.285397
0.284682
0.284371
0.28445
0.284913
0.28575
0.286947
0.288494
0.290381
0.292592
0.295117
0.297944
0.301063
0.304459
0.308121
0.312039
0.316202
0.3206
0.325224
0.330063
0.335109
0.340355
0.345794
0.351415
0.357217
0.363193
0.369336
0.375642
0.382107
0.388729
0.395501
0.402417
0.409484
0.416695
0.424045
0.431535
0.439164
0.44693
0.454832
0.462871
0.471046
0.479356
0.4878
0.49638
0.505095
0.513945
0.522931
0.532054
0.541314
0.55071
0.560247
0.569921
0.579735
0.58969
0.599783
0.610019
0.620399
0.63092
0.641584
0.652393
0.663344
0.674441
0.685681
0.697067
0.708599
0.720276
0.732099
0.744068
0.756182
0.768442
0.780848
0.793399
0.806094
0.818933
0.831919
0.845046
0.858316
0.871729
0.885283
0.898978
0.912818
0.926792
0.940904
0.955159
0.969546
0.984064
0.998718
1.0135
1.02842
1.04347
1.05864
1.07394
1.08937
1.10492
1.12059
1.13638
1.15229
1.16832
1.18447
1.20072
1.21709
1.23356
1.25015
1.26684
1.28363
1.30052
1.31751
1.3346
1.35177
1.36904
1.3864
1.40385
1.42137
1.43897
1.45665
1.47441
1.49223
1.51012
1.52807
1.54607
1.56414
1.58224
1.60039
1.61857
1.63678
1.65502
1.67327
1.69153
1.70979
1.72804
1.74627
1.76446
1.7826
1.80068
1.81868
1.83658
1.85435
1.87198
1.88943
1.90666
1.92365
1.94034
1.95669
1.97264
1.98811
2.00304
2.01732
2.03088
2.04359
2.05533
2.06599
2.07542
2.0835
2.09011
2.09515
2.09856
2.1003
2.10038
2.09883
2.09574
2.09121
2.08536
2.07831
2.07019
2.06113
2.05124
2.04062
2.02938
2.01758
2.06633
2.05192
2.0374
2.02278
2.00805
1.99321
1.97829
1.96326
1.94815
1.93295
1.91766
1.90229
1.88685
1.87132
1.85573
1.84006
1.82433
1.80854
1.79268
1.77676
1.76079
1.74477
1.7287
1.71258
1.69641
1.68021
1.66396
1.64768
1.63136
1.61502
1.59864
1.58224
1.56581
1.54936
1.5329
1.51641
1.49992
1.48341
1.46689
1.45036
1.43383
1.4173
1.40076
1.38423
1.36771
1.35119
1.33467
1.31817
1.30168
1.28521
1.26876
1.25232
1.23591
1.21952
1.20315
1.18682
1.17051
1.15424
1.138
1.1218
1.10564
1.08952
1.07344
1.05742
1.04144
1.02551
1.00963
0.993815
0.978057
0.962358
0.94672
0.931148
0.915644
0.90021
0.884857
0.869579
0.854382
0.839268
0.824241
0.809304
0.79446
0.779712
0.765065
0.750523
0.736086
0.721765
0.707561
0.693477
0.67952
0.665693
0.652002
0.638453
0.625049
0.611798
0.598705
0.585776
0.573018
0.560436
0.548042
0.535839
0.523837
0.512043
0.500466
0.489115
0.477997
0.467124
0.456504
0.446147
0.436064
0.426264
0.416758
0.407559
0.398675
0.390117
0.381897
0.374023
0.366507
0.359359
0.352589
0.346204
0.340209
0.334617
0.329435
0.324664
0.320311
0.316377
0.312867
0.30978
0.307114
0.304868
0.30304
0.301624
0.300615
0.300005
0.299786
0.29995
0.300487
0.301387
0.302639
0.304236
0.306158
0.308399
0.310945
0.313786
0.316912
0.320308
0.323965
0.327873
0.332021
0.336399
0.341
0.345812
0.350829
0.356044
0.361448
0.367032
0.372796
0.378732
0.384833
0.391097
0.397521
0.404096
0.410821
0.417692
0.424711
0.431871
0.439175
0.446616
0.454195
0.46191
0.469762
0.477748
0.48587
0.494126
0.502518
0.511043
0.519702
0.528497
0.537425
0.546491
0.555692
0.565028
0.574504
0.584117
0.593869
0.60376
0.613789
0.623962
0.634274
0.644728
0.655324
0.666063
0.676945
0.68797
0.699139
0.710453
0.721911
0.733514
0.745262
0.757155
0.769193
0.781376
0.793703
0.806175
0.818791
0.831552
0.844455
0.857501
0.870692
0.884023
0.897496
0.911109
0.924866
0.938763
0.952793
0.966962
0.981265
0.995702
1.01027
1.02498
1.03981
1.05478
1.06987
1.08509
1.10043
1.1159
1.1315
1.14721
1.16304
1.17899
1.19506
1.21123
1.22753
1.24393
1.26044
1.27705
1.29377
1.31059
1.32751
1.34453
1.36164
1.37884
1.39614
1.41352
1.43098
1.44852
1.46615
1.48385
1.50162
1.51945
1.53735
1.55531
1.57333
1.59139
1.6095
1.62765
1.64583
1.66404
1.68226
1.70051
1.71875
1.73699
1.75521
1.77341
1.79156
1.80966
1.82768
1.84562
1.86344
1.88113
1.89865
1.91598
1.93307
1.94989
1.96639
1.98251
1.99818
2.01334
2.0279
2.04176
2.05482
2.06695
2.07803
2.08793
2.09652
2.10367
2.10927
2.11325
2.11555
2.11618
2.11515
2.11255
2.10847
2.10303
2.09636
2.08858
2.07982
2.07021
2.05984
2.04883
2.03724
2.07397
2.05956
2.04504
2.03041
2.01568
2.00085
1.98592
1.9709
1.95578
1.94058
1.9253
1.90993
1.89448
1.87896
1.86337
1.8477
1.83197
1.81618
1.80033
1.78441
1.76845
1.75243
1.73636
1.72024
1.70408
1.68788
1.67164
1.65536
1.63905
1.6227
1.60633
1.58994
1.57351
1.55707
1.54061
1.52414
1.50765
1.49114
1.47463
1.45811
1.44159
1.42507
1.40854
1.39202
1.3755
1.35899
1.34249
1.326
1.30952
1.29306
1.27661
1.26019
1.24379
1.22741
1.21106
1.19474
1.17845
1.16219
1.14597
1.12979
1.11365
1.09754
1.08149
1.06548
1.04952
1.03362
1.01777
1.00198
0.986242
0.97057
0.954963
0.939422
0.923951
0.90855
0.89323
0.877989
0.862832
0.847759
0.832775
0.817882
0.803085
0.788389
0.773795
0.759305
0.74493
0.73067
0.716529
0.702514
0.688627
0.674875
0.661262
0.647794
0.634476
0.621315
0.608316
0.595486
0.582829
0.570358
0.558075
0.54599
0.534114
0.522448
0.511003
0.499789
0.488815
0.478089
0.467622
0.457423
0.447503
0.43787
0.428536
0.419511
0.410806
0.40243
0.394395
0.386708
0.379381
0.372422
0.365837
0.359639
0.353831
0.348424
0.343421
0.338826
0.334644
0.330876
0.327524
0.324587
0.322064
0.319954
0.31825
0.31695
0.316046
0.315532
0.315402
0.315643
0.316248
0.317206
0.318508
0.320143
0.322101
0.324366
0.326929
0.329781
0.332911
0.336306
0.339957
0.343853
0.347985
0.352344
0.356921
0.361707
0.366695
0.371877
0.377246
0.382797
0.388522
0.394419
0.40048
0.406705
0.413083
0.419615
0.426295
0.43312
0.440093
0.447207
0.454462
0.461857
0.469387
0.477053
0.484855
0.492791
0.500862
0.509066
0.517404
0.525877
0.534482
0.543222
0.552095
0.561104
0.570247
0.579525
0.588942
0.598495
0.608186
0.618017
0.627983
0.638091
0.648338
0.658726
0.669255
0.679926
0.69074
0.701696
0.712793
0.724035
0.735421
0.746951
0.758625
0.770443
0.782405
0.794512
0.806762
0.819156
0.831694
0.844375
0.857199
0.870166
0.883274
0.896524
0.909917
0.923454
0.937124
0.95094
0.964889
0.978973
0.993194
1.00755
1.02204
1.03666
1.05141
1.06629
1.0813
1.09644
1.1117
1.12709
1.14261
1.15824
1.17399
1.18986
1.20585
1.22195
1.23816
1.25449
1.27092
1.28746
1.30411
1.32085
1.3377
1.35465
1.37169
1.38883
1.40606
1.42337
1.44077
1.45826
1.47582
1.49347
1.51118
1.52896
1.54681
1.56472
1.58268
1.6007
1.61877
1.63688
1.65503
1.67321
1.69141
1.70963
1.72785
1.74608
1.7643
1.78249
1.80065
1.81877
1.83681
1.85478
1.87265
1.89039
1.90798
1.92539
1.94259
1.95953
1.97617
1.99245
2.00833
2.02371
2.03853
2.05269
2.06608
2.07859
2.0901
2.10047
2.10957
2.11726
2.12343
2.12798
2.13087
2.13206
2.13159
2.1295
2.12589
2.12088
2.1146
2.10717
2.09874
2.08941
2.07931
2.06853
2.05717
2.08186
2.06745
2.05293
2.0383
2.02357
2.00873
1.99381
1.97878
1.96367
1.94847
1.93318
1.91782
1.90237
1.88685
1.87126
1.8556
1.83987
1.82408
1.80822
1.79231
1.77635
1.76034
1.74427
1.72816
1.712
1.6958
1.67956
1.66329
1.64699
1.63065
1.61428
1.59789
1.58147
1.56504
1.54859
1.53212
1.51563
1.49914
1.48263
1.46612
1.44961
1.43309
1.41658
1.40006
1.38356
1.36706
1.35056
1.33408
1.31762
1.30117
1.28474
1.26833
1.25194
1.23558
1.21924
1.20294
1.18666
1.17042
1.15422
1.13805
1.12193
1.10585
1.08982
1.07383
1.0579
1.04202
1.02619
1.01043
0.994721
0.97908
0.963503
0.947996
0.932557
0.917193
0.90191
0.886708
0.871592
0.856563
0.841623
0.826782
0.812036
0.797392
0.782854
0.768423
0.754109
0.739912
0.725839
0.711893
0.698081
0.684405
0.670873
0.657491
0.644261
0.631192
0.618291
0.605562
0.593013
0.58065
0.568483
0.556518
0.544763
0.533226
0.521915
0.51084
0.50001
0.489433
0.479119
0.469078
0.45932
0.449853
0.440689
0.431838
0.423308
0.415111
0.407255
0.39975
0.392605
0.38583
0.379429
0.373412
0.367785
0.362549
0.357717
0.35329
0.349269
0.345657
0.342453
0.339657
0.337268
0.335282
0.333695
0.332502
0.331695
0.33127
0.331218
0.331528
0.332195
0.333206
0.334553
0.336223
0.338207
0.340493
0.343072
0.345932
0.349064
0.352455
0.356098
0.359981
0.364096
0.368434
0.372987
0.377747
0.382705
0.387856
0.393192
0.398707
0.404396
0.410252
0.416276
0.422457
0.428795
0.435284
0.441921
0.448704
0.455629
0.462697
0.469905
0.477251
0.484737
0.492354
0.500108
0.507994
0.516015
0.524169
0.532455
0.540875
0.549429
0.558115
0.566933
0.575887
0.584975
0.594195
0.603555
0.613049
0.622682
0.63245
0.642356
0.6524
0.662584
0.672907
0.68337
0.693975
0.704721
0.715608
0.726637
0.737808
0.749121
0.760579
0.772179
0.783923
0.795811
0.807841
0.820015
0.832333
0.844793
0.857395
0.87014
0.883027
0.896056
0.909231
0.92254
0.935992
0.949585
0.963312
0.97718
0.991183
1.00532
1.01959
1.034
1.04854
1.06321
1.07801
1.09293
1.10799
1.12317
1.13848
1.15391
1.16946
1.18513
1.20092
1.21683
1.23285
1.24899
1.26524
1.28159
1.29806
1.31463
1.33131
1.34808
1.36496
1.38193
1.399
1.41616
1.43341
1.45074
1.46816
1.48567
1.50325
1.5209
1.53863
1.55642
1.57428
1.5922
1.61017
1.6282
1.64627
1.66438
1.68252
1.7007
1.71889
1.7371
1.75531
1.77351
1.79171
1.80987
1.82799
1.84606
1.86405
1.88196
1.89975
1.91741
1.9349
1.95219
1.96924
1.98602
2.00246
2.01852
2.03413
2.04919
2.06364
2.07736
2.09025
2.10218
2.11301
2.12261
2.13085
2.13759
2.14274
2.14622
2.148
2.14809
2.14654
2.14343
2.13888
2.13301
2.12595
2.11785
2.10883
2.099
2.08847
2.07733
2.09001
2.07559
2.06107
2.04644
2.0317
2.01687
2.00194
1.98692
1.9718
1.9566
1.94132
1.92595
1.91051
1.89499
1.8794
1.86374
1.84801
1.83222
1.81638
1.80047
1.78451
1.76849
1.75243
1.73632
1.72017
1.70398
1.68775
1.67148
1.65518
1.63884
1.62248
1.6061
1.58969
1.57326
1.55681
1.54035
1.52388
1.50739
1.4909
1.47439
1.45789
1.44138
1.42488
1.40837
1.39187
1.37538
1.35891
1.34244
1.32599
1.30955
1.29313
1.27673
1.26036
1.24401
1.22769
1.21141
1.19515
1.17893
1.16275
1.1466
1.1305
1.11444
1.09843
1.08247
1.06656
1.05071
1.03491
1.01918
1.0035
0.987887
0.972344
0.95687
0.941469
0.926142
0.910899
0.89574
0.880665
0.865682
0.850791
0.835998
0.821305
0.806717
0.792233
0.777866
0.763615
0.749486
0.735483
0.72161
0.707874
0.694279
0.680831
0.667537
0.654398
0.641425
0.628623
0.615998
0.603557
0.591307
0.579257
0.567414
0.555785
0.544379
0.533204
0.52227
0.511584
0.501156
0.490995
0.481111
0.471513
0.462212
0.453216
0.444535
0.436178
0.428155
0.420475
0.413147
0.40618
0.39958
0.393353
0.387511
0.382055
0.37699
0.372318
0.368049
0.36418
0.360714
0.35765
0.354986
0.352721
0.35085
0.34937
0.348275
0.347559
0.347215
0.347234
0.347607
0.348328
0.349387
0.350772
0.352474
0.354481
0.356784
0.359372
0.362239
0.36537
0.368756
0.372389
0.376257
0.380355
0.384672
0.3892
0.393932
0.398861
0.40398
0.409281
0.414762
0.420414
0.426234
0.432217
0.438358
0.444653
0.451099
0.457694
0.464434
0.471315
0.478338
0.485501
0.492801
0.500236
0.50781
0.515516
0.523354
0.531325
0.53943
0.547666
0.556034
0.564537
0.57317
0.581935
0.590835
0.599868
0.609035
0.618335
0.627773
0.637346
0.647055
0.656899
0.666881
0.677003
0.687263
0.697662
0.708201
0.718879
0.729699
0.74066
0.751761
0.763004
0.77439
0.785918
0.797588
0.809402
0.821357
0.833455
0.845696
0.858079
0.870604
0.883271
0.896084
0.909033
0.922122
0.935355
0.948723
0.962231
0.975876
0.989661
1.00358
1.01764
1.03183
1.04615
1.0606
1.07519
1.08991
1.10476
1.11973
1.13483
1.15005
1.1654
1.18087
1.19646
1.21217
1.228
1.24394
1.26
1.27617
1.29245
1.30884
1.32533
1.34193
1.35864
1.37544
1.39234
1.40934
1.42643
1.44361
1.46088
1.47824
1.49567
1.51319
1.53079
1.54846
1.5662
1.584
1.60187
1.61979
1.63777
1.6558
1.67387
1.69198
1.71012
1.72829
1.74647
1.76466
1.78286
1.80104
1.8192
1.83733
1.85541
1.87343
1.89137
1.90921
1.92692
1.94449
1.96187
1.97903
1.99593
2.01253
2.02876
2.04457
2.05988
2.07461
2.08865
2.1019
2.11424
2.12553
2.13563
2.14441
2.15173
2.15748
2.16158
2.16396
2.16464
2.16365
2.16106
2.15699
2.15155
2.14488
2.13713
2.12842
2.11888
2.10861
2.09771
2.0984
2.08398
2.06945
2.05482
2.04009
2.02525
2.01032
1.9953
1.98019
1.96499
1.9497
1.93434
1.91889
1.90338
1.88779
1.87213
1.85641
1.84062
1.82477
1.80887
1.79291
1.7769
1.76084
1.74474
1.72859
1.71241
1.69618
1.67992
1.66363
1.6473
1.63094
1.61457
1.59816
1.58174
1.5653
1.54885
1.53238
1.5159
1.49942
1.48293
1.46643
1.44993
1.43344
1.41695
1.40046
1.38398
1.36752
1.35106
1.33462
1.3182
1.3018
1.28541
1.26906
1.25273
1.23642
1.22015
1.20392
1.18771
1.17155
1.15543
1.13935
1.12331
1.10733
1.09139
1.07551
1.05968
1.04392
1.02821
1.01257
0.996988
0.98148
0.966043
0.95068
0.935393
0.920192
0.905075
0.890048
0.875113
0.860273
0.845533
0.830895
0.816365
0.801943
0.787639
0.773455
0.759395
0.745465
0.731668
0.718011
0.704499
0.691138
0.677934
0.664889
0.652015
0.639314
0.626796
0.614466
0.60233
0.5904
0.57868
0.567179
0.555905
0.544867
0.534073
0.523532
0.513253
0.503245
0.493518
0.484079
0.47494
0.46611
0.457597
0.449409
0.441558
0.43405
0.426894
0.420097
0.413667
0.407609
0.401931
0.396638
0.391733
0.387216
0.383097
0.379372
0.376043
0.373109
0.370568
0.368418
0.366655
0.365274
0.364269
0.363635
0.363364
0.363448
0.36388
0.36465
0.365749
0.367167
0.368895
0.370922
0.373239
0.375835
0.378703
0.38183
0.385211
0.388831
0.392684
0.396762
0.401056
0.405559
0.410264
0.415162
0.420249
0.425516
0.430961
0.43658
0.442362
0.448303
0.454403
0.460657
0.467062
0.473615
0.480311
0.487151
0.494127
0.501245
0.5085
0.51589
0.523414
0.531075
0.538866
0.54679
0.554845
0.563031
0.57135
0.579799
0.588382
0.597095
0.605942
0.614921
0.624034
0.633278
0.642659
0.652174
0.661824
0.671608
0.68153
0.691589
0.701787
0.712122
0.722596
0.73321
0.743963
0.754856
0.765888
0.777062
0.788377
0.799833
0.811432
0.823171
0.835054
0.847077
0.859241
0.871547
0.883999
0.896587
0.909316
0.922185
0.935196
0.948347
0.961636
0.975062
0.988625
1.00233
1.01616
1.03014
1.04425
1.05848
1.07285
1.08736
1.10199
1.11676
1.13165
1.14666
1.16181
1.17707
1.19246
1.20797
1.2236
1.23935
1.25521
1.27119
1.28728
1.30348
1.31979
1.33621
1.35274
1.36936
1.38609
1.40292
1.41985
1.43687
1.45398
1.47118
1.48847
1.50584
1.5233
1.54083
1.55844
1.57612
1.59387
1.61168
1.62956
1.64749
1.66547
1.6835
1.70157
1.71967
1.73781
1.75597
1.77414
1.79232
1.81049
1.82865
1.84678
1.86487
1.88291
1.90088
1.91876
1.93652
1.95415
1.97161
1.98887
2.0059
2.02264
2.03904
2.05505
2.07059
2.08558
2.09993
2.11353
2.12627
2.13801
2.14861
2.15793
2.16583
2.17219
2.17691
2.17992
2.18121
2.18079
2.17875
2.17517
2.17019
2.16394
2.15655
2.14817
2.13893
2.12892
2.11826
2.10704
2.09262
2.07809
2.06346
2.04872
2.03389
2.01896
2.00394
1.98882
1.97362
1.95834
1.94298
1.92753
1.91202
1.89643
1.88078
1.86506
1.84927
1.83343
1.81753
1.80157
1.78557
1.76951
1.75341
1.73727
1.72109
1.70487
1.68861
1.67232
1.656
1.63966
1.62328
1.60689
1.59048
1.57404
1.5576
1.54114
1.52467
1.5082
1.49171
1.47523
1.45874
1.44226
1.42578
1.4093
1.39284
1.37638
1.35994
1.34352
1.32711
1.31072
1.29436
1.27802
1.26171
1.24542
1.22917
1.21295
1.19677
1.18063
1.16453
1.14847
1.13247
1.11651
1.1006
1.08475
1.06895
1.05321
1.03754
1.02193
1.00638
0.990914
0.975515
0.960193
0.944948
0.929792
0.914722
0.899743
0.884859
0.870072
0.855387
0.840807
0.826334
0.811979
0.797741
0.783626
0.769639
0.755784
0.742066
0.728492
0.715065
0.701792
0.688681
0.675735
0.662959
0.650363
0.637954
0.625736
0.613718
0.601908
0.590313
0.578942
0.567801
0.5569
0.546248
0.535852
0.525721
0.515865
0.506293
0.497013
0.488034
0.479366
0.471018
0.462997
0.455311
0.44797
0.44098
0.434349
0.428083
0.422187
0.416669
0.41153
0.406775
0.402409
0.398427
0.394837
0.391638
0.388826
0.3864
0.384357
0.382692
0.381402
0.380481
0.379922
0.379718
0.37986
0.380343
0.381156
0.382292
0.383739
0.385488
0.387532
0.389859
0.392459
0.395326
0.398448
0.401817
0.405426
0.409261
0.413318
0.417589
0.422066
0.426741
0.431609
0.436663
0.441897
0.447309
0.452888
0.458631
0.464535
0.470594
0.476807
0.48317
0.48968
0.496334
0.50313
0.510062
0.517135
0.524345
0.531689
0.539169
0.54678
0.554527
0.562402
0.57041
0.578548
0.586817
0.595216
0.603747
0.612409
0.621203
0.63013
0.639188
0.648377
0.657702
0.667159
0.676751
0.686477
0.696339
0.706338
0.716474
0.726746
0.737156
0.747705
0.758392
0.769218
0.780182
0.791287
0.802534
0.813919
0.825446
0.837113
0.84892
0.860869
0.872962
0.885192
0.897562
0.910073
0.922726
0.935515
0.948447
0.961516
0.974723
0.988068
1.00155
1.01517
1.02892
1.04281
1.05684
1.07099
1.08528
1.0997
1.11425
1.12893
1.14374
1.15867
1.17373
1.18892
1.20422
1.21965
1.2352
1.25086
1.26665
1.28254
1.29855
1.31468
1.33091
1.34725
1.3637
1.38025
1.3969
1.41366
1.43051
1.44746
1.4645
1.48163
1.49885
1.51615
1.53354
1.55101
1.56856
1.58618
1.60388
1.62163
1.63946
1.65734
1.67527
1.69326
1.71128
1.72935
1.74745
1.76558
1.78373
1.80188
1.82004
1.83819
1.85632
1.87442
1.89248
1.91047
1.92838
1.94619
1.96388
1.98142
1.99877
2.01591
2.03278
2.04934
2.06554
2.0813
2.09654
2.11119
2.12513
2.13825
2.15043
2.16152
2.17137
2.17986
2.18683
2.19218
2.19583
2.19775
2.19794
2.19646
2.19341
2.1889
2.18308
2.17608
2.16805
2.15911
2.14939
2.13898
2.11593
2.10151
2.08698
2.07234
2.05761
2.04277
2.02784
2.01282
1.9977
1.9825
1.96722
1.95186
1.93642
1.9209
1.90532
1.88967
1.87395
1.85817
1.84233
1.82643
1.81048
1.79448
1.77843
1.76233
1.7462
1.73002
1.7138
1.69755
1.68127
1.66496
1.64862
1.63226
1.61587
1.59946
1.58304
1.5666
1.55015
1.53369
1.51723
1.50076
1.48428
1.46781
1.45134
1.43487
1.41841
1.40196
1.38552
1.36909
1.35268
1.33629
1.31992
1.30357
1.28725
1.27096
1.25469
1.23846
1.22227
1.20611
1.18999
1.17391
1.15788
1.1419
1.12597
1.11009
1.09427
1.0785
1.0628
1.04716
1.03158
1.01608
1.00065
0.985288
0.970007
0.954807
0.939698
0.924678
0.909751
0.894918
0.880187
0.86556
0.851038
0.836631
0.822341
0.808172
0.794129
0.780217
0.76644
0.752804
0.739314
0.725975
0.712795
0.699779
0.68693
0.674257
0.661768
0.64947
0.637367
0.625467
0.61378
0.602311
0.591069
0.580063
0.5693
0.558789
0.548537
0.538555
0.52885
0.519431
0.510306
0.501487
0.492979
0.484791
0.476932
0.469408
0.462229
0.455401
0.448929
0.442821
0.43708
0.431713
0.426723
0.422112
0.417883
0.414034
0.410573
0.407493
0.404794
0.402475
0.400532
0.39896
0.397753
0.396908
0.396417
0.396273
0.396468
0.396996
0.397848
0.399015
0.400487
0.402255
0.40431
0.406643
0.409244
0.412108
0.415223
0.418579
0.42217
0.425987
0.430025
0.434271
0.43872
0.443366
0.448203
0.453223
0.458425
0.463797
0.469339
0.475044
0.480909
0.486928
0.4931
0.499421
0.505889
0.512501
0.519254
0.526145
0.533171
0.540335
0.547635
0.555068
0.562633
0.57033
0.578162
0.586121
0.594211
0.602431
0.610781
0.619261
0.627871
0.636616
0.645488
0.654492
0.663627
0.672896
0.682298
0.691833
0.701501
0.711304
0.721243
0.731317
0.741527
0.751874
0.762358
0.772981
0.783741
0.794639
0.805676
0.816852
0.828168
0.839622
0.851217
0.862956
0.87483
0.886844
0.898999
0.911293
0.923728
0.936301
0.94901
0.961861
0.97485
0.987977
1.00124
1.01464
1.02818
1.04185
1.05565
1.0696
1.08367
1.09788
1.11222
1.12668
1.14128
1.156
1.17085
1.18583
1.20093
1.21615
1.2315
1.24696
1.26254
1.27825
1.29406
1.30999
1.32603
1.34219
1.35845
1.37482
1.39129
1.40787
1.42454
1.44132
1.45819
1.47516
1.49222
1.50937
1.52661
1.54393
1.56134
1.57883
1.59639
1.61402
1.63172
1.64948
1.66731
1.6852
1.70313
1.72112
1.73915
1.75721
1.77531
1.79342
1.81156
1.8297
1.84783
1.86596
1.88406
1.90212
1.92013
1.93808
1.95593
1.97367
1.99127
2.00871
2.02595
2.04295
2.05966
2.07603
2.092
2.10749
2.12242
2.13668
2.15018
2.16278
2.17434
2.18473
2.19379
2.20137
2.20736
2.21167
2.21423
2.21505
2.21417
2.21167
2.20766
2.20229
2.19569
2.18802
2.17941
2.16997
2.15983
2.12506
2.11064
2.09611
2.08147
2.06673
2.0519
2.03697
2.02194
2.00683
1.99163
1.97635
1.96099
1.94555
1.93004
1.91445
1.8988
1.88309
1.86731
1.85147
1.83558
1.81963
1.80364
1.78759
1.7715
1.75537
1.7392
1.72299
1.70675
1.69047
1.67417
1.65783
1.64148
1.6251
1.6087
1.59229
1.57586
1.55942
1.54297
1.52652
1.51006
1.4936
1.47713
1.46068
1.44422
1.42777
1.41134
1.39491
1.3785
1.36211
1.34573
1.32938
1.31305
1.29675
1.28048
1.26423
1.24802
1.23185
1.21572
1.19962
1.18357
1.16757
1.15162
1.13571
1.11986
1.10407
1.08834
1.07267
1.05707
1.04153
1.02606
1.01067
0.995358
0.980126
0.964971
0.949911
0.934942
0.920067
0.905291
0.890617
0.876051
0.861592
0.84725
0.833029
0.818931
0.804962
0.791127
0.777431
0.763879
0.750476
0.737228
0.724144
0.711223
0.698476
0.685908
0.673528
0.661341
0.649354
0.637575
0.626011
0.61467
0.603559
0.592687
0.582062
0.571692
0.561584
0.551749
0.542194
0.532928
0.523957
0.515293
0.506941
0.498911
0.491209
0.483843
0.476821
0.470148
0.463831
0.457874
0.452281
0.44706
0.44221
0.437736
0.433638
0.429917
0.426571
0.423604
0.421013
0.418792
0.41694
0.415452
0.414322
0.413548
0.413118
0.413027
0.41327
0.413839
0.414724
0.415916
0.417409
0.419193
0.421257
0.423593
0.426194
0.429051
0.432155
0.435497
0.439071
0.442867
0.446878
0.451098
0.455523
0.460138
0.464942
0.469928
0.475094
0.480431
0.485934
0.4916
0.497425
0.503405
0.509536
0.515816
0.522241
0.528809
0.535519
0.542366
0.549349
0.556468
0.563723
0.57111
0.578629
0.58628
0.594061
0.601976
0.610018
0.618189
0.626489
0.634921
0.643481
0.652172
0.660993
0.669944
0.679025
0.688239
0.697585
0.707064
0.716674
0.726419
0.736298
0.746313
0.756462
0.766746
0.777167
0.787724
0.798418
0.809249
0.820218
0.831325
0.842572
0.853961
0.865483
0.877145
0.888946
0.900884
0.912965
0.925183
0.937539
0.950034
0.962669
0.97544
0.988349
1.0014
1.01458
1.0279
1.04135
1.05494
1.06866
1.08252
1.09652
1.11064
1.12489
1.13927
1.15379
1.16843
1.18319
1.19808
1.2131
1.22824
1.2435
1.25888
1.27438
1.29
1.30573
1.32158
1.33754
1.35361
1.36979
1.38608
1.40248
1.41898
1.43558
1.45228
1.46908
1.48597
1.50296
1.52004
1.53721
1.55446
1.5718
1.58922
1.60671
1.62428
1.64193
1.65963
1.67741
1.69524
1.71313
1.73107
1.74905
1.76708
1.78513
1.80322
1.82132
1.83944
1.85756
1.87568
1.89378
1.91185
1.92987
1.94783
1.96572
1.98351
2.00117
2.01869
2.03602
2.05313
2.06998
2.08652
2.10268
2.1184
2.1336
2.14818
2.16203
2.17504
2.18707
2.19798
2.2076
2.2158
2.22244
2.22741
2.23064
2.2321
2.23184
2.22991
2.22643
2.22153
2.21536
2.20807
2.19979
2.19066
2.1808
2.13444
2.12002
2.10548
2.09085
2.07611
2.06127
2.04634
2.03131
2.0162
2.001
1.98572
1.97036
1.95493
1.93941
1.92383
1.90819
1.89247
1.8767
1.86087
1.84498
1.82904
1.81304
1.797
1.78092
1.76479
1.74863
1.73242
1.71619
1.69992
1.68362
1.6673
1.65095
1.63458
1.6182
1.60179
1.58537
1.56894
1.55251
1.53606
1.51961
1.50316
1.48672
1.47027
1.45383
1.4374
1.42098
1.40457
1.38818
1.3718
1.35544
1.33911
1.3228
1.30652
1.29026
1.27404
1.25786
1.24171
1.2256
1.20953
1.19351
1.17754
1.16161
1.14574
1.12992
1.11416
1.09847
1.08284
1.06727
1.05177
1.03635
1.021
1.00573
0.990543
0.975437
0.960429
0.945513
0.930694
0.915976
0.901363
0.886855
0.872465
0.858192
0.844041
0.830018
0.816125
0.80237
0.788756
0.77529
0.761978
0.748823
0.735833
0.723013
0.71037
0.69791
0.685639
0.673565
0.661696
0.650038
0.638599
0.627385
0.616406
0.605669
0.595181
0.584951
0.574988
0.565299
0.555892
0.546775
0.537956
0.529444
0.521246
0.513369
0.505821
0.498609
0.491738
0.485216
0.479046
0.473235
0.467786
0.462701
0.457985
0.45364
0.449666
0.446064
0.442832
0.439968
0.437474
0.435346
0.433579
0.432168
0.431109
0.430396
0.430022
0.42998
0.430266
0.43087
0.431783
0.432998
0.434507
0.436301
0.43837
0.440708
0.443304
0.446153
0.449245
0.452572
0.456125
0.459899
0.463886
0.468078
0.47247
0.477056
0.481826
0.48678
0.491908
0.497207
0.502672
0.508299
0.514084
0.520024
0.526112
0.53235
0.538734
0.545259
0.551925
0.558729
0.56567
0.572742
0.579951
0.587293
0.594766
0.60237
0.610104
0.617968
0.625965
0.634088
0.642341
0.650721
0.659231
0.66787
0.676641
0.685539
0.694569
0.703726
0.713017
0.72244
0.731994
0.741681
0.751501
0.761454
0.771542
0.781765
0.792122
0.802615
0.813245
0.82401
0.834915
0.845955
0.857132
0.868444
0.879895
0.891485
0.903213
0.915081
0.927085
0.939227
0.951507
0.963925
0.976482
0.989174
1.002
1.01497
1.02807
1.04131
1.05468
1.06819
1.08183
1.0956
1.10951
1.12355
1.13772
1.15202
1.16645
1.181
1.19568
1.21049
1.22542
1.24048
1.25566
1.27095
1.28637
1.3019
1.31755
1.33332
1.3492
1.36519
1.38129
1.39749
1.41381
1.43023
1.44675
1.46338
1.4801
1.49692
1.51383
1.53084
1.54793
1.56511
1.58238
1.59973
1.61717
1.63467
1.65225
1.6699
1.68762
1.70539
1.72323
1.74112
1.75906
1.77704
1.79506
1.81311
1.83118
1.84927
1.86738
1.88548
1.90357
1.92164
1.93967
1.95765
1.97557
1.99339
2.01111
2.02869
2.04611
2.06333
2.08031
2.097
2.11334
2.12928
2.14473
2.1596
2.1738
2.18721
2.19969
2.2111
2.22128
2.23009
2.23737
2.24301
2.24692
2.24906
2.24943
2.2481
2.24517
2.24077
2.23505
2.22816
2.22023
2.21142
2.20184
2.14407
2.12964
2.1151
2.10047
2.08573
2.07089
2.05595
2.04093
2.02582
2.01062
1.99534
1.97998
1.96455
1.94904
1.93346
1.91781
1.90211
1.88633
1.8705
1.85462
1.83868
1.8227
1.80666
1.79058
1.77446
1.7583
1.74211
1.72587
1.70962
1.69333
1.67701
1.66067
1.64432
1.62794
1.61154
1.59514
1.57872
1.56229
1.54586
1.52942
1.51299
1.49655
1.48012
1.4637
1.44728
1.43088
1.41448
1.39811
1.38175
1.36541
1.3491
1.33281
1.31655
1.30032
1.28412
1.26796
1.25184
1.23576
1.21972
1.20372
1.18778
1.17188
1.15605
1.14026
1.12454
1.10888
1.09329
1.07776
1.0623
1.04692
1.03162
1.0164
1.00126
0.986205
0.97125
0.95639
0.941629
0.926971
0.912421
0.897979
0.883655
0.869453
0.855376
0.841428
0.827616
0.813942
0.800414
0.787037
0.773816
0.760755
0.747864
0.735146
0.722608
0.710256
0.698097
0.686139
0.674389
0.662853
0.651539
0.640454
0.629606
0.619003
0.608653
0.598564
0.588743
0.579197
0.569936
0.560967
0.552297
0.543935
0.535887
0.52816
0.520761
0.513698
0.506974
0.500596
0.494569
0.488897
0.483583
0.47863
0.474042
0.469818
0.465961
0.46247
0.459344
0.456578
0.454176
0.452132
0.450443
0.449105
0.44811
0.447453
0.44713
0.447131
0.447454
0.448087
0.449025
0.450258
0.45178
0.45358
0.455652
0.457987
0.460578
0.463416
0.466493
0.469801
0.473335
0.477084
0.481044
0.485207
0.489567
0.494118
0.49886
0.503775
0.508866
0.514128
0.519554
0.525141
0.530885
0.536783
0.542831
0.549026
0.555366
0.561848
0.568471
0.575231
0.582127
0.589154
0.596317
0.603613
0.611041
0.618599
0.626286
0.634103
0.642049
0.650128
0.65833
0.666661
0.67512
0.683707
0.692426
0.701274
0.710252
0.719355
0.728591
0.737956
0.747453
0.757083
0.766843
0.776738
0.786765
0.796926
0.807221
0.81765
0.828217
0.838917
0.849751
0.860723
0.871831
0.883075
0.894456
0.905976
0.917631
0.929424
0.941353
0.953419
0.965623
0.977965
0.990443
1.00306
1.01581
1.02869
1.04171
1.05487
1.06816
1.08158
1.09514
1.10884
1.12266
1.13661
1.1507
1.16491
1.17926
1.19373
1.20832
1.22305
1.23789
1.25286
1.26795
1.28317
1.2985
1.31395
1.32951
1.34519
1.36099
1.3769
1.39291
1.40904
1.42528
1.44162
1.45806
1.4746
1.49125
1.50799
1.52483
1.54176
1.55878
1.57589
1.59309
1.61037
1.62773
1.64518
1.66269
1.68028
1.69793
1.71565
1.73343
1.75127
1.76916
1.78709
1.80507
1.82308
1.84112
1.85919
1.87727
1.89535
1.91343
1.93149
1.94953
1.96752
1.98546
2.00332
2.02108
2.03872
2.05622
2.07353
2.09063
2.10746
2.12397
2.14011
2.1558
2.17096
2.18548
2.19926
2.21218
2.22408
2.23481
2.24422
2.25214
2.25846
2.26306
2.26588
2.26692
2.26622
2.26387
2.25999
2.25474
2.24826
2.24071
2.23222
2.22294
2.15393
2.13951
2.12497
2.11033
2.09559
2.08075
2.06581
2.05079
2.03568
2.02048
2.0052
1.98984
1.97441
1.9589
1.94333
1.92769
1.91198
1.89621
1.88039
1.86451
1.84857
1.83259
1.81656
1.80049
1.78438
1.76822
1.75203
1.73581
1.71956
1.70328
1.68697
1.67064
1.6543
1.63793
1.62155
1.60515
1.58874
1.57233
1.55591
1.53949
1.52306
1.50664
1.49023
1.47382
1.45742
1.44103
1.42466
1.4083
1.39196
1.37565
1.35935
1.34309
1.32685
1.31064
1.29447
1.27834
1.26224
1.24619
1.23017
1.21421
1.1983
1.18243
1.16663
1.15088
1.1352
1.11958
1.10402
1.08853
1.07312
1.05779
1.04253
1.02736
1.01227
0.997273
0.982373
0.967571
0.95287
0.938275
0.923787
0.909415
0.895163
0.881033
0.867031
0.853162
0.839431
0.825842
0.812402
0.799115
0.785986
0.773023
0.760233
0.747618
0.735187
0.722945
0.710899
0.699058
0.687428
0.676014
0.664826
0.653871
0.643155
0.632686
0.622472
0.612522
0.602841
0.593439
0.584322
0.575498
0.566974
0.558758
0.550857
0.543276
0.536022
0.529102
0.522521
0.516283
0.510392
0.504853
0.499669
0.494841
0.490373
0.486266
0.482519
0.479131
0.476103
0.473433
0.471113
0.469148
0.467531
0.466256
0.46532
0.464716
0.464436
0.464477
0.464832
0.465491
0.466448
0.467695
0.469225
0.471032
0.473102
0.475432
0.478013
0.480838
0.483898
0.487188
0.490698
0.494421
0.498353
0.502486
0.506813
0.511334
0.516034
0.520913
0.525968
0.53119
0.536577
0.542123
0.547827
0.553683
0.559689
0.565842
0.572137
0.578576
0.585154
0.59187
0.598721
0.605706
0.612821
0.620071
0.627453
0.634964
0.642604
0.650375
0.658272
0.666298
0.674456
0.682738
0.691146
0.699683
0.708349
0.717143
0.726068
0.735117
0.744299
0.753609
0.76305
0.772621
0.782324
0.792157
0.802124
0.812223
0.82246
0.832826
0.843326
0.853961
0.864729
0.875633
0.886672
0.897847
0.90916
0.920606
0.932189
0.943908
0.955763
0.967755
0.979882
0.992147
1.00455
1.01708
1.02975
1.04256
1.0555
1.06857
1.08178
1.09512
1.1086
1.12221
1.13595
1.14982
1.16382
1.17795
1.19221
1.20659
1.2211
1.23574
1.2505
1.26538
1.28039
1.29552
1.31076
1.32613
1.34161
1.35721
1.37292
1.38874
1.40468
1.42072
1.43687
1.45313
1.46949
1.48596
1.50252
1.51918
1.53594
1.5528
1.56975
1.58679
1.60391
1.62112
1.63841
1.65579
1.67324
1.69076
1.70835
1.72601
1.74374
1.76152
1.77935
1.79724
1.81517
1.83314
1.85114
1.86918
1.88722
1.90529
1.92335
1.9414
1.95943
1.97743
1.99539
2.01327
2.03108
2.04877
2.06633
2.08373
2.10093
2.11789
2.13456
2.15089
2.1668
2.18222
2.19706
2.2112
2.22453
2.2369
2.24816
2.25816
2.26673
2.27373
2.27903
2.28255
2.28427
2.28422
2.28247
2.27915
2.27439
2.26835
2.26118
2.25305
2.24407
2.16405
2.14961
2.13507
2.12043
2.10569
2.09085
2.07591
2.06089
2.04578
2.03058
2.0153
1.99995
1.98452
1.96901
1.95344
1.9378
1.9221
1.90633
1.89051
1.87464
1.85871
1.84273
1.82671
1.81064
1.79454
1.77839
1.76221
1.74599
1.72975
1.71348
1.69718
1.68086
1.66452
1.64817
1.63179
1.61541
1.59902
1.58262
1.56621
1.5498
1.53339
1.51699
1.50059
1.48419
1.46781
1.45144
1.43509
1.41875
1.40244
1.38614
1.36987
1.35362
1.33741
1.32123
1.30508
1.28898
1.27291
1.25688
1.2409
1.22497
1.20909
1.19326
1.17749
1.16178
1.14613
1.13055
1.11504
1.0996
1.08423
1.06895
1.05374
1.03862
1.02359
1.00864
0.993797
0.979054
0.964416
0.949885
0.935465
0.921163
0.906983
0.892929
0.879004
0.865216
0.851568
0.838067
0.824716
0.81152
0.798488
0.785626
0.772936
0.760426
0.748103
0.735973
0.724043
0.712318
0.700809
0.68952
0.678457
0.66763
0.657046
0.646711
0.636633
0.62682
0.617279
0.608018
0.599042
0.590361
0.581981
0.573907
0.566149
0.558711
0.551598
0.544817
0.538372
0.532268
0.526509
0.521097
0.516036
0.511328
0.506975
0.502976
0.499332
0.496043
0.493107
0.490521
0.488281
0.486389
0.484837
0.483622
0.482738
0.48218
0.48194
0.482017
0.482398
0.483079
0.484052
0.48531
0.486845
0.488651
0.490718
0.493041
0.495611
0.49842
0.501461
0.504728
0.508214
0.51191
0.515812
0.519914
0.524211
0.528694
0.533357
0.538198
0.543212
0.548397
0.553742
0.559247
0.564908
0.570722
0.576684
0.582794
0.589046
0.59544
0.601975
0.608645
0.615451
0.62239
0.62946
0.636664
0.643998
0.651463
0.659059
0.66678
0.674629
0.682607
0.690711
0.698945
0.707304
0.71579
0.724404
0.733146
0.742016
0.751014
0.760138
0.769392
0.778777
0.788293
0.797937
0.807712
0.817623
0.827661
0.837831
0.848134
0.858571
0.86914
0.879842
0.890679
0.901652
0.912757
0.923998
0.935373
0.946884
0.95853
0.970311
0.982226
0.99428
1.00647
1.01879
1.03125
1.04384
1.05656
1.06942
1.08242
1.09554
1.1088
1.1222
1.13572
1.14938
1.16316
1.17708
1.19113
1.2053
1.2196
1.23402
1.24857
1.26324
1.27804
1.29296
1.308
1.32316
1.33844
1.35384
1.36935
1.38497
1.40071
1.41656
1.43252
1.44859
1.46477
1.48105
1.49743
1.51391
1.5305
1.54718
1.56396
1.58083
1.59779
1.61484
1.63198
1.6492
1.6665
1.68388
1.70134
1.71887
1.73647
1.75413
1.77185
1.78963
1.80747
1.82535
1.84328
1.86124
1.87923
1.89725
1.91528
1.93332
1.95136
1.96939
1.98739
2.00535
2.02326
2.04109
2.05883
2.07645
2.09393
2.11122
2.1283
2.14512
2.16162
2.17774
2.1934
2.20853
2.22301
2.23673
2.24956
2.26134
2.27191
2.28111
2.28878
2.29479
2.29903
2.30146
2.30208
2.30097
2.29821
2.29397
2.28839
2.28164
2.27386
2.26521
2.17439
2.15996
2.14542
2.13077
2.11603
2.10119
2.08625
2.07123
2.05612
2.04092
2.02564
2.01029
1.99486
1.97936
1.96379
1.94815
1.93245
1.91669
1.90088
1.88501
1.86908
1.85311
1.8371
1.82104
1.80494
1.7888
1.77262
1.75642
1.74018
1.72392
1.70763
1.69132
1.67499
1.65865
1.64229
1.62592
1.60953
1.59315
1.57676
1.56036
1.54397
1.52758
1.5112
1.49482
1.47846
1.46211
1.44577
1.42946
1.41316
1.39689
1.38064
1.36442
1.34823
1.33208
1.31596
1.29988
1.28384
1.26784
1.25189
1.236
1.22015
1.20436
1.18863
1.17296
1.15735
1.14181
1.12634
1.11095
1.09563
1.08039
1.06524
1.05017
1.03519
1.0203
1.00552
0.990839
0.976265
0.961798
0.947449
0.93322
0.919115
0.905138
0.891294
0.877589
0.864027
0.850613
0.837352
0.824253
0.811318
0.798556
0.78597
0.773567
0.761353
0.749336
0.737522
0.725917
0.714527
0.703361
0.692425
0.681727
0.671274
0.661072
0.651129
0.641452
0.632049
0.622927
0.614091
0.60555
0.59731
0.589376
0.581756
0.574456
0.56748
0.560833
0.55452
0.548545
0.542911
0.537622
0.532679
0.528084
0.523838
0.519943
0.516397
0.513199
0.510348
0.507843
0.505679
0.50385
0.502359
0.501198
0.500362
0.499844
0.499641
0.499746
0.500151
0.50085
0.501835
0.5031
0.504637
0.506443
0.508503
0.510814
0.513369
0.51616
0.51918
0.522424
0.525882
0.52955
0.533422
0.537493
0.541754
0.5462
0.550826
0.555629
0.560603
0.565743
0.571047
0.576512
0.58213
0.5879
0.593819
0.599884
0.606093
0.612441
0.61893
0.625554
0.632315
0.639209
0.646236
0.653391
0.660678
0.668097
0.675642
0.683316
0.691117
0.699045
0.707099
0.71528
0.723592
0.732027
0.740588
0.749277
0.758095
0.767039
0.77611
0.785308
0.794636
0.804093
0.813684
0.823401
0.833248
0.843225
0.853333
0.863573
0.873945
0.88445
0.895086
0.905858
0.916761
0.927797
0.938968
0.950272
0.961709
0.973283
0.98499
0.996831
1.00881
1.02092
1.03316
1.04554
1.05805
1.0707
1.08348
1.09639
1.10944
1.12262
1.13593
1.14937
1.16294
1.17664
1.19047
1.20443
1.21852
1.23273
1.24707
1.26153
1.27612
1.29083
1.30566
1.32061
1.33569
1.35088
1.36619
1.38161
1.39715
1.41281
1.42857
1.44445
1.46043
1.47652
1.49272
1.50902
1.52542
1.54192
1.55852
1.57522
1.59201
1.6089
1.62587
1.64293
1.66008
1.67731
1.69463
1.71201
1.72947
1.74701
1.76461
1.78227
1.79999
1.81777
1.8356
1.85348
1.8714
1.88935
1.90733
1.92534
1.94335
1.96137
1.97938
1.99738
2.01534
2.03326
2.05112
2.0689
2.08657
2.10411
2.12149
2.13868
2.15562
2.17228
2.18859
2.20449
2.21989
2.23469
2.24879
2.26205
2.27432
2.28545
2.29527
2.30361
2.31032
2.31529
2.31845
2.31977
2.31931
2.31716
2.31346
2.30837
2.30204
2.29465
2.28633
2.18498
2.17054
2.156
2.14135
2.1266
2.11176
2.09683
2.0818
2.06669
2.0515
2.03622
2.02087
2.00544
1.98994
1.97437
1.95874
1.94305
1.92729
1.91148
1.89561
1.8797
1.86373
1.84772
1.83167
1.81557
1.79944
1.78328
1.76708
1.75085
1.7346
1.71832
1.70202
1.68571
1.66937
1.65303
1.63667
1.6203
1.60393
1.58755
1.57117
1.5548
1.53842
1.52206
1.5057
1.48936
1.47302
1.45671
1.44042
1.42414
1.40789
1.39167
1.37548
1.35931
1.34319
1.32709
1.31104
1.29504
1.27907
1.26316
1.24729
1.23148
1.21573
1.20004
1.18441
1.16884
1.15335
1.13793
1.12258
1.10731
1.09212
1.07702
1.06201
1.04709
1.03226
1.01754
1.00292
0.988414
0.974016
0.959739
0.945583
0.931555
0.917657
0.903896
0.890276
0.876801
0.863478
0.85031
0.837307
0.824472
0.811812
0.79933
0.787035
0.774934
0.76303
0.751332
0.739845
0.728578
0.717536
0.706726
0.696157
0.685834
0.675764
0.665955
0.656413
0.647146
0.63816
0.629462
0.621058
0.612954
0.605158
0.597673
0.590506
0.583661
0.577144
0.570958
0.565108
0.559594
0.554421
0.54959
0.545102
0.540959
0.537161
0.533706
0.530595
0.527824
0.525392
0.523296
0.521532
0.520093
0.518981
0.518188
0.517706
0.517535
0.517664
0.518088
0.5188
0.519796
0.521065
0.522602
0.524401
0.526453
0.528751
0.531289
0.53406
0.537056
0.540273
0.543704
0.547342
0.551184
0.555218
0.559443
0.563851
0.568439
0.573202
0.578135
0.583234
0.588496
0.593914
0.599491
0.605217
0.611091
0.617111
0.623274
0.629579
0.636021
0.642599
0.649314
0.656162
0.663141
0.670248
0.67749
0.684859
0.692356
0.699981
0.707732
0.715611
0.723616
0.731746
0.740004
0.748391
0.756901
0.765538
0.774302
0.783192
0.792207
0.80135
0.810626
0.820026
0.829554
0.839211
0.848998
0.858915
0.868962
0.879139
0.889447
0.899889
0.910459
0.921162
0.931997
0.942964
0.954064
0.965297
0.976664
0.988164
0.999797
1.01157
1.02347
1.0355
1.04767
1.05997
1.0724
1.08497
1.09767
1.1105
1.12346
1.13656
1.14978
1.16314
1.17662
1.19024
1.20398
1.21786
1.23186
1.24599
1.26024
1.27462
1.28911
1.30374
1.31848
1.33335
1.34833
1.36344
1.37866
1.394
1.40945
1.42502
1.44069
1.45648
1.47238
1.48838
1.5045
1.52071
1.53703
1.55345
1.56997
1.58659
1.6033
1.6201
1.637
1.65399
1.67106
1.68822
1.70546
1.72277
1.74016
1.75763
1.77516
1.79276
1.81043
1.82815
1.84593
1.86375
1.88162
1.89953
1.91747
1.93544
1.95342
1.97142
1.98941
2.0074
2.02536
2.04329
2.06116
2.07896
2.09668
2.11428
2.13173
2.14901
2.16608
2.18288
2.19937
2.21548
2.23113
2.24623
2.26068
2.27435
2.2871
2.29877
2.30919
2.31819
2.32561
2.33131
2.3352
2.33725
2.33747
2.33595
2.33283
2.32824
2.32237
2.31537
2.30741
2.1958
2.18136
2.16681
2.15217
2.13742
2.12257
2.10764
2.09261
2.0775
2.06231
2.04704
2.03168
2.01626
2.00076
1.9852
1.96957
1.95387
1.93812
1.92232
1.90645
1.89054
1.87458
1.85858
1.84253
1.82645
1.81032
1.79417
1.77798
1.76176
1.74552
1.72925
1.71296
1.69666
1.68034
1.664
1.64766
1.63131
1.61495
1.59859
1.58222
1.56586
1.54951
1.53316
1.51683
1.5005
1.48419
1.4679
1.45162
1.43537
1.41915
1.40295
1.38678
1.37065
1.35455
1.33849
1.32247
1.30649
1.29056
1.27468
1.25886
1.24308
1.22737
1.21172
1.19613
1.18061
1.16516
1.14978
1.13449
1.11927
1.10413
1.08909
1.07413
1.05928
1.04451
1.02985
1.0153
1.00086
0.986533
0.972329
0.95825
0.9443
0.930485
0.916807
0.903274
0.889889
0.876656
0.863585
0.85068
0.837945
0.825389
0.813015
0.800829
0.788838
0.777049
0.765468
0.754101
0.742955
0.732038
0.721354
0.710912
0.700719
0.69078
0.681103
0.671695
0.662562
0.653711
0.645147
0.636878
0.628908
0.621244
0.613891
0.606853
0.600136
0.593744
0.58768
0.581948
0.576549
0.571487
0.566763
0.562377
0.558331
0.554624
0.551256
0.548224
0.545528
0.543165
0.541132
0.539424
0.538035
0.536967
0.536212
0.535763
0.535619
0.535769
0.536209
0.536932
0.537932
0.539202
0.540736
0.542527
0.544567
0.546851
0.549367
0.552117
0.555089
0.558279
0.561679
0.565287
0.569092
0.57309
0.577278
0.581648
0.586196
0.590918
0.595809
0.600866
0.606084
0.611459
0.616989
0.62267
0.628501
0.634475
0.640593
0.646849
0.653244
0.659776
0.666443
0.673243
0.680177
0.68724
0.694429
0.701749
0.709198
0.716772
0.724475
0.732304
0.740259
0.748339
0.756546
0.764878
0.773339
0.781922
0.790633
0.799469
0.808432
0.817521
0.826736
0.836078
0.845548
0.855146
0.864873
0.874728
0.884713
0.894828
0.905075
0.915449
0.925953
0.936589
0.947355
0.958254
0.969284
0.980447
0.991742
1.00317
1.01473
1.02642
1.03825
1.0502
1.06229
1.07452
1.08687
1.09936
1.11197
1.12472
1.13761
1.15062
1.16376
1.17703
1.19043
1.20396
1.21762
1.23141
1.24532
1.25936
1.27353
1.28782
1.30223
1.31676
1.33142
1.3462
1.3611
1.37611
1.39124
1.40649
1.42186
1.43733
1.45293
1.46863
1.48444
1.50036
1.51638
1.53251
1.54875
1.56508
1.58152
1.59805
1.61468
1.63141
1.64822
1.66513
1.68213
1.69921
1.71637
1.73361
1.75093
1.76833
1.7858
1.80333
1.82093
1.8386
1.85631
1.87408
1.8919
1.90976
1.92766
1.94559
1.96354
1.98151
1.99948
2.01744
2.0354
2.05332
2.07121
2.08903
2.10678
2.12443
2.14195
2.15931
2.17648
2.19342
2.21006
2.22637
2.24225
2.25763
2.27241
2.28646
2.29966
2.31185
2.32286
2.3325
2.34062
2.34706
2.3517
2.35449
2.35542
2.35456
2.35204
2.34799
2.34259
2.33601
2.32841
2.20686
2.19241
2.17786
2.16321
2.14846
2.13362
2.11868
2.10366
2.08855
2.07335
2.05808
2.04273
2.0273
2.01181
1.99625
1.98062
1.96493
1.94919
1.93338
1.91753
1.90162
1.88567
1.86967
1.85363
1.83756
1.82144
1.80529
1.78911
1.77291
1.75667
1.74042
1.72414
1.70785
1.69154
1.67522
1.65889
1.64255
1.62621
1.60986
1.59352
1.57718
1.56084
1.54451
1.52819
1.51189
1.4956
1.47933
1.46308
1.44686
1.43066
1.41448
1.39834
1.38224
1.36617
1.35014
1.33415
1.31821
1.30231
1.28647
1.27068
1.25495
1.23927
1.22367
1.20812
1.19265
1.17724
1.16192
1.14667
1.1315
1.11643
1.10144
1.08654
1.07175
1.05704
1.04245
1.02797
1.0136
0.999345
0.985217
0.971216
0.957348
0.943615
0.930024
0.916578
0.903283
0.890147
0.877172
0.864367
0.851735
0.839284
0.827016
0.81494
0.803062
0.791388
0.779925
0.768678
0.757653
0.74686
0.736302
0.725988
0.715923
0.706114
0.696569
0.687292
0.678291
0.669572
0.66114
0.653002
0.645163
0.637628
0.630402
0.623491
0.616897
0.610625
0.604678
0.59906
0.593771
0.588815
0.584192
0.579902
0.575948
0.572328
0.56904
0.566084
0.563457
0.561157
0.559181
0.557525
0.556186
0.555154
0.554432
0.554014
0.553891
0.554058
0.55451
0.55524
0.556242
0.55751
0.559037
0.560817
0.562845
0.56511
0.567607
0.570332
0.573277
0.576437
0.579809
0.583381
0.58715
0.591111
0.595259
0.599589
0.604096
0.608777
0.613625
0.618639
0.623813
0.629143
0.634627
0.640262
0.646044
0.651972
0.658042
0.664253
0.670602
0.677084
0.683702
0.690456
0.69734
0.704354
0.711494
0.718766
0.726165
0.733692
0.741344
0.749123
0.757028
0.765057
0.773211
0.781491
0.789896
0.798433
0.80709
0.815871
0.824775
0.833806
0.842966
0.852251
0.861663
0.871201
0.880868
0.890662
0.900586
0.910638
0.920818
0.931128
0.941566
0.952135
0.962833
0.973663
0.984623
0.995715
1.00694
1.01829
1.02978
1.0414
1.05315
1.06503
1.07704
1.08918
1.10146
1.11386
1.1264
1.13907
1.15187
1.1648
1.17786
1.19104
1.20436
1.2178
1.23138
1.24508
1.2589
1.27285
1.28693
1.30113
1.31546
1.3299
1.34447
1.35916
1.37397
1.38889
1.40394
1.4191
1.43437
1.44976
1.46526
1.48087
1.4966
1.51243
1.52837
1.54441
1.56056
1.57681
1.59316
1.60961
1.62616
1.6428
1.65953
1.67636
1.69328
1.71028
1.72736
1.74453
1.76178
1.7791
1.7965
1.81397
1.8315
1.8491
1.86676
1.88447
1.90223
1.92004
1.9379
1.95578
1.97369
1.99162
2.00957
2.02751
2.04545
2.06337
2.08126
2.0991
2.11687
2.13455
2.15213
2.16956
2.18683
2.20388
2.22067
2.23715
2.25325
2.26889
2.28397
2.29839
2.31201
2.32469
2.33626
2.34654
2.35535
2.36252
2.36792
2.37146
2.37312
2.37296
2.37106
2.36757
2.36268
2.35654
2.34932
2.21814
2.20369
2.18914
2.17449
2.15974
2.14489
2.12995
2.11493
2.09982
2.08463
2.06935
2.054
2.03858
2.02309
2.00753
1.99191
1.97622
1.96048
1.94468
1.92883
1.91293
1.89699
1.881
1.86497
1.84889
1.83279
1.81665
1.80048
1.78428
1.76806
1.75182
1.73555
1.71927
1.70297
1.68667
1.67035
1.65403
1.6377
1.62138
1.60505
1.58872
1.57241
1.5561
1.5398
1.52352
1.50725
1.49101
1.47478
1.45858
1.44241
1.42626
1.41015
1.39407
1.37804
1.36204
1.34609
1.33018
1.31432
1.29851
1.28276
1.26707
1.25144
1.23588
1.22038
1.20495
1.1896
1.17432
1.15913
1.14402
1.129
1.11407
1.09923
1.0845
1.06986
1.05534
1.04092
1.02663
1.01245
0.998401
0.984479
0.970693
0.957045
0.943541
0.930185
0.916984
0.903945
0.891069
0.878363
0.865836
0.853489
0.84133
0.829366
0.817601
0.806043
0.794697
0.78357
0.772667
0.761997
0.751565
0.741377
0.73144
0.72176
0.712344
0.703197
0.694326
0.685737
0.677434
0.669425
0.661712
0.654303
0.647202
0.640411
0.633937
0.627781
0.621947
0.616437
0.611253
0.606398
0.601871
0.597673
0.593805
0.590266
0.587054
0.584168
0.581606
0.579364
0.577441
0.575832
0.574534
0.573541
0.572848
0.572453
0.572348
0.572529
0.57299
0.573724
0.574726
0.575988
0.577506
0.579272
0.581282
0.58353
0.586004
0.588703
0.59162
0.594749
0.598088
0.601625
0.605357
0.609279
0.613389
0.617677
0.622141
0.626778
0.631582
0.636552
0.641679
0.646964
0.652401
0.657989
0.663724
0.669603
0.675624
0.681789
0.688088
0.694524
0.701094
0.707797
0.714632
0.721597
0.728691
0.735909
0.743258
0.750734
0.758337
0.766065
0.773918
0.781895
0.789997
0.798229
0.80658
0.815057
0.823662
0.832388
0.841237
0.850211
0.859312
0.868541
0.877894
0.887373
0.896979
0.906714
0.916574
0.926563
0.936678
0.946922
0.957295
0.967797
0.978427
0.989188
1.00008
1.0111
1.02225
1.03353
1.04495
1.05649
1.06816
1.07996
1.0919
1.10396
1.11616
1.12849
1.14094
1.15353
1.16624
1.17909
1.19206
1.20517
1.2184
1.23176
1.24524
1.25885
1.27259
1.28646
1.30044
1.31456
1.32879
1.34315
1.35763
1.37223
1.38694
1.40178
1.41673
1.4318
1.44699
1.46229
1.4777
1.49322
1.50886
1.5246
1.54045
1.5564
1.57246
1.58863
1.60489
1.62126
1.63772
1.65427
1.67093
1.68767
1.7045
1.72142
1.73843
1.75552
1.77269
1.78994
1.80727
1.82467
1.84213
1.85966
1.87726
1.89491
1.91262
1.93037
1.94817
1.966
1.98387
2.00177
2.01968
2.0376
2.05552
2.07342
2.09131
2.10915
2.12694
2.14466
2.16227
2.17977
2.19712
2.21427
2.23119
2.24783
2.26412
2.28
2.29537
2.31012
2.32414
2.33729
2.34939
2.36028
2.36976
2.37766
2.38382
2.38814
2.39056
2.3911
2.38986
2.38697
2.3826
2.37692
2.37011
2.22966
2.21521
2.20065
2.186
2.17124
2.1564
2.14145
2.12643
2.11132
2.09612
2.08085
2.0655
2.05008
2.0346
2.01904
2.00342
1.98774
1.972
1.95621
1.94036
1.92447
1.90853
1.89255
1.87652
1.86046
1.84436
1.82823
1.81207
1.79589
1.77968
1.76344
1.74719
1.73092
1.71464
1.69835
1.68205
1.66574
1.64943
1.63312
1.61681
1.60051
1.58421
1.56792
1.55164
1.53538
1.51914
1.50292
1.48672
1.47055
1.4544
1.43829
1.4222
1.40616
1.39015
1.37419
1.35827
1.3424
1.32658
1.31081
1.2951
1.27945
1.26387
1.24835
1.2329
1.21752
1.20222
1.187
1.17186
1.1568
1.14184
1.12697
1.1122
1.09753
1.08296
1.06851
1.05416
1.03994
1.02585
1.01187
0.998034
0.984332
0.970771
0.957355
0.944094
0.930988
0.918043
0.905267
0.892664
0.880241
0.868002
0.855952
0.844099
0.832449
0.821007
0.809779
0.798772
0.787992
0.777444
0.767136
0.757074
0.747263
0.73771
0.728422
0.719403
0.71066
0.702198
0.694022
0.686138
0.67855
0.671263
0.664281
0.657608
0.651248
0.645204
0.639478
0.634073
0.628989
0.62423
0.619794
0.615683
0.611896
0.608434
0.605293
0.602472
0.599969
0.597782
0.595908
0.594341
0.593081
0.59212
0.591451
0.591077
0.590988
0.59118
0.591647
0.592382
0.59338
0.594635
0.59614
0.597892
0.599883
0.602108
0.604557
0.60723
0.610116
0.613216
0.616518
0.620018
0.623712
0.627595
0.631661
0.635907
0.640328
0.64492
0.649679
0.6546
0.659682
0.664919
0.67031
0.675849
0.681536
0.687367
0.69334
0.699453
0.705708
0.712094
0.718612
0.725266
0.732051
0.738964
0.746008
0.753179
0.760475
0.7679
0.775451
0.783127
0.790928
0.798858
0.806907
0.815081
0.823379
0.831801
0.840348
0.849022
0.857816
0.866732
0.875776
0.884945
0.89424
0.903661
0.913206
0.922877
0.932674
0.942599
0.95265
0.962829
0.973136
0.98357
0.994134
1.00483
1.01565
1.0266
1.03767
1.04888
1.06022
1.07169
1.08329
1.09501
1.10687
1.11886
1.13097
1.14322
1.15559
1.16809
1.18073
1.19349
1.20638
1.2194
1.23254
1.24581
1.25921
1.27274
1.28639
1.30016
1.31406
1.32808
1.34223
1.3565
1.37089
1.38539
1.40002
1.41477
1.42963
1.44461
1.4597
1.47491
1.49023
1.50566
1.52121
1.53686
1.55262
1.56848
1.58446
1.60053
1.61671
1.63298
1.64936
1.66583
1.6824
1.69905
1.7158
1.73264
1.74957
1.76658
1.78368
1.80085
1.8181
1.83542
1.85282
1.87028
1.8878
1.90539
1.92304
1.94073
1.95848
1.97626
1.99408
2.01193
2.02981
2.0477
2.06559
2.08348
2.10135
2.11919
2.13699
2.15473
2.17238
2.18993
2.20734
2.22459
2.24162
2.25841
2.27487
2.29096
2.30659
2.32166
2.33606
2.34964
2.36225
2.37372
2.38386
2.39247
2.3994
2.40449
2.40769
2.40897
2.40842
2.40615
2.40233
2.39714
2.39076
2.24139
2.22694
2.21238
2.19772
2.18297
2.16812
2.15318
2.13815
2.12304
2.10785
2.09258
2.07723
2.06181
2.04632
2.03077
2.01515
1.99948
1.98374
1.96796
1.95212
1.93623
1.9203
1.90432
1.8883
1.87225
1.85616
1.84004
1.82389
1.80772
1.79152
1.77529
1.75906
1.7428
1.72654
1.71026
1.69397
1.67768
1.66139
1.64509
1.6288
1.61252
1.59624
1.57997
1.56372
1.54749
1.53127
1.51507
1.4989
1.48275
1.46663
1.45055
1.4345
1.41849
1.40251
1.38658
1.3707
1.35487
1.33909
1.32336
1.30769
1.29209
1.27655
1.26108
1.24567
1.23035
1.2151
1.19993
1.18485
1.16985
1.15495
1.14014
1.12544
1.11084
1.09634
1.08195
1.06769
1.05354
1.03952
1.02563
1.01188
0.998261
0.984788
0.971465
0.958295
0.945285
0.93244
0.919765
0.907265
0.894948
0.882816
0.870877
0.859136
0.8476
0.836275
0.825165
0.814278
0.803619
0.793193
0.783009
0.773071
0.763386
0.753959
0.744796
0.735903
0.727286
0.718949
0.710896
0.703134
0.695667
0.688499
0.681633
0.675074
0.668825
0.662888
0.657267
0.651961
0.646974
0.642305
0.637957
0.633927
0.630217
0.626826
0.623751
0.620991
0.618544
0.616407
0.614577
0.613049
0.611821
0.610888
0.610245
0.609885
0.609809
0.610008
0.610477
0.61121
0.612201
0.613446
0.614939
0.616673
0.618643
0.620844
0.623268
0.62591
0.628768
0.631832
0.635097
0.638558
0.642212
0.646054
0.650077
0.65428
0.658656
0.663202
0.667914
0.672789
0.677822
0.68301
0.688352
0.693843
0.69948
0.705263
0.711186
0.717251
0.723452
0.729787
0.73626
0.742861
0.749593
0.756457
0.763449
0.770569
0.777814
0.785187
0.792686
0.800314
0.808061
0.815934
0.82393
0.83205
0.840294
0.848661
0.857153
0.865767
0.874507
0.883367
0.892352
0.901464
0.9107
0.920057
0.929541
0.93915
0.948886
0.958746
0.968733
0.978849
0.989089
0.999455
1.00995
1.02057
1.03132
1.0422
1.05321
1.06434
1.0756
1.087
1.09852
1.11017
1.12195
1.13385
1.14589
1.15805
1.17034
1.18277
1.19532
1.20799
1.2208
1.23373
1.24679
1.25998
1.27329
1.28672
1.30029
1.31397
1.32778
1.34171
1.35577
1.36995
1.38424
1.39866
1.4132
1.42785
1.44262
1.45751
1.47251
1.48763
1.50285
1.51819
1.53365
1.54921
1.56488
1.58065
1.59653
1.61251
1.6286
1.64479
1.66108
1.67746
1.69394
1.71051
1.72718
1.74393
1.76077
1.7777
1.79472
1.81181
1.82898
1.84623
1.86355
1.88094
1.8984
1.91592
1.9335
1.95113
1.96882
1.98655
2.00432
2.02212
2.03995
2.0578
2.07567
2.09353
2.11139
2.12922
2.14702
2.16477
2.18245
2.20004
2.21751
2.23483
2.25197
2.26887
2.2855
2.30179
2.31765
2.33301
2.34775
2.36174
2.37483
2.38686
2.39763
2.40694
2.41462
2.4205
2.42448
2.42654
2.4267
2.42508
2.42184
2.41716
2.41123
2.25335
2.23889
2.22433
2.20967
2.19491
2.18006
2.16512
2.15009
2.13498
2.11979
2.10451
2.08917
2.07376
2.05827
2.04272
2.02711
2.01144
1.9957
1.97992
1.96409
1.94821
1.93228
1.91631
1.9003
1.88426
1.86818
1.85207
1.83593
1.81977
1.80358
1.78737
1.77114
1.7549
1.73865
1.72239
1.70612
1.68985
1.67357
1.65729
1.64102
1.62476
1.6085
1.59226
1.57603
1.55981
1.54362
1.52745
1.5113
1.49519
1.4791
1.46305
1.44703
1.43105
1.41511
1.39922
1.38337
1.36758
1.35184
1.33615
1.32053
1.30497
1.28948
1.27406
1.25871
1.24343
1.22824
1.21313
1.1981
1.18317
1.16833
1.15359
1.13895
1.12441
1.10998
1.09568
1.08149
1.06742
1.05348
1.03967
1.026
1.01247
0.99909
0.98586
0.972786
0.959874
0.947129
0.934556
0.92216
0.909951
0.897928
0.886099
0.874471
0.86305
0.851841
0.840849
0.830081
0.819543
0.80924
0.799178
0.789364
0.779802
0.7705
0.761461
0.752692
0.744197
0.735982
0.728051
0.720408
0.713058
0.706004
0.699252
0.692803
0.686661
0.680827
0.675305
0.670095
0.665199
0.660618
0.656351
0.652399
0.648762
0.645437
0.642424
0.639722
0.637326
0.635234
0.633444
0.631951
0.630752
0.629843
0.629219
0.628873
0.628806
0.62901
0.629479
0.630207
0.63119
0.632424
0.633901
0.635616
0.637564
0.639738
0.642132
0.644746
0.647568
0.650595
0.653823
0.657245
0.660858
0.664657
0.668636
0.672794
0.677124
0.681623
0.686288
0.691114
0.696098
0.701238
0.706529
0.71197
0.717557
0.723288
0.729162
0.735174
0.741325
0.747609
0.754029
0.760581
0.767262
0.774074
0.781014
0.788081
0.795276
0.802597
0.810043
0.817614
0.825308
0.833127
0.841069
0.849134
0.857322
0.865633
0.87407
0.882627
0.89131
0.900112
0.909041
0.91809
0.927265
0.936564
0.945986
0.955535
0.965207
0.975004
0.984925
0.994973
1.00515
1.01544
1.02587
1.03642
1.0471
1.05791
1.06884
1.0799
1.09109
1.10241
1.11385
1.12542
1.13712
1.14895
1.16091
1.17299
1.1852
1.19754
1.21001
1.2226
1.23532
1.24817
1.26114
1.27424
1.28746
1.30081
1.31428
1.32788
1.3416
1.35544
1.3694
1.38348
1.39769
1.41202
1.42646
1.44102
1.4557
1.4705
1.4854
1.50043
1.51556
1.53081
1.54617
1.56164
1.57721
1.59289
1.60868
1.62458
1.64057
1.65667
1.67287
1.68916
1.70555
1.72203
1.73861
1.75528
1.77204
1.78888
1.80582
1.82283
1.83992
1.85709
1.87433
1.89165
1.90903
1.92648
1.94399
1.96156
1.97918
1.99685
2.01457
2.03232
2.05011
2.06792
2.08574
2.10358
2.12141
2.13923
2.15702
2.17478
2.19247
2.21009
2.22761
2.24499
2.26221
2.27923
2.296
2.31246
2.32854
2.34416
2.35922
2.37359
2.38714
2.39969
2.41106
2.42105
2.42947
2.43614
2.44092
2.44376
2.44467
2.44374
2.44111
2.43697
2.4315
2.26552
2.25105
2.23649
2.22183
2.20707
2.19221
2.17727
2.16224
2.14713
2.13194
2.11667
2.10133
2.08591
2.07043
2.05488
2.03927
2.02361
2.00788
1.9921
1.97628
1.9604
1.94448
1.92852
1.91252
1.89648
1.88041
1.86431
1.84818
1.83203
1.81585
1.79966
1.78345
1.76722
1.75098
1.73473
1.71848
1.70223
1.68597
1.66971
1.65346
1.63722
1.62098
1.60476
1.58856
1.57237
1.5562
1.54006
1.52394
1.50785
1.49179
1.47577
1.45979
1.44385
1.42794
1.41209
1.39628
1.38053
1.36483
1.34919
1.33361
1.3181
1.30266
1.28729
1.27199
1.25677
1.24163
1.22657
1.21161
1.19674
1.18196
1.16729
1.15272
1.13826
1.1239
1.10967
1.09556
1.08157
1.06771
1.05399
1.04041
1.02697
1.01368
1.00054
0.987561
0.974748
0.962104
0.949635
0.937345
0.925242
0.913329
0.901613
0.890098
0.878792
0.867699
0.856825
0.846176
0.835758
0.825577
0.815635
0.805944
0.796505
0.787325
0.778409
0.769761
0.761386
0.75329
0.745477
0.73795
0.730714
0.723773
0.71713
0.710787
0.704748
0.699014
0.693587
0.688469
0.68366
0.679161
0.674973
0.671094
0.667525
0.664264
0.661309
0.658658
0.656309
0.654258
0.652505
0.651043
0.649872
0.648983
0.648375
0.648043
0.647979
0.648184
0.64865
0.649373
0.650346
0.651564
0.653022
0.654715
0.656639
0.658786
0.661152
0.663731
0.666517
0.669506
0.672694
0.676076
0.679648
0.683402
0.687337
0.691448
0.695732
0.700183
0.704799
0.709575
0.714509
0.719599
0.724839
0.730228
0.735765
0.741445
0.747266
0.753226
0.759324
0.765554
0.771922
0.778421
0.785049
0.791811
0.798698
0.805717
0.812858
0.820121
0.827513
0.835029
0.842669
0.850434
0.858321
0.866331
0.874463
0.882718
0.891096
0.899597
0.908221
0.916967
0.925834
0.934825
0.94394
0.953177
0.962539
0.972023
0.981631
0.991363
1.00122
1.0112
1.02131
1.03154
1.04189
1.05237
1.06298
1.07372
1.08458
1.09556
1.10668
1.11792
1.12929
1.14078
1.1524
1.16415
1.17602
1.18803
1.20016
1.21241
1.22479
1.2373
1.24993
1.26269
1.27558
1.28859
1.30173
1.31498
1.32837
1.34187
1.3555
1.36925
1.38312
1.39711
1.41123
1.42546
1.43981
1.45428
1.46887
1.48357
1.49838
1.51331
1.52835
1.5435
1.55877
1.57414
1.58963
1.60521
1.62091
1.63671
1.65261
1.66862
1.68472
1.70092
1.71722
1.73362
1.75011
1.76669
1.78336
1.80012
1.81696
1.83389
1.85091
1.86799
1.88516
1.9024
1.9197
1.93708
1.95452
1.97202
1.98957
2.00718
2.02484
2.04253
2.06027
2.07803
2.09581
2.11361
2.13142
2.14922
2.167
2.18475
2.20245
2.22009
2.23764
2.25508
2.27237
2.28949
2.30638
2.32299
2.33927
2.35513
2.37047
2.3852
2.39916
2.4122
2.42415
2.4348
2.44394
2.45139
2.45698
2.46062
2.4623
2.46208
2.4601
2.45652
2.45155
2.2779
2.26343
2.24886
2.23419
2.21943
2.20458
2.18963
2.1746
2.15949
2.1443
2.12903
2.11369
2.09828
2.0828
2.06725
2.05165
2.03598
2.02026
2.00449
1.98867
1.9728
1.95689
1.94093
1.92494
1.90892
1.89286
1.87677
1.86064
1.8445
1.82834
1.81216
1.79596
1.77975
1.76352
1.74729
1.73106
1.71482
1.69858
1.68235
1.66612
1.6499
1.63368
1.61749
1.60131
1.58514
1.569
1.55289
1.5368
1.52074
1.50471
1.48873
1.47278
1.45687
1.44101
1.42519
1.40943
1.39371
1.37806
1.36246
1.34693
1.33147
1.31608
1.30076
1.28551
1.27035
1.25527
1.24027
1.22537
1.21056
1.19585
1.18125
1.16675
1.15236
1.13808
1.12393
1.10989
1.09599
1.08221
1.06858
1.05508
1.04173
1.02854
1.01549
1.00262
0.989902
0.97736
0.964995
0.952814
0.940818
0.929015
0.91741
0.90601
0.894818
0.883841
0.873086
0.862556
0.852258
0.842197
0.832376
0.822806
0.813488
0.804428
0.795632
0.787103
0.778847
0.770868
0.76317
0.755756
0.748631
0.741798
0.735261
0.729021
0.723081
0.717442
0.712107
0.707077
0.702351
0.697931
0.693817
0.690007
0.686502
0.683299
0.680397
0.677795
0.675489
0.673478
0.671757
0.670323
0.669174
0.668304
0.667709
0.667384
0.667326
0.667527
0.667989
0.668702
0.669662
0.670864
0.672302
0.673971
0.675868
0.677989
0.68032
0.682865
0.685614
0.688565
0.691713
0.695052
0.698579
0.702288
0.706178
0.710242
0.714477
0.718879
0.723445
0.728171
0.733054
0.738092
0.74328
0.748619
0.754102
0.759729
0.765496
0.771404
0.777447
0.783625
0.789939
0.796384
0.802964
0.809669
0.816506
0.823466
0.830553
0.837765
0.845099
0.85256
0.860144
0.867853
0.875684
0.883638
0.891714
0.899913
0.908233
0.916676
0.925239
0.933927
0.942736
0.951666
0.960719
0.969894
0.979191
0.988613
0.998157
1.00782
1.01761
1.02753
1.03756
1.04773
1.05801
1.06842
1.07896
1.08962
1.10041
1.11132
1.12236
1.13353
1.14482
1.15623
1.16777
1.17944
1.19124
1.20316
1.2152
1.22737
1.23967
1.25209
1.26464
1.27732
1.29011
1.30304
1.31608
1.32925
1.34254
1.35596
1.36949
1.38315
1.39693
1.41083
1.42485
1.43899
1.45325
1.46762
1.48211
1.49672
1.51144
1.52627
1.54122
1.55627
1.57144
1.58672
1.60211
1.6176
1.6332
1.64891
1.66472
1.68063
1.69664
1.71275
1.72896
1.74526
1.76166
1.77815
1.79473
1.8114
1.82816
1.84501
1.86193
1.87894
1.89602
1.91318
1.93041
1.9477
1.96507
1.9825
1.99998
2.01753
2.03512
2.05275
2.07043
2.08814
2.10588
2.12364
2.14141
2.15918
2.17694
2.19468
2.21238
2.23003
2.24761
2.26508
2.28244
2.29963
2.31663
2.33338
2.34983
2.3659
2.38151
2.39656
2.41091
2.42441
2.4369
2.44817
2.45802
2.46623
2.47263
2.47709
2.47956
2.48009
2.47878
2.4758
2.47135
2.29049
2.27601
2.26144
2.24677
2.232
2.21715
2.2022
2.18717
2.17206
2.15687
2.1416
2.12626
2.11085
2.09537
2.07983
2.06422
2.04856
2.03285
2.01708
2.00127
1.9854
1.9695
1.95355
1.93757
1.92155
1.9055
1.88942
1.87331
1.85718
1.84103
1.82486
1.80868
1.79248
1.77627
1.76006
1.74384
1.72762
1.7114
1.69519
1.67898
1.66278
1.64659
1.63042
1.61427
1.59813
1.58202
1.56593
1.54987
1.53385
1.51785
1.5019
1.48599
1.47012
1.45429
1.43852
1.42279
1.40713
1.39152
1.37597
1.36049
1.34507
1.32973
1.31447
1.29928
1.28417
1.26915
1.25422
1.23938
1.22464
1.21
1.19546
1.18104
1.16672
1.15251
1.13844
1.12449
1.11067
1.09698
1.08343
1.07003
1.05677
1.04367
1.03073
1.01794
1.00533
0.992892
0.980633
0.968559
0.956672
0.944979
0.933487
0.9222
0.911124
0.900263
0.889625
0.879214
0.869034
0.859093
0.849393
0.839942
0.830743
0.821802
0.813124
0.804712
0.796572
0.788707
0.781121
0.773818
0.766801
0.760074
0.753639
0.747498
0.741653
0.736107
0.730859
0.725912
0.721266
0.71692
0.712876
0.709131
0.705686
0.702539
0.699688
0.697131
0.694866
0.692888
0.691197
0.689789
0.688657
0.687802
0.687215
0.686897
0.686841
0.687038
0.687492
0.688194
0.689138
0.690321
0.691737
0.693382
0.695254
0.69734
0.699639
0.702146
0.704858
0.707769
0.710875
0.714171
0.717653
0.721316
0.725157
0.729174
0.733359
0.737711
0.742225
0.7469
0.751731
0.756716
0.761853
0.767137
0.772566
0.778139
0.783853
0.789704
0.795695
0.801819
0.808082
0.814473
0.820994
0.827645
0.834422
0.841328
0.848363
0.85552
0.862798
0.870204
0.877732
0.885384
0.893158
0.901055
0.909074
0.917215
0.92548
0.933863
0.942366
0.950991
0.959736
0.968608
0.977599
0.986711
0.995946
1.0053
1.01478
1.02438
1.03411
1.04395
1.05392
1.06401
1.07423
1.08457
1.09504
1.10563
1.11634
1.12718
1.13814
1.14923
1.16044
1.17178
1.18324
1.19483
1.20654
1.21838
1.23034
1.24243
1.25464
1.26698
1.27944
1.29202
1.30473
1.31757
1.33052
1.3436
1.3568
1.37013
1.38357
1.39714
1.41082
1.42463
1.43855
1.4526
1.46676
1.48104
1.49543
1.50994
1.52457
1.5393
1.55415
1.56912
1.58419
1.59937
1.61466
1.63006
1.64556
1.66117
1.67689
1.6927
1.70862
1.72463
1.74075
1.75696
1.77326
1.78966
1.80615
1.82273
1.8394
1.85615
1.87299
1.88991
1.90691
1.92399
1.94113
1.95835
1.97564
1.993
2.01041
2.02788
2.0454
2.06298
2.08059
2.09825
2.11593
2.13365
2.15137
2.16911
2.18685
2.20457
2.22226
2.23991
2.2575
2.27501
2.29241
2.30967
2.32676
2.34363
2.36023
2.37649
2.39234
2.40768
2.42238
2.43632
2.44931
2.46117
2.4717
2.48066
2.48786
2.49314
2.49643
2.49773
2.49712
2.49477
2.49088
2.30327
2.2888
2.27422
2.25954
2.24477
2.22992
2.21497
2.19994
2.18482
2.16963
2.15436
2.13902
2.12361
2.10814
2.0926
2.077
2.06134
2.04563
2.02987
2.01406
1.9982
1.98231
1.96637
1.95039
1.93438
1.91834
1.90227
1.88618
1.87006
1.85392
1.83777
1.8216
1.80542
1.78923
1.77303
1.75683
1.74063
1.72443
1.70824
1.69205
1.67587
1.65971
1.64356
1.62743
1.61133
1.59524
1.57918
1.56316
1.54716
1.53121
1.51529
1.49941
1.48358
1.4678
1.45206
1.43638
1.42076
1.4052
1.3897
1.37427
1.35891
1.34362
1.32841
1.31327
1.29823
1.28327
1.2684
1.25363
1.23895
1.22438
1.20992
1.19556
1.18133
1.1672
1.15321
1.13934
1.1256
1.112
1.09854
1.08523
1.07207
1.05907
1.04622
1.03354
1.02103
1.00869
0.996541
0.984575
0.972798
0.961216
0.949837
0.938664
0.927703
0.916959
0.906437
0.896143
0.886082
0.876259
0.866678
0.857344
0.848264
0.83944
0.830878
0.822582
0.814555
0.806802
0.799325
0.79213
0.785218
0.778592
0.772256
0.76621
0.760458
0.754999
0.749837
0.744969
0.740399
0.736125
0.732146
0.728464
0.725076
0.72198
0.719176
0.716659
0.71443
0.712484
0.710819
0.709432
0.708316
0.707472
0.706895
0.706579
0.706521
0.706717
0.707157
0.707846
0.708773
0.709935
0.711327
0.712948
0.714787
0.71684
0.719104
0.721575
0.724248
0.727117
0.73018
0.733431
0.736867
0.740482
0.744274
0.74824
0.752375
0.756677
0.761139
0.765761
0.77054
0.775471
0.780553
0.785783
0.791158
0.796675
0.802333
0.80813
0.814069
0.820138
0.826342
0.832676
0.839142
0.845737
0.852458
0.859307
0.866283
0.873386
0.880612
0.887958
0.895429
0.903024
0.91074
0.918581
0.926542
0.934623
0.942827
0.95115
0.959593
0.968158
0.976841
0.985647
0.994579
1.00363
1.0128
1.02209
1.0315
1.04104
1.05069
1.06047
1.07037
1.0804
1.09054
1.10081
1.1112
1.12172
1.13236
1.14312
1.15401
1.16502
1.17615
1.18741
1.19879
1.2103
1.22193
1.23368
1.24556
1.25757
1.26969
1.28194
1.29432
1.30681
1.31944
1.33218
1.34505
1.35803
1.37114
1.38437
1.39773
1.4112
1.42479
1.4385
1.45233
1.46628
1.48034
1.49453
1.50883
1.52324
1.53777
1.55241
1.56716
1.58202
1.597
1.61208
1.62727
1.64258
1.65798
1.6735
1.68911
1.70483
1.72065
1.73657
1.75259
1.7687
1.78491
1.80122
1.81762
1.8341
1.85068
1.86734
1.88409
1.90092
1.91784
1.93482
1.95189
1.96903
1.98623
2.00351
2.02084
2.03824
2.0557
2.0732
2.09075
2.10835
2.12598
2.14364
2.16132
2.17902
2.19672
2.21441
2.23209
2.24973
2.26733
2.28486
2.30229
2.31961
2.33677
2.35374
2.37047
2.38691
2.40297
2.41856
2.43359
2.44792
2.46138
2.47381
2.48497
2.49466
2.50265
2.50876
2.51288
2.51497
2.51511
2.51342
2.51009
2.31625
2.30177
2.28719
2.27251
2.25774
2.24288
2.22793
2.21289
2.19778
2.18258
2.16732
2.15198
2.13657
2.12109
2.10556
2.08996
2.07431
2.05861
2.04285
2.02704
2.01119
1.9953
1.97937
1.9634
1.9474
1.93137
1.91532
1.89923
1.88313
1.867
1.85086
1.83471
1.81854
1.80237
1.78619
1.77001
1.75383
1.73765
1.72148
1.70532
1.68917
1.67303
1.6569
1.6408
1.62472
1.60867
1.59264
1.57665
1.56069
1.54477
1.52888
1.51305
1.49726
1.48151
1.46582
1.45018
1.43461
1.41909
1.40365
1.38827
1.37296
1.35773
1.34257
1.3275
1.31252
1.29762
1.28282
1.26811
1.25351
1.23901
1.22462
1.21034
1.19618
1.18214
1.16822
1.15444
1.14079
1.12728
1.11391
1.10069
1.08763
1.07472
1.06198
1.0494
1.03699
1.02476
1.01271
1.00086
0.989189
0.97772
0.966453
0.955394
0.944548
0.93392
0.923516
0.913338
0.903394
0.893688
0.884224
0.875007
0.866044
0.857336
0.848888
0.840704
0.832788
0.825145
0.817775
0.810685
0.803874
0.797347
0.791106
0.785153
0.77949
0.774116
0.769034
0.764244
0.759745
0.755539
0.751623
0.747998
0.744663
0.741615
0.738854
0.736376
0.73418
0.732263
0.730623
0.729251
0.728151
0.727317
0.726744
0.726428
0.726366
0.726554
0.726986
0.727655
0.728563
0.729703
0.731073
0.732663
0.73447
0.736489
0.738716
0.741148
0.74378
0.746607
0.749625
0.75283
0.756218
0.759785
0.763528
0.767443
0.771526
0.775774
0.780183
0.784754
0.789477
0.794354
0.79938
0.804555
0.809872
0.815334
0.820941
0.826682
0.83256
0.838572
0.844719
0.850997
0.857406
0.863944
0.870609
0.877401
0.884319
0.891362
0.89853
0.905822
0.913234
0.920772
0.928432
0.936212
0.944112
0.952135
0.960276
0.968539
0.976921
0.985424
0.994045
1.00279
1.01165
1.02064
1.02975
1.03897
1.04832
1.05779
1.06738
1.07708
1.08692
1.09687
1.10694
1.11714
1.12746
1.1379
1.14846
1.15915
1.16996
1.18089
1.19195
1.20313
1.21443
1.22585
1.2374
1.24907
1.26087
1.27279
1.28483
1.29699
1.30928
1.32169
1.33422
1.34687
1.35965
1.37254
1.38556
1.3987
1.41196
1.42533
1.43883
1.45245
1.46618
1.48003
1.494
1.50809
1.52229
1.5366
1.55103
1.56557
1.58023
1.59499
1.60987
1.62486
1.63995
1.65515
1.67046
1.68587
1.70139
1.71701
1.73273
1.74855
1.76447
1.78049
1.79661
1.81281
1.82912
1.84551
1.86199
1.87856
1.89522
1.91196
1.92878
1.94568
1.96266
1.97971
1.99684
2.01403
2.03129
2.04861
2.06599
2.08342
2.10091
2.11844
2.136
2.15361
2.17124
2.18889
2.20655
2.22421
2.24186
2.25949
2.27708
2.29462
2.31208
2.32944
2.34666
2.36372
2.38056
2.39714
2.41338
2.42922
2.44454
2.45922
2.47313
2.48607
2.49784
2.50822
2.51698
2.52392
2.52888
2.5318
2.5327
2.5317
2.52899
2.32942
2.31493
2.30035
2.28566
2.27089
2.25602
2.24107
2.22603
2.21092
2.19572
2.18045
2.16511
2.14971
2.13423
2.1187
2.10311
2.08746
2.07176
2.05601
2.04021
2.02437
2.00848
1.99256
1.9766
1.96061
1.94459
1.92854
1.91247
1.89638
1.88027
1.86414
1.848
1.83185
1.8157
1.79954
1.78337
1.76721
1.75106
1.73491
1.71877
1.70264
1.68653
1.67044
1.65436
1.63831
1.62229
1.6063
1.59034
1.57441
1.55853
1.54268
1.52688
1.51113
1.49543
1.47979
1.4642
1.44867
1.4332
1.41781
1.40248
1.38723
1.37206
1.35696
1.34195
1.32703
1.3122
1.29746
1.28283
1.26829
1.25387
1.23955
1.22535
1.21127
1.19731
1.18348
1.16978
1.15622
1.1428
1.12953
1.11641
1.10344
1.09063
1.07798
1.06551
1.05321
1.04109
1.02915
1.0174
1.00584
0.994483
0.98333
0.972385
0.961653
0.951141
0.940853
0.930792
0.920964
0.911375
0.902027
0.892925
0.884076
0.875481
0.867146
0.859073
0.851266
0.843729
0.836465
0.829475
0.822764
0.816334
0.810186
0.804322
0.798744
0.793451
0.788446
0.783728
0.779298
0.775155
0.771299
0.767729
0.764443
0.761441
0.758719
0.756277
0.754112
0.75222
0.750599
0.749244
0.748156
0.747328
0.746758
0.74644
0.746373
0.74655
0.746969
0.74762
0.748508
0.749627
0.750966
0.752526
0.754299
0.756283
0.758472
0.760864
0.763454
0.766237
0.76921
0.772368
0.775706
0.779224
0.782916
0.786779
0.790809
0.795004
0.79936
0.803873
0.808542
0.813363
0.818334
0.823449
0.828716
0.834121
0.839666
0.84535
0.85117
0.857125
0.863214
0.869435
0.875785
0.882265
0.888873
0.895605
0.902468
0.909452
0.91656
0.923792
0.931145
0.938624
0.946223
0.953943
0.961784
0.969746
0.977827
0.986028
0.994348
1.00279
1.01135
1.02003
1.02883
1.03774
1.04679
1.05595
1.06523
1.07463
1.08415
1.09379
1.10355
1.11343
1.12343
1.13356
1.1438
1.15417
1.16466
1.17527
1.186
1.19685
1.20783
1.21893
1.23015
1.24149
1.25296
1.26454
1.27625
1.28809
1.30004
1.31212
1.32431
1.33663
1.34907
1.36164
1.37432
1.38712
1.40005
1.41309
1.42626
1.43954
1.45294
1.46646
1.4801
1.49385
1.50772
1.52171
1.53581
1.55003
1.56436
1.5788
1.59336
1.60802
1.6228
1.63768
1.65268
1.66778
1.68299
1.6983
1.71371
1.72923
1.74486
1.76058
1.7764
1.79232
1.80834
1.82445
1.84065
1.85695
1.87333
1.88981
1.90637
1.92302
1.93975
1.95656
1.97345
1.99041
2.00745
2.02456
2.04174
2.05898
2.07628
2.09364
2.11105
2.12851
2.14601
2.16355
2.18113
2.19872
2.21634
2.23396
2.25159
2.26919
2.28677
2.3043
2.32178
2.33916
2.35643
2.37356
2.3905
2.4072
2.42361
2.43965
2.45523
2.47024
2.48454
2.49796
2.5103
2.52135
2.53086
2.53861
2.54442
2.54817
2.54987
2.54959
2.54752
2.34277
2.32827
2.31368
2.29899
2.28421
2.26934
2.25439
2.23935
2.22423
2.20903
2.19377
2.17843
2.16302
2.14755
2.13202
2.11643
2.10079
2.08509
2.06934
2.05355
2.03771
2.02183
2.00592
1.98997
1.97399
1.95798
1.94194
1.92588
1.90981
1.89371
1.87759
1.86147
1.84534
1.8292
1.81306
1.79692
1.78078
1.76465
1.74852
1.7324
1.7163
1.70022
1.68415
1.66811
1.65209
1.6361
1.62014
1.60421
1.58833
1.57248
1.55668
1.54092
1.52521
1.50956
1.49395
1.47841
1.46293
1.44752
1.43218
1.41691
1.40171
1.38659
1.37156
1.35661
1.34175
1.32699
1.31233
1.29776
1.2833
1.26895
1.25471
1.24059
1.22659
1.21272
1.19897
1.18536
1.1719
1.15857
1.14539
1.13236
1.11949
1.10678
1.09424
1.08187
1.06967
1.05766
1.04583
1.03419
1.02274
1.0115
1.00046
0.989629
0.979012
0.968615
0.958442
0.948498
0.938786
0.929311
0.920078
0.911091
0.902354
0.893871
0.885645
0.87768
0.86998
0.862548
0.855386
0.848497
0.841882
0.835545
0.829486
0.823707
0.818211
0.812997
0.808066
0.803418
0.799053
0.794971
0.791171
0.787652
0.784413
0.781453
0.778768
0.776359
0.774219
0.772351
0.770747
0.769407
0.768328
0.767504
0.766934
0.766613
0.766537
0.766702
0.767105
0.767741
0.768603
0.769696
0.771006
0.772534
0.774274
0.776221
0.778371
0.780722
0.783268
0.786007
0.788932
0.792041
0.795331
0.798797
0.802437
0.806247
0.810225
0.814364
0.818664
0.823121
0.827733
0.832501
0.837414
0.842473
0.847678
0.853024
0.858511
0.864137
0.869899
0.875795
0.881825
0.887986
0.894278
0.9007
0.907248
0.913923
0.920722
0.927647
0.934696
0.94187
0.94916
0.956577
0.964117
0.971776
0.979555
0.987455
0.995475
1.00361
1.01187
1.02025
1.02874
1.03735
1.04609
1.05494
1.06392
1.07301
1.08222
1.09155
1.101
1.11058
1.12027
1.13008
1.14001
1.15006
1.16023
1.17052
1.18093
1.19146
1.20212
1.21289
1.22379
1.23481
1.24595
1.25721
1.26859
1.28009
1.29172
1.30346
1.31533
1.32732
1.33942
1.35165
1.364
1.37648
1.38907
1.40178
1.41461
1.42756
1.44063
1.45381
1.46712
1.48054
1.49408
1.50774
1.52151
1.53539
1.54939
1.56351
1.57774
1.59209
1.60654
1.62111
1.63578
1.65057
1.66545
1.68045
1.69556
1.71077
1.72608
1.7415
1.75702
1.77264
1.78837
1.80418
1.8201
1.83611
1.85222
1.86842
1.8847
1.90108
1.91755
1.9341
1.95074
1.96745
1.98425
2.00112
2.01807
2.03509
2.05218
2.06934
2.08656
2.10384
2.12117
2.13856
2.15599
2.17347
2.19098
2.20852
2.22609
2.24367
2.26125
2.27882
2.29638
2.31391
2.33138
2.34878
2.36608
2.38326
2.40028
2.41709
2.43364
2.44986
2.46568
2.48098
2.49564
2.5095
2.52237
2.53404
2.54427
2.55282
2.55947
2.56407
2.56659
2.56707
2.56568
2.35628
2.34178
2.32718
2.31249
2.2977
2.28283
2.26787
2.25283
2.23771
2.22251
2.20724
2.19191
2.1765
2.16103
2.1455
2.12991
2.11427
2.09858
2.08284
2.06705
2.05122
2.03535
2.01944
2.0035
1.98753
1.97153
1.95551
1.93946
1.9234
1.90731
1.89122
1.87511
1.859
1.84288
1.82675
1.81063
1.79451
1.7784
1.7623
1.74621
1.73013
1.71408
1.69804
1.68203
1.66604
1.65008
1.63416
1.61827
1.60242
1.58661
1.57085
1.55514
1.53947
1.52386
1.50831
1.49282
1.47739
1.46203
1.44675
1.43153
1.41639
1.40134
1.38636
1.37148
1.35669
1.342
1.3274
1.31291
1.29853
1.28425
1.27009
1.25606
1.24214
1.22835
1.2147
1.20118
1.1878
1.17457
1.16148
1.14856
1.13579
1.12318
1.11074
1.09847
1.08638
1.07448
1.06276
1.05123
1.0399
1.02876
1.01784
1.00712
0.996618
0.986336
0.976278
0.966449
0.956852
0.947492
0.938371
0.929497
0.920871
0.912499
0.904381
0.896523
0.888928
0.881597
0.874534
0.867741
0.86122
0.854973
0.849001
0.843305
0.837888
0.832749
0.827889
0.823307
0.819005
0.814981
0.811235
0.807764
0.804569
0.801647
0.798995
0.796614
0.794503
0.792654
0.791065
0.789736
0.788663
0.787842
0.78727
0.786942
0.786856
0.787008
0.787393
0.788008
0.788849
0.789911
0.791192
0.792687
0.794391
0.796299
0.798409
0.800718
0.80322
0.805911
0.808789
0.811848
0.815088
0.818503
0.82209
0.825847
0.829768
0.833852
0.838096
0.8425
0.847055
0.851758
0.856613
0.861614
0.86676
0.872047
0.877475
0.883041
0.888743
0.894579
0.900551
0.906652
0.912883
0.919244
0.92573
0.932345
0.939085
0.94595
0.952938
0.960049
0.967282
0.974633
0.982109
0.989708
0.997425
1.00526
1.01322
1.02129
1.02949
1.0378
1.04623
1.05478
1.06345
1.07223
1.08114
1.09016
1.09931
1.10857
1.11795
1.12745
1.13707
1.14681
1.15666
1.16664
1.17674
1.18695
1.19729
1.20774
1.21832
1.22901
1.23983
1.25076
1.26182
1.273
1.28429
1.29571
1.30725
1.31891
1.33069
1.34258
1.3546
1.36674
1.379
1.39138
1.40388
1.41649
1.42923
1.44209
1.45506
1.46815
1.48136
1.49468
1.50812
1.52168
1.53535
1.54914
1.56304
1.57705
1.59118
1.60542
1.61977
1.63424
1.64881
1.66349
1.67828
1.69317
1.70818
1.72328
1.7385
1.75381
1.76923
1.78475
1.80036
1.81608
1.83189
1.8478
1.86381
1.87991
1.89609
1.91237
1.92874
1.9452
1.96173
1.97836
1.99506
2.01184
2.02869
2.04563
2.06263
2.0797
2.09683
2.11403
2.13128
2.14859
2.16595
2.18336
2.2008
2.21828
2.23579
2.25331
2.27085
2.28839
2.30592
2.32342
2.34089
2.35829
2.37562
2.39284
2.40992
2.42682
2.44349
2.45987
2.47589
2.49145
2.50643
2.52069
2.53405
2.54631
2.55722
2.56653
2.57401
2.57948
2.58284
2.58411
2.58342
2.36995
2.35544
2.34084
2.32614
2.31135
2.29647
2.28151
2.26647
2.25135
2.23615
2.22088
2.20554
2.19013
2.17466
2.15914
2.14355
2.12791
2.11222
2.09649
2.08071
2.06488
2.04902
2.03312
2.01719
2.00123
1.98524
1.96923
1.95319
1.93714
1.92107
1.905
1.8889
1.87281
1.85671
1.8406
1.8245
1.80841
1.79232
1.77624
1.76018
1.74413
1.7281
1.7121
1.69611
1.68016
1.66424
1.64835
1.6325
1.61669
1.60092
1.5852
1.56953
1.55392
1.53835
1.52285
1.50741
1.49203
1.47673
1.4615
1.44634
1.43127
1.41628
1.40137
1.38656
1.37183
1.35721
1.34269
1.32827
1.31396
1.29977
1.28569
1.27174
1.25791
1.2442
1.23064
1.21721
1.20393
1.19079
1.17781
1.16498
1.15231
1.13981
1.12747
1.11531
1.10333
1.09153
1.07992
1.06851
1.05729
1.04627
1.03545
1.02485
1.01446
1.0043
0.994353
0.984638
0.975156
0.965909
0.956902
0.948137
0.939621
0.931357
0.923346
0.915593
0.908099
0.900867
0.893902
0.887202
0.880772
0.874612
0.868724
0.86311
0.857768
0.852701
0.847909
0.843392
0.839149
0.83518
0.831484
0.828058
0.824902
0.822017
0.819398
0.817045
0.814955
0.813123
0.811548
0.810228
0.809159
0.808338
0.807761
0.807426
0.807329
0.807465
0.807831
0.808427
0.809242
0.810272
0.81152
0.812982
0.814648
0.816518
0.818585
0.820851
0.823306
0.825951
0.82878
0.831789
0.834976
0.838338
0.841872
0.845573
0.849438
0.85347
0.857656
0.861998
0.866492
0.871139
0.875934
0.880875
0.88596
0.891188
0.896558
0.902063
0.907704
0.913479
0.919388
0.925428
0.931596
0.937895
0.944321
0.950874
0.957554
0.964356
0.971281
0.97833
0.9855
0.992789
1.0002
1.00774
1.01539
1.02316
1.03106
1.03907
1.04719
1.05544
1.06381
1.07229
1.08089
1.08961
1.09845
1.1074
1.11647
1.12567
1.13498
1.14441
1.15395
1.16362
1.1734
1.1833
1.19332
1.20346
1.21372
1.22409
1.23459
1.2452
1.25594
1.26679
1.27776
1.28886
1.30007
1.3114
1.32285
1.33442
1.34611
1.35792
1.36985
1.3819
1.39406
1.40635
1.41875
1.43128
1.44392
1.45667
1.46955
1.48254
1.49565
1.50888
1.52222
1.53567
1.54924
1.56293
1.57673
1.59064
1.60467
1.61881
1.63306
1.64742
1.66188
1.67646
1.69114
1.70594
1.72083
1.73583
1.75094
1.76615
1.78147
1.79688
1.81239
1.82801
1.84372
1.85952
1.87542
1.89142
1.9075
1.92368
1.93995
1.9563
1.97274
1.98926
2.00587
2.02255
2.03931
2.05615
2.07306
2.09004
2.10709
2.1242
2.14137
2.1586
2.17588
2.19321
2.21058
2.22799
2.24544
2.26291
2.28039
2.29789
2.31538
2.33285
2.3503
2.3677
2.38504
2.40228
2.41941
2.43638
2.45315
2.46967
2.48586
2.50165
2.51692
2.53154
2.54535
2.55815
2.5697
2.57975
2.58805
2.59438
2.59859
2.60068
2.60073
2.38377
2.36925
2.35464
2.33994
2.32514
2.31026
2.29529
2.28025
2.26512
2.24992
2.23465
2.21931
2.2039
2.18844
2.17291
2.15733
2.1417
2.12601
2.11028
2.0945
2.07868
2.06283
2.04694
2.03102
2.01507
1.99909
1.98309
1.96707
1.95103
1.93498
1.91892
1.90284
1.88676
1.87068
1.8546
1.83852
1.82245
1.80639
1.79033
1.7743
1.75828
1.74228
1.72631
1.71036
1.69444
1.67855
1.6627
1.64689
1.63112
1.6154
1.59972
1.58409
1.56853
1.55301
1.53756
1.52217
1.50685
1.49161
1.47644
1.46134
1.44633
1.4314
1.41656
1.40182
1.38717
1.37261
1.35817
1.34383
1.3296
1.31549
1.3015
1.28762
1.27388
1.26027
1.2468
1.23347
1.22028
1.20724
1.19435
1.18163
1.16906
1.15666
1.14443
1.13238
1.12051
1.10882
1.09732
1.08602
1.07491
1.064
1.0533
1.04282
1.03254
1.02249
1.01266
1.00306
0.99369
0.984555
0.975659
0.967005
0.958598
0.95044
0.942534
0.934882
0.927489
0.920355
0.913484
0.906875
0.900533
0.894458
0.888652
0.883115
0.877847
0.872849
0.868122
0.863666
0.859479
0.855562
0.851914
0.848529
0.845413
0.842562
0.839972
0.837644
0.835573
0.833756
0.832193
0.830879
0.829813
0.828989
0.828407
0.828062
0.82795
0.828069
0.828418
0.828986
0.829774
0.830778
0.83199
0.833415
0.835043
0.836873
0.838897
0.841118
0.843527
0.846123
0.848902
0.851859
0.854996
0.858303
0.861781
0.86543
0.869238
0.873208
0.877333
0.881616
0.886052
0.890639
0.895373
0.900256
0.90528
0.910446
0.915751
0.921196
0.926775
0.932488
0.938334
0.944311
0.950418
0.956655
0.96302
0.969511
0.976126
0.982865
0.989726
0.996711
1.00382
1.01105
1.01839
1.02586
1.03345
1.04116
1.04899
1.05693
1.06499
1.07317
1.08147
1.08989
1.09842
1.10707
1.11584
1.12472
1.13373
1.14285
1.15209
1.16144
1.17091
1.18051
1.19021
1.20004
1.20998
1.22004
1.23022
1.24052
1.25093
1.26147
1.27212
1.28289
1.29378
1.30479
1.31591
1.32716
1.33852
1.35
1.3616
1.37332
1.38516
1.39711
1.40919
1.42138
1.43369
1.44611
1.45866
1.47132
1.4841
1.49699
1.51
1.52313
1.53637
1.54972
1.56319
1.57677
1.59047
1.60428
1.6182
1.63223
1.64638
1.66064
1.675
1.68947
1.70405
1.71873
1.73352
1.74842
1.76342
1.77853
1.79373
1.80904
1.82445
1.83995
1.85556
1.87126
1.88705
1.90294
1.91893
1.935
1.95116
1.96741
1.98375
2.00017
2.01668
2.03327
2.04993
2.06667
2.08348
2.10037
2.11733
2.13435
2.15143
2.16857
2.18577
2.20302
2.22032
2.23766
2.25504
2.27244
2.28987
2.30731
2.32476
2.3422
2.35962
2.37701
2.39434
2.4116
2.42876
2.44578
2.46264
2.47927
2.49561
2.51159
2.52712
2.54207
2.55628
2.56958
2.58173
2.59248
2.60157
2.60875
2.61384
2.61676
2.61759
2.39772
2.38319
2.36858
2.35387
2.33906
2.32418
2.30921
2.29415
2.27903
2.26382
2.24855
2.23321
2.21781
2.20234
2.18681
2.17123
2.1556
2.13992
2.1242
2.10843
2.09261
2.07677
2.06089
2.04497
2.02903
2.01307
1.99708
1.98108
1.96505
1.94902
1.93297
1.91691
1.90085
1.88479
1.86873
1.85268
1.83663
1.82059
1.80456
1.78856
1.77257
1.7566
1.74066
1.72475
1.70886
1.69301
1.6772
1.66143
1.6457
1.63002
1.61439
1.59882
1.58329
1.56783
1.55243
1.5371
1.52184
1.50666
1.49154
1.47651
1.46157
1.4467
1.43193
1.41726
1.40268
1.38821
1.37384
1.35958
1.34543
1.3314
1.3175
1.30372
1.29007
1.27654
1.26317
1.24993
1.23684
1.2239
1.21111
1.19849
1.18603
1.17373
1.16161
1.14967
1.13791
1.12633
1.11494
1.10375
1.09276
1.08197
1.07138
1.06101
1.05085
1.04091
1.03119
1.0217
1.01245
1.00342
0.994638
0.986094
0.977794
0.969739
0.961936
0.954386
0.94709
0.940051
0.933272
0.926754
0.920498
0.914505
0.908778
0.903316
0.898119
0.893188
0.888523
0.884124
0.879992
0.876123
0.872519
0.869176
0.866096
0.863276
0.860713
0.858407
0.856353
0.854549
0.852995
0.851686
0.85062
0.849793
0.849203
0.848846
0.848719
0.848822
0.849145
0.849688
0.850448
0.85142
0.8526
0.853986
0.855575
0.857362
0.859344
0.861518
0.86388
0.866426
0.869154
0.87206
0.875141
0.878398
0.88182
0.885407
0.889157
0.893066
0.897134
0.901357
0.905734
0.910259
0.914932
0.919751
0.924713
0.929816
0.935059
0.940439
0.945955
0.951605
0.957388
0.963302
0.969346
0.975521
0.981821
0.988247
0.994798
1.00147
1.00827
1.01519
1.02223
1.0294
1.03668
1.04408
1.0516
1.05924
1.067
1.07488
1.08288
1.09099
1.09922
1.10757
1.11603
1.12461
1.13331
1.14212
1.15106
1.16011
1.16927
1.17855
1.18795
1.19747
1.2071
1.21685
1.22671
1.23669
1.24679
1.25701
1.26734
1.2778
1.28837
1.29905
1.30986
1.32078
1.33182
1.34298
1.35425
1.36564
1.37715
1.38878
1.40052
1.41239
1.42437
1.43646
1.44868
1.46101
1.47345
1.48602
1.4987
1.51149
1.5244
1.53742
1.55056
1.56382
1.57718
1.59066
1.60425
1.61796
1.63178
1.6457
1.65974
1.67389
1.68815
1.70251
1.71698
1.73156
1.74624
1.76103
1.77593
1.79092
1.80602
1.82122
1.83652
1.85192
1.86742
1.88301
1.8987
1.91448
1.93036
1.94632
1.96238
1.97853
1.99476
2.01108
2.02749
2.04397
2.06053
2.07717
2.09389
2.11068
2.12754
2.14447
2.16146
2.17852
2.19563
2.2128
2.23002
2.24728
2.26458
2.28192
2.29928
2.31667
2.33407
2.35146
2.36885
2.38621
2.40353
2.42079
2.43797
2.45503
2.47195
2.48867
2.50514
2.52129
2.53704
2.55228
2.56686
2.5806
2.59331
2.60472
2.61457
2.62258
2.62854
2.63233
2.63396
2.41178
2.39725
2.38262
2.3679
2.3531
2.3382
2.32323
2.30817
2.29304
2.27784
2.26256
2.24722
2.23182
2.21635
2.20083
2.18525
2.16962
2.15394
2.13822
2.12246
2.10666
2.09082
2.07494
2.05904
2.04311
2.02716
2.01119
1.99519
1.97919
1.96316
1.94714
1.9311
1.91506
1.89902
1.88298
1.86695
1.85093
1.83492
1.81892
1.80294
1.78698
1.77105
1.75514
1.73926
1.72342
1.70761
1.69184
1.67611
1.66043
1.64479
1.62921
1.61368
1.59821
1.58281
1.56746
1.55219
1.53699
1.52186
1.50681
1.49185
1.47697
1.46217
1.44748
1.43288
1.41837
1.40398
1.38969
1.37551
1.36145
1.3475
1.33369
1.32
1.30644
1.29301
1.27973
1.26659
1.2536
1.24076
1.22808
1.21556
1.20321
1.19102
1.17901
1.16717
1.15552
1.14406
1.13278
1.1217
1.11082
1.10015
1.08968
1.07942
1.06937
1.05955
1.04994
1.04057
1.03142
1.02251
1.01383
1.0054
0.997201
0.989251
0.981548
0.974097
0.966897
0.959952
0.953263
0.946832
0.940659
0.934747
0.929095
0.923705
0.918577
0.913711
0.909107
0.904764
0.900681
0.89686
0.893299
0.889995
0.886948
0.884156
0.881619
0.879331
0.877292
0.875499
0.873951
0.872645
0.871577
0.870745
0.870146
0.869776
0.869635
0.869715
0.870015
0.870531
0.87126
0.872199
0.873346
0.874692
0.87624
0.877985
0.879922
0.882047
0.884361
0.886857
0.889538
0.89239
0.895417
0.898613
0.901978
0.905507
0.909196
0.913049
0.917056
0.921218
0.925532
0.929995
0.934605
0.939361
0.944259
0.949298
0.954477
0.959793
0.965246
0.970832
0.976549
0.982402
0.988381
0.994489
1.00072
1.00708
1.01357
1.02018
1.02691
1.03376
1.04074
1.04784
1.05506
1.06239
1.06984
1.07742
1.08511
1.09292
1.10085
1.1089
1.11706
1.12534
1.13373
1.14224
1.15086
1.15961
1.16847
1.17744
1.18653
1.19574
1.20507
1.2145
1.22406
1.23373
1.24351
1.25342
1.26344
1.27357
1.28382
1.29419
1.30468
1.31528
1.326
1.33684
1.34779
1.35885
1.37004
1.38134
1.39276
1.4043
1.41595
1.42772
1.4396
1.4516
1.46372
1.47595
1.4883
1.50076
1.51334
1.52604
1.53885
1.55177
1.56481
1.57795
1.59122
1.60459
1.61808
1.63168
1.64539
1.65921
1.67314
1.68718
1.70133
1.71558
1.72995
1.74442
1.75899
1.77367
1.78846
1.80334
1.81833
1.83342
1.84861
1.8639
1.87929
1.89477
1.91035
1.92603
1.94179
1.95765
1.9736
1.98964
2.00577
2.02199
2.03828
2.05466
2.07112
2.08766
2.10428
2.12097
2.13773
2.15456
2.17146
2.18843
2.20545
2.22253
2.23966
2.25684
2.27407
2.29133
2.30863
2.32595
2.34329
2.36063
2.37798
2.39531
2.4126
2.42986
2.44704
2.46413
2.48109
2.49788
2.51446
2.53075
2.5467
2.56218
2.57708
2.59124
2.60445
2.61648
2.62705
2.63587
2.6427
2.64737
2.64983
2.42594
2.41139
2.39676
2.38203
2.36722
2.35232
2.33734
2.32228
2.30715
2.29194
2.27666
2.26132
2.24592
2.23045
2.21493
2.19936
2.18373
2.16806
2.15234
2.13658
2.12079
2.10496
2.0891
2.0732
2.05729
2.04135
2.02539
2.00941
1.99342
1.97741
1.9614
1.94539
1.92937
1.91335
1.89734
1.88133
1.86533
1.84935
1.83338
1.81744
1.80151
1.78561
1.76974
1.7539
1.73809
1.72232
1.70659
1.69091
1.67528
1.65969
1.64416
1.62868
1.61327
1.59791
1.58263
1.56742
1.55228
1.53721
1.52223
1.50733
1.49252
1.4778
1.46318
1.44865
1.43423
1.41992
1.40571
1.39161
1.37764
1.36379
1.35006
1.33646
1.323
1.30967
1.29648
1.28344
1.27056
1.25782
1.24525
1.23283
1.22059
1.20851
1.19661
1.18489
1.17335
1.162
1.15084
1.13987
1.12911
1.11854
1.10819
1.09804
1.08811
1.0784
1.06891
1.05964
1.05061
1.04181
1.03324
1.02491
1.01682
1.00897
1.00136
0.994009
0.986904
0.98005
0.97345
0.967103
0.961012
0.955177
0.9496
0.94428
0.939218
0.934414
0.929866
0.925576
0.921544
0.917767
0.914246
0.910978
0.907961
0.905196
0.902681
0.900412
0.898385
0.896603
0.89506
0.893754
0.892683
0.891844
0.891233
0.890852
0.890689
0.890747
0.891022
0.89151
0.892208
0.893113
0.894224
0.895533
0.897037
0.898737
0.900628
0.902706
0.904976
0.90742
0.910042
0.91284
0.915811
0.918953
0.922259
0.925727
0.929358
0.933148
0.937094
0.941194
0.945445
0.949844
0.954391
0.959082
0.963916
0.968891
0.974005
0.979255
0.984643
0.990165
0.995817
1.0016
1.00752
1.01356
1.01972
1.02602
1.03244
1.03898
1.04565
1.05243
1.05934
1.06637
1.07352
1.08079
1.08818
1.09568
1.10331
1.11105
1.1189
1.12688
1.13497
1.14318
1.1515
1.15994
1.16849
1.17716
1.18595
1.19485
1.20386
1.213
1.22224
1.23161
1.24108
1.25068
1.26038
1.27021
1.28014
1.2902
1.30037
1.31065
1.32105
1.33157
1.3422
1.35295
1.36381
1.37479
1.38589
1.3971
1.40842
1.41987
1.43142
1.4431
1.45489
1.46679
1.47881
1.49095
1.50319
1.51556
1.52804
1.54063
1.55333
1.56615
1.57908
1.59213
1.60529
1.61856
1.63194
1.64543
1.65903
1.67275
1.68657
1.7005
1.71454
1.72869
1.74294
1.7573
1.77176
1.78633
1.801
1.81578
1.83066
1.84564
1.86072
1.87589
1.89117
1.90654
1.92201
1.93757
1.95323
1.96898
1.98482
2.00075
2.01677
2.03288
2.04907
2.06534
2.0817
2.09813
2.11464
2.13123
2.14789
2.16463
2.18143
2.19829
2.21522
2.23221
2.24926
2.26635
2.2835
2.30068
2.3179
2.33515
2.35243
2.36972
2.38701
2.4043
2.42156
2.4388
2.45597
2.47307
2.49006
2.5069
2.52357
2.53998
2.55609
2.57179
2.58698
2.6015
2.61517
2.62776
2.63901
2.64862
2.6563
2.66185
2.66516
2.44015
2.42561
2.41096
2.39623
2.38141
2.36651
2.35152
2.33646
2.32132
2.30611
2.29083
2.27549
2.26009
2.24462
2.2291
2.21353
2.19791
2.18224
2.16653
2.15078
2.13499
2.11917
2.10332
2.08744
2.07153
2.05561
2.03966
2.0237
2.00772
1.99174
1.97575
1.95975
1.94375
1.92776
1.91177
1.89579
1.87983
1.86387
1.84794
1.83202
1.81613
1.80027
1.78443
1.76863
1.75287
1.73714
1.72146
1.70582
1.69024
1.6747
1.65922
1.6438
1.62844
1.61315
1.59792
1.58277
1.5677
1.5527
1.53779
1.52296
1.50822
1.49358
1.47903
1.46458
1.45024
1.43601
1.42189
1.40788
1.394
1.38023
1.3666
1.3531
1.33973
1.32651
1.31342
1.30048
1.2877
1.27507
1.2626
1.2503
1.23816
1.22619
1.2144
1.20279
1.19137
1.18013
1.16909
1.15824
1.14759
1.13714
1.1269
1.11687
1.10706
1.09746
1.08808
1.07893
1.07
1.0613
1.05284
1.04462
1.03663
1.02888
1.02138
1.01412
1.0071
1.00034
0.993826
0.987563
0.981551
0.975792
0.970286
0.965034
0.960036
0.95529
0.950799
0.946561
0.942575
0.938841
0.935357
0.932122
0.929135
0.926395
0.923899
0.921645
0.91963
0.917855
0.916315
0.915008
0.913932
0.913084
0.912464
0.912064
0.911882
0.911917
0.912166
0.912625
0.91329
0.91416
0.915233
0.916502
0.917963
0.919617
0.921466
0.923496
0.92571
0.928102
0.930671
0.933414
0.936328
0.939408
0.942655
0.946065
0.949636
0.953364
0.957247
0.961284
0.965471
0.969806
0.974288
0.978914
0.983683
0.988592
0.99364
0.998825
1.00415
1.0096
1.01519
1.0209
1.02675
1.03272
1.03883
1.04505
1.0514
1.05788
1.06448
1.0712
1.07804
1.085
1.09208
1.09928
1.10659
1.11403
1.12158
1.12925
1.13704
1.14495
1.15296
1.1611
1.16935
1.17772
1.1862
1.19479
1.2035
1.21233
1.22127
1.23032
1.23949
1.24878
1.25818
1.26769
1.27732
1.28706
1.29692
1.30688
1.31697
1.32717
1.33749
1.34791
1.35846
1.36912
1.37989
1.39078
1.40179
1.4129
1.42414
1.43548
1.44695
1.45853
1.47022
1.48203
1.49395
1.50598
1.51813
1.53039
1.54277
1.55526
1.56786
1.58058
1.5934
1.60634
1.61939
1.63256
1.64583
1.65922
1.67271
1.68631
1.70003
1.71385
1.72777
1.74181
1.75595
1.7702
1.78455
1.79901
1.81357
1.82823
1.843
1.85786
1.87283
1.88789
1.90306
1.91832
1.93367
1.94912
1.96467
1.9803
1.99603
2.01185
2.02776
2.04375
2.05984
2.076
2.09225
2.10858
2.12498
2.14146
2.15802
2.17465
2.19135
2.20812
2.22495
2.24185
2.2588
2.2758
2.29286
2.30996
2.3271
2.34428
2.36148
2.37871
2.39594
2.41318
2.43041
2.44761
2.46477
2.48186
2.49887
2.51575
2.53247
2.54899
2.56523
2.58112
2.59656
2.6114
2.62548
2.63859
2.65047
2.66082
2.66933
2.67576
2.67995
2.45441
2.43985
2.4252
2.41046
2.39564
2.38073
2.36574
2.35067
2.33553
2.32032
2.30504
2.2897
2.2743
2.25883
2.24332
2.22775
2.21213
2.19647
2.18077
2.16502
2.14924
2.13343
2.11759
2.10172
2.08583
2.06992
2.05399
2.03804
2.02209
2.00612
1.99015
1.97418
1.9582
1.94224
1.92627
1.91032
1.89439
1.87846
1.86256
1.84668
1.83083
1.815
1.79921
1.78345
1.76773
1.75205
1.73641
1.72083
1.70529
1.68981
1.67438
1.65902
1.64372
1.62849
1.61333
1.59824
1.58323
1.56831
1.55346
1.53871
1.52405
1.50948
1.49502
1.48065
1.4664
1.45225
1.43821
1.4243
1.41051
1.39684
1.3833
1.3699
1.35663
1.34351
1.33052
1.31769
1.30502
1.2925
1.28014
1.26794
1.25592
1.24407
1.23239
1.22089
1.20958
1.19846
1.18754
1.1768
1.16627
1.15594
1.14581
1.1359
1.1262
1.11671
1.10745
1.09841
1.08959
1.081
1.07265
1.06452
1.05664
1.04899
1.04158
1.03442
1.02749
1.02082
1.01439
1.0082
1.00227
0.996585
0.991149
0.985961
0.981024
0.976337
0.971899
0.96771
0.963769
0.960075
0.956627
0.953424
0.950463
0.947746
0.945268
0.943028
0.941023
0.939253
0.937714
0.936405
0.935323
0.934468
0.933831
0.933412
0.93321
0.933221
0.933442
0.93387
0.934502
0.935337
0.93637
0.937598
0.939023
0.940629
0.942427
0.944408
0.946569
0.948907
0.951421
0.954107
0.956961
0.959984
0.963171
0.96652
0.970029
0.973694
0.977514
0.981486
0.985608
0.989878
0.994295
0.998855
1.00356
1.0084
1.01338
1.0185
1.02375
1.02914
1.03466
1.0403
1.04608
1.05199
1.05802
1.06418
1.07046
1.07687
1.0834
1.09005
1.09682
1.10371
1.11072
1.11785
1.1251
1.13246
1.13994
1.14754
1.15526
1.16309
1.17104
1.1791
1.18727
1.19557
1.20397
1.21249
1.22113
1.22988
1.23874
1.24772
1.25681
1.26601
1.27533
1.28476
1.29431
1.30397
1.31374
1.32363
1.33363
1.34374
1.35397
1.36431
1.37477
1.38534
1.39602
1.40682
1.41773
1.42876
1.4399
1.45115
1.46252
1.474
1.48559
1.4973
1.50912
1.52106
1.53311
1.54527
1.55754
1.56993
1.58243
1.59503
1.60775
1.62059
1.63353
1.64658
1.65975
1.67303
1.68641
1.6999
1.7135
1.72721
1.74103
1.75495
1.76898
1.78312
1.79735
1.8117
1.82614
1.84069
1.85534
1.87009
1.88494
1.89989
1.91494
1.93009
1.94533
1.96066
1.9761
1.99162
2.00723
2.02294
2.03873
2.05461
2.07058
2.08664
2.10277
2.11899
2.13529
2.15166
2.16812
2.18464
2.20124
2.2179
2.23463
2.25143
2.26828
2.28519
2.30216
2.31917
2.33623
2.35332
2.37045
2.38761
2.40478
2.42196
2.43914
2.4563
2.47343
2.49051
2.50751
2.52442
2.54119
2.55778
2.57413
2.59018
2.60582
2.62095
2.6354
2.64898
2.66143
2.67248
2.6818
2.68909
2.69417
2.46866
2.4541
2.43944
2.4247
2.40986
2.39495
2.37996
2.36489
2.34975
2.33453
2.31926
2.30391
2.28851
2.27305
2.25754
2.24198
2.22636
2.21071
2.19501
2.17928
2.16351
2.14771
2.13188
2.11602
2.10015
2.08425
2.06834
2.05241
2.03647
2.02053
2.00458
1.98863
1.97269
1.95675
1.94082
1.9249
1.90899
1.8931
1.87724
1.86139
1.84558
1.82979
1.81404
1.79833
1.78266
1.76702
1.75144
1.7359
1.72042
1.70499
1.68963
1.67433
1.65909
1.64392
1.62883
1.61381
1.59887
1.58402
1.56925
1.55458
1.53999
1.52551
1.51113
1.49685
1.48268
1.46862
1.45468
1.44086
1.42716
1.41359
1.40016
1.38685
1.37369
1.36067
1.34779
1.33507
1.3225
1.31009
1.29784
1.28576
1.27385
1.26212
1.25056
1.23918
1.22798
1.21698
1.20617
1.19555
1.18514
1.17492
1.16491
1.15511
1.14553
1.13616
1.12701
1.11808
1.10937
1.10089
1.09264
1.08462
1.07683
1.06928
1.06197
1.0549
1.04807
1.04148
1.03513
1.02902
1.02316
1.01755
1.01218
1.00706
1.00218
0.997549
0.993163
0.989021
0.985122
0.981466
0.978052
0.974878
0.971944
0.969246
0.966784
0.964555
0.962559
0.960793
0.959254
0.957941
0.956854
0.955983
0.955331
0.954895
0.95467
0.954655
0.954847
0.955244
0.955842
0.956645
0.957638
0.958825
0.960202
0.961762
0.963509
0.965437
0.967546
0.969831
0.972289
0.974915
0.977713
0.980676
0.983803
0.98709
0.990536
0.994137
0.997893
1.0018
1.00586
1.01006
1.01441
1.0189
1.02354
1.02831
1.03323
1.03827
1.04346
1.04878
1.05422
1.0598
1.06551
1.07135
1.07731
1.0834
1.08961
1.09595
1.10241
1.10898
1.11569
1.12251
1.12944
1.1365
1.14368
1.15097
1.15838
1.16591
1.17355
1.18131
1.18918
1.19717
1.20527
1.21349
1.22182
1.23026
1.23882
1.24749
1.25628
1.26517
1.27418
1.28331
1.29255
1.3019
1.31136
1.32094
1.33063
1.34043
1.35034
1.36037
1.37051
1.38077
1.39113
1.40161
1.4122
1.42291
1.43373
1.44466
1.4557
1.46686
1.47813
1.48951
1.50101
1.51262
1.52434
1.53617
1.54812
1.56017
1.57234
1.58463
1.59702
1.60952
1.62213
1.63486
1.64769
1.66064
1.6737
1.68686
1.70013
1.71351
1.727
1.7406
1.7543
1.76811
1.78202
1.79604
1.81017
1.8244
1.83873
1.85316
1.86769
1.88233
1.89706
1.91189
1.92682
1.94185
1.95698
1.9722
1.98751
2.00292
2.01842
2.03401
2.04968
2.06545
2.08131
2.09725
2.11327
2.12937
2.14556
2.16182
2.17817
2.19458
2.21107
2.22763
2.24426
2.26095
2.2777
2.29452
2.31138
2.3283
2.34527
2.36228
2.37933
2.39641
2.41351
2.43063
2.44774
2.46486
2.48195
2.499
2.516
2.53291
2.54971
2.56636
2.5828
2.59897
2.6148
2.63017
2.64494
2.65893
2.67192
2.68361
2.69369
2.70184
2.70781
2.48286
2.4683
2.45364
2.43889
2.42405
2.40913
2.39414
2.37907
2.36392
2.34871
2.33343
2.31809
2.30269
2.28724
2.27173
2.25617
2.24057
2.22492
2.20924
2.19351
2.17776
2.16197
2.14615
2.13031
2.11445
2.09857
2.08268
2.06677
2.05086
2.03494
2.01902
2.0031
1.98718
1.97127
1.95537
1.93948
1.92361
1.90776
1.89193
1.87613
1.86036
1.84462
1.82891
1.81325
1.79762
1.78204
1.76651
1.75103
1.73561
1.72024
1.70494
1.6897
1.67453
1.65943
1.64441
1.62946
1.6146
1.59982
1.58514
1.57054
1.55604
1.54164
1.52734
1.51316
1.49907
1.48511
1.47127
1.45755
1.44395
1.43048
1.41715
1.40395
1.39089
1.37798
1.36521
1.3526
1.34015
1.32785
1.31572
1.30375
1.29196
1.28034
1.26889
1.25763
1.24656
1.23568
1.22498
1.21448
1.20418
1.19409
1.1842
1.17451
1.16504
1.15579
1.14675
1.13793
1.12933
1.12096
1.11281
1.10489
1.09721
1.08976
1.08254
1.07556
1.06881
1.06231
1.05604
1.05002
1.04423
1.03868
1.03338
1.02832
1.0235
1.01892
1.01458
1.01049
1.00663
1.00301
0.999629
0.996484
0.993571
0.990892
0.988445
0.986226
0.984237
0.982473
0.980932
0.979616
0.978516
0.977633
0.976964
0.976507
0.976259
0.976218
0.97638
0.976749
0.977314
0.978074
0.979026
0.980169
0.9815
0.983014
0.984709
0.986586
0.988641
0.99087
0.993269
0.99584
0.998578
1.00148
1.00455
1.00777
1.01115
1.01469
1.01838
1.02222
1.02621
1.03035
1.03463
1.03906
1.04362
1.04833
1.05317
1.05815
1.06326
1.06851
1.07389
1.0794
1.08503
1.0908
1.09669
1.10271
1.10885
1.11511
1.1215
1.12801
1.13464
1.14139
1.14825
1.15524
1.16234
1.16956
1.1769
1.18435
1.19192
1.1996
1.2074
1.21531
1.22334
1.23147
1.23973
1.2481
1.25658
1.26517
1.27387
1.28269
1.29162
1.30067
1.30982
1.31909
1.32847
1.33796
1.34757
1.35728
1.36711
1.37705
1.3871
1.39726
1.40754
1.41793
1.42843
1.43904
1.44976
1.4606
1.47155
1.48261
1.49378
1.50507
1.51646
1.52797
1.53959
1.55132
1.56316
1.57511
1.58718
1.59935
1.61164
1.62403
1.63654
1.64915
1.66188
1.67472
1.68766
1.70071
1.71387
1.72714
1.74052
1.754
1.76758
1.78128
1.79507
1.80898
1.82299
1.8371
1.85131
1.86563
1.88004
1.89456
1.90917
1.92389
1.9387
1.95361
1.96862
1.98372
1.99891
2.0142
2.02958
2.04505
2.06061
2.07626
2.092
2.10782
2.12373
2.13972
2.15579
2.17194
2.18817
2.20448
2.22085
2.2373
2.25382
2.27041
2.28706
2.30377
2.32054
2.33736
2.35424
2.37116
2.38812
2.40511
2.42214
2.43918
2.45624
2.47329
2.49034
2.50735
2.52433
2.54123
2.55805
2.57473
2.59124
2.60752
2.62349
2.63907
2.65412
2.66848
2.68194
2.69422
2.70503
2.714
2.72085
2.49695
2.48238
2.46772
2.45297
2.43813
2.42321
2.40822
2.39315
2.37801
2.3628
2.34752
2.33219
2.3168
2.30135
2.28585
2.2703
2.2547
2.23907
2.22339
2.20768
2.19194
2.17617
2.16037
2.14455
2.12871
2.11285
2.09697
2.08109
2.0652
2.04931
2.03342
2.01753
2.00164
1.98576
1.9699
1.95405
1.93822
1.92241
1.90662
1.89086
1.87514
1.85944
1.84379
1.82817
1.8126
1.79708
1.78161
1.76619
1.75082
1.73552
1.72028
1.70512
1.69002
1.67499
1.66004
1.64518
1.63039
1.6157
1.60109
1.58658
1.57217
1.55786
1.54366
1.52956
1.51558
1.50171
1.48797
1.47435
1.46085
1.44749
1.43426
1.42118
1.40823
1.39543
1.38277
1.37028
1.35793
1.34576
1.33374
1.32189
1.31022
1.29872
1.2874
1.27626
1.2653
1.25454
1.24396
1.23359
1.22341
1.21343
1.20366
1.19409
1.18473
1.17559
1.16667
1.15796
1.14947
1.1412
1.13316
1.12535
1.11776
1.1104
1.10328
1.09639
1.08973
1.08331
1.07712
1.07117
1.06546
1.05998
1.05474
1.04974
1.04498
1.04045
1.03616
1.03211
1.02829
1.02471
1.02135
1.01823
1.01534
1.01268
1.01025
1.00804
1.00605
1.00429
1.00275
1.00142
1.00031
0.999413
0.998726
0.998248
0.997977
0.997913
0.998045
0.998375
0.998901
0.999622
1.00053
1.00163
1.00292
1.00438
1.00603
1.00785
1.00985
1.01202
1.01437
1.01688
1.01956
1.0224
1.0254
1.02856
1.03188
1.03535
1.03897
1.04275
1.04667
1.05074
1.05495
1.05931
1.06381
1.06844
1.07321
1.07812
1.08317
1.08834
1.09365
1.09909
1.10465
1.11034
1.11616
1.12211
1.12818
1.13437
1.14068
1.14712
1.15367
1.16035
1.16714
1.17405
1.18108
1.18823
1.19549
1.20286
1.21036
1.21796
1.22569
1.23352
1.24147
1.24953
1.25771
1.26599
1.27439
1.28291
1.29153
1.30027
1.30912
1.31808
1.32715
1.33633
1.34563
1.35504
1.36455
1.37418
1.38392
1.39377
1.40373
1.41381
1.42399
1.43429
1.44469
1.45521
1.46584
1.47658
1.48743
1.49839
1.50947
1.52065
1.53195
1.54335
1.55487
1.5665
1.57823
1.59008
1.60204
1.61411
1.62628
1.63857
1.65096
1.66347
1.67609
1.68881
1.70164
1.71458
1.72763
1.74078
1.75404
1.7674
1.78088
1.79445
1.80813
1.82192
1.83581
1.8498
1.86389
1.87809
1.89239
1.90678
1.92128
1.93587
1.95056
1.96535
1.98024
1.99522
2.01029
2.02546
2.04072
2.05607
2.07151
2.08704
2.10266
2.11837
2.13416
2.15003
2.16598
2.18202
2.19813
2.21432
2.23058
2.24692
2.26333
2.2798
2.29635
2.31295
2.32962
2.34634
2.36312
2.37994
2.39681
2.41372
2.43066
2.44763
2.46461
2.4816
2.49859
2.51556
2.5325
2.54939
2.5662
2.5829
2.59945
2.61581
2.63191
2.64766
2.66295
2.67763
2.69151
2.70434
2.71581
2.72557
2.7333
2.51085
2.49628
2.48162
2.46687
2.45204
2.43712
2.42213
2.40707
2.39193
2.37673
2.36147
2.34614
2.33076
2.31532
2.29983
2.28429
2.26871
2.25309
2.23743
2.22174
2.20601
2.19026
2.17448
2.15868
2.14286
2.12702
2.11118
2.09533
2.07947
2.0636
2.04774
2.03189
2.01604
2.0002
1.98437
1.96856
1.95277
1.93701
1.92127
1.90556
1.88988
1.87424
1.85864
1.84308
1.82757
1.81211
1.7967
1.78134
1.76605
1.75081
1.73565
1.72055
1.70553
1.69058
1.67571
1.66093
1.64623
1.63162
1.6171
1.60268
1.58836
1.57415
1.56004
1.54604
1.53216
1.5184
1.50476
1.49125
1.47786
1.46461
1.45149
1.43852
1.42569
1.413
1.40046
1.38808
1.37586
1.3638
1.35191
1.34018
1.32863
1.31725
1.30605
1.29503
1.2842
1.27356
1.26311
1.25285
1.24279
1.23294
1.22328
1.21383
1.20459
1.19557
1.18675
1.17816
1.16978
1.16162
1.15368
1.14597
1.13848
1.13122
1.12419
1.11738
1.11081
1.10447
1.09836
1.09249
1.08684
1.08144
1.07626
1.07132
1.06661
1.06213
1.05789
1.05388
1.0501
1.04654
1.04322
1.04013
1.03725
1.03461
1.03218
1.02998
1.028
1.02624
1.02469
1.02336
1.02223
1.02132
1.02062
1.02012
1.01982
1.01972
1.01982
1.02012
1.02061
1.02129
1.02216
1.02321
1.02445
1.02587
1.02746
1.02923
1.03117
1.03329
1.03557
1.03802
1.04064
1.04342
1.04636
1.04946
1.05271
1.05611
1.05967
1.06338
1.06723
1.07123
1.07538
1.07966
1.08409
1.08865
1.09335
1.09819
1.10316
1.10826
1.1135
1.11886
1.12436
1.12998
1.13572
1.14159
1.14759
1.15371
1.15995
1.16631
1.17279
1.17939
1.18611
1.19294
1.1999
1.20697
1.21415
1.22145
1.22887
1.2364
1.24404
1.2518
1.25967
1.26765
1.27574
1.28395
1.29227
1.3007
1.30925
1.3179
1.32667
1.33554
1.34453
1.35363
1.36283
1.37215
1.38159
1.39113
1.40078
1.41054
1.42041
1.43039
1.44048
1.45069
1.461
1.47142
1.48195
1.4926
1.50335
1.51421
1.52518
1.53627
1.54746
1.55876
1.57017
1.5817
1.59333
1.60507
1.61692
1.62888
1.64095
1.65312
1.66541
1.67781
1.69031
1.70292
1.71563
1.72846
1.74139
1.75443
1.76757
1.78082
1.79417
1.80763
1.82119
1.83486
1.84862
1.8625
1.87647
1.89055
1.90472
1.919
1.93337
1.94784
1.96241
1.97708
1.99184
2.0067
2.02165
2.0367
2.05183
2.06706
2.08238
2.09779
2.11328
2.12887
2.14454
2.16029
2.17612
2.19204
2.20803
2.2241
2.24025
2.25648
2.27277
2.28913
2.30557
2.32206
2.33862
2.35524
2.37191
2.38863
2.40541
2.42222
2.43907
2.45595
2.47286
2.48978
2.5067
2.52362
2.54052
2.55737
2.57417
2.59087
2.60746
2.62387
2.64006
2.65595
2.67144
2.68641
2.70066
2.71397
2.72606
2.73656
2.74513
2.52445
2.50989
2.49524
2.4805
2.46568
2.45078
2.4358
2.42074
2.40562
2.39043
2.37518
2.35987
2.3445
2.32907
2.3136
2.29808
2.28252
2.26692
2.25128
2.23561
2.2199
2.20417
2.18842
2.17265
2.15686
2.14105
2.12524
2.10942
2.09359
2.07777
2.06194
2.04613
2.03032
2.01452
1.99874
1.98298
1.96724
1.95152
1.93583
1.92018
1.90456
1.88897
1.87343
1.85794
1.84249
1.8271
1.81175
1.79647
1.78125
1.76609
1.751
1.73598
1.72104
1.70618
1.69139
1.6767
1.66209
1.64757
1.63315
1.61882
1.6046
1.59049
1.57648
1.56259
1.54882
1.53516
1.52163
1.50823
1.49496
1.48182
1.46882
1.45596
1.44325
1.43068
1.41826
1.40601
1.39391
1.38197
1.3702
1.3586
1.34717
1.33592
1.32485
1.31396
1.30325
1.29273
1.28241
1.27227
1.26234
1.2526
1.24307
1.23374
1.22462
1.2157
1.207
1.19852
1.19025
1.1822
1.17436
1.16675
1.15936
1.1522
1.14525
1.13854
1.13205
1.12579
1.11976
1.11396
1.10839
1.10304
1.09793
1.09304
1.08839
1.08396
1.07976
1.07579
1.07204
1.06852
1.06523
1.06215
1.0593
1.05667
1.05426
1.05206
1.05008
1.04832
1.04677
1.04542
1.04429
1.04336
1.04264
1.04211
1.04179
1.04166
1.04172
1.04198
1.04244
1.04307
1.0439
1.04491
1.04609
1.04746
1.049
1.05072
1.0526
1.05466
1.05689
1.05928
1.06184
1.06455
1.06743
1.07046
1.07364
1.07698
1.08047
1.08411
1.0879
1.09182
1.0959
1.10011
1.10447
1.10896
1.11359
1.11835
1.12325
1.12828
1.13344
1.13873
1.14415
1.14969
1.15537
1.16116
1.16708
1.17312
1.17929
1.18557
1.19198
1.1985
1.20515
1.21191
1.21878
1.22578
1.23288
1.2401
1.24744
1.25489
1.26246
1.27014
1.27793
1.28583
1.29384
1.30197
1.31021
1.31856
1.32702
1.33559
1.34427
1.35306
1.36196
1.37097
1.38009
1.38932
1.39866
1.40812
1.41768
1.42735
1.43713
1.44702
1.45701
1.46712
1.47734
1.48766
1.4981
1.50864
1.5193
1.53006
1.54093
1.55191
1.563
1.5742
1.58551
1.59692
1.60845
1.62008
1.63182
1.64367
1.65563
1.6677
1.67987
1.69215
1.70454
1.71703
1.72964
1.74234
1.75516
1.76808
1.7811
1.79423
1.80747
1.8208
1.83424
1.84779
1.86144
1.87519
1.88904
1.90299
1.91704
1.93119
1.94545
1.95979
1.97424
1.98878
2.00342
2.01815
2.03298
2.0479
2.06291
2.07802
2.09321
2.10849
2.12387
2.13933
2.15487
2.1705
2.18621
2.20201
2.21788
2.23383
2.24986
2.26596
2.28214
2.29839
2.31471
2.33109
2.34754
2.36405
2.38061
2.39723
2.4139
2.43062
2.44738
2.46417
2.48099
2.49783
2.51468
2.53154
2.54838
2.56519
2.58196
2.59865
2.61525
2.6317
2.64796
2.66397
2.67963
2.69482
2.7094
2.72314
2.73578
2.74698
2.75636
2.53761
2.52308
2.50845
2.49373
2.47894
2.46406
2.44909
2.43406
2.41896
2.40379
2.38856
2.37327
2.35793
2.34253
2.32708
2.31159
2.29605
2.28047
2.26486
2.24922
2.23355
2.21785
2.20213
2.18639
2.17063
2.15486
2.13909
2.12331
2.10752
2.09174
2.07596
2.06019
2.04443
2.02868
2.01295
1.99724
1.98155
1.9659
1.95027
1.93467
1.91912
1.9036
1.88812
1.8727
1.85732
1.842
1.82673
1.81153
1.79639
1.78131
1.7663
1.75137
1.73652
1.72174
1.70705
1.69245
1.67794
1.66352
1.6492
1.63498
1.62087
1.60686
1.59296
1.57918
1.56552
1.55198
1.53856
1.52528
1.51212
1.4991
1.48623
1.47349
1.4609
1.44846
1.43617
1.42404
1.41207
1.40026
1.38862
1.37715
1.36585
1.35472
1.34378
1.33302
1.32244
1.31205
1.30185
1.29184
1.28203
1.27242
1.26301
1.2538
1.24479
1.236
1.22741
1.21904
1.21087
1.20293
1.1952
1.18769
1.1804
1.17333
1.16648
1.15985
1.15344
1.14726
1.14131
1.13558
1.13008
1.1248
1.11974
1.11491
1.11031
1.10593
1.10177
1.09784
1.09413
1.09064
1.08737
1.08431
1.08148
1.07886
1.07646
1.07427
1.07229
1.07052
1.06897
1.06761
1.06646
1.06551
1.06477
1.06422
1.06387
1.06371
1.06374
1.06396
1.06438
1.06497
1.06575
1.06671
1.06785
1.06916
1.07065
1.07232
1.07415
1.07615
1.07831
1.08065
1.08314
1.08579
1.0886
1.09156
1.09468
1.09795
1.10137
1.10494
1.10866
1.11251
1.11652
1.12066
1.12494
1.12936
1.13391
1.1386
1.14343
1.14838
1.15347
1.15868
1.16403
1.1695
1.17509
1.18081
1.18666
1.19262
1.19871
1.20492
1.21125
1.21769
1.22426
1.23094
1.23774
1.24465
1.25168
1.25883
1.26608
1.27345
1.28094
1.28854
1.29624
1.30407
1.312
1.32004
1.3282
1.33646
1.34484
1.35332
1.36192
1.37062
1.37944
1.38836
1.39739
1.40654
1.41579
1.42515
1.43462
1.44419
1.45388
1.46368
1.47358
1.48359
1.49371
1.50394
1.51427
1.52472
1.53527
1.54593
1.5567
1.56758
1.57856
1.58966
1.60086
1.61217
1.62358
1.63511
1.64674
1.65848
1.67033
1.68228
1.69434
1.70651
1.71878
1.73116
1.74364
1.75623
1.76893
1.78173
1.79463
1.80764
1.82076
1.83397
1.84729
1.86071
1.87424
1.88786
1.90159
1.91542
1.92935
1.94337
1.9575
1.97172
1.98604
2.00046
2.01497
2.02958
2.04428
2.05907
2.07396
2.08893
2.104
2.11916
2.1344
2.14974
2.16516
2.18066
2.19625
2.21192
2.22767
2.24349
2.2594
2.27538
2.29144
2.30757
2.32377
2.34004
2.35637
2.37276
2.38922
2.40573
2.4223
2.43891
2.45557
2.47226
2.48899
2.50575
2.52252
2.5393
2.55608
2.57284
2.58957
2.60624
2.62283
2.6393
2.65562
2.67171
2.6875
2.7029
2.71775
2.73187
2.74501
2.75684
2.76699
2.55016
2.53567
2.52108
2.50641
2.49165
2.4768
2.46188
2.44688
2.43182
2.41668
2.40149
2.38623
2.37092
2.35556
2.34015
2.32469
2.30919
2.29365
2.27808
2.26247
2.24684
2.23118
2.21551
2.19981
2.1841
2.16838
2.15265
2.13691
2.12118
2.10545
2.08972
2.07401
2.0583
2.04261
2.02694
2.01129
1.99567
1.98008
1.96452
1.94899
1.93351
1.91806
1.90267
1.88732
1.87202
1.85678
1.8416
1.82648
1.81142
1.79644
1.78152
1.76669
1.75193
1.73725
1.72267
1.70817
1.69376
1.67945
1.66524
1.65112
1.63712
1.62323
1.60945
1.59578
1.58224
1.56882
1.55553
1.54237
1.52934
1.51645
1.5037
1.49109
1.47863
1.46632
1.45416
1.44217
1.43033
1.41865
1.40714
1.3958
1.38464
1.37365
1.36283
1.3522
1.34176
1.3315
1.32142
1.31155
1.30186
1.29237
1.28309
1.274
1.26511
1.25644
1.24796
1.2397
1.23165
1.22381
1.21619
1.20878
1.20158
1.1946
1.18785
1.18131
1.17499
1.16888
1.163
1.15735
1.15191
1.14669
1.1417
1.13692
1.13237
1.12804
1.12392
1.12002
1.11635
1.11288
1.10964
1.10661
1.10379
1.10118
1.09878
1.0966
1.09463
1.09285
1.09128
1.08992
1.08875
1.08778
1.08702
1.08644
1.08606
1.08587
1.08587
1.08606
1.08643
1.08698
1.08772
1.08863
1.08972
1.09098
1.09242
1.09402
1.0958
1.09774
1.09984
1.10211
1.10454
1.10713
1.10987
1.11277
1.11582
1.11902
1.12237
1.12587
1.12951
1.1333
1.13723
1.1413
1.1455
1.14985
1.15433
1.15894
1.16369
1.16857
1.17358
1.17872
1.18399
1.18938
1.1949
1.20054
1.20631
1.2122
1.21821
1.22434
1.23059
1.23695
1.24344
1.25004
1.25676
1.2636
1.27054
1.27761
1.28478
1.29207
1.29948
1.30699
1.31462
1.32236
1.33021
1.33817
1.34624
1.35442
1.36271
1.3711
1.37961
1.38823
1.39696
1.40579
1.41474
1.42379
1.43295
1.44221
1.45159
1.46108
1.47067
1.48037
1.49017
1.50009
1.51011
1.52024
1.53047
1.54082
1.55127
1.56183
1.57249
1.58326
1.59414
1.60513
1.61623
1.62743
1.63873
1.65015
1.66166
1.6733
1.68503
1.69687
1.70881
1.72086
1.73302
1.74528
1.75765
1.77012
1.7827
1.79538
1.80816
1.82105
1.83404
1.84713
1.86033
1.87363
1.88702
1.90052
1.91413
1.92783
1.94163
1.95553
1.96953
1.98362
1.99782
2.0121
2.02649
2.04096
2.05553
2.0702
2.08496
2.0998
2.11474
2.12977
2.14489
2.16009
2.17538
2.19076
2.20622
2.22176
2.23739
2.25309
2.26887
2.28473
2.30066
2.31667
2.33275
2.3489
2.36511
2.38139
2.39773
2.41413
2.43058
2.44709
2.46364
2.48024
2.49687
2.51354
2.53022
2.54692
2.56363
2.58033
2.59701
2.61364
2.63021
2.64669
2.66303
2.67918
2.69508
2.71064
2.72572
2.74017
2.75375
2.76616
2.77703
2.56184
2.54743
2.53291
2.5183
2.50361
2.48883
2.47396
2.45902
2.44401
2.42894
2.41379
2.39859
2.38333
2.36802
2.35266
2.33726
2.32181
2.30632
2.2908
2.27525
2.25967
2.24407
2.22845
2.21281
2.19715
2.18149
2.16582
2.15015
2.13448
2.11881
2.10315
2.0875
2.07186
2.05624
2.04064
2.02507
2.00952
1.994
1.97852
1.96308
1.94767
1.93231
1.917
1.90174
1.88653
1.87139
1.8563
1.84127
1.82632
1.81143
1.79662
1.78189
1.76724
1.75267
1.73819
1.7238
1.70951
1.69531
1.68122
1.66723
1.65335
1.63957
1.62592
1.61238
1.59897
1.58568
1.57251
1.55948
1.54659
1.53383
1.52122
1.50874
1.49642
1.48425
1.47223
1.46037
1.44867
1.43713
1.42576
1.41456
1.40353
1.39267
1.382
1.3715
1.36119
1.35106
1.34113
1.33138
1.32182
1.31246
1.3033
1.29434
1.28557
1.27701
1.26866
1.26051
1.25257
1.24484
1.23732
1.23001
1.22291
1.21603
1.20936
1.20291
1.19667
1.19065
1.18484
1.17925
1.17388
1.16873
1.16379
1.15907
1.15457
1.15028
1.1462
1.14234
1.1387
1.13526
1.13204
1.12903
1.12622
1.12362
1.12124
1.11906
1.11708
1.1153
1.11372
1.11234
1.11116
1.11017
1.10938
1.10878
1.10837
1.10815
1.10811
1.10826
1.10859
1.1091
1.10979
1.11065
1.11169
1.1129
1.11428
1.11583
1.11755
1.11943
1.12147
1.12368
1.12604
1.12857
1.13124
1.13407
1.13706
1.14018
1.14346
1.14689
1.15046
1.15417
1.15803
1.16202
1.16616
1.17043
1.17483
1.17937
1.18404
1.18884
1.19378
1.19884
1.20403
1.20934
1.21478
1.22035
1.22603
1.23184
1.23777
1.24383
1.25
1.25628
1.26269
1.26921
1.27585
1.2826
1.28947
1.29645
1.30355
1.31075
1.31807
1.32551
1.33305
1.3407
1.34847
1.35634
1.36432
1.37242
1.38062
1.38893
1.39735
1.40588
1.41452
1.42326
1.43211
1.44107
1.45014
1.45932
1.4686
1.47799
1.48748
1.49709
1.5068
1.51661
1.52653
1.53656
1.5467
1.55694
1.56729
1.57774
1.5883
1.59897
1.60974
1.62062
1.63161
1.6427
1.65389
1.6652
1.67661
1.68812
1.69974
1.71146
1.72329
1.73522
1.74726
1.7594
1.77165
1.784
1.79646
1.80902
1.82168
1.83444
1.84731
1.86028
1.87335
1.88652
1.89979
1.91317
1.92664
1.94021
1.95389
1.96766
1.98153
1.99549
2.00955
2.02371
2.03796
2.05231
2.06675
2.08129
2.09591
2.11063
2.12544
2.14033
2.15532
2.17039
2.18555
2.2008
2.21613
2.23154
2.24704
2.26261
2.27827
2.294
2.3098
2.32569
2.34164
2.35766
2.37376
2.38992
2.40614
2.42242
2.43876
2.45515
2.4716
2.48809
2.50462
2.52119
2.53778
2.5544
2.57103
2.58765
2.60427
2.62086
2.6374
2.65386
2.67021
2.6864
2.70238
2.71806
2.73334
2.74807
2.76204
2.77496
2.7865
2.57234
2.55805
2.54364
2.52914
2.51455
2.49986
2.4851
2.47025
2.45532
2.44033
2.42527
2.41015
2.39497
2.37973
2.36445
2.34912
2.33374
2.31833
2.30288
2.2874
2.2719
2.25637
2.24082
2.22525
2.20967
2.19409
2.17849
2.1629
2.1473
2.13171
2.11613
2.10056
2.08501
2.06947
2.05396
2.03847
2.02301
2.00759
1.9922
1.97685
1.96154
1.94628
1.93106
1.9159
1.9008
1.88575
1.87077
1.85586
1.84101
1.82624
1.81154
1.79693
1.78239
1.76794
1.75358
1.73932
1.72515
1.71108
1.69711
1.68325
1.6695
1.65586
1.64234
1.62894
1.61566
1.60251
1.58949
1.5766
1.56385
1.55123
1.53876
1.52643
1.51425
1.50222
1.49034
1.47863
1.46707
1.45568
1.44445
1.43339
1.42251
1.41179
1.40126
1.39091
1.38073
1.37074
1.36094
1.35133
1.3419
1.33267
1.32364
1.3148
1.30616
1.29772
1.28949
1.28145
1.27362
1.266
1.25858
1.25137
1.24438
1.23759
1.23101
1.22464
1.21849
1.21255
1.20682
1.20129
1.19599
1.1909
1.18602
1.18135
1.17689
1.17265
1.16861
1.16479
1.16117
1.15776
1.15456
1.15157
1.14878
1.14619
1.14381
1.14163
1.13964
1.13786
1.13627
1.13488
1.13368
1.13267
1.13185
1.13123
1.13079
1.13053
1.13046
1.13057
1.13085
1.13132
1.13196
1.13278
1.13376
1.13492
1.13625
1.13774
1.1394
1.14122
1.14321
1.14534
1.14765
1.1501
1.15271
1.15547
1.15838
1.16144
1.16465
1.16801
1.1715
1.17514
1.17892
1.18284
1.1869
1.19109
1.19542
1.19988
1.20447
1.2092
1.21405
1.21904
1.22415
1.22938
1.23474
1.24023
1.24584
1.25156
1.25741
1.26338
1.26947
1.27568
1.282
1.28844
1.295
1.30167
1.30846
1.31536
1.32237
1.32949
1.33672
1.34407
1.35153
1.3591
1.36678
1.37456
1.38246
1.39046
1.39858
1.4068
1.41513
1.42357
1.43211
1.44077
1.44953
1.45839
1.46737
1.47645
1.48563
1.49493
1.50433
1.51383
1.52344
1.53316
1.54298
1.55291
1.56294
1.57308
1.58332
1.59367
1.60412
1.61468
1.62535
1.63612
1.64699
1.65797
1.66906
1.68025
1.69154
1.70294
1.71445
1.72605
1.73776
1.74958
1.7615
1.77352
1.78565
1.79788
1.81021
1.82264
1.83518
1.84782
1.86056
1.87341
1.88635
1.89939
1.91254
1.92578
1.93913
1.95257
1.96611
1.97975
1.99349
2.00732
2.02125
2.03528
2.0494
2.06361
2.07792
2.09232
2.10682
2.1214
2.13608
2.15084
2.16569
2.18063
2.19566
2.21078
2.22597
2.24125
2.25662
2.27206
2.28758
2.30318
2.31886
2.33461
2.35044
2.36634
2.38231
2.39834
2.41444
2.4306
2.44683
2.4631
2.47943
2.49581
2.51224
2.5287
2.5452
2.56172
2.57826
2.59481
2.61136
2.62789
2.64438
2.66081
2.67715
2.69337
2.7094
2.72518
2.74062
2.75558
2.76988
2.78327
2.7954
2.58125
2.56713
2.5529
2.53857
2.52413
2.50959
2.49497
2.48025
2.46546
2.45059
2.43565
2.42064
2.40558
2.39045
2.37528
2.36005
2.34478
2.32947
2.31412
2.29874
2.28334
2.26791
2.25245
2.23699
2.2215
2.20601
2.19052
2.17502
2.15952
2.14403
2.12855
2.11308
2.09763
2.0822
2.06679
2.05141
2.03606
2.02074
2.00546
1.99021
1.97502
1.95987
1.94477
1.92973
1.91474
1.89982
1.88496
1.87017
1.85545
1.8408
1.82623
1.81175
1.79734
1.78303
1.7688
1.75467
1.74064
1.72671
1.71289
1.69917
1.68556
1.67206
1.65869
1.64544
1.63231
1.6193
1.60643
1.59369
1.58109
1.56862
1.5563
1.54412
1.5321
1.52022
1.50849
1.49693
1.48553
1.47428
1.46321
1.4523
1.44156
1.431
1.42061
1.4104
1.40037
1.39052
1.38086
1.37138
1.3621
1.353
1.3441
1.33538
1.32687
1.31855
1.31044
1.30252
1.2948
1.28729
1.27998
1.27287
1.26597
1.25928
1.25279
1.24651
1.24044
1.23457
1.22892
1.22347
1.21823
1.2132
1.20837
1.20375
1.19934
1.19514
1.19114
1.18735
1.18377
1.18039
1.17721
1.17423
1.17145
1.16887
1.16649
1.16431
1.16232
1.16053
1.15893
1.15752
1.15631
1.15528
1.15444
1.15378
1.15331
1.15302
1.15291
1.15298
1.15322
1.15364
1.15424
1.155
1.15594
1.15705
1.15832
1.15975
1.16135
1.16311
1.16503
1.16711
1.16934
1.17173
1.17427
1.17696
1.1798
1.18279
1.18593
1.18921
1.19263
1.19619
1.1999
1.20374
1.20772
1.21184
1.21609
1.22047
1.22499
1.22963
1.23441
1.23931
1.24434
1.2495
1.25478
1.26018
1.26571
1.27135
1.27712
1.28301
1.28901
1.29514
1.30138
1.30774
1.31421
1.3208
1.3275
1.33431
1.34124
1.34828
1.35542
1.36268
1.37006
1.37754
1.38513
1.39283
1.40063
1.40855
1.41658
1.42471
1.43295
1.44129
1.44975
1.45831
1.46697
1.47575
1.48462
1.49361
1.5027
1.51189
1.52119
1.5306
1.54011
1.54973
1.55945
1.56927
1.5792
1.58923
1.59937
1.60961
1.61996
1.63041
1.64096
1.65162
1.66239
1.67326
1.68423
1.6953
1.70648
1.71777
1.72915
1.74064
1.75223
1.76393
1.77573
1.78763
1.79963
1.81174
1.82395
1.83626
1.84867
1.86118
1.87379
1.88651
1.89932
1.91224
1.92526
1.93837
1.95158
1.96489
1.9783
1.99181
2.00542
2.01912
2.03291
2.0468
2.06079
2.07487
2.08904
2.10331
2.11767
2.13212
2.14666
2.16128
2.176
2.19081
2.2057
2.22068
2.23574
2.25089
2.26612
2.28143
2.29681
2.31228
2.32783
2.34345
2.35915
2.37492
2.39076
2.40666
2.42264
2.43868
2.45477
2.47093
2.48714
2.50341
2.51972
2.53608
2.55247
2.5689
2.58534
2.60181
2.61827
2.63473
2.65117
2.66756
2.68388
2.70009
2.71616
2.73201
2.74757
2.76273
2.77731
2.79109
2.80376
2.58805
2.5742
2.56023
2.54613
2.53192
2.5176
2.50318
2.48867
2.47406
2.45937
2.44461
2.42977
2.41486
2.3999
2.38487
2.36979
2.35467
2.3395
2.32429
2.30904
2.29377
2.27847
2.26315
2.24781
2.23246
2.21709
2.20172
2.18635
2.17098
2.15562
2.14026
2.12492
2.10959
2.09429
2.07901
2.06375
2.04853
2.03334
2.01819
2.00308
1.98801
1.973
1.95804
1.94313
1.92828
1.9135
1.89878
1.88413
1.86955
1.85505
1.84063
1.82628
1.81203
1.79786
1.78379
1.76981
1.75593
1.74216
1.72849
1.71492
1.70147
1.68814
1.67492
1.66182
1.64885
1.63601
1.6233
1.61072
1.59828
1.58598
1.57382
1.5618
1.54994
1.53822
1.52666
1.51525
1.50401
1.49293
1.48201
1.47126
1.46068
1.45026
1.44003
1.42997
1.42009
1.41039
1.40087
1.39154
1.38239
1.37343
1.36466
1.35608
1.34769
1.3395
1.3315
1.3237
1.3161
1.3087
1.30149
1.29449
1.28769
1.28109
1.2747
1.2685
1.26251
1.25673
1.25114
1.24576
1.24059
1.23561
1.23085
1.22628
1.22192
1.21776
1.2138
1.21004
1.20649
1.20313
1.19997
1.19701
1.19424
1.19167
1.18929
1.18711
1.18511
1.18331
1.1817
1.18028
1.17905
1.17799
1.17713
1.17644
1.17594
1.17561
1.17546
1.17549
1.17569
1.17607
1.17662
1.17733
1.17822
1.17927
1.18048
1.18186
1.18339
1.18509
1.18695
1.18896
1.19113
1.19345
1.19592
1.19854
1.20131
1.20423
1.20729
1.2105
1.21384
1.21733
1.22096
1.22473
1.22863
1.23267
1.23684
1.24114
1.24558
1.25014
1.25484
1.25966
1.26461
1.26968
1.27488
1.2802
1.28565
1.29121
1.29689
1.3027
1.30862
1.31466
1.32082
1.32709
1.33348
1.33998
1.34659
1.35332
1.36016
1.36711
1.37418
1.38135
1.38863
1.39602
1.40353
1.41114
1.41885
1.42668
1.43461
1.44265
1.4508
1.45905
1.46741
1.47588
1.48445
1.49313
1.50191
1.51079
1.51978
1.52888
1.53808
1.54738
1.5568
1.56631
1.57593
1.58565
1.59547
1.6054
1.61543
1.62556
1.6358
1.64614
1.65659
1.66713
1.67778
1.68854
1.6994
1.71035
1.72142
1.73258
1.74385
1.75522
1.76669
1.77826
1.78994
1.80172
1.8136
1.82558
1.83766
1.84985
1.86213
1.87452
1.887
1.89959
1.91227
1.92506
1.93794
1.95092
1.964
1.97718
1.99046
2.00383
2.0173
2.03087
2.04453
2.05828
2.07213
2.08607
2.10011
2.11424
2.12846
2.14277
2.15717
2.17166
2.18624
2.20091
2.21566
2.2305
2.24543
2.26044
2.27553
2.29071
2.30596
2.32129
2.3367
2.35219
2.36776
2.38339
2.3991
2.41488
2.43072
2.44663
2.4626
2.47864
2.49473
2.51087
2.52707
2.54331
2.5596
2.57591
2.59226
2.60863
2.62501
2.6414
2.65776
2.6741
2.69038
2.70658
2.72266
2.73856
2.75421
2.76952
2.78433
2.79846
2.81161
2.5922
2.57872
2.5651
2.55133
2.53744
2.52343
2.50929
2.49505
2.48071
2.46628
2.45175
2.43714
2.42246
2.40771
2.39289
2.37802
2.36309
2.34811
2.33309
2.31803
2.30294
2.28781
2.27266
2.25749
2.24231
2.22711
2.2119
2.19669
2.18148
2.16628
2.15108
2.1359
2.12073
2.10558
2.09046
2.07536
2.06029
2.04526
2.03027
2.01532
2.00041
1.98556
1.97075
1.956
1.94132
1.92669
1.91214
1.89765
1.88323
1.8689
1.85464
1.84047
1.82638
1.81238
1.79848
1.78467
1.77096
1.75736
1.74386
1.73047
1.71719
1.70403
1.69099
1.67807
1.66527
1.6526
1.64007
1.62766
1.6154
1.60327
1.59128
1.57944
1.56775
1.55621
1.54481
1.53358
1.5225
1.51159
1.50084
1.49025
1.47983
1.46958
1.45951
1.4496
1.43988
1.43033
1.42096
1.41177
1.40277
1.39395
1.38532
1.37687
1.36862
1.36055
1.35268
1.345
1.33751
1.33022
1.32313
1.31623
1.30953
1.30303
1.29672
1.29062
1.28471
1.279
1.27349
1.26818
1.26307
1.25816
1.25344
1.24892
1.24461
1.24049
1.23657
1.23284
1.22931
1.22598
1.22284
1.21989
1.21713
1.21457
1.2122
1.21001
1.20801
1.20621
1.20458
1.20314
1.20189
1.20081
1.19992
1.1992
1.19867
1.19831
1.19812
1.19811
1.19826
1.19859
1.19909
1.19976
1.20059
1.20158
1.20274
1.20406
1.20553
1.20717
1.20896
1.21091
1.21301
1.21526
1.21766
1.22021
1.22291
1.22575
1.22874
1.23187
1.23514
1.23855
1.2421
1.24579
1.24961
1.25357
1.25766
1.26189
1.26624
1.27073
1.27534
1.28008
1.28495
1.28994
1.29505
1.30029
1.30565
1.31113
1.31673
1.32245
1.32829
1.33424
1.34031
1.3465
1.3528
1.35921
1.36574
1.37238
1.37914
1.386
1.39297
1.40005
1.40725
1.41455
1.42196
1.42948
1.43711
1.44484
1.45268
1.46063
1.46868
1.47684
1.48511
1.49347
1.50195
1.51053
1.51921
1.528
1.53689
1.54588
1.55498
1.56419
1.57349
1.5829
1.59242
1.60203
1.61175
1.62157
1.63149
1.64152
1.65164
1.66187
1.67221
1.68264
1.69318
1.70382
1.71456
1.7254
1.73634
1.74739
1.75853
1.76978
1.78113
1.79259
1.80414
1.81579
1.82755
1.8394
1.85136
1.86341
1.87557
1.88782
1.90018
1.91263
1.92519
1.93784
1.95059
1.96344
1.97638
1.98942
2.00256
2.0158
2.02913
2.04256
2.05609
2.0697
2.08342
2.09722
2.11112
2.12511
2.13919
2.15336
2.16762
2.18197
2.19641
2.21094
2.22555
2.24025
2.25504
2.26991
2.28486
2.2999
2.31501
2.33021
2.34548
2.36083
2.37626
2.39176
2.40733
2.42297
2.43869
2.45447
2.47031
2.48622
2.50218
2.5182
2.53428
2.5504
2.56657
2.58278
2.59902
2.61529
2.63158
2.64787
2.66417
2.68044
2.69667
2.71284
2.72891
2.74483
2.76055
2.77597
2.79098
2.80539
2.81896
2.59318
2.58017
2.567
2.55367
2.54018
2.52656
2.51281
2.49894
2.48494
2.47084
2.45664
2.44234
2.42796
2.4135
2.39897
2.38436
2.3697
2.35498
2.3402
2.32539
2.31053
2.29563
2.28071
2.26576
2.25079
2.23581
2.22081
2.20581
2.1908
2.1758
2.1608
2.14582
2.13085
2.11589
2.10096
2.08606
2.07118
2.05635
2.04154
2.02678
2.01207
1.9974
1.98279
1.96823
1.95373
1.9393
1.92493
1.91063
1.89641
1.88227
1.8682
1.85422
1.84032
1.82651
1.8128
1.79918
1.78567
1.77226
1.75895
1.74575
1.73267
1.7197
1.70685
1.69412
1.68152
1.66904
1.65669
1.64448
1.6324
1.62046
1.60866
1.59701
1.5855
1.57414
1.56293
1.55188
1.54098
1.53025
1.51967
1.50926
1.49901
1.48893
1.47902
1.46928
1.45972
1.45033
1.44111
1.43208
1.42322
1.41455
1.40606
1.39775
1.38963
1.3817
1.37395
1.36639
1.35903
1.35185
1.34487
1.33808
1.33148
1.32507
1.31886
1.31284
1.30701
1.30139
1.29595
1.29071
1.28566
1.28081
1.27615
1.27169
1.26741
1.26333
1.25945
1.25576
1.25225
1.24894
1.24582
1.24289
1.24014
1.23758
1.23521
1.23302
1.23102
1.2292
1.22756
1.22611
1.22483
1.22373
1.22281
1.22207
1.22149
1.22109
1.22087
1.22082
1.22093
1.22121
1.22166
1.22227
1.22305
1.22399
1.22509
1.22635
1.22776
1.22933
1.23106
1.23294
1.23497
1.23715
1.23948
1.24196
1.24459
1.24736
1.25027
1.25332
1.25652
1.25985
1.26332
1.26693
1.27068
1.27455
1.27857
1.28271
1.28698
1.29138
1.29591
1.30057
1.30535
1.31026
1.31529
1.32044
1.32572
1.33111
1.33662
1.34226
1.34801
1.35388
1.35986
1.36596
1.37217
1.3785
1.38494
1.39149
1.39815
1.40493
1.41181
1.41881
1.42591
1.43312
1.44044
1.44786
1.45539
1.46304
1.47078
1.47863
1.48659
1.49466
1.50282
1.5111
1.51947
1.52795
1.53654
1.54522
1.55401
1.56291
1.5719
1.581
1.5902
1.59951
1.60892
1.61842
1.62803
1.63774
1.64756
1.65747
1.66749
1.6776
1.68782
1.69814
1.70857
1.71909
1.72971
1.74043
1.75126
1.76218
1.77321
1.78433
1.79556
1.80689
1.81832
1.82984
1.84147
1.8532
1.86502
1.87695
1.88898
1.9011
1.91332
1.92564
1.93806
1.95058
1.9632
1.97591
1.98872
2.00162
2.01463
2.02772
2.04092
2.05421
2.06759
2.08107
2.09464
2.1083
2.12206
2.13591
2.14985
2.16388
2.178
2.19221
2.2065
2.22089
2.23536
2.24992
2.26456
2.27929
2.2941
2.309
2.32397
2.33902
2.35416
2.36937
2.38466
2.40002
2.41545
2.43096
2.44653
2.46218
2.47789
2.49367
2.5095
2.52539
2.54134
2.55734
2.57339
2.58949
2.60562
2.62178
2.63796
2.65417
2.67037
2.68657
2.70274
2.71886
2.73491
2.75083
2.76659
2.7821
2.79726
2.81191
2.82584
2.59069
2.57821
2.56555
2.55273
2.53974
2.52659
2.5133
2.49988
2.48632
2.47264
2.45885
2.44495
2.43095
2.41686
2.40268
2.38843
2.3741
2.35971
2.34526
2.33075
2.3162
2.3016
2.28697
2.2723
2.25761
2.2429
2.22817
2.21343
2.19868
2.18393
2.16919
2.15445
2.13972
2.12501
2.11032
2.09566
2.08102
2.06641
2.05184
2.03731
2.02283
2.00839
1.994
1.97967
1.96539
1.95118
1.93704
1.92296
1.90896
1.89504
1.88119
1.86743
1.85375
1.84016
1.82667
1.81327
1.79997
1.78678
1.77369
1.7607
1.74783
1.73508
1.72244
1.70993
1.69753
1.68527
1.67313
1.66112
1.64925
1.63752
1.62592
1.61447
1.60316
1.592
1.58099
1.57013
1.55942
1.54888
1.53849
1.52826
1.51819
1.50829
1.49856
1.48899
1.4796
1.47037
1.46132
1.45244
1.44374
1.43522
1.42687
1.41871
1.41073
1.40293
1.39532
1.38789
1.38064
1.37358
1.36671
1.36002
1.35353
1.34722
1.3411
1.33517
1.32943
1.32388
1.31852
1.31334
1.30837
1.30357
1.29897
1.29455
1.29032
1.28629
1.28244
1.27877
1.2753
1.27201
1.26891
1.26598
1.26325
1.26069
1.25832
1.25613
1.25412
1.25229
1.25064
1.24917
1.24787
1.24675
1.2458
1.24502
1.24441
1.24398
1.24372
1.24362
1.24369
1.24392
1.24432
1.24488
1.24561
1.24649
1.24753
1.24872
1.25008
1.25158
1.25325
1.25506
1.25702
1.25913
1.26139
1.2638
1.26635
1.26904
1.27188
1.27486
1.27797
1.28123
1.28462
1.28815
1.29181
1.29561
1.29954
1.3036
1.30779
1.31211
1.31655
1.32112
1.32582
1.33064
1.33559
1.34065
1.34584
1.35115
1.35658
1.36212
1.36779
1.37357
1.37946
1.38547
1.3916
1.39783
1.40418
1.41064
1.41722
1.4239
1.43069
1.43759
1.4446
1.45172
1.45895
1.46628
1.47372
1.48126
1.48891
1.49667
1.50453
1.51249
1.52056
1.52874
1.53702
1.54539
1.55388
1.56246
1.57115
1.57994
1.58883
1.59782
1.60692
1.61612
1.62541
1.63482
1.64432
1.65392
1.66362
1.67342
1.68333
1.69333
1.70343
1.71364
1.72394
1.73434
1.74485
1.75545
1.76615
1.77696
1.78786
1.79886
1.80997
1.82117
1.83247
1.84387
1.85536
1.86696
1.87866
1.89045
1.90235
1.91434
1.92643
1.93862
1.9509
1.96328
1.97576
1.98833
2.001
2.01377
2.02663
2.03959
2.05265
2.06579
2.07903
2.09237
2.1058
2.11932
2.13294
2.14664
2.16044
2.17432
2.1883
2.20236
2.21651
2.23076
2.24508
2.2595
2.27399
2.28858
2.30325
2.31799
2.33282
2.34774
2.36273
2.3778
2.39294
2.40816
2.42345
2.43882
2.45426
2.46977
2.48534
2.50098
2.51668
2.53244
2.54826
2.56414
2.58006
2.59603
2.61205
2.62809
2.64417
2.66028
2.67639
2.6925
2.7086
2.72466
2.74067
2.75658
2.77235
2.78792
2.8032
2.81804
2.83226
2.58467
2.57273
2.56062
2.54833
2.53587
2.52325
2.51048
2.49756
2.48451
2.47132
2.45801
2.44458
2.43104
2.41739
2.40366
2.38983
2.37592
2.36193
2.34788
2.33376
2.31959
2.30536
2.29109
2.27678
2.26244
2.24806
2.23367
2.21926
2.20483
2.1904
2.17597
2.16153
2.14711
2.1327
2.1183
2.10393
2.08957
2.07525
2.06096
2.04671
2.0325
2.01833
2.00422
1.99015
1.97615
1.9622
1.94832
1.9345
1.92076
1.9071
1.89351
1.88
1.86657
1.85324
1.83999
1.82684
1.81379
1.80084
1.78799
1.77525
1.76262
1.75011
1.73771
1.72543
1.71327
1.70124
1.68933
1.67755
1.66591
1.6544
1.64302
1.63179
1.6207
1.60975
1.59895
1.5883
1.5778
1.56745
1.55726
1.54723
1.53736
1.52765
1.5181
1.50871
1.49949
1.49044
1.48156
1.47285
1.46431
1.45594
1.44776
1.43974
1.4319
1.42424
1.41676
1.40946
1.40234
1.3954
1.38864
1.38207
1.37568
1.36947
1.36344
1.3576
1.35195
1.34648
1.34119
1.33609
1.33117
1.32644
1.32189
1.31752
1.31334
1.30935
1.30553
1.3019
1.29845
1.29518
1.29209
1.28918
1.28646
1.28391
1.28154
1.27934
1.27733
1.27549
1.27382
1.27233
1.27101
1.26986
1.26888
1.26807
1.26743
1.26696
1.26665
1.26651
1.26654
1.26672
1.26707
1.26758
1.26825
1.26907
1.27005
1.27119
1.27248
1.27392
1.27551
1.27726
1.27915
1.28119
1.28338
1.28571
1.28819
1.29081
1.29357
1.29647
1.2995
1.30268
1.30599
1.30944
1.31302
1.31674
1.32058
1.32456
1.32866
1.3329
1.33725
1.34174
1.34635
1.35109
1.35594
1.36092
1.36602
1.37124
1.37658
1.38204
1.38761
1.3933
1.39911
1.40503
1.41106
1.41721
1.42347
1.42984
1.43632
1.44291
1.44961
1.45642
1.46333
1.47035
1.47748
1.48472
1.49207
1.49951
1.50707
1.51472
1.52249
1.53035
1.53832
1.5464
1.55457
1.56285
1.57123
1.57971
1.5883
1.59698
1.60577
1.61465
1.62364
1.63273
1.64192
1.65121
1.6606
1.67009
1.67968
1.68937
1.69916
1.70905
1.71903
1.72912
1.7393
1.74959
1.75997
1.77045
1.78103
1.79171
1.80249
1.81337
1.82434
1.83542
1.84659
1.85786
1.86923
1.88069
1.89226
1.90392
1.91568
1.92754
1.93949
1.95154
1.96369
1.97593
1.98827
2.00071
2.01324
2.02587
2.03859
2.0514
2.06431
2.07732
2.09042
2.10361
2.11689
2.13027
2.14374
2.1573
2.17095
2.18469
2.19851
2.21243
2.22644
2.24053
2.25471
2.26898
2.28333
2.29777
2.31229
2.32689
2.34158
2.35634
2.37119
2.38611
2.40111
2.41619
2.43134
2.44656
2.46185
2.47722
2.49265
2.50815
2.52372
2.53935
2.55503
2.57077
2.58657
2.60242
2.61831
2.63424
2.65021
2.6662
2.68221
2.69823
2.71425
2.73024
2.74619
2.76207
2.77784
2.79344
2.80879
2.82379
2.83826
2.57537
2.56393
2.55232
2.54055
2.52862
2.51653
2.50429
2.4919
2.47937
2.46671
2.45392
2.44101
2.42798
2.41485
2.40161
2.38827
2.37485
2.36134
2.34775
2.33409
2.32037
2.30659
2.29275
2.27887
2.26494
2.25099
2.237
2.22298
2.20895
2.1949
2.18085
2.16679
2.15273
2.13868
2.12464
2.11062
2.09661
2.08263
2.06868
2.05476
2.04088
2.02704
2.01325
1.9995
1.98581
1.97218
1.95861
1.9451
1.93166
1.9183
1.905
1.89179
1.87866
1.86561
1.85266
1.83979
1.82702
1.81435
1.80178
1.78931
1.77696
1.76471
1.75258
1.74056
1.72866
1.71689
1.70523
1.69371
1.68231
1.67105
1.65992
1.64892
1.63807
1.62735
1.61678
1.60635
1.59608
1.58595
1.57597
1.56615
1.55648
1.54697
1.53761
1.52842
1.51939
1.51053
1.50182
1.49329
1.48492
1.47672
1.46868
1.46082
1.45314
1.44562
1.43828
1.43111
1.42412
1.4173
1.41066
1.4042
1.39791
1.39181
1.38588
1.38013
1.37457
1.36917
1.36396
1.35893
1.35408
1.3494
1.34491
1.34059
1.33646
1.3325
1.32872
1.32512
1.32169
1.31845
1.31538
1.31248
1.30976
1.30722
1.30485
1.30265
1.30062
1.29877
1.29709
1.29558
1.29424
1.29306
1.29205
1.29121
1.29054
1.29003
1.28968
1.2895
1.28947
1.28961
1.28991
1.29036
1.29097
1.29174
1.29266
1.29373
1.29496
1.29634
1.29786
1.29954
1.30136
1.30333
1.30545
1.3077
1.3101
1.31264
1.31533
1.31815
1.32111
1.3242
1.32743
1.3308
1.3343
1.33793
1.34169
1.34558
1.3496
1.35375
1.35802
1.36242
1.36694
1.37159
1.37636
1.38125
1.38626
1.39139
1.39664
1.40201
1.40749
1.41309
1.4188
1.42463
1.43057
1.43663
1.44279
1.44907
1.45546
1.46195
1.46856
1.47527
1.48209
1.48902
1.49605
1.50319
1.51044
1.51779
1.52524
1.5328
1.54046
1.54823
1.5561
1.56407
1.57214
1.58032
1.58859
1.59697
1.60545
1.61403
1.62271
1.63149
1.64036
1.64934
1.65842
1.6676
1.67688
1.68626
1.69573
1.7053
1.71498
1.72475
1.73462
1.74458
1.75465
1.76481
1.77507
1.78543
1.79589
1.80644
1.81709
1.82784
1.83869
1.84964
1.86068
1.87182
1.88305
1.89439
1.90582
1.91735
1.92897
1.94069
1.95251
1.96442
1.97643
1.98853
2.00073
2.01303
2.02542
2.0379
2.05048
2.06315
2.07592
2.08878
2.10173
2.11477
2.12791
2.14114
2.15447
2.16788
2.18138
2.19497
2.20865
2.22242
2.23627
2.25022
2.26425
2.27837
2.29257
2.30686
2.32123
2.33568
2.35022
2.36483
2.37953
2.3943
2.40916
2.42409
2.43909
2.45417
2.46932
2.48454
2.49983
2.51519
2.53062
2.5461
2.56165
2.57726
2.59292
2.60864
2.6244
2.64021
2.65605
2.67193
2.68784
2.70375
2.71968
2.73559
2.75148
2.76731
2.78305
2.79866
2.81407
2.82918
2.84384
2.5632
2.55219
2.54103
2.52971
2.51825
2.50664
2.4949
2.48302
2.47101
2.45886
2.4466
2.43422
2.42172
2.40912
2.39641
2.3836
2.3707
2.35771
2.34465
2.33151
2.31829
2.30502
2.29168
2.27829
2.26486
2.25138
2.23786
2.22432
2.21075
2.19716
2.18355
2.16994
2.15632
2.1427
2.12908
2.11548
2.10188
2.08831
2.07476
2.06124
2.04775
2.0343
2.02088
2.00752
1.9942
1.98093
1.96773
1.95458
1.9415
1.92848
1.91553
1.90266
1.88987
1.87716
1.86453
1.852
1.83955
1.82719
1.81494
1.80279
1.79074
1.7788
1.76696
1.75524
1.74364
1.73215
1.72078
1.70953
1.69841
1.68742
1.67656
1.66582
1.65523
1.64476
1.63444
1.62426
1.61422
1.60433
1.59458
1.58498
1.57553
1.56624
1.55709
1.54811
1.53928
1.5306
1.52209
1.51373
1.50554
1.49751
1.48965
1.48195
1.47442
1.46705
1.45985
1.45282
1.44596
1.43927
1.43275
1.42641
1.42023
1.41424
1.40841
1.40275
1.39727
1.39196
1.38682
1.38186
1.37707
1.37246
1.36802
1.36376
1.35967
1.35575
1.35201
1.34844
1.34504
1.34181
1.33875
1.33587
1.33316
1.33062
1.32825
1.32605
1.32401
1.32215
1.32045
1.31892
1.31755
1.31635
1.31531
1.31444
1.31373
1.31318
1.31279
1.31257
1.3125
1.31258
1.31283
1.31323
1.31378
1.31449
1.31535
1.31636
1.31752
1.31883
1.32029
1.3219
1.32365
1.32555
1.32759
1.32977
1.33209
1.33456
1.33716
1.3399
1.34278
1.34579
1.34894
1.35223
1.35564
1.35919
1.36286
1.36667
1.3706
1.37466
1.37885
1.38316
1.38759
1.39215
1.39683
1.40163
1.40655
1.41159
1.41675
1.42202
1.42742
1.43292
1.43854
1.44428
1.45013
1.45608
1.46216
1.46834
1.47463
1.48103
1.48754
1.49416
1.50088
1.50771
1.51464
1.52168
1.52883
1.53608
1.54343
1.55089
1.55845
1.56612
1.57389
1.58175
1.58972
1.59779
1.60596
1.61423
1.62261
1.63108
1.63965
1.64832
1.65708
1.66595
1.67492
1.68398
1.69315
1.70241
1.71177
1.72123
1.73079
1.74044
1.75019
1.76003
1.76997
1.78001
1.79015
1.80038
1.81071
1.82114
1.83167
1.84229
1.85301
1.86382
1.87473
1.88574
1.89684
1.90804
1.91934
1.93073
1.94221
1.95379
1.96547
1.97724
1.98911
2.00107
2.01313
2.02528
2.03753
2.04987
2.0623
2.07483
2.08745
2.10016
2.11297
2.12586
2.13885
2.15194
2.16511
2.17837
2.19172
2.20516
2.21869
2.23231
2.24601
2.25981
2.27368
2.28765
2.3017
2.31583
2.33006
2.34436
2.35875
2.37321
2.38776
2.40238
2.41708
2.43186
2.44672
2.46165
2.47665
2.49172
2.50687
2.52208
2.53736
2.55271
2.56811
2.58358
2.59911
2.61469
2.63032
2.646
2.66172
2.67748
2.69326
2.70908
2.7249
2.74072
2.75653
2.7723
2.788
2.8036
2.81903
2.83422
2.84904
2.54866
2.53798
2.52717
2.51623
2.50516
2.49397
2.48266
2.47123
2.45968
2.44802
2.43624
2.42436
2.41237
2.40029
2.38811
2.37583
2.36347
2.35102
2.3385
2.3259
2.31324
2.3005
2.28771
2.27487
2.26197
2.24903
2.23605
2.22303
2.20999
2.19692
2.18383
2.17072
2.15761
2.14448
2.13136
2.11824
2.10513
2.09204
2.07896
2.0659
2.05287
2.03987
2.02691
2.01398
2.0011
1.98826
1.97548
1.96275
1.95008
1.93747
1.92493
1.91246
1.90005
1.88773
1.87549
1.86333
1.85125
1.83926
1.82737
1.81557
1.80387
1.79227
1.78078
1.76939
1.75811
1.74694
1.73589
1.72496
1.71414
1.70345
1.69288
1.68244
1.67212
1.66194
1.65189
1.64197
1.63219
1.62255
1.61306
1.6037
1.59449
1.58543
1.57651
1.56774
1.55911
1.55065
1.54233
1.53417
1.52617
1.51832
1.51063
1.5031
1.49573
1.48852
1.48147
1.47459
1.46786
1.46131
1.45491
1.44869
1.44263
1.43673
1.43101
1.42544
1.42005
1.41483
1.40977
1.40488
1.40016
1.39561
1.39123
1.38701
1.38297
1.37909
1.37538
1.37184
1.36847
1.36526
1.36222
1.35936
1.35665
1.35411
1.35174
1.34953
1.34749
1.34561
1.3439
1.34234
1.34095
1.33973
1.33866
1.33775
1.33701
1.33642
1.33599
1.33572
1.3356
1.33563
1.33583
1.33617
1.33667
1.33732
1.33811
1.33906
1.34016
1.3414
1.34279
1.34433
1.34601
1.34784
1.3498
1.35191
1.35415
1.35654
1.35906
1.36172
1.36452
1.36745
1.37052
1.37372
1.37705
1.38051
1.3841
1.38781
1.39166
1.39563
1.39973
1.40395
1.40829
1.41276
1.41735
1.42206
1.42689
1.43184
1.4369
1.44208
1.44738
1.45279
1.45832
1.46396
1.46971
1.47558
1.48155
1.48764
1.49383
1.50014
1.50655
1.51307
1.51969
1.52642
1.53326
1.5402
1.54724
1.55439
1.56164
1.569
1.57646
1.58402
1.59168
1.59945
1.60731
1.61527
1.62334
1.6315
1.63976
1.64812
1.65658
1.66514
1.6738
1.68255
1.6914
1.70035
1.7094
1.71855
1.72779
1.73713
1.74657
1.7561
1.76572
1.77545
1.78527
1.79518
1.8052
1.8153
1.82551
1.83581
1.8462
1.85669
1.86728
1.87796
1.88874
1.89961
1.91058
1.92164
1.9328
1.94405
1.9554
1.96684
1.97838
1.99001
2.00174
2.01356
2.02547
2.03748
2.04958
2.06177
2.07406
2.08644
2.09891
2.11147
2.12413
2.13687
2.14971
2.16264
2.17566
2.18877
2.20197
2.21526
2.22864
2.2421
2.25565
2.26929
2.28302
2.29683
2.31072
2.32471
2.33878
2.35293
2.36716
2.38147
2.39586
2.41033
2.42488
2.43951
2.45421
2.46899
2.48384
2.49876
2.51376
2.52882
2.54395
2.55915
2.57442
2.58974
2.60513
2.62057
2.63606
2.65161
2.6672
2.68283
2.6985
2.71419
2.72991
2.74563
2.76135
2.77705
2.79269
2.80826
2.8237
2.83893
2.85387
2.53218
2.52174
2.5112
2.50056
2.4898
2.47895
2.46799
2.45693
2.44578
2.43453
2.42318
2.41175
2.40022
2.38861
2.37692
2.36515
2.35331
2.34139
2.3294
2.31734
2.30522
2.29305
2.28082
2.26854
2.25621
2.24384
2.23143
2.21898
2.20651
2.194
2.18148
2.16894
2.15639
2.14383
2.13127
2.1187
2.10614
2.09358
2.08104
2.06852
2.05602
2.04354
2.03109
2.01867
2.0063
1.99396
1.98166
1.96942
1.95723
1.94509
1.93301
1.921
1.90905
1.89717
1.88536
1.87363
1.86198
1.85041
1.83893
1.82753
1.81623
1.80502
1.79391
1.78289
1.77199
1.76118
1.75049
1.7399
1.72943
1.71907
1.70883
1.6987
1.6887
1.67883
1.66907
1.65945
1.64996
1.64059
1.63136
1.62227
1.61332
1.6045
1.59582
1.58728
1.57889
1.57064
1.56254
1.55459
1.54678
1.53912
1.53162
1.52427
1.51707
1.51002
1.50313
1.49639
1.48982
1.4834
1.47713
1.47103
1.46508
1.4593
1.45368
1.44821
1.44291
1.43777
1.4328
1.42798
1.42333
1.41884
1.41452
1.41035
1.40636
1.40252
1.39885
1.39534
1.39199
1.38881
1.38578
1.38292
1.38023
1.37769
1.37532
1.3731
1.37105
1.36916
1.36743
1.36586
1.36444
1.36319
1.36209
1.36115
1.36037
1.35974
1.35926
1.35895
1.35878
1.35877
1.3589
1.35919
1.35963
1.36022
1.36096
1.36184
1.36287
1.36405
1.36537
1.36683
1.36844
1.37019
1.37208
1.37411
1.37628
1.37858
1.38103
1.38361
1.38632
1.38917
1.39215
1.39527
1.39851
1.40188
1.40539
1.40902
1.41277
1.41666
1.42066
1.42479
1.42905
1.43342
1.43792
1.44254
1.44727
1.45213
1.4571
1.46219
1.46739
1.47271
1.47814
1.48368
1.48934
1.4951
1.50098
1.50697
1.51307
1.51927
1.52558
1.532
1.53853
1.54516
1.55189
1.55873
1.56567
1.57272
1.57987
1.58712
1.59447
1.60193
1.60948
1.61714
1.6249
1.63275
1.64071
1.64876
1.65691
1.66516
1.67351
1.68196
1.6905
1.69914
1.70788
1.71671
1.72564
1.73467
1.74379
1.75301
1.76233
1.77174
1.78124
1.79084
1.80053
1.81032
1.82021
1.83019
1.84027
1.85044
1.8607
1.87106
1.88151
1.89206
1.9027
1.91344
1.92427
1.9352
1.94622
1.95733
1.96854
1.97984
1.99123
2.00272
2.0143
2.02597
2.03774
2.0496
2.06155
2.0736
2.08574
2.09797
2.11029
2.1227
2.13521
2.1478
2.16049
2.17326
2.18613
2.19909
2.21213
2.22527
2.23849
2.2518
2.26519
2.27868
2.29224
2.3059
2.31964
2.33347
2.34738
2.36137
2.37544
2.3896
2.40383
2.41815
2.43254
2.44701
2.46156
2.47618
2.49088
2.50565
2.5205
2.53541
2.55039
2.56544
2.58056
2.59574
2.61097
2.62627
2.64163
2.65703
2.67249
2.68799
2.70353
2.7191
2.7347
2.75032
2.76594
2.78155
2.79713
2.81265
2.82807
2.84332
2.85833
2.51412
2.50386
2.49352
2.48309
2.47257
2.46197
2.45129
2.44054
2.4297
2.41879
2.40781
2.39675
2.38563
2.37444
2.36318
2.35186
2.34048
2.32905
2.31756
2.30602
2.29442
2.28279
2.2711
2.25938
2.24762
2.23582
2.224
2.21214
2.20026
2.18836
2.17644
2.1645
2.15255
2.1406
2.12864
2.11668
2.10472
2.09277
2.08082
2.0689
2.05698
2.04509
2.03323
2.02139
2.00958
1.99781
1.98608
1.97438
1.96274
1.95114
1.93959
1.9281
1.91667
1.9053
1.89399
1.88275
1.87158
1.86049
1.84948
1.83854
1.82769
1.81692
1.80625
1.79566
1.78517
1.77477
1.76447
1.75428
1.74419
1.7342
1.72432
1.71455
1.7049
1.69536
1.68594
1.67663
1.66745
1.65839
1.64946
1.64065
1.63197
1.62342
1.61501
1.60672
1.59857
1.59056
1.58268
1.57495
1.56735
1.5599
1.55259
1.54543
1.53841
1.53153
1.52481
1.51823
1.5118
1.50552
1.4994
1.49342
1.4876
1.48193
1.47641
1.47105
1.46584
1.46079
1.4559
1.45116
1.44657
1.44215
1.43788
1.43378
1.42982
1.42603
1.42239
1.41891
1.41559
1.41243
1.40942
1.40657
1.40388
1.40135
1.39898
1.39676
1.3947
1.39279
1.39104
1.38945
1.38801
1.38673
1.3856
1.38462
1.3838
1.38313
1.38262
1.38225
1.38204
1.38197
1.38206
1.38229
1.38267
1.3832
1.38387
1.38469
1.38565
1.38676
1.38801
1.38941
1.39094
1.39262
1.39443
1.39638
1.39847
1.4007
1.40306
1.40556
1.40819
1.41095
1.41385
1.41688
1.42003
1.42332
1.42673
1.43028
1.43394
1.43773
1.44165
1.44569
1.44985
1.45413
1.45854
1.46306
1.4677
1.47246
1.47734
1.48233
1.48743
1.49265
1.49799
1.50343
1.50899
1.51466
1.52044
1.52633
1.53232
1.53843
1.54464
1.55096
1.55738
1.56391
1.57054
1.57728
1.58411
1.59106
1.5981
1.60524
1.61249
1.61984
1.62729
1.63484
1.64248
1.65023
1.65807
1.66602
1.67406
1.6822
1.69043
1.69876
1.70719
1.71571
1.72433
1.73305
1.74186
1.75077
1.75977
1.76886
1.77806
1.78734
1.79672
1.8062
1.81577
1.82543
1.83519
1.84504
1.85498
1.86502
1.87515
1.88538
1.8957
1.90611
1.91662
1.92721
1.93791
1.94869
1.95957
1.97054
1.98161
1.99276
2.00401
2.01536
2.02679
2.03832
2.04994
2.06165
2.07345
2.08535
2.09734
2.10941
2.12158
2.13384
2.1462
2.15864
2.17117
2.18379
2.1965
2.2093
2.22219
2.23517
2.24823
2.26138
2.27462
2.28795
2.30136
2.31486
2.32844
2.34211
2.35585
2.36969
2.3836
2.3976
2.41167
2.42583
2.44007
2.45438
2.46877
2.48324
2.49778
2.51239
2.52708
2.54184
2.55667
2.57157
2.58653
2.60156
2.61665
2.6318
2.64701
2.66228
2.67759
2.69295
2.70836
2.72381
2.73929
2.75479
2.7703
2.78582
2.80131
2.81677
2.83215
2.8474
2.86246
2.49478
2.48464
2.47443
2.46416
2.45381
2.44341
2.43294
2.42241
2.41183
2.40119
2.3905
2.37975
2.36896
2.35812
2.34723
2.33631
2.32534
2.31433
2.30329
2.29221
2.2811
2.26996
2.25879
2.24759
2.23637
2.22514
2.21388
2.2026
2.19131
2.18001
2.1687
2.15738
2.14606
2.13474
2.12341
2.11209
2.10077
2.08947
2.07817
2.06688
2.05562
2.04437
2.03315
2.02195
2.01077
1.99963
1.98852
1.97745
1.96642
1.95543
1.94448
1.93358
1.92273
1.91194
1.9012
1.89052
1.87991
1.86935
1.85887
1.84846
1.83812
1.82785
1.81766
1.80756
1.79754
1.7876
1.77775
1.76799
1.75833
1.74876
1.73929
1.72992
1.72065
1.71148
1.70242
1.69347
1.68463
1.6759
1.66729
1.65879
1.65042
1.64216
1.63403
1.62602
1.61813
1.61037
1.60274
1.59524
1.58787
1.58063
1.57353
1.56657
1.55974
1.55305
1.54649
1.54008
1.53381
1.52768
1.52169
1.51585
1.51015
1.5046
1.4992
1.49394
1.48883
1.48387
1.47906
1.4744
1.46989
1.46553
1.46133
1.45727
1.45337
1.44962
1.44602
1.44257
1.43927
1.43613
1.43314
1.43031
1.42762
1.42509
1.42271
1.42049
1.41842
1.4165
1.41473
1.41312
1.41166
1.41035
1.40918
1.40817
1.40731
1.40661
1.40604
1.40563
1.40537
1.40525
1.40528
1.40546
1.40578
1.40624
1.40686
1.40761
1.40851
1.40954
1.41072
1.41205
1.41351
1.41511
1.41684
1.41872
1.42073
1.42288
1.42515
1.42757
1.43012
1.43279
1.4356
1.43854
1.44161
1.44481
1.44813
1.45159
1.45516
1.45886
1.46268
1.46663
1.4707
1.47489
1.4792
1.48362
1.48817
1.49283
1.49761
1.5025
1.50751
1.51263
1.51787
1.52321
1.52867
1.53424
1.53992
1.54571
1.5516
1.5576
1.56371
1.56993
1.57625
1.58267
1.5892
1.59583
1.60256
1.6094
1.61633
1.62337
1.63051
1.63775
1.64509
1.65253
1.66007
1.6677
1.67543
1.68326
1.69119
1.69921
1.70733
1.71555
1.72386
1.73226
1.74077
1.74936
1.75805
1.76684
1.77572
1.78469
1.79375
1.80292
1.81217
1.82152
1.83096
1.8405
1.85012
1.85984
1.86965
1.87956
1.88955
1.89965
1.90983
1.9201
1.93047
1.94093
1.95148
1.96213
1.97287
1.98369
1.99461
2.00562
2.01673
2.02792
2.03921
2.05059
2.06206
2.07363
2.08528
2.09702
2.10886
2.12078
2.1328
2.1449
2.1571
2.16938
2.18176
2.19422
2.20677
2.21942
2.23215
2.24497
2.25787
2.27086
2.28394
2.2971
2.31036
2.32369
2.33711
2.35062
2.36421
2.37788
2.39163
2.40547
2.41938
2.43338
2.44745
2.4616
2.47584
2.49014
2.50452
2.51898
2.53351
2.54811
2.56278
2.57753
2.59234
2.60721
2.62215
2.63715
2.65221
2.66733
2.6825
2.69772
2.71299
2.72831
2.74366
2.75903
2.77443
2.78984
2.80524
2.82062
2.83595
2.85118
2.86625
2.47439
2.46432
2.4542
2.44403
2.4338
2.42354
2.41323
2.40287
2.39248
2.38205
2.37159
2.36109
2.35056
2.34001
2.32943
2.31883
2.30821
2.29757
2.28691
2.27624
2.26556
2.25486
2.24416
2.23345
2.22273
2.21201
2.20128
2.19056
2.17984
2.16912
2.1584
2.14769
2.13699
2.1263
2.11561
2.10494
2.09429
2.08364
2.07302
2.06242
2.05183
2.04127
2.03073
2.02022
2.00973
1.99928
1.98885
1.97846
1.9681
1.95779
1.94751
1.93727
1.92707
1.91693
1.90682
1.89677
1.88678
1.87683
1.86695
1.85712
1.84736
1.83766
1.82802
1.81846
1.80896
1.79954
1.7902
1.78093
1.77175
1.76265
1.75363
1.7447
1.73586
1.72711
1.71845
1.70989
1.70143
1.69307
1.68481
1.67666
1.66861
1.66067
1.65285
1.64513
1.63753
1.63004
1.62268
1.61543
1.6083
1.6013
1.59442
1.58767
1.58104
1.57454
1.56817
1.56193
1.55583
1.54985
1.54402
1.53831
1.53275
1.52732
1.52203
1.51689
1.51188
1.50701
1.50229
1.49771
1.49327
1.48898
1.48484
1.48084
1.47698
1.47327
1.46971
1.4663
1.46303
1.45991
1.45694
1.45411
1.45144
1.44891
1.44653
1.4443
1.44222
1.44028
1.4385
1.43686
1.43538
1.43404
1.43285
1.4318
1.4309
1.43015
1.42954
1.42908
1.42877
1.4286
1.42858
1.42869
1.42896
1.42936
1.42991
1.43059
1.43142
1.43239
1.4335
1.43475
1.43613
1.43766
1.43932
1.44111
1.44304
1.44511
1.44731
1.44963
1.4521
1.45469
1.45741
1.46026
1.46324
1.46635
1.46958
1.47294
1.47643
1.48003
1.48376
1.48762
1.49159
1.49568
1.49989
1.50422
1.50867
1.51324
1.51792
1.52271
1.52762
1.53264
1.53778
1.54302
1.54838
1.55385
1.55942
1.56511
1.5709
1.5768
1.5828
1.58891
1.59513
1.60145
1.60787
1.61439
1.62102
1.62774
1.63457
1.6415
1.64853
1.65566
1.66289
1.67022
1.67764
1.68516
1.69278
1.7005
1.70831
1.71622
1.72422
1.73231
1.74051
1.74879
1.75718
1.76565
1.77422
1.78288
1.79163
1.80048
1.80942
1.81845
1.82758
1.8368
1.84611
1.85552
1.86501
1.8746
1.88428
1.89405
1.90391
1.91386
1.92391
1.93404
1.94427
1.95459
1.965
1.9755
1.98609
1.99678
2.00755
2.01842
2.02937
2.04042
2.05156
2.06279
2.07411
2.08552
2.09702
2.10861
2.12029
2.13205
2.14391
2.15586
2.1679
2.18003
2.19224
2.20455
2.21694
2.22942
2.24199
2.25465
2.2674
2.28023
2.29314
2.30614
2.31923
2.33241
2.34566
2.359
2.37243
2.38593
2.39953
2.4132
2.42695
2.44078
2.45469
2.46868
2.48275
2.49689
2.51111
2.52541
2.53978
2.55422
2.56873
2.58331
2.59797
2.61268
2.62747
2.64232
2.65722
2.67219
2.68722
2.70229
2.71742
2.73259
2.74781
2.76306
2.77834
2.79363
2.80893
2.82422
2.83947
2.85466
2.86972
2.45311
2.44308
2.43301
2.42291
2.41276
2.40259
2.39239
2.38216
2.37191
2.36164
2.35135
2.34105
2.33074
2.32042
2.31009
2.29976
2.28943
2.2791
2.26877
2.25844
2.24813
2.23782
2.22752
2.21724
2.20697
2.19672
2.18648
2.17627
2.16607
2.15589
2.14574
2.13561
2.1255
2.11542
2.10537
2.09534
2.08534
2.07536
2.06542
2.0555
2.04561
2.03576
2.02593
2.01614
2.00638
1.99665
1.98695
1.97729
1.96767
1.95808
1.94852
1.93901
1.92953
1.92009
1.91069
1.90134
1.89203
1.88276
1.87355
1.86438
1.85526
1.84619
1.83718
1.82822
1.81932
1.81048
1.8017
1.79298
1.78433
1.77575
1.76724
1.7588
1.75044
1.74216
1.73394
1.72582
1.71778
1.70982
1.70195
1.69418
1.6865
1.67891
1.67142
1.66402
1.65673
1.64954
1.64246
1.63549
1.62863
1.62187
1.61523
1.6087
1.60229
1.596
1.58982
1.58377
1.57784
1.57203
1.56635
1.5608
1.55537
1.55007
1.54491
1.53987
1.53497
1.5302
1.52557
1.52107
1.51672
1.5125
1.50841
1.50447
1.50066
1.497
1.49348
1.49009
1.48685
1.48376
1.4808
1.47799
1.47532
1.4728
1.47042
1.46818
1.46609
1.46414
1.46234
1.46068
1.45917
1.4578
1.45657
1.45549
1.45455
1.45376
1.45311
1.4526
1.45224
1.45202
1.45194
1.45199
1.4522
1.45254
1.45302
1.45364
1.4544
1.4553
1.45634
1.45751
1.45882
1.46027
1.46185
1.46357
1.46542
1.4674
1.46951
1.47176
1.47413
1.47664
1.47927
1.48203
1.48492
1.48794
1.49108
1.49435
1.49774
1.50125
1.50489
1.50864
1.51252
1.51651
1.52063
1.52486
1.52921
1.53367
1.53826
1.54295
1.54776
1.55268
1.55771
1.56285
1.56811
1.57347
1.57895
1.58453
1.59021
1.59601
1.60191
1.60791
1.61402
1.62023
1.62654
1.63296
1.63948
1.6461
1.65281
1.65963
1.66655
1.67357
1.68068
1.68789
1.69521
1.70261
1.71012
1.71771
1.72541
1.7332
1.74108
1.74906
1.75713
1.7653
1.77355
1.78191
1.79035
1.79889
1.80751
1.81623
1.82504
1.83395
1.84295
1.85204
1.86122
1.87049
1.87985
1.8893
1.89885
1.90848
1.9182
1.92802
1.93793
1.94792
1.95801
1.96818
1.97845
1.98881
1.99925
2.00979
2.02042
2.03113
2.04194
2.05284
2.06382
2.0749
2.08606
2.09732
2.10866
2.1201
2.13162
2.14323
2.15494
2.16673
2.17861
2.19057
2.20263
2.21477
2.227
2.23932
2.25173
2.26423
2.2768
2.28947
2.30222
2.31506
2.32798
2.34099
2.35408
2.36726
2.38051
2.39385
2.40728
2.42078
2.43437
2.44804
2.46178
2.47561
2.48951
2.50349
2.51754
2.53167
2.54588
2.56016
2.57451
2.58893
2.60342
2.61798
2.63261
2.6473
2.66205
2.67686
2.69174
2.70666
2.72164
2.73667
2.75175
2.76686
2.78201
2.79718
2.81237
2.82756
2.84273
2.85785
2.87288
2.4311
2.42108
2.41103
2.40096
2.39086
2.38075
2.37062
2.36048
2.35033
2.34018
2.33003
2.31988
2.30973
2.2996
2.28947
2.27936
2.26926
2.25919
2.24913
2.2391
2.2291
2.21912
2.20918
2.19927
2.18939
2.17956
2.16976
2.16
2.15027
2.1406
2.13096
2.12137
2.11182
2.10231
2.09285
2.08344
2.07407
2.06474
2.05546
2.04623
2.03704
2.02789
2.01878
2.00972
2.0007
1.99172
1.98278
1.97389
1.96503
1.95621
1.94742
1.93868
1.92998
1.9213
1.91267
1.90408
1.89552
1.887
1.87851
1.87007
1.86166
1.8533
1.84498
1.83669
1.82846
1.82026
1.81211
1.80401
1.79597
1.78797
1.78002
1.77214
1.7643
1.75653
1.74882
1.74118
1.7336
1.72609
1.71866
1.7113
1.70402
1.69681
1.68969
1.68265
1.6757
1.66884
1.66206
1.65539
1.6488
1.64232
1.63593
1.62965
1.62347
1.61739
1.61143
1.60557
1.59983
1.5942
1.58868
1.58328
1.578
1.57284
1.56781
1.56289
1.5581
1.55343
1.5489
1.54449
1.54021
1.53606
1.53205
1.52816
1.52441
1.52079
1.51731
1.51396
1.51075
1.50767
1.50474
1.50194
1.49928
1.49675
1.49437
1.49213
1.49003
1.48807
1.48625
1.48457
1.48303
1.48163
1.48037
1.47925
1.47828
1.47744
1.47674
1.47619
1.47577
1.4755
1.47536
1.47536
1.4755
1.47578
1.4762
1.47675
1.47744
1.47827
1.47924
1.48033
1.48157
1.48294
1.48444
1.48608
1.48784
1.48974
1.49177
1.49393
1.49621
1.49863
1.50118
1.50385
1.50665
1.50957
1.51262
1.51579
1.51909
1.52251
1.52605
1.5297
1.53348
1.53738
1.5414
1.54553
1.54978
1.55414
1.55862
1.56321
1.56792
1.57274
1.57767
1.58271
1.58786
1.59312
1.59848
1.60396
1.60954
1.61523
1.62102
1.62691
1.63291
1.63902
1.64522
1.65153
1.65794
1.66444
1.67105
1.67775
1.68456
1.69146
1.69846
1.70556
1.71275
1.72004
1.72743
1.73491
1.74248
1.75015
1.75791
1.76577
1.77372
1.78176
1.7899
1.79813
1.80644
1.81485
1.82335
1.83194
1.84063
1.8494
1.85827
1.86723
1.87628
1.88541
1.89464
1.90396
1.91336
1.92286
1.93244
1.94212
1.95188
1.96173
1.97167
1.98171
1.99183
2.00204
2.01234
2.02273
2.0332
2.04377
2.05442
2.06517
2.076
2.08692
2.09793
2.10903
2.12022
2.1315
2.14286
2.15432
2.16586
2.17749
2.1892
2.20101
2.2129
2.22488
2.23695
2.2491
2.26134
2.27367
2.28609
2.29859
2.31117
2.32385
2.3366
2.34944
2.36236
2.37537
2.38846
2.40163
2.41489
2.42823
2.44164
2.45514
2.46872
2.48238
2.49611
2.50992
2.52381
2.53777
2.55181
2.56593
2.58011
2.59437
2.6087
2.62309
2.63756
2.65209
2.66668
2.68134
2.69605
2.71083
2.72566
2.74054
2.75547
2.77044
2.78545
2.8005
2.81557
2.83064
2.84571
2.86076
2.87574
2.40844
2.39841
2.38836
2.3783
2.36823
2.35815
2.34807
2.33799
2.32791
2.31785
2.3078
2.29776
2.28774
2.27775
2.26779
2.25785
2.24795
2.23808
2.22825
2.21847
2.20873
2.19904
2.1894
2.17981
2.17028
2.1608
2.15139
2.14203
2.13273
2.1235
2.11433
2.10522
2.09618
2.08721
2.07831
2.06946
2.06069
2.05198
2.04333
2.03475
2.02623
2.01778
2.00938
2.00104
1.99276
1.98454
1.97637
1.96824
1.96017
1.95215
1.94417
1.93623
1.92833
1.92048
1.91266
1.90487
1.89712
1.8894
1.88172
1.87406
1.86644
1.85884
1.85128
1.84374
1.83624
1.82876
1.82131
1.8139
1.80651
1.79916
1.79185
1.78457
1.77734
1.77014
1.76299
1.75587
1.74881
1.7418
1.73485
1.72795
1.72111
1.71433
1.70761
1.70096
1.69438
1.68787
1.68144
1.67508
1.6688
1.66261
1.6565
1.65048
1.64455
1.63871
1.63297
1.62732
1.62178
1.61634
1.611
1.60576
1.60064
1.59562
1.59072
1.58593
1.58126
1.5767
1.57226
1.56795
1.56375
1.55968
1.55573
1.55191
1.54821
1.54464
1.5412
1.53788
1.5347
1.53165
1.52873
1.52594
1.52329
1.52078
1.5184
1.51615
1.51404
1.51206
1.51022
1.50852
1.50695
1.50552
1.50423
1.50307
1.50206
1.50118
1.50044
1.49983
1.49937
1.49904
1.49885
1.49879
1.49887
1.49908
1.49943
1.49992
1.50054
1.5013
1.50219
1.50321
1.50437
1.50566
1.50708
1.50863
1.51032
1.51213
1.51407
1.51615
1.51835
1.52067
1.52313
1.52571
1.52842
1.53125
1.5342
1.53728
1.54048
1.5438
1.54724
1.5508
1.55448
1.55828
1.5622
1.56623
1.57037
1.57464
1.57901
1.5835
1.58811
1.59282
1.59764
1.60258
1.60762
1.61278
1.61804
1.6234
1.62887
1.63445
1.64013
1.64592
1.65181
1.6578
1.6639
1.67009
1.67639
1.68278
1.68927
1.69586
1.70255
1.70934
1.71622
1.7232
1.73028
1.73745
1.74472
1.75208
1.75953
1.76708
1.77472
1.78245
1.79028
1.7982
1.80621
1.81431
1.8225
1.83078
1.83915
1.84761
1.85617
1.86481
1.87354
1.88236
1.89128
1.90028
1.90937
1.91855
1.92781
1.93717
1.94661
1.95614
1.96576
1.97547
1.98527
1.99516
2.00513
2.01519
2.02534
2.03558
2.0459
2.05632
2.06682
2.07741
2.08809
2.09885
2.10971
2.12065
2.13168
2.14279
2.154
2.16529
2.17667
2.18814
2.19969
2.21133
2.22306
2.23487
2.24678
2.25876
2.27084
2.283
2.29524
2.30758
2.32
2.3325
2.34509
2.35776
2.37051
2.38335
2.39627
2.40927
2.42235
2.43552
2.44877
2.46209
2.4755
2.48899
2.50255
2.51619
2.52991
2.54371
2.55758
2.57152
2.58554
2.59963
2.61379
2.62802
2.64232
2.65669
2.67112
2.68561
2.70017
2.71479
2.72946
2.74419
2.75897
2.7738
2.78867
2.80358
2.81852
2.83347
2.84843
2.86338
2.8783
2.38523
2.37517
2.36511
2.35504
2.34497
2.3349
2.32485
2.31481
2.30478
2.29478
2.2848
2.27485
2.26493
2.25505
2.24521
2.23542
2.22567
2.21598
2.20634
2.19676
2.18725
2.1778
2.16841
2.1591
2.14986
2.1407
2.13162
2.12261
2.11369
2.10486
2.0961
2.08744
2.07886
2.07037
2.06197
2.05365
2.04543
2.03729
2.02924
2.02128
2.0134
2.0056
1.99788
1.99024
1.98268
1.9752
1.96778
1.96043
1.95314
1.94592
1.93876
1.93164
1.92458
1.91756
1.91059
1.90366
1.89676
1.88989
1.88305
1.87624
1.86946
1.8627
1.85595
1.84923
1.84252
1.83583
1.82915
1.82249
1.81585
1.80921
1.8026
1.796
1.78942
1.78286
1.77633
1.76981
1.76332
1.75687
1.75044
1.74405
1.7377
1.73139
1.72512
1.71889
1.71272
1.7066
1.70053
1.69453
1.68859
1.68271
1.6769
1.67117
1.66551
1.65993
1.65442
1.64901
1.64367
1.63843
1.63328
1.62822
1.62326
1.6184
1.61364
1.60898
1.60443
1.59999
1.59566
1.59144
1.58733
1.58334
1.57946
1.5757
1.57206
1.56854
1.56514
1.56186
1.55871
1.55569
1.55279
1.55002
1.54738
1.54486
1.54248
1.54023
1.5381
1.53611
1.53425
1.53253
1.53094
1.52948
1.52815
1.52696
1.52591
1.52498
1.5242
1.52354
1.52302
1.52264
1.52239
1.52227
1.52229
1.52244
1.52273
1.52314
1.52369
1.52438
1.52519
1.52614
1.52722
1.52843
1.52977
1.53124
1.53284
1.53457
1.53643
1.53841
1.54052
1.54276
1.54512
1.54761
1.55022
1.55296
1.55582
1.5588
1.5619
1.56513
1.56847
1.57193
1.57551
1.57921
1.58302
1.58695
1.591
1.59515
1.59943
1.60381
1.60831
1.61292
1.61764
1.62246
1.6274
1.63244
1.63759
1.64285
1.64821
1.65368
1.65926
1.66493
1.67071
1.67659
1.68257
1.68865
1.69483
1.70111
1.70749
1.71396
1.72053
1.7272
1.73397
1.74083
1.74779
1.75484
1.76198
1.76922
1.77655
1.78398
1.7915
1.79911
1.80681
1.8146
1.82248
1.83045
1.83851
1.84666
1.8549
1.86323
1.87165
1.88016
1.88876
1.89744
1.90622
1.91508
1.92403
1.93307
1.9422
1.95141
1.96071
1.9701
1.97957
1.98914
1.99879
2.00853
2.01835
2.02826
2.03826
2.04835
2.05852
2.06878
2.07912
2.08956
2.10008
2.11069
2.12138
2.13216
2.14303
2.15399
2.16503
2.17616
2.18737
2.19868
2.21007
2.22154
2.2331
2.24475
2.25648
2.2683
2.28021
2.2922
2.30428
2.31644
2.32869
2.34102
2.35343
2.36593
2.37851
2.39118
2.40392
2.41675
2.42967
2.44266
2.45574
2.46889
2.48212
2.49543
2.50883
2.5223
2.53584
2.54947
2.56317
2.57694
2.59079
2.60471
2.6187
2.63276
2.64689
2.66109
2.67536
2.68969
2.70409
2.71854
2.73306
2.74763
2.76225
2.77693
2.79165
2.80642
2.82122
2.83605
2.85089
2.86574
2.88056
2.36152
2.35143
2.34134
2.33125
2.32117
2.31111
2.30106
2.29104
2.28104
2.27108
2.26115
2.25126
2.24142
2.23163
2.22189
2.21221
2.2026
2.19304
2.18356
2.17416
2.16483
2.15558
2.14642
2.13734
2.12836
2.11947
2.11068
2.10198
2.09339
2.0849
2.07652
2.06825
2.06008
2.05203
2.04408
2.03625
2.02852
2.02091
2.01341
2.00602
1.99873
1.99155
1.98448
1.97751
1.97063
1.96385
1.95717
1.95057
1.94405
1.93762
1.93126
1.92497
1.91874
1.91258
1.90647
1.9004
1.89438
1.8884
1.88245
1.87653
1.87064
1.86476
1.85889
1.85304
1.8472
1.84135
1.83552
1.82968
1.82384
1.81799
1.81215
1.8063
1.80044
1.79459
1.78874
1.78288
1.77703
1.77118
1.76535
1.75952
1.75371
1.74791
1.74214
1.73639
1.73066
1.72497
1.71931
1.71369
1.70811
1.70259
1.69711
1.69168
1.68631
1.68101
1.67576
1.67059
1.66549
1.66046
1.65551
1.65064
1.64586
1.64116
1.63655
1.63204
1.62762
1.6233
1.61908
1.61495
1.61094
1.60703
1.60323
1.59953
1.59595
1.59248
1.58913
1.5859
1.58277
1.57978
1.5769
1.57415
1.57151
1.569
1.56662
1.56436
1.56223
1.56023
1.55835
1.5566
1.55498
1.55349
1.55213
1.55091
1.54981
1.54885
1.54801
1.54731
1.54674
1.5463
1.54599
1.54581
1.54577
1.54585
1.54607
1.54642
1.5469
1.54751
1.54825
1.54912
1.55012
1.55125
1.55251
1.5539
1.55541
1.55705
1.55882
1.56072
1.56274
1.56489
1.56715
1.56955
1.57207
1.57471
1.57747
1.58036
1.58336
1.58648
1.58973
1.59309
1.59657
1.60016
1.60387
1.6077
1.61164
1.61569
1.61986
1.62414
1.62853
1.63303
1.63764
1.64236
1.64719
1.65212
1.65716
1.66231
1.66756
1.67291
1.67837
1.68393
1.6896
1.69536
1.70123
1.70719
1.71326
1.71943
1.72569
1.73204
1.73849
1.74504
1.75169
1.75843
1.76527
1.7722
1.77922
1.78633
1.79354
1.80084
1.80823
1.81571
1.82329
1.83095
1.8387
1.84654
1.85447
1.86249
1.8706
1.8788
1.88708
1.89545
1.90391
1.91246
1.9211
1.92982
1.93863
1.94753
1.95651
1.96558
1.97474
1.98398
1.99331
2.00272
2.01223
2.02181
2.03149
2.04125
2.05109
2.06103
2.07104
2.08115
2.09134
2.10161
2.11197
2.12242
2.13296
2.14358
2.15428
2.16507
2.17595
2.18692
2.19797
2.2091
2.22032
2.23163
2.24302
2.2545
2.26607
2.27771
2.28945
2.30127
2.31318
2.32516
2.33724
2.3494
2.36164
2.37396
2.38637
2.39886
2.41143
2.42409
2.43682
2.44964
2.46254
2.47552
2.48858
2.50172
2.51493
2.52823
2.5416
2.55505
2.56857
2.58217
2.59585
2.6096
2.62342
2.63731
2.65127
2.6653
2.6794
2.69356
2.70779
2.72208
2.73644
2.75085
2.76531
2.77983
2.79441
2.80902
2.82368
2.83837
2.85309
2.86782
2.88255
2.33738
2.32725
2.31712
2.307
2.2969
2.28682
2.27677
2.26676
2.25678
2.24684
2.23695
2.22711
2.21732
2.2076
2.19794
2.18835
2.17884
2.1694
2.16005
2.15079
2.14162
2.13255
2.12357
2.1147
2.10594
2.09729
2.08875
2.08033
2.07203
2.06385
2.0558
2.04787
2.04007
2.03241
2.02487
2.01747
2.0102
2.00307
1.99607
1.9892
1.98246
1.97586
1.96938
1.96303
1.9568
1.95069
1.9447
1.93882
1.93304
1.92737
1.9218
1.91631
1.91091
1.90559
1.90034
1.89515
1.89002
1.88493
1.8799
1.87489
1.86991
1.86496
1.86002
1.85509
1.85016
1.84522
1.84028
1.83533
1.83036
1.82537
1.82036
1.81533
1.81028
1.8052
1.8001
1.79497
1.78982
1.78465
1.77946
1.77426
1.76905
1.76382
1.75859
1.75336
1.74813
1.74291
1.7377
1.73251
1.72733
1.72218
1.71706
1.71198
1.70693
1.70192
1.69696
1.69205
1.6872
1.6824
1.67767
1.67301
1.66841
1.66389
1.65944
1.65508
1.6508
1.64661
1.6425
1.63849
1.63457
1.63075
1.62702
1.6234
1.61988
1.61647
1.61317
1.60997
1.60689
1.60392
1.60106
1.59832
1.5957
1.5932
1.59081
1.58855
1.58641
1.58439
1.5825
1.58073
1.57908
1.57756
1.57617
1.57491
1.57377
1.57276
1.57188
1.57113
1.5705
1.57001
1.56964
1.5694
1.56929
1.56931
1.56946
1.56974
1.57015
1.57069
1.57135
1.57215
1.57307
1.57412
1.57529
1.5766
1.57803
1.57958
1.58126
1.58307
1.585
1.58705
1.58923
1.59153
1.59395
1.59649
1.59916
1.60194
1.60485
1.60787
1.61101
1.61427
1.61764
1.62114
1.62474
1.62846
1.6323
1.63625
1.6403
1.64447
1.64876
1.65315
1.65765
1.66226
1.66698
1.6718
1.67673
1.68177
1.6869
1.69214
1.69749
1.70294
1.70848
1.71413
1.71988
1.72573
1.73168
1.73772
1.74387
1.7501
1.75643
1.76286
1.76938
1.776
1.78271
1.78952
1.79642
1.80341
1.81049
1.81766
1.82493
1.83228
1.83972
1.84725
1.85487
1.86258
1.87038
1.87827
1.88624
1.8943
1.90245
1.91068
1.91901
1.92742
1.93591
1.94449
1.95316
1.96192
1.97075
1.97968
1.98869
1.99778
2.00696
2.01623
2.02558
2.03502
2.04454
2.05414
2.06383
2.07361
2.08347
2.09342
2.10345
2.11356
2.12376
2.13405
2.14442
2.15488
2.16542
2.17605
2.18676
2.19756
2.20844
2.21941
2.23046
2.2416
2.25282
2.26413
2.27552
2.28699
2.29856
2.3102
2.32193
2.33375
2.34565
2.35763
2.3697
2.38184
2.39408
2.40639
2.41878
2.43126
2.44382
2.45646
2.46918
2.48199
2.49487
2.50783
2.52087
2.53399
2.54718
2.56045
2.5738
2.58723
2.60073
2.6143
2.62794
2.64166
2.65545
2.66931
2.68323
2.69723
2.71129
2.72541
2.7396
2.75384
2.76815
2.78251
2.79693
2.81139
2.8259
2.84045
2.85503
2.86963
2.88425
2.31286
2.30267
2.2925
2.28234
2.27221
2.26212
2.25205
2.24203
2.23206
2.22213
2.21226
2.20245
2.19271
2.18304
2.17345
2.16393
2.15451
2.14517
2.13593
2.12679
2.11775
2.10883
2.10002
2.09132
2.08275
2.0743
2.06599
2.05781
2.04976
2.04186
2.0341
2.02648
2.01902
2.0117
2.00453
1.99752
1.99067
1.98397
1.97742
1.97103
1.9648
1.95872
1.95279
1.94702
1.94139
1.93591
1.93057
1.92536
1.92029
1.91535
1.91052
1.90581
1.90121
1.89671
1.8923
1.88797
1.88372
1.87954
1.87541
1.87133
1.86729
1.86328
1.85929
1.85531
1.85134
1.84736
1.84337
1.83935
1.83531
1.83125
1.82714
1.82299
1.81881
1.81457
1.81029
1.80596
1.80158
1.79716
1.79269
1.78818
1.78362
1.77903
1.7744
1.76975
1.76507
1.76037
1.75565
1.75092
1.74619
1.74146
1.73674
1.73202
1.72732
1.72264
1.71799
1.71337
1.70878
1.70424
1.69974
1.69529
1.6909
1.68657
1.6823
1.6781
1.67396
1.66991
1.66593
1.66203
1.65821
1.65448
1.65084
1.6473
1.64385
1.6405
1.63724
1.63409
1.63104
1.6281
1.62527
1.62255
1.61994
1.61744
1.61506
1.61279
1.61064
1.60861
1.6067
1.60491
1.60324
1.60169
1.60026
1.59896
1.59778
1.59673
1.5958
1.595
1.59432
1.59377
1.59334
1.59304
1.59287
1.59283
1.59291
1.59312
1.59345
1.59391
1.5945
1.59521
1.59606
1.59702
1.59812
1.59933
1.60068
1.60215
1.60374
1.60545
1.60729
1.60925
1.61133
1.61354
1.61586
1.61831
1.62087
1.62356
1.62636
1.62928
1.63232
1.63547
1.63875
1.64213
1.64563
1.64925
1.65297
1.65681
1.66077
1.66483
1.669
1.67328
1.67767
1.68217
1.68677
1.69148
1.6963
1.70122
1.70624
1.71136
1.71659
1.72192
1.72735
1.73288
1.73852
1.74425
1.75008
1.756
1.76202
1.76814
1.77435
1.78065
1.78705
1.79354
1.80013
1.80681
1.81358
1.82044
1.8274
1.83444
1.84157
1.8488
1.85611
1.86351
1.871
1.87857
1.88624
1.89398
1.90182
1.90975
1.91776
1.92585
1.93403
1.9423
1.95065
1.95909
1.96761
1.97622
1.98492
1.99369
2.00256
2.0115
2.02053
2.02964
2.03885
2.04813
2.05749
2.06694
2.07648
2.0861
2.0958
2.10558
2.11546
2.12541
2.13545
2.14557
2.15578
2.16607
2.17645
2.18691
2.19745
2.20808
2.21879
2.22959
2.24047
2.25143
2.26248
2.27362
2.28484
2.29614
2.30753
2.319
2.33055
2.34219
2.35391
2.36571
2.3776
2.38957
2.40163
2.41376
2.42598
2.43828
2.45066
2.46312
2.47566
2.48828
2.50099
2.51377
2.52663
2.53957
2.55258
2.56568
2.57885
2.59209
2.60541
2.61881
2.63228
2.64582
2.65943
2.67311
2.68686
2.70068
2.71457
2.72853
2.74254
2.75662
2.77076
2.78496
2.79921
2.81352
2.82788
2.84227
2.85671
2.87118
2.88567
2.28798
2.27774
2.26752
2.25732
2.24716
2.23704
2.22695
2.21692
2.20694
2.19702
2.18716
2.17738
2.16767
2.15804
2.14849
2.13904
2.12968
2.12043
2.11128
2.10224
2.09332
2.08453
2.07586
2.06732
2.05891
2.05065
2.04253
2.03456
2.02674
2.01909
2.01159
2.00425
1.99708
1.99007
1.98324
1.97658
1.9701
1.96379
1.95767
1.95171
1.94594
1.94034
1.93493
1.92968
1.92461
1.91971
1.91497
1.9104
1.90599
1.90173
1.89761
1.89364
1.88979
1.88608
1.88248
1.87899
1.8756
1.87229
1.86907
1.86591
1.8628
1.85974
1.85671
1.85371
1.85071
1.84772
1.84471
1.84168
1.83862
1.83552
1.83237
1.82918
1.82592
1.8226
1.81921
1.81574
1.8122
1.80859
1.80491
1.80116
1.79733
1.79344
1.78948
1.78546
1.78138
1.77726
1.77308
1.76887
1.76463
1.76036
1.75607
1.75176
1.74744
1.74312
1.73881
1.7345
1.73021
1.72594
1.7217
1.71748
1.71331
1.70919
1.7051
1.70107
1.6971
1.69319
1.68934
1.68556
1.68186
1.67823
1.67468
1.67122
1.66784
1.66454
1.66135
1.65824
1.65524
1.65233
1.64952
1.64682
1.64422
1.64174
1.63935
1.63708
1.63493
1.63288
1.63095
1.62914
1.62744
1.62586
1.6244
1.62306
1.62184
1.62075
1.61977
1.61891
1.61818
1.61757
1.61709
1.61673
1.61649
1.61638
1.61639
1.61653
1.61679
1.61718
1.61769
1.61832
1.61908
1.61997
1.62098
1.62211
1.62337
1.62475
1.62625
1.62787
1.62961
1.63148
1.63347
1.63557
1.6378
1.64015
1.64261
1.6452
1.6479
1.65072
1.65365
1.6567
1.65987
1.66315
1.66654
1.67005
1.67366
1.6774
1.68124
1.68519
1.68925
1.69342
1.69769
1.70208
1.70657
1.71116
1.71586
1.72066
1.72557
1.73058
1.73569
1.7409
1.74621
1.75162
1.75713
1.76274
1.76844
1.77425
1.78015
1.78614
1.79222
1.7984
1.80468
1.81104
1.8175
1.82406
1.8307
1.83743
1.84426
1.85117
1.85817
1.86526
1.87244
1.87971
1.88706
1.8945
1.90203
1.90964
1.91734
1.92513
1.933
1.94095
1.94899
1.95711
1.96532
1.97361
1.98199
1.99045
1.999
2.00763
2.01634
2.02513
2.03401
2.04297
2.05202
2.06114
2.07035
2.07965
2.08902
2.09848
2.10802
2.11765
2.12735
2.13715
2.14702
2.15698
2.16702
2.17715
2.18735
2.19764
2.20802
2.21847
2.22902
2.23964
2.25035
2.26114
2.27201
2.28297
2.29401
2.30514
2.31635
2.32765
2.33902
2.35048
2.36202
2.37365
2.38535
2.39715
2.40902
2.42097
2.43301
2.44513
2.45732
2.4696
2.48196
2.49441
2.50693
2.51953
2.53221
2.54497
2.5578
2.57071
2.5837
2.59677
2.60991
2.62312
2.63641
2.64977
2.66321
2.67671
2.69029
2.70393
2.71764
2.73142
2.74527
2.75918
2.77315
2.78718
2.80126
2.81541
2.82961
2.84385
2.85814
2.87246
2.88682
2.26279
2.25249
2.24222
2.23198
2.22178
2.21162
2.20152
2.19147
2.18148
2.17155
2.1617
2.15193
2.14224
2.13264
2.12314
2.11373
2.10443
2.09525
2.08618
2.07723
2.06842
2.05973
2.05118
2.04278
2.03453
2.02642
2.01848
2.0107
2.00309
1.99565
1.98839
1.9813
1.97439
1.96767
1.96115
1.95481
1.94866
1.94272
1.93697
1.93141
1.92606
1.92091
1.91596
1.9112
1.90664
1.90228
1.8981
1.89412
1.89032
1.88669
1.88325
1.87996
1.87684
1.87387
1.87105
1.86835
1.86579
1.86333
1.86098
1.85872
1.85653
1.85441
1.85234
1.8503
1.84829
1.84629
1.84429
1.84227
1.84022
1.83814
1.836
1.83379
1.83152
1.82917
1.82673
1.8242
1.82157
1.81885
1.81602
1.81309
1.81006
1.80694
1.80371
1.80039
1.79699
1.7935
1.78993
1.78629
1.78258
1.77882
1.775
1.77114
1.76725
1.76332
1.75938
1.75541
1.75144
1.74747
1.74351
1.73955
1.73562
1.73171
1.72783
1.72399
1.72019
1.71644
1.71273
1.70908
1.7055
1.70198
1.69852
1.69515
1.69184
1.68862
1.68548
1.68243
1.67946
1.67659
1.67381
1.67113
1.66855
1.66607
1.66369
1.66142
1.65925
1.6572
1.65525
1.65341
1.65169
1.65008
1.64859
1.64721
1.64595
1.64481
1.64378
1.64288
1.64209
1.64143
1.64088
1.64046
1.64016
1.63998
1.63992
1.63999
1.64017
1.64048
1.64092
1.64147
1.64215
1.64295
1.64387
1.64492
1.64609
1.64738
1.64879
1.65032
1.65197
1.65374
1.65563
1.65764
1.65977
1.66201
1.66437
1.66686
1.66945
1.67217
1.675
1.67794
1.681
1.68417
1.68746
1.69086
1.69436
1.69798
1.70171
1.70555
1.7095
1.71355
1.71771
1.72198
1.72635
1.73083
1.73541
1.7401
1.74488
1.74977
1.75476
1.75986
1.76505
1.77034
1.77572
1.78121
1.78679
1.79247
1.79824
1.80411
1.81007
1.81612
1.82227
1.8285
1.83484
1.84126
1.84777
1.85438
1.86107
1.86785
1.87472
1.88167
1.88872
1.89585
1.90307
1.91037
1.91776
1.92523
1.93279
1.94043
1.94816
1.95597
1.96387
1.97185
1.97991
1.98806
1.99628
2.0046
2.01299
2.02147
2.03003
2.03867
2.04739
2.0562
2.06509
2.07406
2.08311
2.09225
2.10146
2.11076
2.12014
2.1296
2.13914
2.14877
2.15848
2.16827
2.17814
2.1881
2.19813
2.20825
2.21846
2.22874
2.23911
2.24956
2.26009
2.27071
2.28141
2.29219
2.30306
2.314
2.32503
2.33615
2.34734
2.35862
2.36998
2.38142
2.39295
2.40456
2.41625
2.42802
2.43988
2.45181
2.46382
2.47592
2.4881
2.50036
2.51269
2.52511
2.53761
2.55018
2.56283
2.57556
2.58837
2.60125
2.61421
2.62724
2.64035
2.65353
2.66678
2.68011
2.6935
2.70697
2.7205
2.73411
2.74777
2.76151
2.7753
2.78916
2.80308
2.81706
2.83109
2.84518
2.85931
2.87348
2.8877
2.23731
2.22696
2.21663
2.20635
2.1961
2.18591
2.17578
2.16571
2.1557
2.14577
2.13592
2.12615
2.11648
2.1069
2.09743
2.08807
2.07882
2.06969
2.06069
2.05183
2.0431
2.03451
2.02607
2.01779
2.00967
2.00172
1.99393
1.98633
1.9789
1.97166
1.96461
1.95775
1.95108
1.94462
1.93837
1.93233
1.92649
1.92087
1.91547
1.91028
1.90532
1.90057
1.89605
1.89174
1.88766
1.88379
1.88014
1.8767
1.87346
1.87043
1.86761
1.86497
1.86253
1.86026
1.85816
1.85622
1.85444
1.8528
1.85128
1.84988
1.84859
1.84738
1.84624
1.84517
1.84413
1.84312
1.84213
1.84113
1.84011
1.83906
1.83795
1.83679
1.83554
1.83421
1.83278
1.83124
1.82959
1.82781
1.82591
1.82388
1.82172
1.81943
1.81701
1.81446
1.81179
1.809
1.80609
1.80308
1.79997
1.79677
1.79348
1.79012
1.78669
1.78319
1.77965
1.77607
1.77245
1.76881
1.76514
1.76148
1.7578
1.75413
1.75047
1.74683
1.74322
1.73963
1.73608
1.73258
1.72912
1.72571
1.72237
1.71908
1.71586
1.71271
1.70963
1.70663
1.70371
1.70088
1.69813
1.69547
1.69291
1.69044
1.68807
1.68579
1.68362
1.68155
1.67959
1.67773
1.67598
1.67435
1.67282
1.67141
1.6701
1.66891
1.66784
1.66688
1.66604
1.66532
1.66472
1.66423
1.66386
1.66362
1.66349
1.66348
1.6636
1.66383
1.66418
1.66466
1.66525
1.66597
1.66681
1.66776
1.66884
1.67004
1.67136
1.67279
1.67435
1.67602
1.67782
1.67973
1.68175
1.6839
1.68616
1.68854
1.69103
1.69364
1.69636
1.6992
1.70215
1.70521
1.70838
1.71167
1.71506
1.71857
1.72219
1.72591
1.72974
1.73368
1.73773
1.74188
1.74613
1.75049
1.75495
1.75952
1.76419
1.76896
1.77383
1.7788
1.78386
1.78903
1.79429
1.79965
1.80511
1.81066
1.81631
1.82205
1.82788
1.8338
1.83982
1.84593
1.85213
1.85842
1.8648
1.87127
1.87783
1.88447
1.8912
1.89803
1.90493
1.91193
1.919
1.92617
1.93341
1.94075
1.94817
1.95567
1.96325
1.97092
1.97867
1.9865
1.99441
2.00241
2.01049
2.01865
2.02689
2.03522
2.04363
2.05211
2.06068
2.06933
2.07806
2.08687
2.09576
2.10473
2.11379
2.12292
2.13214
2.14144
2.15081
2.16027
2.16981
2.17944
2.18914
2.19892
2.20879
2.21874
2.22877
2.23888
2.24907
2.25934
2.2697
2.28014
2.29066
2.30126
2.31195
2.32272
2.33357
2.3445
2.35551
2.36661
2.37778
2.38904
2.40038
2.41181
2.42332
2.4349
2.44657
2.45832
2.47015
2.48206
2.49405
2.50613
2.51828
2.53051
2.54282
2.55521
2.56767
2.58022
2.59284
2.60553
2.61831
2.63116
2.64408
2.65708
2.67015
2.68329
2.69651
2.70979
2.72314
2.73657
2.75006
2.76361
2.77724
2.79092
2.80466
2.81847
2.83234
2.84626
2.86023
2.87424
2.8883
2.21158
2.20116
2.19078
2.18045
2.17017
2.15994
2.14977
2.13968
2.12965
2.11971
2.10986
2.10009
2.09043
2.08087
2.07142
2.0621
2.05289
2.04382
2.03488
2.02608
2.01743
2.00893
2.00059
1.99242
1.98442
1.9766
1.96896
1.96151
1.95425
1.94719
1.94033
1.93368
1.92724
1.92102
1.91502
1.90925
1.9037
1.89838
1.8933
1.88845
1.88385
1.87948
1.87535
1.87146
1.86781
1.8644
1.86123
1.8583
1.85559
1.85312
1.85087
1.84884
1.84702
1.84541
1.844
1.84277
1.84173
1.84085
1.84013
1.83956
1.83911
1.83878
1.83855
1.8384
1.83832
1.83829
1.83829
1.8383
1.83831
1.8383
1.83824
1.83813
1.83794
1.83767
1.83729
1.83679
1.83616
1.83539
1.83448
1.83342
1.83219
1.83081
1.82926
1.82755
1.82568
1.82366
1.82149
1.81917
1.81671
1.81413
1.81143
1.80861
1.80569
1.80268
1.79959
1.79642
1.79319
1.7899
1.78658
1.78321
1.77982
1.77641
1.773
1.76958
1.76616
1.76276
1.75938
1.75603
1.75271
1.74943
1.74619
1.74301
1.73987
1.7368
1.73379
1.73085
1.72798
1.72519
1.72248
1.71984
1.7173
1.71484
1.71247
1.7102
1.70802
1.70594
1.70397
1.70209
1.70032
1.69865
1.69709
1.69564
1.69429
1.69306
1.69194
1.69093
1.69003
1.68925
1.68859
1.68804
1.68761
1.68729
1.68709
1.68701
1.68705
1.6872
1.68748
1.68787
1.68839
1.68902
1.68977
1.69063
1.69162
1.69273
1.69395
1.69529
1.69675
1.69833
1.70002
1.70183
1.70376
1.7058
1.70795
1.71023
1.71262
1.71512
1.71773
1.72046
1.7233
1.72625
1.72931
1.73249
1.73577
1.73916
1.74266
1.74627
1.74998
1.75381
1.75773
1.76177
1.7659
1.77014
1.77448
1.77893
1.78347
1.78812
1.79287
1.79771
1.80265
1.80769
1.81283
1.81807
1.8234
1.82882
1.83434
1.83995
1.84565
1.85144
1.85733
1.8633
1.86937
1.87553
1.88177
1.88811
1.89453
1.90104
1.90763
1.91432
1.92108
1.92794
1.93488
1.9419
1.949
1.95619
1.96347
1.97082
1.97826
1.98578
1.99338
2.00107
2.00883
2.01668
2.02461
2.03261
2.0407
2.04887
2.05712
2.06546
2.07387
2.08236
2.09093
2.09957
2.10831
2.11711
2.126
2.13498
2.14403
2.15316
2.16237
2.17166
2.18103
2.19048
2.20001
2.20962
2.21931
2.22909
2.23894
2.24887
2.25889
2.26899
2.27916
2.28942
2.29976
2.31019
2.32069
2.33128
2.34194
2.35269
2.36352
2.37443
2.38542
2.3965
2.40766
2.41889
2.43021
2.44162
2.4531
2.46466
2.4763
2.48803
2.49983
2.51171
2.52368
2.53572
2.54784
2.56004
2.57232
2.58468
2.59711
2.60962
2.62221
2.63487
2.64761
2.66042
2.67331
2.68627
2.6993
2.7124
2.72557
2.73881
2.75212
2.7655
2.77894
2.79244
2.80601
2.81964
2.83334
2.84709
2.86089
2.87474
2.88865
2.18561
2.17513
2.1647
2.15432
2.14399
2.13373
2.12353
2.11341
2.10336
2.09341
2.08354
2.07378
2.06412
2.05458
2.04515
2.03585
2.02669
2.01765
2.00877
2.00003
1.99145
1.98304
1.97479
1.96672
1.95883
1.95113
1.94362
1.93632
1.92922
1.92232
1.91565
1.90919
1.90296
1.89696
1.89119
1.88567
1.88038
1.87535
1.87057
1.86603
1.86176
1.85774
1.85398
1.85048
1.84724
1.84426
1.84153
1.83907
1.83685
1.8349
1.83319
1.83172
1.83049
1.82949
1.82872
1.82816
1.82781
1.82766
1.82769
1.82789
1.82825
1.82876
1.82939
1.83013
1.83097
1.83188
1.83285
1.83385
1.83488
1.83589
1.83689
1.83783
1.83872
1.83952
1.84021
1.84079
1.84123
1.84152
1.84165
1.84161
1.84138
1.84097
1.84036
1.83957
1.83857
1.83739
1.83602
1.83446
1.83273
1.83083
1.82876
1.82655
1.8242
1.82172
1.81912
1.81641
1.81361
1.81072
1.80776
1.80474
1.80166
1.79854
1.79538
1.7922
1.78901
1.78581
1.78262
1.77943
1.77626
1.77311
1.77
1.76692
1.76388
1.76089
1.75796
1.75508
1.75227
1.74952
1.74684
1.74424
1.74172
1.73927
1.73691
1.73464
1.73246
1.73037
1.72838
1.72648
1.72468
1.72299
1.72139
1.7199
1.71852
1.71724
1.71607
1.71501
1.71406
1.71322
1.71249
1.71188
1.71138
1.711
1.71073
1.71057
1.71053
1.71061
1.71081
1.71112
1.71154
1.71209
1.71275
1.71353
1.71443
1.71544
1.71657
1.71781
1.71917
1.72065
1.72224
1.72395
1.72578
1.72772
1.72977
1.73193
1.73421
1.73661
1.73911
1.74173
1.74446
1.7473
1.75025
1.75331
1.75647
1.75975
1.76313
1.76662
1.77022
1.77392
1.77773
1.78164
1.78566
1.78977
1.794
1.79832
1.80274
1.80726
1.81188
1.8166
1.82141
1.82633
1.83134
1.83644
1.84164
1.84693
1.85232
1.8578
1.86337
1.86903
1.87478
1.88063
1.88656
1.89258
1.89869
1.90488
1.91117
1.91754
1.924
1.93054
1.93717
1.94388
1.95068
1.95755
1.96451
1.97156
1.97869
1.98589
1.99319
2.00056
2.00801
2.01554
2.02316
2.03085
2.03862
2.04648
2.05441
2.06242
2.07051
2.07869
2.08694
2.09527
2.10368
2.11217
2.12073
2.12938
2.1381
2.14691
2.15579
2.16475
2.17379
2.18291
2.19211
2.20139
2.21075
2.22019
2.2297
2.2393
2.24897
2.25873
2.26857
2.27849
2.28848
2.29856
2.30872
2.31896
2.32928
2.33968
2.35016
2.36073
2.37137
2.3821
2.3929
2.40379
2.41476
2.42581
2.43694
2.44815
2.45945
2.47082
2.48227
2.49381
2.50542
2.51712
2.52889
2.54075
2.55268
2.56469
2.57678
2.58894
2.60119
2.61351
2.62591
2.63838
2.65093
2.66356
2.67626
2.68903
2.70187
2.71479
2.72777
2.74083
2.75396
2.76715
2.78041
2.79373
2.80713
2.82058
2.8341
2.84767
2.8613
2.87499
2.88873
2.15943
2.14889
2.1384
2.12797
2.1176
2.1073
2.09707
2.08692
2.07685
2.06688
2.05701
2.04724
2.03759
2.02806
2.01865
2.00938
2.00024
1.99125
1.98241
1.97373
1.96522
1.95688
1.94872
1.94074
1.93295
1.92537
1.91798
1.91081
1.90385
1.89712
1.89061
1.88433
1.87829
1.8725
1.86695
1.86166
1.85663
1.85186
1.84736
1.84312
1.83915
1.83546
1.83205
1.82891
1.82605
1.82347
1.82116
1.81913
1.81738
1.81591
1.8147
1.81376
1.81308
1.81266
1.81249
1.81255
1.81285
1.81338
1.81411
1.81505
1.81617
1.81746
1.81891
1.8205
1.82222
1.82403
1.82593
1.82789
1.8299
1.83192
1.83395
1.83594
1.83789
1.83977
1.84155
1.84322
1.84475
1.84613
1.84735
1.84837
1.8492
1.84982
1.85023
1.8504
1.85036
1.85008
1.84958
1.84886
1.84792
1.84677
1.84541
1.84387
1.84214
1.84025
1.83819
1.83599
1.83367
1.83122
1.82866
1.82601
1.82327
1.82046
1.8176
1.81469
1.81174
1.80876
1.80576
1.80276
1.79975
1.79675
1.79377
1.79081
1.78788
1.78498
1.78212
1.77932
1.77656
1.77386
1.77123
1.76865
1.76615
1.76373
1.76138
1.75911
1.75693
1.75483
1.75282
1.75091
1.74908
1.74736
1.74573
1.7442
1.74278
1.74145
1.74024
1.73912
1.73812
1.73722
1.73643
1.73576
1.73519
1.73473
1.73439
1.73416
1.73405
1.73405
1.73416
1.73439
1.73473
1.73519
1.73576
1.73645
1.73725
1.73817
1.7392
1.74035
1.74161
1.74299
1.74448
1.74609
1.74781
1.74964
1.75159
1.75365
1.75582
1.7581
1.7605
1.763
1.76562
1.76834
1.77118
1.77412
1.77717
1.78033
1.7836
1.78697
1.79044
1.79403
1.79771
1.8015
1.80539
1.80939
1.81348
1.81768
1.82197
1.82637
1.83086
1.83545
1.84014
1.84493
1.8498
1.85478
1.85985
1.86501
1.87026
1.87561
1.88104
1.88657
1.89219
1.8979
1.90369
1.90957
1.91554
1.9216
1.92774
1.93397
1.94029
1.94669
1.95318
1.95975
1.96639
1.97313
1.97994
1.98684
1.99382
2.00088
2.00802
2.01524
2.02254
2.02992
2.03738
2.04492
2.05254
2.06024
2.06802
2.07587
2.0838
2.09181
2.0999
2.10808
2.11632
2.12465
2.13305
2.14152
2.15008
2.15872
2.16743
2.17622
2.18509
2.19404
2.20306
2.21217
2.22135
2.23061
2.23995
2.24937
2.25887
2.26844
2.2781
2.28784
2.29765
2.30755
2.31753
2.32758
2.33772
2.34793
2.35823
2.3686
2.37906
2.3896
2.40021
2.41091
2.42169
2.43255
2.44349
2.45451
2.46562
2.4768
2.48806
2.49941
2.51083
2.52233
2.53392
2.54558
2.55732
2.56914
2.58104
2.59301
2.60507
2.6172
2.6294
2.64169
2.65405
2.66648
2.67899
2.69157
2.70423
2.71696
2.72976
2.74263
2.75557
2.76858
2.78165
2.7948
2.80801
2.82128
2.83461
2.84801
2.86147
2.87498
2.88855
2.13305
2.12246
2.11192
2.10144
2.09102
2.08068
2.07042
2.06024
2.05015
2.04016
2.03028
2.02051
2.01086
2.00134
1.99194
1.98269
1.97358
1.96463
1.95584
1.94721
1.93876
1.93049
1.9224
1.91451
1.90682
1.89934
1.89208
1.88503
1.87821
1.87162
1.86527
1.85917
1.85331
1.84771
1.84238
1.83731
1.83251
1.82799
1.82375
1.81979
1.81612
1.81273
1.80964
1.80684
1.80434
1.80214
1.80023
1.79861
1.7973
1.79627
1.79554
1.7951
1.79493
1.79505
1.79544
1.79609
1.797
1.79816
1.79956
1.80118
1.80301
1.80505
1.80727
1.80966
1.81221
1.81488
1.81767
1.82055
1.8235
1.82649
1.82951
1.83253
1.83552
1.83846
1.84132
1.84408
1.84672
1.84921
1.85154
1.85367
1.85559
1.85729
1.85875
1.85997
1.86094
1.86164
1.86208
1.86226
1.86218
1.86185
1.86128
1.86047
1.85943
1.85818
1.85673
1.8551
1.85329
1.85133
1.84922
1.84698
1.84462
1.84217
1.83962
1.837
1.83432
1.83158
1.8288
1.82599
1.82317
1.82033
1.81749
1.81466
1.81184
1.80904
1.80627
1.80354
1.80085
1.79821
1.79562
1.79308
1.79061
1.7882
1.78587
1.7836
1.78142
1.77931
1.77729
1.77536
1.77351
1.77176
1.7701
1.76853
1.76707
1.7657
1.76443
1.76327
1.76221
1.76125
1.7604
1.75966
1.75902
1.7585
1.75808
1.75778
1.75759
1.75751
1.75754
1.75768
1.75794
1.75831
1.75879
1.75939
1.76009
1.76092
1.76186
1.76291
1.76407
1.76535
1.76674
1.76824
1.76985
1.77158
1.77342
1.77537
1.77743
1.7796
1.78188
1.78427
1.78678
1.78939
1.7921
1.79493
1.79786
1.8009
1.80405
1.8073
1.81065
1.81411
1.81767
1.82134
1.82511
1.82898
1.83294
1.83701
1.84118
1.84545
1.84981
1.85427
1.85883
1.86348
1.86823
1.87307
1.87801
1.88303
1.88815
1.89336
1.89867
1.90406
1.90954
1.91511
1.92076
1.9265
1.93233
1.93825
1.94425
1.95034
1.95651
1.96277
1.96911
1.97553
1.98203
1.98862
1.99529
2.00204
2.00887
2.01578
2.02277
2.02983
2.03698
2.04421
2.05151
2.0589
2.06636
2.0739
2.08151
2.08921
2.09698
2.10483
2.11276
2.12077
2.12885
2.137
2.14524
2.15355
2.16193
2.1704
2.17894
2.18756
2.19625
2.20503
2.21388
2.22281
2.23181
2.2409
2.25006
2.2593
2.26862
2.27801
2.28748
2.29704
2.30667
2.31638
2.32617
2.33604
2.34599
2.35602
2.36612
2.37631
2.38658
2.39693
2.40735
2.41786
2.42845
2.43912
2.44987
2.4607
2.47161
2.4826
2.49367
2.50482
2.51605
2.52736
2.53875
2.55022
2.56177
2.57339
2.5851
2.59688
2.60874
2.62068
2.63269
2.64479
2.65695
2.66919
2.68151
2.6939
2.70637
2.71891
2.73152
2.7442
2.75695
2.76977
2.78266
2.79562
2.80865
2.82174
2.83489
2.8481
2.86138
2.87472
2.88811
2.10649
2.09585
2.08525
2.07473
2.06427
2.05389
2.04359
2.03339
2.02328
2.01327
2.00338
1.9936
1.98395
1.97444
1.96506
1.95583
1.94675
1.93783
1.92908
1.9205
1.9121
1.9039
1.89589
1.88808
1.88048
1.8731
1.86595
1.85902
1.85233
1.84588
1.83968
1.83374
1.82806
1.82265
1.81751
1.81266
1.80808
1.8038
1.7998
1.79611
1.79272
1.78963
1.78684
1.78437
1.78221
1.78036
1.77882
1.7776
1.7767
1.7761
1.77581
1.77583
1.77616
1.77678
1.7777
1.7789
1.78038
1.78214
1.78416
1.78643
1.78893
1.79167
1.79462
1.79776
1.80108
1.80457
1.8082
1.81195
1.81579
1.81972
1.82369
1.82769
1.8317
1.83567
1.8396
1.84344
1.84717
1.85077
1.85421
1.85746
1.86051
1.86332
1.86589
1.8682
1.87022
1.87197
1.87342
1.87457
1.87543
1.87599
1.87626
1.87626
1.87598
1.87545
1.87467
1.87366
1.87243
1.871
1.86938
1.8676
1.86567
1.8636
1.86141
1.85911
1.85671
1.85424
1.85171
1.84912
1.84649
1.84383
1.84114
1.83845
1.83576
1.83307
1.8304
1.82775
1.82513
1.82255
1.82001
1.81751
1.81507
1.81269
1.81036
1.80811
1.80593
1.80382
1.80178
1.79983
1.79796
1.79618
1.79449
1.79289
1.79138
1.78997
1.78865
1.78744
1.78632
1.78531
1.78439
1.78358
1.78288
1.78229
1.7818
1.78142
1.78115
1.78099
1.78094
1.78099
1.78116
1.78145
1.78184
1.78234
1.78296
1.78368
1.78452
1.78547
1.78654
1.78771
1.789
1.79039
1.7919
1.79352
1.79525
1.79709
1.79904
1.8011
1.80327
1.80554
1.80793
1.81042
1.81302
1.81573
1.81854
1.82146
1.82448
1.82761
1.83084
1.83418
1.83762
1.84116
1.8448
1.84854
1.85238
1.85632
1.86036
1.86449
1.86873
1.87305
1.87748
1.882
1.88661
1.89132
1.89612
1.90101
1.90599
1.91107
1.91623
1.92148
1.92682
1.93225
1.93777
1.94337
1.94905
1.95483
1.96068
1.96663
1.97266
1.97877
1.98496
1.99123
1.99759
2.00403
2.01054
2.01714
2.02382
2.03058
2.03741
2.04433
2.05132
2.05839
2.06554
2.07276
2.08006
2.08744
2.0949
2.10243
2.11004
2.11773
2.12549
2.13333
2.14125
2.14923
2.1573
2.16544
2.17366
2.18195
2.19032
2.19876
2.20728
2.21588
2.22455
2.23331
2.24213
2.25104
2.26002
2.26908
2.27821
2.28742
2.29671
2.30608
2.31553
2.32506
2.33466
2.34434
2.3541
2.36394
2.37386
2.38385
2.39393
2.40409
2.41432
2.42464
2.43503
2.44551
2.45606
2.4667
2.47741
2.48821
2.49909
2.51004
2.52108
2.53219
2.54339
2.55466
2.56602
2.57745
2.58896
2.60054
2.61221
2.62395
2.63577
2.64767
2.65965
2.6717
2.68382
2.69602
2.70829
2.72064
2.73306
2.74555
2.75811
2.77074
2.78345
2.79622
2.80905
2.82196
2.83492
2.84796
2.86105
2.87421
2.88742
2.07978
2.06908
2.05844
2.04786
2.03736
2.02694
2.01661
2.00638
1.99625
1.98623
1.97632
1.96654
1.95689
1.94738
1.93802
1.9288
1.91975
1.91086
1.90215
1.89362
1.88528
1.87714
1.8692
1.86147
1.85396
1.84668
1.83963
1.83282
1.82625
1.81994
1.81389
1.8081
1.80259
1.79736
1.79241
1.78776
1.7834
1.77934
1.77559
1.77215
1.76902
1.76621
1.76372
1.76156
1.75972
1.75821
1.75703
1.75618
1.75567
1.75547
1.75561
1.75608
1.75686
1.75796
1.75938
1.7611
1.76313
1.76544
1.76805
1.77092
1.77406
1.77745
1.78108
1.78494
1.789
1.79324
1.79766
1.80223
1.80693
1.81173
1.81662
1.82156
1.82653
1.83151
1.83645
1.84134
1.84615
1.85084
1.85539
1.85976
1.86394
1.86789
1.87159
1.87502
1.87815
1.88099
1.88351
1.8857
1.88755
1.88908
1.89028
1.89115
1.8917
1.89196
1.89191
1.89159
1.891
1.89016
1.8891
1.88782
1.88636
1.88471
1.88291
1.88097
1.8789
1.87672
1.87445
1.87211
1.86969
1.86723
1.86472
1.86218
1.85963
1.85706
1.85449
1.85193
1.84939
1.84688
1.84439
1.84194
1.83953
1.83718
1.83487
1.83263
1.83045
1.82834
1.82629
1.82433
1.82244
1.82063
1.81891
1.81727
1.81572
1.81426
1.8129
1.81163
1.81046
1.80938
1.80841
1.80754
1.80677
1.8061
1.80554
1.80508
1.80473
1.80449
1.80435
1.80433
1.80441
1.8046
1.8049
1.80531
1.80583
1.80646
1.8072
1.80805
1.80901
1.81008
1.81126
1.81255
1.81395
1.81546
1.81708
1.81881
1.82065
1.82259
1.82464
1.8268
1.82907
1.83145
1.83393
1.83651
1.83921
1.842
1.8449
1.84791
1.85102
1.85422
1.85754
1.86095
1.86446
1.86807
1.87178
1.87559
1.8795
1.8835
1.8876
1.89179
1.89609
1.90047
1.90495
1.90952
1.91418
1.91893
1.92378
1.92871
1.93373
1.93885
1.94405
1.94933
1.9547
1.96016
1.9657
1.97133
1.97704
1.98284
1.98872
1.99468
2.00072
2.00685
2.01305
2.01934
2.02571
2.03215
2.03867
2.04528
2.05196
2.05872
2.06555
2.07246
2.07945
2.08652
2.09366
2.10088
2.10817
2.11554
2.12298
2.1305
2.1381
2.14577
2.15352
2.16134
2.16923
2.1772
2.18525
2.19337
2.20156
2.20983
2.21817
2.22659
2.23509
2.24366
2.25231
2.26103
2.26983
2.27871
2.28766
2.29668
2.30579
2.31497
2.32423
2.33357
2.34298
2.35247
2.36204
2.37169
2.38142
2.39122
2.40111
2.41107
2.42111
2.43124
2.44144
2.45172
2.46208
2.47252
2.48304
2.49364
2.50431
2.51508
2.52592
2.53683
2.54783
2.55891
2.57007
2.5813
2.59261
2.60401
2.61548
2.62702
2.63865
2.65035
2.66213
2.67398
2.68591
2.69792
2.71
2.72215
2.73438
2.74668
2.75905
2.77149
2.784
2.79658
2.80923
2.82194
2.83472
2.84756
2.86047
2.87344
2.88648
2.05293
2.04217
2.03148
2.02086
2.01032
1.99986
1.9895
1.97924
1.96909
1.95905
1.94913
1.93935
1.9297
1.92019
1.91084
1.90164
1.89261
1.88376
1.87509
1.8666
1.85831
1.85023
1.84236
1.83471
1.82729
1.8201
1.81315
1.80645
1.8
1.79382
1.78791
1.78228
1.77693
1.77187
1.76711
1.76265
1.7585
1.75466
1.75114
1.74794
1.74507
1.74253
1.74033
1.73847
1.73694
1.73576
1.73492
1.73443
1.73428
1.73448
1.73502
1.73591
1.73713
1.73869
1.74058
1.7428
1.74533
1.74818
1.75134
1.75479
1.75852
1.76253
1.7668
1.77132
1.77607
1.78104
1.7862
1.79155
1.79704
1.80267
1.80842
1.81425
1.82014
1.82607
1.83199
1.83789
1.84374
1.84949
1.85512
1.8606
1.8659
1.87099
1.87583
1.8804
1.88468
1.88864
1.89227
1.89555
1.89847
1.90103
1.90322
1.90504
1.9065
1.90761
1.90837
1.9088
1.90892
1.90874
1.90829
1.90758
1.90663
1.90546
1.90409
1.90254
1.90084
1.89899
1.89702
1.89494
1.89276
1.89051
1.88819
1.88583
1.88342
1.88099
1.87854
1.87608
1.87363
1.87118
1.86876
1.86636
1.864
1.86167
1.85939
1.85716
1.85498
1.85287
1.85082
1.84884
1.84693
1.8451
1.84334
1.84167
1.84008
1.83858
1.83717
1.83584
1.83462
1.83348
1.83245
1.83151
1.83067
1.82993
1.82929
1.82876
1.82833
1.828
1.82778
1.82767
1.82766
1.82776
1.82797
1.82829
1.82871
1.82924
1.82988
1.83063
1.83149
1.83246
1.83353
1.83471
1.836
1.8374
1.83891
1.84053
1.84225
1.84408
1.84601
1.84806
1.8502
1.85246
1.85482
1.85728
1.85985
1.86252
1.8653
1.86818
1.87116
1.87424
1.87742
1.88071
1.88409
1.88757
1.89115
1.89482
1.8986
1.90247
1.90643
1.91049
1.91464
1.91889
1.92323
1.92766
1.93218
1.93679
1.9415
1.94629
1.95117
1.95614
1.9612
1.96634
1.97156
1.97688
1.98227
1.98775
1.99332
1.99897
2.0047
2.01051
2.0164
2.02237
2.02843
2.03456
2.04077
2.04706
2.05343
2.05988
2.0664
2.073
2.07967
2.08643
2.09325
2.10016
2.10714
2.11419
2.12132
2.12852
2.1358
2.14315
2.15058
2.15808
2.16566
2.17331
2.18103
2.18883
2.1967
2.20464
2.21266
2.22075
2.22892
2.23716
2.24548
2.25387
2.26233
2.27087
2.27949
2.28818
2.29694
2.30579
2.31471
2.3237
2.33277
2.34192
2.35114
2.36044
2.36982
2.37927
2.38881
2.39842
2.40811
2.41788
2.42773
2.43765
2.44766
2.45774
2.46791
2.47815
2.48847
2.49887
2.50935
2.51992
2.53056
2.54128
2.55208
2.56296
2.57392
2.58495
2.59607
2.60726
2.61853
2.62988
2.64131
2.65282
2.6644
2.67606
2.68779
2.6996
2.71148
2.72344
2.73547
2.74758
2.75975
2.772
2.78432
2.79671
2.80916
2.82169
2.83428
2.84693
2.85965
2.87244
2.88528
2.02594
2.01513
2.00439
1.99373
1.98315
1.97266
1.96227
1.95198
1.94181
1.93175
1.92183
1.91204
1.90238
1.89288
1.88354
1.87436
1.86536
1.85653
1.8479
1.83946
1.83122
1.8232
1.8154
1.80782
1.80048
1.79338
1.78654
1.77994
1.77362
1.76756
1.76179
1.75631
1.75112
1.74623
1.74165
1.73738
1.73343
1.7298
1.72651
1.72355
1.72093
1.71865
1.71672
1.71515
1.71393
1.71306
1.71255
1.71241
1.71262
1.71319
1.71412
1.71541
1.71705
1.71905
1.72139
1.72407
1.7271
1.73045
1.73413
1.73813
1.74243
1.74702
1.7519
1.75705
1.76245
1.76809
1.77395
1.78002
1.78627
1.79268
1.79923
1.8059
1.81266
1.81948
1.82634
1.8332
1.84004
1.84681
1.85349
1.86005
1.86645
1.87265
1.87863
1.88434
1.88977
1.89489
1.89966
1.90408
1.90811
1.91175
1.915
1.91783
1.92027
1.9223
1.92395
1.92521
1.92611
1.92666
1.92689
1.9268
1.92642
1.92578
1.9249
1.92379
1.92249
1.921
1.91936
1.91757
1.91566
1.91365
1.91155
1.90937
1.90713
1.90485
1.90252
1.90018
1.89782
1.89546
1.89311
1.89077
1.88845
1.88616
1.8839
1.88169
1.87952
1.87741
1.87535
1.87336
1.87143
1.86958
1.86779
1.86608
1.86446
1.86291
1.86145
1.86008
1.85879
1.8576
1.8565
1.8555
1.85459
1.85378
1.85306
1.85245
1.85194
1.85153
1.85123
1.85103
1.85093
1.85094
1.85105
1.85127
1.8516
1.85203
1.85257
1.85322
1.85397
1.85483
1.8558
1.85687
1.85805
1.85934
1.86074
1.86224
1.86384
1.86556
1.86737
1.86929
1.87132
1.87346
1.87569
1.87803
1.88048
1.88302
1.88567
1.88842
1.89127
1.89423
1.89728
1.90043
1.90368
1.90703
1.91047
1.91401
1.91765
1.92138
1.92521
1.92913
1.93315
1.93725
1.94145
1.94574
1.95013
1.9546
1.95916
1.96381
1.96854
1.97337
1.97828
1.98327
1.98835
1.99352
1.99877
2.0041
2.00951
2.01501
2.02059
2.02624
2.03198
2.0378
2.0437
2.04968
2.05574
2.06187
2.06808
2.07437
2.08073
2.08717
2.09368
2.10027
2.10694
2.11368
2.1205
2.12739
2.13435
2.14138
2.14849
2.15568
2.16293
2.17026
2.17767
2.18514
2.19269
2.20032
2.20801
2.21578
2.22362
2.23153
2.23952
2.24758
2.25571
2.26392
2.2722
2.28056
2.28899
2.29749
2.30608
2.31473
2.32346
2.33226
2.34114
2.3501
2.35913
2.36824
2.37742
2.38669
2.39602
2.40544
2.41494
2.42451
2.43416
2.44389
2.4537
2.46358
2.47355
2.48359
2.49372
2.50392
2.5142
2.52456
2.53501
2.54553
2.55613
2.56681
2.57757
2.5884
2.59932
2.61031
2.62139
2.63254
2.64377
2.65507
2.66645
2.67791
2.68945
2.70106
2.71275
2.72451
2.73635
2.74825
2.76023
2.77229
2.78441
2.79661
2.80887
2.8212
2.8336
2.84606
2.85859
2.87118
2.88384
1.99884
1.98799
1.9772
1.9665
1.95588
1.94535
1.93493
1.92462
1.91443
1.90436
1.89442
1.88462
1.87497
1.86547
1.85614
1.84698
1.838
1.82921
1.82061
1.81221
1.80403
1.79606
1.78833
1.78082
1.77357
1.76656
1.75981
1.75332
1.74711
1.74119
1.73555
1.73022
1.72518
1.72046
1.71605
1.71197
1.70822
1.7048
1.70172
1.699
1.69662
1.6946
1.69295
1.69165
1.69072
1.69016
1.68998
1.69016
1.69072
1.69166
1.69296
1.69464
1.69669
1.6991
1.70188
1.70502
1.70851
1.71235
1.71653
1.72104
1.72587
1.73102
1.73647
1.74221
1.74823
1.7545
1.76103
1.76777
1.77473
1.78188
1.78919
1.79665
1.80422
1.81189
1.81962
1.82739
1.83517
1.84291
1.8506
1.85819
1.86564
1.87294
1.88002
1.88687
1.89345
1.89972
1.90565
1.91122
1.91641
1.92118
1.92553
1.92945
1.93292
1.93596
1.93856
1.94073
1.94248
1.94383
1.9448
1.9454
1.94567
1.94561
1.94527
1.94465
1.94379
1.94271
1.94144
1.93998
1.93837
1.93662
1.93476
1.93279
1.93074
1.92862
1.92644
1.92422
1.92197
1.9197
1.91742
1.91515
1.91288
1.91063
1.90841
1.90622
1.90406
1.90195
1.89989
1.89789
1.89595
1.89407
1.89225
1.89051
1.88884
1.88726
1.88575
1.88432
1.88298
1.88173
1.88057
1.8795
1.87852
1.87763
1.87685
1.87616
1.87556
1.87507
1.87468
1.87439
1.8742
1.87412
1.87414
1.87426
1.87449
1.87482
1.87526
1.8758
1.87645
1.8772
1.87806
1.87902
1.88009
1.88127
1.88255
1.88393
1.88542
1.88702
1.88872
1.89051
1.89242
1.89443
1.89654
1.89876
1.90108
1.9035
1.90602
1.90864
1.91136
1.91418
1.9171
1.92012
1.92323
1.92645
1.92975
1.93316
1.93666
1.94025
1.94394
1.94772
1.9516
1.95556
1.95962
1.96377
1.96801
1.97233
1.97675
1.98125
1.98584
1.99052
1.99528
2.00012
2.00506
2.01007
2.01517
2.02035
2.02561
2.03096
2.03638
2.04188
2.04747
2.05313
2.05888
2.0647
2.07059
2.07657
2.08262
2.08875
2.09495
2.10123
2.10758
2.11401
2.12051
2.12708
2.13373
2.14045
2.14725
2.15412
2.16105
2.16807
2.17515
2.18231
2.18954
2.19684
2.20421
2.21166
2.21918
2.22677
2.23443
2.24216
2.24997
2.25785
2.2658
2.27382
2.28192
2.29009
2.29833
2.30665
2.31504
2.32351
2.33205
2.34066
2.34935
2.35811
2.36695
2.37586
2.38485
2.39392
2.40306
2.41228
2.42158
2.43096
2.44041
2.44994
2.45955
2.46924
2.479
2.48884
2.49877
2.50877
2.51885
2.52901
2.53925
2.54958
2.55997
2.57045
2.58101
2.59165
2.60236
2.61316
2.62403
2.63498
2.64601
2.65711
2.6683
2.67956
2.69089
2.70231
2.7138
2.72536
2.737
2.74871
2.76049
2.77235
2.78427
2.79627
2.80834
2.82048
2.83268
2.84495
2.85729
2.86969
2.88216
1.97165
1.96074
1.94991
1.93916
1.92851
1.91795
1.9075
1.89717
1.88695
1.87687
1.86692
1.85712
1.84747
1.83798
1.82866
1.81952
1.81056
1.8018
1.79323
1.78488
1.77675
1.76884
1.76117
1.75374
1.74656
1.73964
1.73299
1.72661
1.72052
1.71472
1.70922
1.70402
1.69914
1.69458
1.69035
1.68645
1.68289
1.67968
1.67682
1.67433
1.67219
1.67042
1.66903
1.66801
1.66737
1.66711
1.66724
1.66775
1.66865
1.66993
1.67161
1.67366
1.6761
1.67892
1.68212
1.68569
1.68963
1.69393
1.69859
1.7036
1.70894
1.71462
1.72061
1.72692
1.73352
1.7404
1.74754
1.75493
1.76255
1.77038
1.77841
1.78661
1.79495
1.80341
1.81197
1.82059
1.82925
1.83791
1.84655
1.85512
1.86359
1.87193
1.88009
1.88803
1.89574
1.90315
1.91024
1.91697
1.92332
1.92926
1.93476
1.9398
1.94437
1.94848
1.9521
1.95525
1.95793
1.96015
1.96194
1.96331
1.96428
1.96488
1.96514
1.96507
1.96471
1.96408
1.96322
1.96213
1.96085
1.9594
1.95779
1.95606
1.95422
1.95228
1.95026
1.94818
1.94605
1.94389
1.9417
1.93949
1.93729
1.93509
1.9329
1.93073
1.92859
1.92649
1.92443
1.92242
1.92046
1.91856
1.91672
1.91495
1.91324
1.91161
1.91005
1.90858
1.90718
1.90587
1.90464
1.9035
1.90245
1.9015
1.90064
1.89987
1.89919
1.89861
1.89814
1.89776
1.89748
1.8973
1.89723
1.89725
1.89738
1.89761
1.89794
1.89838
1.89892
1.89957
1.90032
1.90117
1.90212
1.90318
1.90435
1.90562
1.90699
1.90846
1.91004
1.91172
1.9135
1.91538
1.91737
1.91946
1.92165
1.92394
1.92633
1.92882
1.93141
1.93409
1.93688
1.93976
1.94274
1.94582
1.94899
1.95225
1.95561
1.95907
1.96262
1.96626
1.96999
1.97381
1.97772
1.98173
1.98582
1.99
1.99427
1.99862
2.00306
2.00759
2.0122
2.0169
2.02168
2.02654
2.03149
2.03652
2.04162
2.04681
2.05208
2.05743
2.06286
2.06836
2.07395
2.07961
2.08534
2.09116
2.09705
2.10301
2.10905
2.11517
2.12135
2.12762
2.13395
2.14036
2.14684
2.15339
2.16002
2.16671
2.17348
2.18032
2.18723
2.19421
2.20127
2.20839
2.21559
2.22286
2.2302
2.23761
2.24509
2.25264
2.26026
2.26796
2.27572
2.28356
2.29147
2.29946
2.30751
2.31564
2.32384
2.33212
2.34046
2.34889
2.35738
2.36595
2.37459
2.38331
2.39211
2.40098
2.40992
2.41895
2.42805
2.43722
2.44647
2.45581
2.46521
2.4747
2.48426
2.49391
2.50363
2.51343
2.52331
2.53327
2.5433
2.55342
2.56362
2.5739
2.58425
2.59469
2.6052
2.61579
2.62646
2.63721
2.64804
2.65894
2.66993
2.68099
2.69212
2.70333
2.71462
2.72599
2.73742
2.74894
2.76052
2.77218
2.78391
2.79571
2.80758
2.81952
2.83153
2.84361
2.85575
2.86796
2.88023
1.94436
1.93341
1.92253
1.91175
1.90106
1.89047
1.87999
1.86963
1.8594
1.8493
1.83935
1.82954
1.81989
1.81041
1.8011
1.79198
1.78304
1.77431
1.76579
1.75748
1.74939
1.74154
1.73394
1.72658
1.71948
1.71265
1.7061
1.69983
1.69385
1.68817
1.6828
1.67775
1.67302
1.66862
1.66456
1.66085
1.65748
1.65448
1.65184
1.64956
1.64767
1.64615
1.64501
1.64427
1.64391
1.64395
1.64438
1.64521
1.64644
1.64807
1.6501
1.65253
1.65535
1.65856
1.66217
1.66616
1.67053
1.67528
1.6804
1.68588
1.69172
1.6979
1.70442
1.71126
1.71841
1.72586
1.73358
1.74158
1.74983
1.75831
1.76701
1.7759
1.78496
1.79417
1.8035
1.81292
1.82241
1.83194
1.84146
1.85096
1.86039
1.86972
1.87891
1.88791
1.8967
1.90522
1.91345
1.92134
1.92885
1.93596
1.94263
1.94884
1.95456
1.95978
1.96449
1.96868
1.97236
1.97554
1.97822
1.98043
1.98219
1.98351
1.98443
1.98498
1.98517
1.98505
1.98464
1.98397
1.98306
1.98194
1.98063
1.97916
1.97755
1.97581
1.97398
1.97205
1.97006
1.96801
1.96592
1.9638
1.96166
1.95951
1.95736
1.95523
1.95311
1.95102
1.94897
1.94695
1.94498
1.94306
1.94119
1.93939
1.93764
1.93597
1.93437
1.93284
1.93138
1.93001
1.92872
1.92752
1.9264
1.92537
1.92443
1.92358
1.92283
1.92216
1.9216
1.92113
1.92076
1.92049
1.92031
1.92024
1.92027
1.92039
1.92062
1.92096
1.92139
1.92192
1.92256
1.9233
1.92414
1.92509
1.92613
1.92728
1.92853
1.92989
1.93134
1.9329
1.93456
1.93631
1.93817
1.94013
1.94219
1.94435
1.9466
1.94896
1.95141
1.95397
1.95662
1.95936
1.9622
1.96514
1.96817
1.97129
1.97451
1.97783
1.98123
1.98473
1.98831
1.99199
1.99576
1.99962
2.00356
2.00759
2.01171
2.01591
2.02021
2.02458
2.02904
2.03359
2.03821
2.04292
2.04771
2.05258
2.05754
2.06257
2.06768
2.07287
2.07814
2.08348
2.0889
2.0944
2.09998
2.10563
2.11136
2.11716
2.12303
2.12898
2.135
2.1411
2.14726
2.1535
2.15981
2.1662
2.17265
2.17917
2.18577
2.19243
2.19917
2.20598
2.21285
2.2198
2.22682
2.23391
2.24106
2.2483
2.25559
2.26296
2.2704
2.27791
2.28549
2.29314
2.30086
2.30866
2.31653
2.32446
2.33247
2.34056
2.34871
2.35694
2.36524
2.37361
2.38206
2.39059
2.39918
2.40785
2.4166
2.42543
2.43433
2.4433
2.45235
2.46148
2.47069
2.47997
2.48934
2.49878
2.5083
2.51789
2.52757
2.53732
2.54716
2.55707
2.56707
2.57714
2.58729
2.59752
2.60783
2.61822
2.62869
2.63923
2.64986
2.66056
2.67134
2.6822
2.69313
2.70414
2.71523
2.72639
2.73763
2.74894
2.76033
2.77179
2.78332
2.79493
2.8066
2.81834
2.83015
2.84203
2.85398
2.86599
2.87807
1.917
1.906
1.89509
1.88426
1.87354
1.86292
1.85242
1.84204
1.83179
1.82167
1.81171
1.8019
1.79225
1.78278
1.77348
1.76438
1.75547
1.74677
1.73828
1.73001
1.72198
1.71419
1.70665
1.69936
1.69235
1.68561
1.67915
1.67299
1.66712
1.66157
1.65633
1.65142
1.64684
1.64261
1.63872
1.63518
1.63201
1.62921
1.62678
1.62473
1.62307
1.6218
1.62092
1.62045
1.62037
1.6207
1.62144
1.62258
1.62414
1.62611
1.62849
1.63127
1.63447
1.63807
1.64207
1.64647
1.65127
1.65645
1.66202
1.66796
1.67427
1.68094
1.68795
1.6953
1.70298
1.71097
1.71926
1.72783
1.73667
1.74577
1.7551
1.76464
1.77438
1.78428
1.79433
1.8045
1.81477
1.8251
1.83546
1.84583
1.85616
1.86642
1.87658
1.88659
1.89642
1.90601
1.91534
1.92436
1.93302
1.94129
1.94914
1.95652
1.96341
1.96979
1.97564
1.98094
1.98569
1.98988
1.99354
1.99667
1.99928
2.00141
2.00307
2.00429
2.00511
2.00556
2.00566
2.00545
2.00495
2.0042
2.00323
2.00205
2.0007
1.9992
1.99756
1.99581
1.99397
1.99205
1.99007
1.98804
1.98598
1.9839
1.9818
1.9797
1.97761
1.97554
1.97349
1.97147
1.96949
1.96755
1.96566
1.96383
1.96205
1.96033
1.95868
1.9571
1.95559
1.95416
1.95281
1.95154
1.95035
1.94924
1.94822
1.9473
1.94646
1.94571
1.94506
1.9445
1.94403
1.94366
1.94339
1.94322
1.94315
1.94317
1.9433
1.94352
1.94384
1.94427
1.94479
1.94542
1.94614
1.94697
1.9479
1.94893
1.95006
1.95129
1.95262
1.95405
1.95558
1.9572
1.95893
1.96076
1.96269
1.96472
1.96684
1.96906
1.97138
1.97379
1.97631
1.97891
1.98161
1.98441
1.9873
1.99028
1.99336
1.99652
1.99978
2.00313
2.00657
2.01011
2.01372
2.01743
2.02123
2.02511
2.02907
2.03313
2.03726
2.04149
2.04579
2.05018
2.05465
2.05921
2.06384
2.06856
2.07335
2.07822
2.08317
2.0882
2.09331
2.09849
2.10375
2.10909
2.1145
2.11999
2.12555
2.13118
2.13689
2.14267
2.14852
2.15445
2.16045
2.16651
2.17265
2.17886
2.18514
2.19149
2.19791
2.2044
2.21096
2.21759
2.22429
2.23106
2.2379
2.2448
2.25178
2.25882
2.26594
2.27313
2.28038
2.2877
2.2951
2.30256
2.31009
2.3177
2.32537
2.33312
2.34094
2.34882
2.35679
2.36482
2.37292
2.3811
2.38935
2.39768
2.40608
2.41455
2.4231
2.43172
2.44042
2.44919
2.45804
2.46697
2.47597
2.48506
2.49422
2.50345
2.51277
2.52216
2.53163
2.54118
2.55081
2.56052
2.57031
2.58018
2.59013
2.60015
2.61026
2.62044
2.6307
2.64105
2.65147
2.66196
2.67254
2.68319
2.69393
2.70473
2.71562
2.72658
2.73762
2.74873
2.75991
2.77117
2.78251
2.79391
2.80539
2.81693
2.82855
2.84023
2.85198
2.86379
2.87567
1.88957
1.87853
1.86758
1.85672
1.84596
1.83531
1.82479
1.81438
1.80412
1.79399
1.78402
1.77421
1.76457
1.7551
1.74582
1.73673
1.72785
1.71918
1.71073
1.70251
1.69453
1.68679
1.67931
1.67211
1.66517
1.65852
1.65216
1.6461
1.64035
1.63492
1.62982
1.62505
1.62063
1.61655
1.61283
1.60948
1.6065
1.6039
1.60169
1.59986
1.59844
1.59741
1.59679
1.59658
1.59678
1.5974
1.59844
1.5999
1.60178
1.60408
1.6068
1.60995
1.61351
1.61749
1.62188
1.62668
1.63189
1.6375
1.64349
1.64988
1.65665
1.66378
1.67128
1.67912
1.68731
1.69581
1.70464
1.71376
1.72316
1.73284
1.74276
1.75292
1.76329
1.77385
1.78458
1.79545
1.80644
1.81752
1.82867
1.83985
1.85102
1.86216
1.87323
1.88419
1.89499
1.90561
1.91599
1.92609
1.93587
1.94528
1.95428
1.96284
1.97092
1.97848
1.98549
1.99195
1.99782
2.00311
2.00781
2.01192
2.01548
2.01848
2.02096
2.02294
2.02445
2.02553
2.02621
2.02651
2.02648
2.02615
2.02555
2.02471
2.02365
2.0224
2.02099
2.01944
2.01777
2.016
2.01414
2.01222
2.01025
2.00823
2.0062
2.00414
2.00208
2.00003
1.99799
1.99598
1.99399
1.99204
1.99012
1.98826
1.98645
1.98469
1.98299
1.98136
1.9798
1.97831
1.97689
1.97555
1.97429
1.97311
1.97202
1.97101
1.97009
1.96926
1.96851
1.96786
1.9673
1.96684
1.96647
1.96619
1.96602
1.96594
1.96595
1.96607
1.96628
1.96659
1.967
1.96751
1.96812
1.96883
1.96964
1.97055
1.97155
1.97266
1.97386
1.97517
1.97657
1.97807
1.97966
1.98136
1.98315
1.98504
1.98703
1.98912
1.9913
1.99357
1.99595
1.99841
2.00097
2.00362
2.00637
2.00921
2.01214
2.01516
2.01827
2.02147
2.02477
2.02815
2.03161
2.03517
2.03881
2.04254
2.04635
2.05025
2.05424
2.0583
2.06245
2.06669
2.071
2.07539
2.07987
2.08442
2.08906
2.09377
2.09856
2.10342
2.10836
2.11339
2.11848
2.12365
2.1289
2.13422
2.13961
2.14508
2.15062
2.15623
2.16191
2.16767
2.17349
2.17939
2.18535
2.19139
2.19749
2.20367
2.20991
2.21623
2.22261
2.22906
2.23558
2.24216
2.24882
2.25554
2.26234
2.2692
2.27613
2.28313
2.29019
2.29733
2.30453
2.31181
2.31915
2.32657
2.33405
2.3416
2.34922
2.35692
2.36468
2.37252
2.38043
2.38841
2.39646
2.40459
2.41279
2.42106
2.42941
2.43783
2.44633
2.4549
2.46354
2.47227
2.48107
2.48995
2.4989
2.50793
2.51704
2.52623
2.5355
2.54484
2.55427
2.56377
2.57335
2.58301
2.59276
2.60258
2.61248
2.62245
2.63251
2.64265
2.65286
2.66316
2.67353
2.68398
2.69451
2.70511
2.71579
2.72655
2.73739
2.7483
2.75928
2.77034
2.78147
2.79267
2.80395
2.81529
2.82671
2.83819
2.84974
2.86136
2.87304
1.8621
1.85101
1.84002
1.82913
1.81834
1.80766
1.79711
1.78669
1.77641
1.76627
1.75629
1.74648
1.73684
1.72738
1.71812
1.70905
1.70019
1.69155
1.68314
1.67497
1.66704
1.65936
1.65195
1.64482
1.63796
1.6314
1.62514
1.61919
1.61355
1.60825
1.60328
1.59865
1.59438
1.59047
1.58692
1.58376
1.58097
1.57857
1.57657
1.57497
1.57378
1.573
1.57263
1.57269
1.57317
1.57408
1.57542
1.57719
1.57939
1.58202
1.58508
1.58858
1.5925
1.59686
1.60163
1.60683
1.61244
1.61846
1.62488
1.6317
1.63891
1.6465
1.65446
1.66278
1.67145
1.68046
1.68979
1.69944
1.70938
1.7196
1.73009
1.74083
1.7518
1.76297
1.77434
1.78587
1.79754
1.80932
1.8212
1.83313
1.84509
1.85705
1.86897
1.88081
1.89254
1.90411
1.91548
1.92662
1.93746
1.94797
1.95811
1.96782
1.97707
1.98581
1.99402
2.00165
2.00869
2.01512
2.02092
2.02611
2.03067
2.03463
2.03801
2.04082
2.0431
2.04489
2.0462
2.0471
2.04759
2.04773
2.04755
2.04708
2.04635
2.04539
2.04424
2.04291
2.04143
2.03983
2.03812
2.03631
2.03444
2.03251
2.03054
2.02854
2.02652
2.02449
2.02247
2.02046
2.01847
2.01651
2.01457
2.01268
2.01084
2.00904
2.0073
2.00562
2.004
2.00245
2.00097
1.99957
1.99823
1.99698
1.99581
1.99472
1.99371
1.99279
1.99196
1.99122
1.99056
1.99
1.98953
1.98915
1.98887
1.98869
1.9886
1.9886
1.9887
1.9889
1.9892
1.98959
1.99008
1.99067
1.99135
1.99214
1.99302
1.994
1.99508
1.99625
1.99752
1.99889
2.00036
2.00191
2.00357
2.00533
2.00718
2.00912
2.01117
2.0133
2.01553
2.01785
2.02027
2.02278
2.02538
2.02807
2.03085
2.03372
2.03669
2.03974
2.04288
2.04611
2.04942
2.05283
2.05631
2.05989
2.06355
2.06729
2.07112
2.07503
2.07902
2.08309
2.08724
2.09148
2.09579
2.10018
2.10465
2.1092
2.11383
2.11853
2.12331
2.12816
2.13309
2.1381
2.14317
2.14833
2.15355
2.15885
2.16422
2.16965
2.17517
2.18075
2.1864
2.19212
2.19791
2.20377
2.2097
2.2157
2.22176
2.2279
2.2341
2.24037
2.24671
2.25311
2.25958
2.26612
2.27273
2.27941
2.28615
2.29297
2.29984
2.30679
2.3138
2.32089
2.32804
2.33526
2.34255
2.34991
2.35734
2.36484
2.37241
2.38004
2.38775
2.39554
2.40339
2.41132
2.41931
2.42739
2.43553
2.44375
2.45204
2.46041
2.46886
2.47738
2.48597
2.49464
2.50339
2.51222
2.52112
2.5301
2.53916
2.5483
2.55752
2.56682
2.57619
2.58564
2.59518
2.6048
2.61449
2.62426
2.63411
2.64404
2.65405
2.66414
2.67431
2.68455
2.69487
2.70527
2.71575
2.72631
2.73694
2.74764
2.75843
2.76928
2.78021
2.79122
2.80229
2.81344
2.82465
2.83593
2.84729
2.8587
2.87019
1.83458
1.82345
1.81242
1.8015
1.79068
1.77998
1.7694
1.75896
1.74867
1.73852
1.72854
1.71872
1.70909
1.69964
1.69039
1.68134
1.67251
1.6639
1.65553
1.6474
1.63952
1.63191
1.62457
1.61751
1.61073
1.60426
1.5981
1.59226
1.58674
1.58156
1.57673
1.57224
1.56813
1.56438
1.56101
1.55802
1.55543
1.55324
1.55145
1.55007
1.54912
1.54858
1.54848
1.5488
1.54956
1.55076
1.55239
1.55447
1.55699
1.55995
1.56336
1.5672
1.57149
1.57621
1.58136
1.58694
1.59295
1.59938
1.60622
1.61346
1.6211
1.62913
1.63755
1.64633
1.65547
1.66496
1.67478
1.68493
1.69539
1.70613
1.71716
1.72845
1.73998
1.75174
1.7637
1.77585
1.78815
1.8006
1.81315
1.82579
1.83848
1.8512
1.86391
1.87657
1.88916
1.90163
1.91393
1.92604
1.93789
1.94945
1.96067
1.9715
1.9819
1.99181
2.00119
2.01002
2.01825
2.02586
2.03282
2.03913
2.04477
2.04977
2.05412
2.05784
2.06098
2.06354
2.06558
2.06712
2.06821
2.06888
2.06917
2.06912
2.06877
2.06814
2.06727
2.0662
2.06494
2.06352
2.06197
2.06031
2.05855
2.05672
2.05482
2.05288
2.05091
2.04892
2.04692
2.04492
2.04293
2.04096
2.03901
2.03709
2.03522
2.03338
2.0316
2.02987
2.0282
2.02659
2.02504
2.02357
2.02217
2.02084
2.01959
2.01842
2.01733
2.01632
2.0154
2.01456
2.01381
2.01315
2.01258
2.0121
2.01171
2.01142
2.01122
2.01112
2.0111
2.01119
2.01137
2.01164
2.01201
2.01248
2.01304
2.0137
2.01445
2.01531
2.01625
2.0173
2.01844
2.01967
2.021
2.02243
2.02395
2.02556
2.02728
2.02908
2.03098
2.03297
2.03506
2.03724
2.03951
2.04187
2.04432
2.04686
2.0495
2.05222
2.05503
2.05793
2.06092
2.06399
2.06715
2.0704
2.07373
2.07715
2.08065
2.08423
2.0879
2.09165
2.09548
2.09939
2.10338
2.10745
2.1116
2.11583
2.12014
2.12452
2.12899
2.13352
2.13813
2.14282
2.14758
2.15241
2.15732
2.1623
2.16735
2.17248
2.17768
2.18294
2.18828
2.19369
2.19916
2.20471
2.21032
2.216
2.22175
2.22757
2.23346
2.23941
2.24544
2.25152
2.25768
2.2639
2.27019
2.27654
2.28297
2.28945
2.29601
2.30263
2.30932
2.31608
2.32291
2.3298
2.33676
2.34378
2.35088
2.35804
2.36527
2.37257
2.37995
2.38739
2.3949
2.40248
2.41013
2.41786
2.42566
2.43353
2.44147
2.44948
2.45757
2.46574
2.47398
2.48229
2.49068
2.49914
2.50769
2.51631
2.525
2.53378
2.54263
2.55156
2.56057
2.56966
2.57883
2.58807
2.5974
2.60681
2.6163
2.62586
2.6355
2.64523
2.65503
2.66491
2.67487
2.68491
2.69503
2.70522
2.7155
2.72585
2.73628
2.74678
2.75736
2.76801
2.77874
2.78954
2.80041
2.81136
2.82237
2.83346
2.84461
2.85583
2.86711
1.80703
1.79587
1.7848
1.77384
1.76299
1.75227
1.74167
1.73121
1.7209
1.71075
1.70076
1.69094
1.68131
1.67188
1.66264
1.65361
1.64481
1.63624
1.6279
1.61982
1.612
1.60445
1.59717
1.59019
1.5835
1.57712
1.57106
1.56532
1.55993
1.55487
1.55017
1.54584
1.54187
1.53829
1.5351
1.5323
1.5299
1.52791
1.52634
1.52519
1.52447
1.52419
1.52434
1.52493
1.52597
1.52746
1.52939
1.53178
1.53462
1.53791
1.54165
1.54584
1.55049
1.55557
1.5611
1.56707
1.57347
1.58029
1.58754
1.5952
1.60327
1.61173
1.62058
1.62981
1.63941
1.64937
1.65966
1.6703
1.68124
1.6925
1.70404
1.71585
1.72792
1.74023
1.75275
1.76548
1.77838
1.79144
1.80462
1.81792
1.83129
1.84472
1.85816
1.87159
1.88498
1.89828
1.91145
1.92446
1.93726
1.94981
1.96206
1.97395
1.98545
1.99649
2.00704
2.01705
2.02648
2.03528
2.04343
2.05091
2.05769
2.06378
2.06919
2.07391
2.07797
2.08141
2.08424
2.08651
2.08826
2.08953
2.09035
2.09078
2.09085
2.0906
2.09006
2.08927
2.08826
2.08706
2.08569
2.08419
2.08256
2.08084
2.07903
2.07716
2.07525
2.0733
2.07132
2.06934
2.06736
2.06538
2.06342
2.06148
2.05958
2.05771
2.05588
2.0541
2.05238
2.05071
2.04911
2.04757
2.04609
2.04469
2.04336
2.0421
2.04093
2.03983
2.03882
2.03789
2.03704
2.03628
2.03561
2.03503
2.03454
2.03413
2.03382
2.0336
2.03348
2.03345
2.03351
2.03366
2.03391
2.03425
2.03469
2.03522
2.03585
2.03657
2.03739
2.0383
2.03931
2.04041
2.0416
2.04289
2.04427
2.04575
2.04732
2.04898
2.05074
2.05258
2.05452
2.05656
2.05868
2.06089
2.06319
2.06559
2.06807
2.07064
2.0733
2.07604
2.07887
2.08179
2.08479
2.08788
2.09106
2.09431
2.09766
2.10108
2.10459
2.10817
2.11184
2.11559
2.11942
2.12332
2.12731
2.13137
2.13551
2.13973
2.14402
2.14839
2.15283
2.15734
2.16193
2.1666
2.17133
2.17614
2.18102
2.18598
2.191
2.19609
2.20125
2.20648
2.21178
2.21715
2.22258
2.22809
2.23366
2.2393
2.245
2.25078
2.25661
2.26252
2.26849
2.27453
2.28063
2.2868
2.29303
2.29933
2.3057
2.31213
2.31863
2.3252
2.33183
2.33853
2.3453
2.35213
2.35903
2.36599
2.37303
2.38013
2.38731
2.39455
2.40186
2.40924
2.41669
2.42422
2.43181
2.43948
2.44722
2.45503
2.46291
2.47087
2.4789
2.48701
2.49519
2.50345
2.51179
2.5202
2.52869
2.53725
2.5459
2.55462
2.56342
2.5723
2.58126
2.5903
2.59942
2.60861
2.6179
2.62725
2.63669
2.6462
2.6558
2.66547
2.67523
2.68506
2.69497
2.70496
2.71503
2.72518
2.7354
2.7457
2.75607
2.76653
2.77705
2.78765
2.79832
2.80906
2.81988
2.83076
2.84171
2.85273
2.86382
1.77946
1.76826
1.75716
1.74617
1.73529
1.72454
1.71392
1.70345
1.69313
1.68296
1.67297
1.66316
1.65353
1.6441
1.63488
1.62588
1.61711
1.60857
1.60028
1.59224
1.58447
1.57698
1.56978
1.56287
1.55627
1.54998
1.54402
1.5384
1.53312
1.52819
1.52363
1.51944
1.51564
1.51222
1.5092
1.50659
1.50439
1.50261
1.50126
1.50034
1.49986
1.49983
1.50024
1.5011
1.50242
1.5042
1.50643
1.50913
1.51229
1.51591
1.51999
1.52453
1.52953
1.53498
1.54088
1.54723
1.55402
1.56124
1.56889
1.57696
1.58544
1.59433
1.60361
1.61328
1.62332
1.63373
1.64449
1.65559
1.66701
1.67874
1.69078
1.70309
1.71567
1.7285
1.74156
1.75483
1.7683
1.78193
1.79571
1.80962
1.82363
1.83771
1.85183
1.86598
1.8801
1.89417
1.90815
1.922
1.93568
1.94915
1.96236
1.97526
1.9878
1.99993
2.0116
2.02276
2.03337
2.04336
2.05272
2.06139
2.06936
2.07661
2.08313
2.08892
2.09399
2.09837
2.10209
2.10517
2.10766
2.1096
2.11103
2.112
2.11255
2.11272
2.11255
2.11209
2.11136
2.11041
2.10925
2.10792
2.10645
2.10485
2.10315
2.10137
2.09952
2.09762
2.09568
2.09372
2.09175
2.08977
2.0878
2.08585
2.08392
2.08201
2.08015
2.07832
2.07655
2.07482
2.07315
2.07154
2.07
2.06852
2.06711
2.06578
2.06452
2.06333
2.06222
2.0612
2.06026
2.0594
2.05862
2.05794
2.05734
2.05682
2.0564
2.05607
2.05582
2.05567
2.05562
2.05565
2.05578
2.056
2.05631
2.05671
2.05721
2.0578
2.05848
2.05926
2.06013
2.0611
2.06215
2.0633
2.06455
2.06588
2.0673
2.06882
2.07043
2.07213
2.07393
2.07581
2.07778
2.07984
2.08199
2.08423
2.08656
2.08898
2.09148
2.09407
2.09674
2.0995
2.10235
2.10528
2.10829
2.11139
2.11456
2.11783
2.12117
2.12459
2.12809
2.13168
2.13534
2.13908
2.1429
2.14679
2.15076
2.15481
2.15893
2.16313
2.1674
2.17175
2.17616
2.18065
2.18521
2.18985
2.19455
2.19933
2.20417
2.20909
2.21407
2.21913
2.22425
2.22944
2.23469
2.24001
2.24541
2.25086
2.25639
2.26198
2.26763
2.27335
2.27914
2.28499
2.2909
2.29688
2.30293
2.30904
2.31522
2.32146
2.32777
2.33414
2.34058
2.34709
2.35366
2.36029
2.367
2.37377
2.38061
2.38751
2.39448
2.40152
2.40864
2.41582
2.42306
2.43038
2.43778
2.44524
2.45277
2.46038
2.46806
2.47581
2.48364
2.49154
2.49951
2.50756
2.51569
2.52389
2.53217
2.54053
2.54897
2.55748
2.56607
2.57474
2.58349
2.59232
2.60123
2.61022
2.61929
2.62844
2.63767
2.64698
2.65636
2.66583
2.67538
2.685
2.69471
2.70449
2.71435
2.72429
2.73431
2.74441
2.75458
2.76483
2.77515
2.78554
2.79601
2.80655
2.81717
2.82785
2.8386
2.84942
2.86031
1.75188
1.74064
1.72951
1.71848
1.70758
1.69681
1.68617
1.67568
1.66534
1.65518
1.64518
1.63537
1.62575
1.61633
1.60713
1.59815
1.5894
1.5809
1.57265
1.56467
1.55695
1.54953
1.54239
1.53556
1.52904
1.52285
1.517
1.51148
1.50633
1.50153
1.49711
1.49307
1.48943
1.48618
1.48334
1.48092
1.47892
1.47735
1.47622
1.47554
1.4753
1.47551
1.47619
1.47733
1.47893
1.481
1.48354
1.48655
1.49003
1.49398
1.4984
1.50329
1.50864
1.51445
1.52073
1.52745
1.53463
1.54224
1.55029
1.55876
1.56766
1.57696
1.58667
1.59676
1.60724
1.61809
1.6293
1.64085
1.65273
1.66493
1.67743
1.69023
1.7033
1.71662
1.73019
1.74398
1.75797
1.77215
1.78649
1.80097
1.81557
1.83027
1.84503
1.85982
1.87463
1.88941
1.90414
1.91876
1.93326
1.94758
1.96168
1.97552
1.98904
2.0022
2.01494
2.02721
2.03895
2.05012
2.06067
2.07055
2.07972
2.08816
2.09585
2.10277
2.10894
2.11435
2.11903
2.12301
2.12632
2.12901
2.13112
2.1327
2.13379
2.13445
2.13471
2.13461
2.13421
2.13353
2.13262
2.1315
2.1302
2.12875
2.12717
2.12549
2.12371
2.12187
2.11998
2.11805
2.1161
2.11412
2.11215
2.11018
2.10822
2.10629
2.10439
2.10252
2.10069
2.09891
2.09718
2.09551
2.09389
2.09234
2.09085
2.08943
2.08808
2.08681
2.08561
2.08449
2.08345
2.08249
2.08161
2.08081
2.08011
2.07948
2.07895
2.0785
2.07814
2.07787
2.07769
2.0776
2.0776
2.0777
2.07788
2.07816
2.07852
2.07898
2.07953
2.08018
2.08091
2.08173
2.08265
2.08366
2.08476
2.08595
2.08723
2.0886
2.09006
2.09162
2.09326
2.09499
2.09681
2.09872
2.10072
2.1028
2.10498
2.10723
2.10958
2.11201
2.11452
2.11712
2.11981
2.12257
2.12542
2.12836
2.13137
2.13447
2.13764
2.1409
2.14424
2.14765
2.15115
2.15472
2.15836
2.16209
2.16589
2.16976
2.17372
2.17774
2.18184
2.18601
2.19025
2.19457
2.19895
2.20341
2.20794
2.21254
2.21721
2.22194
2.22675
2.23162
2.23656
2.24157
2.24665
2.25179
2.257
2.26227
2.26761
2.27301
2.27848
2.28402
2.28962
2.29528
2.30101
2.3068
2.31265
2.31857
2.32456
2.33061
2.33673
2.34291
2.34915
2.35547
2.36184
2.36828
2.37479
2.38136
2.388
2.3947
2.40148
2.40832
2.41523
2.4222
2.42925
2.43637
2.44355
2.45081
2.45814
2.46554
2.47301
2.48056
2.48818
2.49587
2.50364
2.51148
2.5194
2.52739
2.53546
2.54361
2.55184
2.56014
2.56852
2.57699
2.58553
2.59414
2.60284
2.61162
2.62048
2.62942
2.63844
2.64754
2.65672
2.66598
2.67532
2.68474
2.69424
2.70381
2.71347
2.72321
2.73302
2.74291
2.75287
2.76292
2.77304
2.78323
2.79349
2.80383
2.81425
2.82473
2.83528
2.8459
2.85658
1.7243
1.71302
1.70186
1.6908
1.67987
1.66908
1.65842
1.64792
1.63757
1.62739
1.61739
1.60758
1.59797
1.58857
1.57938
1.57043
1.56171
1.55325
1.54504
1.5371
1.52945
1.52208
1.51502
1.50827
1.50184
1.49575
1.48999
1.4846
1.47956
1.4749
1.47062
1.46674
1.46325
1.46018
1.45752
1.45529
1.4535
1.45215
1.45124
1.45079
1.4508
1.45127
1.45221
1.45363
1.45552
1.45788
1.46073
1.46405
1.46786
1.47214
1.4769
1.48213
1.48784
1.49402
1.50066
1.50777
1.51532
1.52333
1.53177
1.54065
1.54995
1.55966
1.56979
1.5803
1.59121
1.60248
1.61412
1.62611
1.63844
1.65109
1.66405
1.67731
1.69085
1.70465
1.7187
1.73298
1.74748
1.76217
1.77704
1.79206
1.80721
1.82247
1.83782
1.85323
1.86866
1.8841
1.89951
1.91486
1.93011
1.94522
1.96015
1.97485
1.98928
2.0034
2.01714
2.03046
2.04329
2.05559
2.0673
2.07837
2.08875
2.0984
2.10729
2.1154
2.12271
2.12923
2.13495
2.13992
2.14414
2.14767
2.15054
2.15281
2.15451
2.15572
2.15646
2.15679
2.15676
2.1564
2.15577
2.15488
2.15378
2.1525
2.15106
2.1495
2.14782
2.14605
2.14421
2.14232
2.14039
2.13843
2.13646
2.13448
2.1325
2.13054
2.1286
2.12669
2.12481
2.12298
2.12118
2.11944
2.11776
2.11613
2.11456
2.11306
2.11162
2.11026
2.10897
2.10775
2.10661
2.10555
2.10457
2.10366
2.10285
2.10211
2.10146
2.1009
2.10042
2.10003
2.09973
2.09952
2.09939
2.09936
2.09941
2.09956
2.09979
2.10011
2.10053
2.10104
2.10163
2.10231
2.10309
2.10395
2.10491
2.10596
2.10709
2.10831
2.10963
2.11103
2.11252
2.1141
2.11576
2.11752
2.11936
2.12129
2.1233
2.1254
2.12759
2.12986
2.13221
2.13465
2.13717
2.13977
2.14246
2.14522
2.14807
2.151
2.15401
2.1571
2.16027
2.16351
2.16683
2.17023
2.17371
2.17726
2.18089
2.18459
2.18837
2.19222
2.19614
2.20014
2.2042
2.20834
2.21255
2.21683
2.22118
2.2256
2.23009
2.23464
2.23927
2.24396
2.24872
2.25355
2.25844
2.2634
2.26842
2.27351
2.27867
2.28389
2.28917
2.29451
2.29992
2.3054
2.31094
2.31654
2.3222
2.32793
2.33373
2.33959
2.34551
2.35149
2.35754
2.36366
2.36984
2.37608
2.38239
2.38877
2.3952
2.40171
2.40828
2.41492
2.42163
2.4284
2.43525
2.44216
2.44914
2.45619
2.46331
2.47051
2.47777
2.48511
2.49252
2.50001
2.50757
2.5152
2.52291
2.53069
2.53856
2.54649
2.55451
2.56261
2.57078
2.57903
2.58736
2.59577
2.60426
2.61282
2.62147
2.6302
2.63902
2.64791
2.65688
2.66593
2.67506
2.68427
2.69356
2.70293
2.71238
2.72191
2.73152
2.7412
2.75096
2.7608
2.77072
2.78071
2.79077
2.80091
2.81112
2.8214
2.83175
2.84217
2.85266
1.69672
1.68541
1.67422
1.66313
1.65218
1.64136
1.63068
1.62016
1.60981
1.59962
1.58962
1.57982
1.57021
1.56082
1.55166
1.54273
1.53404
1.52561
1.51745
1.50956
1.50197
1.49466
1.48767
1.481
1.47466
1.46867
1.46302
1.45774
1.45283
1.44831
1.44417
1.44044
1.43712
1.43423
1.43176
1.42973
1.42814
1.427
1.42633
1.42611
1.42637
1.42711
1.42832
1.43001
1.43219
1.43486
1.43801
1.44165
1.44578
1.4504
1.4555
1.46109
1.46716
1.4737
1.48071
1.48819
1.49613
1.50452
1.51336
1.52263
1.53234
1.54246
1.55299
1.56392
1.57524
1.58694
1.59901
1.61143
1.62419
1.63728
1.65068
1.66438
1.67837
1.69263
1.70714
1.72189
1.73687
1.75204
1.7674
1.78293
1.7986
1.8144
1.83029
1.84627
1.86229
1.87834
1.89438
1.91039
1.92633
1.94216
1.95785
1.97335
1.98863
2.00363
2.0183
2.0326
2.04646
2.05983
2.07266
2.08488
2.09645
2.10731
2.11741
2.12673
2.13524
2.14292
2.14977
2.15579
2.16101
2.16547
2.16919
2.17223
2.17463
2.17646
2.17775
2.17857
2.17896
2.17897
2.17865
2.17804
2.17718
2.17609
2.17482
2.17338
2.17181
2.17013
2.16836
2.16652
2.16462
2.16268
2.16071
2.15873
2.15674
2.15475
2.15278
2.15083
2.1489
2.14701
2.14516
2.14335
2.1416
2.13989
2.13825
2.13666
2.13514
2.13368
2.1323
2.13098
2.12974
2.12858
2.12749
2.12648
2.12555
2.12471
2.12394
2.12326
2.12267
2.12215
2.12173
2.12139
2.12114
2.12097
2.1209
2.12091
2.12101
2.1212
2.12147
2.12184
2.12229
2.12284
2.12347
2.12419
2.125
2.1259
2.12688
2.12795
2.12912
2.13037
2.1317
2.13313
2.13464
2.13624
2.13792
2.13969
2.14154
2.14348
2.14551
2.14761
2.1498
2.15207
2.15443
2.15687
2.15939
2.16199
2.16467
2.16743
2.17026
2.17318
2.17618
2.17925
2.1824
2.18563
2.18893
2.1923
2.19576
2.19928
2.20289
2.20656
2.2103
2.21412
2.21801
2.22197
2.226
2.2301
2.23427
2.23851
2.24282
2.24719
2.25164
2.25614
2.26072
2.26536
2.27007
2.27485
2.27968
2.28459
2.28956
2.29459
2.29968
2.30484
2.31006
2.31535
2.32069
2.32611
2.33158
2.33712
2.34272
2.34838
2.35411
2.3599
2.36576
2.37167
2.37766
2.3837
2.38981
2.39599
2.40223
2.40853
2.4149
2.42134
2.42784
2.43441
2.44105
2.44776
2.45454
2.46138
2.4683
2.47528
2.48234
2.48947
2.49668
2.50395
2.5113
2.51873
2.52623
2.5338
2.54145
2.54918
2.55699
2.56487
2.57283
2.58087
2.58899
2.59719
2.60547
2.61383
2.62226
2.63078
2.63939
2.64807
2.65683
2.66567
2.6746
2.6836
2.69268
2.70185
2.71109
2.72041
2.72982
2.73929
2.74885
2.75849
2.7682
2.77798
2.78785
2.79778
2.80779
2.81787
2.82802
2.83824
2.84853
1.66917
1.65782
1.64659
1.63548
1.6245
1.61366
1.60297
1.59243
1.58207
1.57188
1.56187
1.55207
1.54247
1.5331
1.52395
1.51505
1.50639
1.498
1.48988
1.48205
1.47451
1.46728
1.46036
1.45377
1.44752
1.44163
1.43609
1.43093
1.42615
1.42176
1.41778
1.4142
1.41105
1.40833
1.40606
1.40422
1.40285
1.40194
1.40149
1.40152
1.40204
1.40303
1.40452
1.4065
1.40897
1.41194
1.41541
1.41937
1.42383
1.42879
1.43424
1.44017
1.4466
1.45351
1.4609
1.46875
1.47707
1.48585
1.49508
1.50475
1.51485
1.52537
1.53631
1.54765
1.55939
1.5715
1.58398
1.59682
1.61
1.62351
1.63734
1.65148
1.6659
1.6806
1.69556
1.71076
1.72618
1.74182
1.75765
1.77366
1.78982
1.80611
1.82252
1.83902
1.85559
1.8722
1.88883
1.90544
1.92201
1.93851
1.9549
1.97113
1.98718
2.003
2.01853
2.03373
2.04855
2.06293
2.07681
2.09014
2.10285
2.11488
2.1262
2.13673
2.14646
2.15535
2.16337
2.17053
2.17683
2.1823
2.18697
2.19087
2.19406
2.19658
2.19851
2.19988
2.20075
2.20119
2.20124
2.20094
2.20034
2.19948
2.1984
2.19712
2.19568
2.19411
2.19242
2.19064
2.18878
2.18687
2.18491
2.18293
2.18093
2.17892
2.17692
2.17493
2.17296
2.17101
2.1691
2.16723
2.1654
2.16363
2.1619
2.16023
2.15862
2.15708
2.1556
2.15419
2.15284
2.15158
2.15038
2.14927
2.14823
2.14726
2.14638
2.14558
2.14487
2.14423
2.14368
2.14321
2.14283
2.14254
2.14233
2.14221
2.14217
2.14222
2.14236
2.14259
2.1429
2.1433
2.14378
2.14436
2.14502
2.14577
2.1466
2.14753
2.14853
2.14963
2.15081
2.15208
2.15343
2.15487
2.15639
2.158
2.15969
2.16147
2.16333
2.16527
2.16729
2.1694
2.17159
2.17385
2.17621
2.17864
2.18114
2.18373
2.1864
2.18914
2.19197
2.19486
2.19784
2.20089
2.20402
2.20722
2.21049
2.21384
2.21726
2.22076
2.22433
2.22797
2.23168
2.23546
2.2393
2.24322
2.24721
2.25126
2.25539
2.25958
2.26384
2.26817
2.27256
2.27702
2.28154
2.28613
2.29078
2.29549
2.30027
2.30512
2.31002
2.31499
2.32002
2.32512
2.33028
2.3355
2.34078
2.34612
2.35153
2.357
2.36253
2.36813
2.37378
2.3795
2.38529
2.39114
2.39705
2.40302
2.40906
2.41517
2.42133
2.42757
2.43387
2.44024
2.44667
2.45317
2.45974
2.46638
2.47309
2.47987
2.48672
2.49364
2.50064
2.5077
2.51485
2.52206
2.52935
2.53671
2.54415
2.55167
2.55927
2.56694
2.57469
2.58252
2.59043
2.59841
2.60648
2.61463
2.62286
2.63117
2.63956
2.64803
2.65659
2.66522
2.67394
2.68273
2.69161
2.70056
2.7096
2.71872
2.72791
2.73718
2.74654
2.75597
2.76548
2.77506
2.78472
2.79445
2.80426
2.81414
2.82409
2.83411
2.8442
1.64163
1.63026
1.619
1.60786
1.59685
1.58599
1.57528
1.56473
1.55435
1.54416
1.53415
1.52435
1.51477
1.50541
1.49628
1.4874
1.47878
1.47043
1.46235
1.45457
1.44709
1.43992
1.43308
1.42658
1.42043
1.41463
1.40921
1.40417
1.39952
1.39527
1.39143
1.38803
1.38505
1.38251
1.38043
1.3788
1.37764
1.37696
1.37675
1.37703
1.3778
1.37906
1.38083
1.3831
1.38587
1.38915
1.39293
1.39722
1.40202
1.40731
1.41311
1.41941
1.4262
1.43347
1.44123
1.44947
1.45817
1.46733
1.47695
1.48701
1.49751
1.50843
1.51978
1.53152
1.54366
1.55618
1.56907
1.58232
1.59591
1.60984
1.62409
1.63864
1.65348
1.6686
1.68399
1.69962
1.71548
1.73156
1.74783
1.76429
1.78091
1.79768
1.81457
1.83156
1.84863
1.86577
1.88293
1.90011
1.91726
1.93437
1.9514
1.9683
1.98506
2.00161
2.01793
2.03397
2.04966
2.06498
2.07984
2.0942
2.108
2.12117
2.13365
2.14539
2.15634
2.16645
2.1757
2.18405
2.1915
2.19807
2.20376
2.20862
2.21268
2.216
2.21864
2.22064
2.22207
2.223
2.22347
2.22353
2.22325
2.22265
2.22179
2.2207
2.21941
2.21796
2.21636
2.21466
2.21286
2.21098
2.20905
2.20707
2.20506
2.20304
2.20101
2.19898
2.19697
2.19498
2.19301
2.19108
2.18918
2.18733
2.18552
2.18377
2.18208
2.18044
2.17886
2.17735
2.17591
2.17454
2.17324
2.17201
2.17086
2.16978
2.16878
2.16786
2.16702
2.16627
2.16559
2.16499
2.16448
2.16405
2.16371
2.16345
2.16328
2.16319
2.16319
2.16327
2.16344
2.16369
2.16403
2.16446
2.16497
2.16557
2.16625
2.16702
2.16787
2.16881
2.16983
2.17094
2.17214
2.17341
2.17477
2.17622
2.17775
2.17935
2.18105
2.18282
2.18468
2.18662
2.18864
2.19073
2.19291
2.19517
2.19751
2.19992
2.20241
2.20498
2.20763
2.21035
2.21315
2.21603
2.21897
2.22199
2.22509
2.22826
2.2315
2.23482
2.2382
2.24166
2.24519
2.24879
2.25245
2.25619
2.25999
2.26386
2.2678
2.27181
2.27588
2.28002
2.28423
2.2885
2.29284
2.29724
2.3017
2.30623
2.31082
2.31547
2.32019
2.32497
2.32981
2.33471
2.33968
2.3447
2.3498
2.35495
2.36016
2.36543
2.37077
2.37617
2.38163
2.38715
2.39273
2.39838
2.4041
2.40987
2.41571
2.42161
2.42758
2.43361
2.4397
2.44587
2.4521
2.45839
2.46476
2.47119
2.47769
2.48426
2.49091
2.49762
2.5044
2.51126
2.51819
2.5252
2.53228
2.53943
2.54666
2.55397
2.56135
2.56881
2.57635
2.58397
2.59167
2.59945
2.6073
2.61524
2.62326
2.63136
2.63954
2.6478
2.65614
2.66457
2.67308
2.68167
2.69033
2.69908
2.70791
2.71682
2.72581
2.73488
2.74403
2.75325
2.76256
2.77194
2.78139
2.79092
2.80053
2.81021
2.81996
2.82978
2.83967
1.61414
1.60273
1.59143
1.58027
1.56924
1.55836
1.54763
1.53706
1.52668
1.51647
1.50647
1.49668
1.4871
1.47775
1.46865
1.45979
1.4512
1.44289
1.43486
1.42713
1.41971
1.41262
1.40585
1.39944
1.39338
1.38769
1.38238
1.37746
1.37294
1.36884
1.36516
1.36192
1.35912
1.35677
1.35488
1.35346
1.35252
1.35207
1.35211
1.35264
1.35367
1.35521
1.35726
1.35983
1.3629
1.36649
1.3706
1.37522
1.38035
1.386
1.39215
1.3988
1.40596
1.4136
1.42174
1.43035
1.43944
1.44899
1.459
1.46945
1.48034
1.49166
1.5034
1.51554
1.52808
1.54101
1.5543
1.56795
1.58195
1.59628
1.61093
1.62589
1.64114
1.65667
1.67246
1.68851
1.70479
1.72129
1.73799
1.75487
1.77193
1.78914
1.80648
1.82393
1.84148
1.8591
1.87677
1.89446
1.91215
1.92982
1.94743
1.96495
1.98235
1.99958
2.01662
2.03341
2.04992
2.06608
2.08185
2.09718
2.11199
2.12622
2.13983
2.15273
2.16488
2.17621
2.18669
2.19627
2.20493
2.21266
2.21947
2.22537
2.2304
2.23461
2.23805
2.24077
2.24284
2.24432
2.24528
2.24577
2.24584
2.24555
2.24495
2.24407
2.24296
2.24166
2.24018
2.23857
2.23683
2.23501
2.2331
2.23114
2.22913
2.2271
2.22505
2.22299
2.22094
2.2189
2.21688
2.21488
2.21291
2.21099
2.20911
2.20727
2.20549
2.20376
2.20209
2.20048
2.19894
2.19746
2.19605
2.19471
2.19344
2.19225
2.19113
2.19009
2.18913
2.18825
2.18744
2.18672
2.18607
2.18551
2.18503
2.18464
2.18432
2.18409
2.18395
2.18389
2.18391
2.18402
2.18421
2.18448
2.18484
2.18529
2.18582
2.18643
2.18712
2.1879
2.18877
2.18972
2.19075
2.19186
2.19306
2.19434
2.1957
2.19714
2.19867
2.20027
2.20196
2.20373
2.20557
2.2075
2.2095
2.21159
2.21375
2.21599
2.2183
2.2207
2.22317
2.22571
2.22833
2.23102
2.23379
2.23663
2.23955
2.24254
2.2456
2.24873
2.25193
2.25521
2.25855
2.26196
2.26545
2.26899
2.27261
2.2763
2.28006
2.28388
2.28776
2.29172
2.29573
2.29982
2.30396
2.30817
2.31245
2.31679
2.32119
2.32565
2.33018
2.33476
2.33941
2.34413
2.3489
2.35373
2.35863
2.36359
2.3686
2.37368
2.37882
2.38402
2.38929
2.39461
2.39999
2.40544
2.41095
2.41653
2.42217
2.42787
2.43363
2.43946
2.44535
2.45131
2.45733
2.46342
2.46958
2.47581
2.4821
2.48846
2.4949
2.50141
2.50798
2.51463
2.52135
2.52814
2.53501
2.54196
2.54898
2.55607
2.56324
2.57049
2.57782
2.58523
2.59272
2.60028
2.60793
2.61565
2.62346
2.63135
2.63932
2.64737
2.65551
2.66373
2.67203
2.6804
2.68886
2.6974
2.70603
2.71473
2.72351
2.73238
2.74132
2.75034
2.75944
2.76862
2.77787
2.7872
2.79661
2.80609
2.81563
2.82526
2.83495
1.58668
1.57524
1.56392
1.55272
1.54167
1.53076
1.52002
1.50944
1.49904
1.48884
1.47883
1.46904
1.45947
1.45014
1.44106
1.43223
1.42367
1.4154
1.40742
1.39974
1.39239
1.38536
1.37868
1.37235
1.36638
1.3608
1.35561
1.35081
1.34644
1.34248
1.33896
1.33588
1.33326
1.33111
1.32942
1.32822
1.32751
1.32729
1.32757
1.32837
1.32967
1.33149
1.33383
1.33669
1.34008
1.34399
1.34842
1.35338
1.35886
1.36485
1.37136
1.37838
1.3859
1.39392
1.40243
1.41142
1.4209
1.43083
1.44123
1.45207
1.46336
1.47507
1.48721
1.49975
1.51268
1.526
1.53969
1.55374
1.56813
1.58286
1.5979
1.61326
1.62891
1.64483
1.66102
1.67747
1.69415
1.71105
1.72815
1.74545
1.76292
1.78055
1.79831
1.8162
1.83419
1.85226
1.87039
1.88857
1.90676
1.92494
1.94308
1.96116
1.97915
1.997
2.01469
2.03217
2.04941
2.06636
2.08295
2.09916
2.1149
2.13014
2.14479
2.1588
2.1721
2.18463
2.19632
2.20714
2.21704
2.22599
2.23398
2.24101
2.2471
2.2523
2.25663
2.26017
2.26297
2.26509
2.26661
2.26758
2.26807
2.26814
2.26784
2.26722
2.26632
2.26519
2.26385
2.26234
2.2607
2.25893
2.25707
2.25513
2.25314
2.2511
2.24903
2.24695
2.24486
2.24277
2.24069
2.23864
2.23661
2.23461
2.23265
2.23073
2.22886
2.22704
2.22527
2.22356
2.22192
2.22033
2.21881
2.21736
2.21598
2.21467
2.21343
2.21227
2.21118
2.21017
2.20924
2.20839
2.20761
2.20691
2.20629
2.20576
2.2053
2.20493
2.20464
2.20444
2.20431
2.20427
2.20431
2.20443
2.20464
2.20493
2.2053
2.20575
2.20629
2.20692
2.20761
2.2084
2.20927
2.21022
2.21125
2.21236
2.21355
2.21482
2.21618
2.21761
2.21913
2.22072
2.22239
2.22414
2.22597
2.22788
2.22987
2.23193
2.23406
2.23628
2.23857
2.24093
2.24337
2.24588
2.24847
2.25113
2.25386
2.25667
2.25954
2.26249
2.26551
2.2686
2.27176
2.27499
2.27828
2.28165
2.28508
2.28857
2.29214
2.29577
2.29947
2.30324
2.30707
2.31096
2.31492
2.31894
2.32302
2.32717
2.33138
2.33565
2.33999
2.34438
2.34884
2.35336
2.35794
2.36258
2.36728
2.37204
2.37686
2.38174
2.38669
2.39169
2.39676
2.40188
2.40707
2.41232
2.41763
2.423
2.42844
2.43394
2.4395
2.44512
2.45081
2.45656
2.46238
2.46827
2.47422
2.48024
2.48632
2.49248
2.4987
2.505
2.51137
2.5178
2.52431
2.5309
2.53756
2.54429
2.5511
2.55798
2.56494
2.57198
2.5791
2.58629
2.59357
2.60093
2.60836
2.61588
2.62347
2.63115
2.63891
2.64676
2.65468
2.66269
2.67078
2.67895
2.6872
2.69554
2.70395
2.71245
2.72103
2.72969
2.73843
2.74724
2.75614
2.76511
2.77417
2.78329
2.7925
2.80177
2.81112
2.82055
2.83004
1.55928
1.54781
1.53645
1.52523
1.51415
1.50323
1.49246
1.48187
1.47146
1.46125
1.45125
1.44146
1.4319
1.42258
1.41352
1.40472
1.3962
1.38796
1.38003
1.37241
1.36511
1.35816
1.35156
1.34532
1.33945
1.33398
1.3289
1.32424
1.32
1.3162
1.31284
1.30994
1.3075
1.30554
1.30407
1.30308
1.3026
1.30262
1.30316
1.30422
1.3058
1.30791
1.31054
1.31371
1.31742
1.32165
1.32642
1.33172
1.33754
1.34389
1.35076
1.35815
1.36604
1.37443
1.38332
1.3927
1.40256
1.41289
1.42367
1.43491
1.44659
1.45869
1.47122
1.48415
1.49748
1.51119
1.52527
1.5397
1.55448
1.5696
1.58503
1.60077
1.6168
1.63312
1.64969
1.66652
1.68358
1.70087
1.71836
1.73605
1.75392
1.77194
1.79011
1.8084
1.82681
1.8453
1.86387
1.88249
1.90114
1.91979
1.93843
1.95702
1.97554
1.99396
2.01224
2.03035
2.04825
2.0659
2.08325
2.10026
2.11686
2.13301
2.14863
2.16367
2.17806
2.19173
2.20461
2.21665
2.22779
2.23799
2.2472
2.25543
2.26267
2.26894
2.27428
2.27873
2.28235
2.2852
2.28737
2.2889
2.28988
2.29037
2.29042
2.2901
2.28945
2.28852
2.28735
2.28597
2.28443
2.28274
2.28093
2.27903
2.27705
2.27502
2.27294
2.27084
2.26872
2.26659
2.26446
2.26234
2.26025
2.25818
2.25614
2.25414
2.25218
2.25027
2.24841
2.2466
2.24485
2.24316
2.24153
2.23997
2.23847
2.23704
2.23568
2.2344
2.23318
2.23204
2.23098
2.22999
2.22908
2.22825
2.22749
2.22681
2.22622
2.2257
2.22527
2.22491
2.22463
2.22444
2.22433
2.2243
2.22435
2.22448
2.2247
2.22499
2.22537
2.22583
2.22636
2.22699
2.22769
2.22847
2.22933
2.23027
2.2313
2.2324
2.23358
2.23484
2.23618
2.2376
2.2391
2.24067
2.24232
2.24405
2.24586
2.24774
2.2497
2.25173
2.25384
2.25602
2.25827
2.2606
2.26301
2.26548
2.26803
2.27065
2.27334
2.2761
2.27893
2.28184
2.28481
2.28785
2.29096
2.29413
2.29738
2.30068
2.30406
2.3075
2.31101
2.31459
2.31823
2.32193
2.3257
2.32953
2.33342
2.33738
2.34139
2.34547
2.34961
2.35382
2.35808
2.36241
2.36679
2.37124
2.37574
2.38031
2.38494
2.38962
2.39437
2.39917
2.40404
2.40897
2.41395
2.419
2.42411
2.42928
2.43452
2.43982
2.44517
2.45059
2.45608
2.46162
2.46724
2.47292
2.47866
2.48447
2.49035
2.4963
2.50231
2.5084
2.51456
2.52079
2.52709
2.53346
2.53991
2.54643
2.55303
2.5597
2.56645
2.57328
2.58018
2.58717
2.59423
2.60138
2.6086
2.61591
2.6233
2.63076
2.63831
2.64595
2.65366
2.66146
2.66934
2.67731
2.68535
2.69348
2.70169
2.70998
2.71835
2.72681
2.73534
2.74396
2.75265
2.76142
2.77027
2.77919
2.7882
2.79727
2.80642
2.81565
2.82494
1.53194
1.52043
1.50905
1.4978
1.48669
1.47575
1.46496
1.45436
1.44394
1.43372
1.42372
1.41393
1.40438
1.39508
1.38604
1.37726
1.36877
1.36058
1.35269
1.34513
1.3379
1.33102
1.3245
1.31835
1.31259
1.30723
1.30227
1.29774
1.29365
1.29
1.28681
1.28408
1.28184
1.28008
1.27881
1.27806
1.27781
1.27808
1.27888
1.28021
1.28207
1.28448
1.28742
1.2909
1.29493
1.29949
1.3046
1.31024
1.31642
1.32313
1.33037
1.33812
1.34639
1.35517
1.36444
1.3742
1.38445
1.39517
1.40634
1.41797
1.43004
1.44253
1.45545
1.46877
1.48249
1.49658
1.51104
1.52587
1.54103
1.55652
1.57233
1.58845
1.60486
1.62154
1.63849
1.65569
1.67313
1.69079
1.70865
1.72671
1.74495
1.76335
1.7819
1.80058
1.81938
1.83827
1.85724
1.87628
1.89535
1.91444
1.93353
1.9526
1.9716
1.99053
2.00935
2.02803
2.04653
2.06482
2.08285
2.10058
2.11796
2.13494
2.15145
2.16744
2.18284
2.19758
2.2116
2.22482
2.23717
2.24861
2.25908
2.26855
2.277
2.28443
2.29086
2.29633
2.30087
2.30456
2.30746
2.30965
2.31119
2.31216
2.31263
2.31266
2.3123
2.31161
2.31064
2.30943
2.30801
2.30642
2.30468
2.30283
2.30088
2.29886
2.29678
2.29466
2.29251
2.29034
2.28817
2.286
2.28384
2.2817
2.27958
2.2775
2.27546
2.27345
2.2715
2.26959
2.26773
2.26593
2.2642
2.26252
2.2609
2.25936
2.25787
2.25646
2.25512
2.25385
2.25266
2.25154
2.25049
2.24952
2.24862
2.2478
2.24706
2.2464
2.24581
2.24531
2.24488
2.24454
2.24427
2.24408
2.24398
2.24395
2.24401
2.24414
2.24435
2.24465
2.24502
2.24547
2.24601
2.24662
2.24731
2.24808
2.24893
2.24986
2.25087
2.25195
2.25312
2.25436
2.25568
2.25707
2.25854
2.26009
2.26172
2.26342
2.26519
2.26704
2.26897
2.27096
2.27303
2.27518
2.2774
2.27969
2.28205
2.28448
2.28698
2.28955
2.2922
2.29491
2.2977
2.30055
2.30347
2.30645
2.30951
2.31262
2.31581
2.31906
2.32238
2.32576
2.32921
2.33272
2.3363
2.33993
2.34364
2.3474
2.35123
2.35511
2.35906
2.36307
2.36714
2.37127
2.37546
2.37971
2.38402
2.38839
2.39282
2.39731
2.40186
2.40646
2.41113
2.41586
2.42065
2.4255
2.4304
2.43537
2.4404
2.4455
2.45066
2.45587
2.46115
2.4665
2.4719
2.47738
2.48291
2.48852
2.49419
2.49993
2.50574
2.51161
2.51756
2.52358
2.52967
2.53583
2.54207
2.54838
2.55477
2.56123
2.56777
2.57439
2.58108
2.58786
2.59471
2.60164
2.60866
2.61575
2.62293
2.63019
2.63753
2.64495
2.65246
2.66005
2.66772
2.67548
2.68332
2.69124
2.69924
2.70733
2.71549
2.72375
2.73207
2.74048
2.74897
2.75754
2.76619
2.77491
2.78371
2.79259
2.80154
2.81057
2.81966
1.50467
1.49312
1.48171
1.47043
1.4593
1.44833
1.43753
1.42691
1.41648
1.40626
1.39625
1.38647
1.37693
1.36764
1.35862
1.34987
1.34141
1.33326
1.32542
1.31792
1.31076
1.30395
1.29751
1.29146
1.2858
1.28055
1.27572
1.27133
1.26738
1.26389
1.26087
1.25832
1.25627
1.25472
1.25368
1.25315
1.25315
1.25368
1.25474
1.25635
1.2585
1.2612
1.26446
1.26826
1.27261
1.27752
1.28297
1.28897
1.29551
1.30259
1.31019
1.31832
1.32697
1.33613
1.34579
1.35594
1.36658
1.37768
1.38925
1.40127
1.41373
1.42661
1.43992
1.45363
1.46772
1.4822
1.49704
1.51224
1.52778
1.54365
1.55983
1.57631
1.59309
1.61014
1.62745
1.64501
1.6628
1.68082
1.69904
1.71746
1.73606
1.75482
1.77373
1.79278
1.81194
1.83121
1.85056
1.86998
1.88945
1.90895
1.92845
1.94795
1.96741
1.98681
2.00611
2.02531
2.04435
2.06321
2.08186
2.10024
2.11832
2.13605
2.15336
2.17022
2.18654
2.20228
2.21735
2.23168
2.24521
2.25786
2.26958
2.28031
2.29001
2.29867
2.30627
2.31284
2.31842
2.32305
2.32679
2.32972
2.33192
2.33346
2.33441
2.33485
2.33484
2.33444
2.3337
2.33268
2.33141
2.32994
2.32829
2.32651
2.3246
2.3226
2.32053
2.3184
2.31623
2.31403
2.31181
2.30959
2.30737
2.30516
2.30297
2.30081
2.29868
2.29658
2.29453
2.29252
2.29056
2.28865
2.2868
2.28501
2.28328
2.28161
2.28001
2.27847
2.277
2.2756
2.27427
2.27301
2.27183
2.27071
2.26968
2.26872
2.26783
2.26702
2.26628
2.26563
2.26505
2.26455
2.26412
2.26378
2.26351
2.26333
2.26322
2.26319
2.26324
2.26337
2.26358
2.26386
2.26422
2.26466
2.26518
2.26578
2.26645
2.26721
2.26804
2.26895
2.26993
2.27099
2.27213
2.27335
2.27464
2.276
2.27744
2.27896
2.28055
2.28222
2.28395
2.28576
2.28765
2.28961
2.29164
2.29374
2.29591
2.29815
2.30047
2.30285
2.3053
2.30783
2.31042
2.31308
2.31581
2.31861
2.32147
2.3244
2.32739
2.33045
2.33358
2.33677
2.34002
2.34334
2.34672
2.35017
2.35367
2.35724
2.36087
2.36457
2.36832
2.37214
2.37601
2.37995
2.38394
2.388
2.39211
2.39628
2.40051
2.40481
2.40916
2.41357
2.41803
2.42256
2.42715
2.4318
2.43651
2.44127
2.4461
2.45099
2.45595
2.46096
2.46604
2.47118
2.47638
2.48164
2.48698
2.49237
2.49784
2.50337
2.50897
2.51464
2.52037
2.52618
2.53206
2.53802
2.54404
2.55015
2.55632
2.56257
2.5689
2.57531
2.58179
2.58836
2.595
2.60172
2.60853
2.61541
2.62238
2.62943
2.63656
2.64377
2.65107
2.65846
2.66592
2.67347
2.6811
2.68882
2.69661
2.70449
2.71245
2.7205
2.72863
2.73683
2.74512
2.75348
2.76193
2.77045
2.77905
2.78773
2.79648
2.8053
2.8142
1.47747
1.46589
1.45445
1.44314
1.43198
1.42099
1.41017
1.39953
1.38909
1.37886
1.36885
1.35908
1.34954
1.34027
1.33127
1.32254
1.31412
1.30601
1.29822
1.29078
1.28368
1.27695
1.2706
1.26464
1.25909
1.25395
1.24925
1.245
1.2412
1.23787
1.23503
1.23267
1.23082
1.22948
1.22866
1.22837
1.22862
1.22941
1.23075
1.23265
1.2351
1.23811
1.24168
1.24581
1.2505
1.25575
1.26156
1.26792
1.27482
1.28227
1.29025
1.29876
1.3078
1.31734
1.32739
1.33793
1.34896
1.36045
1.37241
1.38482
1.39767
1.41095
1.42464
1.43873
1.45321
1.46806
1.48328
1.49885
1.51476
1.53099
1.54754
1.56438
1.58151
1.59892
1.61658
1.63449
1.65263
1.67099
1.68956
1.70832
1.72726
1.74637
1.76562
1.78502
1.80453
1.82415
1.84385
1.86363
1.88348
1.90335
1.92324
1.94314
1.96301
1.98283
2.00259
2.02225
2.04178
2.06116
2.08036
2.09933
2.11803
2.13643
2.15448
2.17211
2.18927
2.20591
2.22195
2.23732
2.25195
2.26576
2.27869
2.29067
2.30164
2.31156
2.3204
2.32816
2.33486
2.34053
2.34523
2.34902
2.35197
2.35416
2.35568
2.3566
2.357
2.35694
2.35648
2.35569
2.35461
2.35329
2.35175
2.35005
2.3482
2.34624
2.34418
2.34205
2.33987
2.33764
2.33538
2.33311
2.33083
2.32856
2.3263
2.32405
2.32184
2.31965
2.3175
2.31539
2.31333
2.31131
2.30935
2.30744
2.30559
2.3038
2.30207
2.30041
2.29881
2.29728
2.29581
2.29442
2.29309
2.29184
2.29066
2.28955
2.28852
2.28756
2.28667
2.28586
2.28513
2.28447
2.28389
2.28339
2.28296
2.28261
2.28234
2.28214
2.28203
2.28199
2.28203
2.28214
2.28233
2.28259
2.28294
2.28336
2.28386
2.28444
2.28509
2.28582
2.28662
2.2875
2.28846
2.28949
2.2906
2.29178
2.29303
2.29436
2.29577
2.29725
2.2988
2.30042
2.30212
2.30389
2.30573
2.30764
2.30962
2.31167
2.3138
2.31599
2.31825
2.32058
2.32298
2.32545
2.32799
2.33059
2.33326
2.33599
2.3388
2.34166
2.34459
2.34759
2.35065
2.35377
2.35696
2.36021
2.36352
2.3669
2.37034
2.37383
2.37739
2.38101
2.38469
2.38843
2.39223
2.39609
2.40001
2.40398
2.40802
2.41211
2.41626
2.42048
2.42475
2.42907
2.43346
2.43791
2.44242
2.44698
2.45161
2.4563
2.46105
2.46586
2.47073
2.47567
2.48066
2.48572
2.49085
2.49604
2.5013
2.50662
2.51201
2.51747
2.523
2.5286
2.53427
2.54002
2.54583
2.55172
2.55769
2.56373
2.56985
2.57604
2.58232
2.58867
2.5951
2.60162
2.60821
2.61489
2.62165
2.62849
2.63541
2.64241
2.6495
2.65668
2.66394
2.67128
2.6787
2.68621
2.6938
2.70148
2.70923
2.71708
2.725
2.733
2.74108
2.74925
2.75749
2.76581
2.77421
2.78268
2.79123
2.79986
2.80856
1.45036
1.43875
1.42727
1.41593
1.40475
1.39373
1.38289
1.37224
1.36179
1.35155
1.34153
1.33176
1.32223
1.31297
1.30399
1.29529
1.2869
1.27883
1.2711
1.26371
1.25668
1.25003
1.24376
1.2379
1.23245
1.22744
1.22287
1.21876
1.21512
1.21196
1.20929
1.20713
1.20548
1.20436
1.20378
1.20373
1.20424
1.2053
1.20692
1.20911
1.21187
1.21519
1.21909
1.22356
1.22859
1.2342
1.24036
1.24709
1.25437
1.26219
1.27056
1.27945
1.28888
1.29881
1.30925
1.32019
1.33161
1.3435
1.35585
1.36865
1.38189
1.39555
1.40962
1.42409
1.43895
1.45418
1.46977
1.48571
1.50198
1.51857
1.53547
1.55267
1.57015
1.5879
1.6059
1.62415
1.64263
1.66132
1.68023
1.69932
1.71859
1.73802
1.75761
1.77733
1.79717
1.81712
1.83716
1.85729
1.87747
1.89769
1.91795
1.93821
1.95846
1.97867
1.99884
2.01892
2.0389
2.05875
2.07844
2.09794
2.1172
2.13621
2.15489
2.17322
2.19114
2.20859
2.22551
2.24183
2.25748
2.27238
2.28646
2.29964
2.31186
2.32305
2.33316
2.34218
2.35009
2.3569
2.36265
2.3674
2.37121
2.37417
2.37635
2.37784
2.37872
2.37906
2.37895
2.37843
2.37758
2.37643
2.37504
2.37344
2.37167
2.36976
2.36773
2.36561
2.36341
2.36116
2.35887
2.35656
2.35423
2.35189
2.34956
2.34723
2.34493
2.34266
2.34041
2.3382
2.33603
2.33391
2.33184
2.32981
2.32784
2.32593
2.32407
2.32228
2.32055
2.31888
2.31728
2.31575
2.31428
2.31289
2.31156
2.31031
2.30913
2.30801
2.30698
2.30601
2.30512
2.3043
2.30356
2.3029
2.30231
2.3018
2.30136
2.301
2.30071
2.3005
2.30037
2.30031
2.30032
2.30041
2.30058
2.30083
2.30115
2.30154
2.30202
2.30256
2.30319
2.30389
2.30466
2.3055
2.30643
2.30742
2.30849
2.30963
2.31085
2.31213
2.31349
2.31493
2.31643
2.31801
2.31966
2.32138
2.32317
2.32503
2.32696
2.32896
2.33103
2.33316
2.33537
2.33765
2.33999
2.3424
2.34487
2.34741
2.35002
2.35269
2.35543
2.35823
2.36109
2.36402
2.36702
2.37007
2.37319
2.37637
2.37961
2.38292
2.38628
2.3897
2.39319
2.39673
2.40033
2.40399
2.40771
2.41149
2.41533
2.41923
2.42318
2.42719
2.43127
2.4354
2.43958
2.44383
2.44814
2.4525
2.45693
2.46141
2.46596
2.47057
2.47524
2.47997
2.48476
2.48961
2.49453
2.49952
2.50457
2.50968
2.51487
2.52012
2.52544
2.53083
2.53629
2.54183
2.54743
2.55312
2.55887
2.5647
2.57061
2.5766
2.58266
2.5888
2.59503
2.60133
2.60772
2.61418
2.62073
2.62736
2.63408
2.64088
2.64776
2.65473
2.66177
2.66891
2.67613
2.68343
2.69082
2.69829
2.70584
2.71348
2.72119
2.72899
2.73687
2.74483
2.75287
2.76099
2.76919
2.77746
2.78582
2.79424
2.80274
1.42334
1.41169
1.40018
1.38881
1.3776
1.36656
1.35569
1.34503
1.33456
1.32431
1.31429
1.30452
1.295
1.28575
1.27679
1.26812
1.25976
1.25174
1.24405
1.23672
1.22976
1.22318
1.21701
1.21124
1.20591
1.20102
1.19658
1.19262
1.18914
1.18615
1.18367
1.1817
1.18027
1.17938
1.17903
1.17924
1.18001
1.18135
1.18327
1.18576
1.18883
1.19247
1.1967
1.20151
1.20691
1.21287
1.2194
1.2265
1.23416
1.24237
1.25112
1.26041
1.27023
1.28056
1.29139
1.30273
1.31454
1.32682
1.33957
1.35276
1.36638
1.38043
1.39488
1.40973
1.42496
1.44056
1.45652
1.47282
1.48945
1.5064
1.52365
1.54119
1.55901
1.57709
1.59543
1.61401
1.63281
1.65183
1.67105
1.69046
1.71005
1.7298
1.7497
1.76973
1.78989
1.81015
1.83051
1.85096
1.87146
1.89201
1.9126
1.9332
1.9538
1.97438
1.99491
2.01538
2.03577
2.05604
2.07618
2.09615
2.11592
2.13546
2.15472
2.17367
2.19226
2.21044
2.22814
2.24532
2.26189
2.27779
2.29294
2.30726
2.32068
2.33311
2.34451
2.35481
2.36398
2.37201
2.37893
2.38475
2.38954
2.39337
2.39632
2.39847
2.39992
2.40075
2.40103
2.40085
2.40026
2.39933
2.39811
2.39664
2.39497
2.39313
2.39115
2.38905
2.38686
2.3846
2.38228
2.37992
2.37754
2.37514
2.37274
2.37035
2.36796
2.3656
2.36325
2.36095
2.35867
2.35644
2.35425
2.35211
2.35002
2.34799
2.346
2.34408
2.34222
2.34041
2.33868
2.337
2.3354
2.33385
2.33238
2.33098
2.32965
2.32838
2.32719
2.32607
2.32502
2.32404
2.32314
2.32231
2.32156
2.32088
2.32028
2.31975
2.31929
2.31891
2.3186
2.31837
2.31821
2.31812
2.31811
2.31817
2.31831
2.31853
2.31882
2.31918
2.31962
2.32013
2.32072
2.32138
2.32211
2.32292
2.3238
2.32475
2.32577
2.32687
2.32804
2.32928
2.3306
2.33198
2.33344
2.33496
2.33656
2.33822
2.33996
2.34176
2.34364
2.34558
2.34759
2.34967
2.35181
2.35403
2.35631
2.35865
2.36107
2.36354
2.36608
2.36868
2.37135
2.37409
2.37689
2.37975
2.38267
2.38565
2.3887
2.39181
2.39497
2.3982
2.40149
2.40483
2.40824
2.4117
2.41523
2.41881
2.42245
2.42615
2.42991
2.43372
2.43759
2.44152
2.44551
2.44956
2.45367
2.45783
2.46205
2.46634
2.47068
2.47508
2.47955
2.48408
2.48867
2.49332
2.49803
2.50281
2.50765
2.51256
2.51754
2.52258
2.5277
2.53288
2.53813
2.54346
2.54885
2.55433
2.55987
2.5655
2.57119
2.57697
2.58283
2.58876
2.59477
2.60087
2.60704
2.6133
2.61964
2.62606
2.63257
2.63916
2.64584
2.6526
2.65944
2.66637
2.67338
2.68047
2.68766
2.69492
2.70227
2.7097
2.71722
2.72481
2.73249
2.74025
2.74809
2.756
2.764
2.77207
2.78022
2.78845
2.79674
1.39642
1.38474
1.37319
1.36179
1.35055
1.33948
1.32859
1.31791
1.30743
1.29717
1.28714
1.27737
1.26785
1.25862
1.24967
1.24103
1.23271
1.22472
1.21709
1.20981
1.20292
1.19643
1.19034
1.18468
1.17946
1.17469
1.17039
1.16658
1.16326
1.16045
1.15816
1.1564
1.15519
1.15453
1.15443
1.1549
1.15595
1.15757
1.15978
1.16259
1.16598
1.16996
1.17453
1.1797
1.18545
1.19178
1.19869
1.20617
1.21421
1.22281
1.23196
1.24165
1.25186
1.26259
1.27383
1.28555
1.29776
1.31045
1.32358
1.33716
1.35117
1.3656
1.38044
1.39566
1.41127
1.42723
1.44355
1.46021
1.47719
1.49448
1.51207
1.52995
1.54811
1.56652
1.58518
1.60408
1.6232
1.64253
1.66206
1.68178
1.70167
1.72172
1.74192
1.76225
1.78271
1.80327
1.82393
1.84467
1.86548
1.88635
1.90724
1.92816
1.94908
1.96999
1.99086
2.01169
2.03244
2.0531
2.07364
2.09403
2.11425
2.13427
2.15405
2.17355
2.19274
2.21156
2.22997
2.2479
2.2653
2.28211
2.29823
2.31361
2.32815
2.34178
2.35442
2.366
2.37646
2.38578
2.39393
2.40092
2.4068
2.41162
2.41546
2.41838
2.4205
2.4219
2.42266
2.42288
2.42262
2.42195
2.42095
2.41964
2.4181
2.41635
2.41442
2.41236
2.41019
2.40792
2.40559
2.4032
2.40077
2.39832
2.39585
2.39338
2.39091
2.38846
2.38603
2.38362
2.38124
2.3789
2.3766
2.37434
2.37213
2.36997
2.36786
2.3658
2.36381
2.36187
2.35999
2.35818
2.35643
2.35474
2.35312
2.35157
2.35008
2.34866
2.34731
2.34604
2.34483
2.34369
2.34263
2.34163
2.34071
2.33986
2.33909
2.33838
2.33775
2.3372
2.33671
2.3363
2.33597
2.3357
2.33551
2.33539
2.33535
2.33538
2.33549
2.33567
2.33592
2.33624
2.33664
2.33711
2.33765
2.33827
2.33896
2.33972
2.34055
2.34146
2.34243
2.34348
2.3446
2.34579
2.34705
2.34838
2.34978
2.35125
2.35279
2.3544
2.35608
2.35782
2.35964
2.36152
2.36347
2.36548
2.36757
2.36971
2.37193
2.37421
2.37655
2.37896
2.38143
2.38397
2.38657
2.38923
2.39196
2.39475
2.3976
2.40051
2.40348
2.40651
2.4096
2.41275
2.41596
2.41922
2.42255
2.42593
2.42938
2.43288
2.43644
2.44005
2.44373
2.44746
2.45125
2.4551
2.459
2.46297
2.46699
2.47107
2.47521
2.47941
2.48367
2.488
2.49238
2.49683
2.50134
2.50591
2.51055
2.51525
2.52002
2.52486
2.52977
2.53474
2.53979
2.5449
2.55009
2.55536
2.56069
2.56611
2.5716
2.57717
2.58281
2.58854
2.59434
2.60023
2.60619
2.61224
2.61838
2.62459
2.63089
2.63727
2.64374
2.65029
2.65693
2.66365
2.67046
2.67735
2.68432
2.69139
2.69853
2.70576
2.71307
2.72046
2.72793
2.73549
2.74312
2.75084
2.75863
2.76651
2.77445
2.78248
2.79058
1.36962
1.3579
1.34631
1.33488
1.32361
1.3125
1.3016
1.29089
1.28039
1.27012
1.26009
1.25031
1.2408
1.23157
1.22265
1.21403
1.20574
1.19779
1.19021
1.183
1.17617
1.16976
1.16376
1.15821
1.1531
1.14846
1.1443
1.14064
1.1375
1.13487
1.13278
1.13123
1.13025
1.12983
1.12998
1.13072
1.13205
1.13397
1.13649
1.13961
1.14334
1.14766
1.15259
1.15812
1.16424
1.17094
1.17824
1.1861
1.19454
1.20354
1.21309
1.22317
1.23379
1.24492
1.25656
1.26869
1.2813
1.29438
1.30791
1.32188
1.33628
1.35109
1.3663
1.3819
1.39787
1.4142
1.43087
1.44788
1.4652
1.48284
1.50077
1.51898
1.53746
1.55619
1.57517
1.59438
1.6138
1.63344
1.65327
1.67328
1.69346
1.7138
1.73429
1.75491
1.77565
1.79649
1.81744
1.83846
1.85956
1.88071
1.9019
1.92311
1.94433
1.96554
1.98673
2.00788
2.02897
2.04997
2.07088
2.09166
2.11228
2.13273
2.15296
2.17296
2.19267
2.21206
2.23109
2.2497
2.26784
2.28544
2.30245
2.31878
2.33436
2.3491
2.36292
2.37574
2.38749
2.3981
2.40755
2.4158
2.42287
2.4288
2.43363
2.43746
2.44036
2.44243
2.44376
2.44446
2.44459
2.44425
2.4435
2.4424
2.44101
2.43938
2.43754
2.43553
2.43339
2.43113
2.42879
2.42637
2.42391
2.4214
2.41887
2.41633
2.41379
2.41125
2.40873
2.40622
2.40374
2.40129
2.39887
2.3965
2.39416
2.39188
2.38964
2.38745
2.38532
2.38324
2.38123
2.37927
2.37737
2.37554
2.37377
2.37206
2.37042
2.36885
2.36734
2.3659
2.36454
2.36323
2.362
2.36084
2.35975
2.35873
2.35779
2.35691
2.3561
2.35537
2.35471
2.35412
2.35361
2.35316
2.35279
2.35249
2.35226
2.35211
2.35202
2.35202
2.35208
2.35221
2.35242
2.3527
2.35305
2.35348
2.35397
2.35454
2.35518
2.35589
2.35667
2.35752
2.35844
2.35944
2.3605
2.36163
2.36284
2.36411
2.36545
2.36686
2.36834
2.36989
2.3715
2.37319
2.37494
2.37676
2.37864
2.38059
2.38261
2.38469
2.38684
2.38904
2.39132
2.39366
2.39606
2.39853
2.40106
2.40365
2.4063
2.40901
2.41179
2.41462
2.41751
2.42047
2.42348
2.42655
2.42968
2.43287
2.43611
2.43941
2.44278
2.44619
2.44967
2.4532
2.45679
2.46044
2.46415
2.46791
2.47173
2.47561
2.47955
2.48355
2.48761
2.49174
2.49592
2.50016
2.50446
2.50883
2.51326
2.51776
2.52232
2.52695
2.53165
2.53642
2.54126
2.54617
2.55115
2.55621
2.56133
2.56654
2.57182
2.57718
2.58262
2.58814
2.59373
2.59941
2.60517
2.61101
2.61694
2.62295
2.62904
2.63521
2.64147
2.64782
2.65425
2.66077
2.66737
2.67405
2.68082
2.68768
2.69462
2.70164
2.70875
2.71594
2.72321
2.73056
2.73799
2.74551
2.7531
2.76077
2.76851
2.77634
2.78423
1.34293
1.33117
1.31955
1.30808
1.29677
1.28564
1.2747
1.26397
1.25346
1.24317
1.23313
1.22335
1.21384
1.20463
1.19571
1.18712
1.17886
1.17096
1.16342
1.15627
1.14952
1.14318
1.13728
1.13183
1.12684
1.12234
1.11833
1.11483
1.11185
1.10941
1.10753
1.1062
1.10545
1.10528
1.1057
1.10671
1.10833
1.11056
1.1134
1.11685
1.12092
1.1256
1.13089
1.13678
1.14328
1.15037
1.15806
1.16632
1.17516
1.18456
1.19451
1.20501
1.21603
1.22757
1.23961
1.25214
1.26515
1.27863
1.29255
1.30691
1.3217
1.33689
1.35248
1.36844
1.38478
1.40146
1.41849
1.43584
1.45351
1.47148
1.48974
1.50827
1.52707
1.54611
1.5654
1.58491
1.60463
1.62456
1.64468
1.66498
1.68544
1.70606
1.72682
1.74771
1.76872
1.78984
1.81105
1.83235
1.85371
1.87513
1.89659
1.91808
1.93958
1.96107
1.98255
2.004
2.02539
2.04672
2.06795
2.08908
2.11006
2.13089
2.15153
2.17196
2.19214
2.21204
2.23161
2.25082
2.26961
2.28792
2.30571
2.32289
2.3394
2.35515
2.37007
2.38407
2.39705
2.40896
2.41971
2.42927
2.43761
2.44475
2.45071
2.45555
2.45936
2.46222
2.46423
2.46549
2.46611
2.46616
2.46572
2.46488
2.46369
2.4622
2.46048
2.45855
2.45645
2.45422
2.45187
2.44944
2.44694
2.4444
2.44181
2.4392
2.43658
2.43396
2.43134
2.42873
2.42615
2.42359
2.42106
2.41857
2.41611
2.4137
2.41133
2.40901
2.40674
2.40453
2.40237
2.40027
2.39823
2.39624
2.39432
2.39246
2.39066
2.38893
2.38727
2.38567
2.38414
2.38267
2.38127
2.37994
2.37868
2.37749
2.37637
2.37532
2.37434
2.37343
2.37259
2.37182
2.37112
2.37049
2.36994
2.36945
2.36904
2.36869
2.36842
2.36822
2.3681
2.36804
2.36806
2.36814
2.3683
2.36853
2.36883
2.36921
2.36965
2.37016
2.37075
2.3714
2.37213
2.37292
2.37379
2.37472
2.37573
2.3768
2.37794
2.37915
2.38043
2.38178
2.3832
2.38468
2.38623
2.38785
2.38954
2.39129
2.39311
2.39499
2.39694
2.39895
2.40102
2.40316
2.40537
2.40763
2.40997
2.41236
2.41481
2.41733
2.4199
2.42254
2.42524
2.42799
2.43081
2.43368
2.43661
2.4396
2.44265
2.44576
2.44892
2.45214
2.45542
2.45875
2.46215
2.4656
2.4691
2.47267
2.47629
2.47997
2.48371
2.4875
2.49136
2.49528
2.49926
2.5033
2.5074
2.51156
2.51579
2.52008
2.52444
2.52887
2.53336
2.53792
2.54255
2.54726
2.55203
2.55688
2.5618
2.5668
2.57187
2.57702
2.58225
2.58756
2.59295
2.59842
2.60397
2.60961
2.61533
2.62113
2.62701
2.63298
2.63904
2.64518
2.6514
2.65771
2.66411
2.67059
2.67715
2.6838
2.69054
2.69736
2.70426
2.71125
2.71831
2.72546
2.73269
2.74
2.74739
2.75486
2.7624
2.77002
2.77772
1.31637
1.30457
1.2929
1.28139
1.27006
1.2589
1.24793
1.23717
1.22663
1.21633
1.20628
1.19649
1.18699
1.17778
1.16887
1.1603
1.15208
1.14422
1.13673
1.12963
1.12296
1.1167
1.1109
1.10555
1.10069
1.09632
1.09246
1.08913
1.08633
1.08409
1.08241
1.08131
1.0808
1.08089
1.08158
1.08288
1.08481
1.08735
1.09052
1.09431
1.09873
1.10377
1.10943
1.11571
1.12259
1.13008
1.13817
1.14684
1.15608
1.16589
1.17626
1.18716
1.1986
1.21055
1.22299
1.23593
1.24934
1.26322
1.27754
1.29228
1.30745
1.32302
1.33898
1.35531
1.37201
1.38905
1.40642
1.42412
1.44212
1.46041
1.47899
1.49784
1.51695
1.5363
1.55588
1.57569
1.5957
1.61591
1.63631
1.65688
1.67762
1.6985
1.71953
1.74068
1.76195
1.78332
1.8048
1.82634
1.84796
1.86963
1.89135
1.91309
1.93485
1.95661
1.97836
2.00008
2.02176
2.04337
2.0649
2.08634
2.10765
2.12882
2.14983
2.17065
2.19124
2.21158
2.23163
2.25136
2.27072
2.28966
2.30813
2.32606
2.3434
2.36007
2.37598
2.39105
2.4052
2.41834
2.43038
2.44125
2.45092
2.45934
2.46653
2.47251
2.47735
2.48113
2.48394
2.48589
2.48707
2.4876
2.48755
2.48702
2.48607
2.48478
2.4832
2.48137
2.47934
2.47715
2.47482
2.47239
2.46987
2.46728
2.46464
2.46197
2.45928
2.45657
2.45386
2.45116
2.44848
2.44581
2.44316
2.44055
2.43797
2.43543
2.43294
2.43048
2.42808
2.42573
2.42342
2.42118
2.41899
2.41685
2.41478
2.41276
2.41081
2.40892
2.40709
2.40533
2.40363
2.402
2.40043
2.39893
2.3975
2.39614
2.39484
2.39361
2.39245
2.39136
2.39034
2.38939
2.38851
2.3877
2.38695
2.38628
2.38568
2.38514
2.38468
2.3843
2.38397
2.38373
2.38355
2.38344
2.3834
2.38344
2.38354
2.38372
2.38396
2.38428
2.38466
2.38512
2.38564
2.38624
2.38691
2.38764
2.38844
2.38932
2.39026
2.39127
2.39235
2.3935
2.39471
2.39599
2.39735
2.39876
2.40025
2.4018
2.40342
2.4051
2.40685
2.40866
2.41054
2.41247
2.41448
2.41655
2.41868
2.42088
2.42313
2.42545
2.42783
2.43027
2.43277
2.43532
2.43794
2.44062
2.44335
2.44615
2.449
2.45191
2.45487
2.45789
2.46097
2.46411
2.46731
2.47056
2.47386
2.47723
2.48065
2.48413
2.48767
2.49127
2.49492
2.49864
2.50241
2.50626
2.51015
2.51411
2.51814
2.52223
2.52638
2.5306
2.53489
2.53924
2.54367
2.54816
2.55273
2.55737
2.56209
2.56688
2.57175
2.57669
2.58171
2.58682
2.592
2.59726
2.60261
2.60804
2.61355
2.61914
2.62482
2.63058
2.63643
2.64237
2.64839
2.65449
2.66068
2.66696
2.67332
2.67976
2.68629
2.69291
2.69961
2.70639
2.71325
2.7202
2.72723
2.73433
2.74152
2.74878
2.75612
2.76354
2.77103
1.28995
1.2781
1.26639
1.25484
1.24346
1.23227
1.22127
1.21048
1.19992
1.1896
1.17954
1.16974
1.16024
1.15103
1.14214
1.13359
1.1254
1.11757
1.11013
1.1031
1.09649
1.09033
1.08462
1.07939
1.07465
1.07042
1.06671
1.06355
1.06094
1.0589
1.05744
1.05657
1.05631
1.05667
1.05764
1.05924
1.06148
1.06435
1.06785
1.072
1.07678
1.08219
1.08824
1.09491
1.10219
1.11008
1.11857
1.12766
1.13732
1.14755
1.15833
1.16965
1.1815
1.19386
1.20672
1.22006
1.23388
1.24815
1.26286
1.278
1.29355
1.30949
1.32582
1.34251
1.35956
1.37695
1.39467
1.4127
1.43103
1.44965
1.46854
1.4877
1.50711
1.52676
1.54663
1.56672
1.58701
1.6075
1.62817
1.649
1.67
1.69114
1.71242
1.73382
1.75534
1.77696
1.79867
1.82046
1.84232
1.86423
1.88619
1.90817
1.93017
1.95218
1.97418
1.99615
2.01808
2.03996
2.06177
2.08349
2.1051
2.12658
2.14791
2.16907
2.19003
2.21076
2.23124
2.25142
2.27128
2.29076
2.30983
2.32842
2.34649
2.36396
2.38075
2.3968
2.41201
2.42629
2.43956
2.45172
2.46271
2.47246
2.48096
2.48819
2.49419
2.49902
2.50276
2.50551
2.50738
2.50848
2.50891
2.50876
2.50812
2.50707
2.50567
2.50398
2.50205
2.49991
2.49762
2.49519
2.49266
2.49005
2.48737
2.48464
2.48188
2.47909
2.4763
2.4735
2.47071
2.46794
2.46518
2.46245
2.45975
2.45708
2.45445
2.45187
2.44932
2.44683
2.44438
2.44199
2.43965
2.43737
2.43514
2.43296
2.43085
2.4288
2.42681
2.42488
2.42302
2.42122
2.41948
2.41781
2.4162
2.41466
2.41319
2.41178
2.41044
2.40917
2.40796
2.40683
2.40576
2.40476
2.40383
2.40297
2.40218
2.40145
2.4008
2.40022
2.39971
2.39926
2.39889
2.39859
2.39835
2.39819
2.39809
2.39807
2.39811
2.39823
2.39842
2.39867
2.399
2.39939
2.39985
2.40039
2.40099
2.40166
2.4024
2.40321
2.40408
2.40503
2.40604
2.40712
2.40827
2.40949
2.41077
2.41212
2.41354
2.41502
2.41657
2.41818
2.41986
2.4216
2.4234
2.42527
2.42721
2.4292
2.43126
2.43338
2.43556
2.4378
2.4401
2.44246
2.44488
2.44736
2.4499
2.45249
2.45515
2.45786
2.46063
2.46345
2.46634
2.46928
2.47227
2.47533
2.47844
2.4816
2.48483
2.48811
2.49145
2.49484
2.4983
2.50181
2.50539
2.50902
2.51272
2.51648
2.5203
2.52418
2.52813
2.53215
2.53623
2.54038
2.5446
2.5489
2.55326
2.55769
2.5622
2.56679
2.57145
2.57619
2.581
2.5859
2.59088
2.59593
2.60107
2.60629
2.6116
2.61699
2.62246
2.62802
2.63366
2.63939
2.6452
2.65111
2.65709
2.66316
2.66932
2.67556
2.68188
2.68829
2.69479
2.70137
2.70803
2.71477
2.72159
2.72849
2.73547
2.74253
2.74967
2.75688
2.76417
1.26367
1.25177
1.24002
1.22842
1.21701
1.20577
1.19474
1.18392
1.17333
1.16299
1.15291
1.1431
1.13359
1.12439
1.11551
1.10699
1.09882
1.09103
1.08364
1.07667
1.07014
1.06405
1.05845
1.05333
1.04871
1.04463
1.04108
1.03809
1.03568
1.03385
1.03261
1.03199
1.03199
1.03262
1.03389
1.0358
1.03835
1.04156
1.04542
1.04993
1.05508
1.06088
1.06732
1.07439
1.08208
1.09039
1.0993
1.1088
1.11889
1.12954
1.14074
1.15248
1.16475
1.17753
1.1908
1.20456
1.21878
1.23344
1.24855
1.26407
1.28
1.29631
1.31301
1.33006
1.34746
1.36519
1.38325
1.4016
1.42026
1.43919
1.4584
1.47786
1.49756
1.5175
1.53765
1.55802
1.57858
1.59934
1.62026
1.64135
1.6626
1.68399
1.70551
1.72715
1.7489
1.77076
1.7927
1.81472
1.8368
1.85894
1.88112
1.90333
1.92556
1.9478
1.97003
1.99223
2.0144
2.03653
2.05858
2.08056
2.10244
2.1242
2.14582
2.16728
2.18857
2.20965
2.2305
2.25108
2.27137
2.29133
2.31092
2.33008
2.34878
2.36695
2.38452
2.40143
2.41759
2.43291
2.44731
2.46069
2.47297
2.48405
2.49389
2.50244
2.50971
2.51571
2.52052
2.52422
2.52691
2.5287
2.5297
2.53002
2.52976
2.52901
2.52785
2.52633
2.52453
2.52249
2.52025
2.51785
2.51532
2.51269
2.50997
2.50719
2.50437
2.50151
2.49863
2.49574
2.49285
2.48997
2.4871
2.48425
2.48143
2.47863
2.47588
2.47315
2.47047
2.46784
2.46525
2.46271
2.46021
2.45778
2.45539
2.45306
2.45079
2.44858
2.44642
2.44433
2.44229
2.44032
2.43841
2.43656
2.43478
2.43306
2.43141
2.42982
2.4283
2.42685
2.42546
2.42414
2.42288
2.42169
2.42058
2.41952
2.41854
2.41763
2.41678
2.416
2.41529
2.41465
2.41408
2.41358
2.41314
2.41278
2.41249
2.41226
2.41211
2.41202
2.412
2.41206
2.41218
2.41237
2.41263
2.41296
2.41336
2.41383
2.41436
2.41497
2.41564
2.41638
2.41719
2.41807
2.41902
2.42003
2.42111
2.42226
2.42347
2.42475
2.4261
2.42751
2.42899
2.43053
2.43213
2.4338
2.43553
2.43733
2.43919
2.44111
2.44309
2.44514
2.44724
2.4494
2.45163
2.45391
2.45625
2.45865
2.4611
2.46362
2.46619
2.46882
2.47151
2.47425
2.47705
2.4799
2.48282
2.48579
2.48881
2.49189
2.49503
2.49823
2.50149
2.5048
2.50817
2.51161
2.51511
2.51866
2.52228
2.52596
2.52971
2.53352
2.5374
2.54135
2.54537
2.54945
2.55361
2.55784
2.56214
2.56652
2.57098
2.57551
2.58012
2.58481
2.58958
2.59444
2.59937
2.60439
2.60949
2.61467
2.61994
2.62529
2.63073
2.63625
2.64186
2.64756
2.65334
2.6592
2.66515
2.67119
2.67731
2.68352
2.6898
2.69618
2.70264
2.70917
2.71579
2.72249
2.72926
2.73612
2.74305
2.75006
2.75714
1.23754
1.22559
1.21379
1.20215
1.19069
1.17942
1.16835
1.15749
1.14687
1.13651
1.1264
1.11659
1.10707
1.09787
1.089
1.08049
1.07235
1.0646
1.05726
1.05035
1.04389
1.03789
1.03238
1.02738
1.0229
1.01896
1.01558
1.01277
1.01055
1.00894
1.00794
1.00757
1.00784
1.00876
1.01033
1.01256
1.01545
1.01901
1.02323
1.02812
1.03366
1.03985
1.0467
1.05418
1.06229
1.07102
1.08035
1.09028
1.1008
1.11188
1.12351
1.13568
1.14837
1.16157
1.17525
1.18942
1.20404
1.2191
1.2346
1.2505
1.26681
1.28349
1.30055
1.31796
1.3357
1.35377
1.37216
1.39084
1.40981
1.42905
1.44856
1.46831
1.4883
1.50852
1.52895
1.54959
1.57041
1.59142
1.6126
1.63394
1.65543
1.67705
1.6988
1.72068
1.74266
1.76473
1.78689
1.80913
1.83143
1.85378
1.87617
1.8986
1.92104
1.94349
1.96593
1.98835
2.01074
2.03309
2.05537
2.07758
2.0997
2.12171
2.1436
2.16534
2.18691
2.2083
2.22948
2.25041
2.27108
2.29145
2.31149
2.33115
2.3504
2.36917
2.38742
2.40507
2.42207
2.43832
2.45374
2.46824
2.48172
2.49408
2.50525
2.51516
2.52377
2.53106
2.53707
2.54185
2.5455
2.54811
2.54981
2.55072
2.55093
2.55055
2.54968
2.5484
2.54677
2.54485
2.54269
2.54034
2.53783
2.53519
2.53245
2.52963
2.52674
2.52382
2.52086
2.51788
2.51489
2.51191
2.50892
2.50596
2.50301
2.50009
2.4972
2.49434
2.49152
2.48875
2.48601
2.48332
2.48067
2.47808
2.47554
2.47305
2.47062
2.46824
2.46592
2.46365
2.46145
2.4593
2.45722
2.4552
2.45324
2.45134
2.44951
2.44774
2.44604
2.44439
2.44282
2.44131
2.43987
2.43849
2.43718
2.43593
2.43476
2.43365
2.4326
2.43163
2.43072
2.42988
2.42911
2.42841
2.42778
2.42721
2.42672
2.42629
2.42593
2.42564
2.42542
2.42527
2.42519
2.42518
2.42523
2.42536
2.42555
2.42582
2.42615
2.42655
2.42702
2.42755
2.42816
2.42883
2.42957
2.43038
2.43126
2.43221
2.43322
2.43429
2.43544
2.43665
2.43793
2.43927
2.44067
2.44214
2.44367
2.44527
2.44692
2.44865
2.45043
2.45228
2.45418
2.45615
2.45817
2.46026
2.4624
2.46461
2.46687
2.46919
2.47156
2.47399
2.47648
2.47903
2.48163
2.48429
2.48701
2.48978
2.49261
2.49549
2.49843
2.50143
2.50449
2.5076
2.51078
2.51401
2.51731
2.52067
2.52408
2.52756
2.53111
2.53472
2.53839
2.54214
2.54595
2.54983
2.55379
2.55781
2.56192
2.56609
2.57034
2.57467
2.57908
2.58356
2.58813
2.59277
2.5975
2.60231
2.60721
2.61219
2.61725
2.6224
2.62763
2.63295
2.63835
2.64384
2.64942
2.65508
2.66083
2.66666
2.67257
2.67857
2.68466
2.69083
2.69708
2.70341
2.70982
2.71631
2.72289
2.72953
2.73626
2.74306
2.74994
1.21158
1.19957
1.18772
1.17603
1.16452
1.1532
1.14209
1.1312
1.12055
1.11015
1.10003
1.09019
1.08067
1.07146
1.0626
1.05411
1.04599
1.03828
1.03099
1.02414
1.01775
1.01184
1.00643
1.00155
0.997206
0.993418
0.990207
0.987588
0.985576
0.984188
0.983433
0.983327
0.983877
0.985092
0.986979
0.98954
0.99278
0.996702
1.0013
1.00657
1.01251
1.01911
1.02637
1.03428
1.04282
1.05198
1.06175
1.07212
1.08307
1.09458
1.10665
1.11925
1.13236
1.14598
1.16009
1.17466
1.18968
1.20515
1.22103
1.23732
1.25399
1.27105
1.28846
1.30621
1.3243
1.3427
1.36141
1.38041
1.39969
1.41924
1.43903
1.45907
1.47934
1.49984
1.52053
1.54143
1.56251
1.58377
1.60519
1.62676
1.64848
1.67033
1.69231
1.7144
1.7366
1.75888
1.78125
1.8037
1.8262
1.84875
1.87135
1.89397
1.91661
1.93926
1.9619
1.98452
2.00712
2.02967
2.05216
2.07459
2.09693
2.11917
2.14129
2.16327
2.18511
2.20677
2.22823
2.24948
2.27048
2.29121
2.31164
2.33173
2.35144
2.37074
2.38956
2.40787
2.42558
2.44264
2.45896
2.47446
2.48904
2.5026
2.51505
2.52629
2.53626
2.54491
2.55223
2.55823
2.56298
2.56657
2.56911
2.57072
2.57151
2.57161
2.57111
2.57012
2.5687
2.56695
2.56491
2.56263
2.56016
2.55753
2.55478
2.55193
2.549
2.54601
2.54297
2.53991
2.53683
2.53374
2.53065
2.52756
2.52449
2.52145
2.51842
2.51543
2.51247
2.50955
2.50666
2.50382
2.50103
2.49828
2.49558
2.49293
2.49033
2.48779
2.4853
2.48286
2.48049
2.47817
2.47591
2.47371
2.47157
2.46949
2.46748
2.46552
2.46364
2.46181
2.46004
2.45834
2.45671
2.45514
2.45364
2.4522
2.45083
2.44952
2.44828
2.44711
2.446
2.44496
2.44399
2.44309
2.44225
2.44149
2.44078
2.44015
2.43959
2.4391
2.43867
2.43832
2.43803
2.43781
2.43766
2.43758
2.43757
2.43763
2.43775
2.43795
2.43821
2.43854
2.43894
2.43941
2.43995
2.44055
2.44122
2.44196
2.44277
2.44364
2.44459
2.4456
2.44667
2.44781
2.44901
2.45028
2.45161
2.453
2.45446
2.45599
2.45757
2.45922
2.46093
2.4627
2.46453
2.46641
2.46836
2.47037
2.47243
2.47456
2.47674
2.47897
2.48127
2.48362
2.48602
2.48849
2.49101
2.49358
2.49621
2.4989
2.50164
2.50445
2.5073
2.51022
2.5132
2.51623
2.51933
2.52248
2.5257
2.52898
2.53233
2.53574
2.53921
2.54275
2.54636
2.55004
2.55379
2.55762
2.56151
2.56549
2.56953
2.57366
2.57786
2.58214
2.5865
2.59094
2.59547
2.60008
2.60477
2.60954
2.6144
2.61934
2.62437
2.62948
2.63468
2.63997
2.64534
2.6508
2.65634
2.66196
2.66767
2.67347
2.67935
2.68531
2.69136
2.69748
2.70369
2.70997
2.71634
2.72278
2.7293
2.73589
2.74256
1.18579
1.17372
1.16182
1.15007
1.13851
1.12715
1.11599
1.10505
1.09437
1.08394
1.07379
1.06393
1.05439
1.04518
1.03633
1.02784
1.01975
1.01207
1.00483
0.998035
0.991721
0.985902
0.980601
0.975838
0.971633
0.968003
0.964967
0.962543
0.960747
0.959592
0.959093
0.959259
0.9601
0.961626
0.963841
0.966748
0.970352
0.974648
0.979634
0.985306
0.991659
0.998685
1.00637
1.01471
1.02369
1.03329
1.04351
1.05432
1.06571
1.07767
1.09017
1.1032
1.11675
1.13079
1.14531
1.16029
1.17572
1.19158
1.20785
1.22451
1.24156
1.25897
1.27674
1.29484
1.31326
1.33199
1.35102
1.37033
1.38991
1.40975
1.42983
1.45015
1.47069
1.49145
1.5124
1.53355
1.55488
1.57637
1.59803
1.61983
1.64177
1.66385
1.68604
1.70834
1.73074
1.75323
1.77579
1.79843
1.82113
1.84387
1.86666
1.88947
1.91229
1.93513
1.95796
1.98077
2.00355
2.02629
2.04898
2.0716
2.09414
2.11658
2.13892
2.16112
2.18319
2.20509
2.22681
2.24833
2.26962
2.29067
2.31143
2.33189
2.35201
2.37176
2.39108
2.40994
2.42827
2.44602
2.46312
2.47949
2.49505
2.50969
2.52331
2.53583
2.54714
2.55717
2.56585
2.57318
2.57918
2.5839
2.58743
2.58988
2.59139
2.59207
2.59204
2.59142
2.59029
2.58875
2.58687
2.5847
2.58229
2.5797
2.57695
2.57408
2.57111
2.56807
2.56496
2.56182
2.55865
2.55546
2.55226
2.54906
2.54587
2.5427
2.53954
2.53641
2.53331
2.53024
2.52721
2.52422
2.52127
2.51836
2.5155
2.51269
2.50993
2.50722
2.50456
2.50195
2.4994
2.49691
2.49447
2.49209
2.48977
2.48751
2.48531
2.48317
2.4811
2.47908
2.47713
2.47524
2.47341
2.47165
2.46995
2.46832
2.46675
2.46524
2.46381
2.46243
2.46112
2.45988
2.45871
2.4576
2.45656
2.45559
2.45469
2.45385
2.45308
2.45238
2.45175
2.45119
2.4507
2.45027
2.44991
2.44962
2.44941
2.44926
2.44918
2.44916
2.44922
2.44934
2.44954
2.4498
2.45013
2.45053
2.45099
2.45153
2.45213
2.4528
2.45354
2.45435
2.45522
2.45616
2.45716
2.45822
2.45935
2.46055
2.46181
2.46313
2.46452
2.46597
2.46748
2.46905
2.47068
2.47237
2.47413
2.47594
2.47781
2.47973
2.48172
2.48376
2.48586
2.48801
2.49022
2.49249
2.49482
2.49719
2.49963
2.50212
2.50467
2.50727
2.50994
2.51266
2.51543
2.51827
2.52117
2.52412
2.52714
2.53023
2.53337
2.53658
2.53985
2.54319
2.5466
2.55008
2.55363
2.55725
2.56094
2.56471
2.56856
2.57248
2.57648
2.58056
2.58471
2.58895
2.59327
2.59768
2.60216
2.60673
2.61139
2.61612
2.62095
2.62586
2.63085
2.63593
2.6411
2.64635
2.65169
2.65711
2.66261
2.6682
2.67387
2.67963
2.68546
2.69139
2.69739
2.70346
2.70962
2.71586
2.72217
2.72856
2.73502
1.16018
1.14806
1.13609
1.12429
1.11267
1.10125
1.09004
1.07907
1.06834
1.05787
1.04769
1.03781
1.02825
1.01903
1.01017
1.0017
0.993628
0.985981
0.978781
0.97205
0.965809
0.960081
0.954887
0.950249
0.946186
0.942719
0.939865
0.937644
0.936071
0.93516
0.934925
0.935377
0.936524
0.938374
0.940931
0.944199
0.948176
0.952862
0.958252
0.96434
0.971119
0.978579
0.986707
0.995493
1.00492
1.01498
1.02564
1.03691
1.04875
1.06115
1.07409
1.08756
1.10154
1.11601
1.13094
1.14633
1.16216
1.17841
1.19506
1.2121
1.22952
1.24729
1.2654
1.28383
1.30259
1.32164
1.34098
1.36059
1.38046
1.40059
1.42095
1.44155
1.46235
1.48336
1.50457
1.52596
1.54752
1.56925
1.59113
1.61315
1.63531
1.65759
1.67999
1.70249
1.72508
1.74776
1.77052
1.79334
1.81622
1.83915
1.86211
1.8851
1.9081
1.93111
1.95411
1.97709
2.00005
2.02296
2.04583
2.06863
2.09135
2.11399
2.13651
2.15892
2.18119
2.20331
2.22526
2.24701
2.26856
2.28988
2.31094
2.33172
2.35219
2.37232
2.39206
2.41139
2.43025
2.4486
2.46636
2.48348
2.49988
2.51547
2.53016
2.54384
2.55641
2.56777
2.57784
2.58656
2.59391
2.59989
2.60457
2.60804
2.61041
2.61181
2.61237
2.61222
2.61146
2.6102
2.60852
2.6065
2.6042
2.60167
2.59895
2.59607
2.59308
2.58999
2.58683
2.58361
2.58035
2.57706
2.57376
2.57044
2.56714
2.56383
2.56055
2.55728
2.55404
2.55082
2.54764
2.5445
2.5414
2.53833
2.53531
2.53233
2.5294
2.52652
2.5237
2.52092
2.51819
2.51552
2.5129
2.51035
2.50784
2.5054
2.50301
2.50069
2.49842
2.49622
2.49407
2.49199
2.48997
2.48801
2.48611
2.48428
2.48251
2.48081
2.47917
2.4776
2.47609
2.47464
2.47327
2.47195
2.47071
2.46953
2.46842
2.46738
2.4664
2.4655
2.46466
2.46389
2.46318
2.46255
2.46199
2.46149
2.46106
2.4607
2.46041
2.46019
2.46004
2.45996
2.45994
2.46
2.46012
2.46031
2.46058
2.4609
2.4613
2.46177
2.4623
2.46291
2.46357
2.46431
2.46511
2.46597
2.46691
2.4679
2.46896
2.47008
2.47127
2.47252
2.47383
2.47521
2.47664
2.47814
2.47969
2.48131
2.48298
2.48472
2.48651
2.48835
2.49026
2.49222
2.49423
2.49631
2.49843
2.50062
2.50286
2.50516
2.50751
2.50992
2.51238
2.51491
2.51749
2.52013
2.52282
2.52558
2.5284
2.53129
2.53423
2.53724
2.54032
2.54346
2.54667
2.54994
2.55329
2.55671
2.5602
2.56377
2.56741
2.57113
2.57493
2.5788
2.58276
2.58679
2.59091
2.59511
2.59939
2.60376
2.60821
2.61275
2.61736
2.62207
2.62686
2.63173
2.6367
2.64174
2.64687
2.65209
2.65739
2.66277
2.66823
2.67378
2.67941
2.68512
2.69092
2.69679
2.70274
2.70876
2.71486
2.72104
2.72729
1.13476
1.12258
1.11054
1.09868
1.08701
1.07553
1.06427
1.05324
1.04246
1.03195
1.02173
1.01183
1.00224
0.993013
0.984152
0.975684
0.96763
0.960014
0.952857
0.946184
0.940017
0.93438
0.929296
0.924785
0.92087
0.917571
0.914907
0.912896
0.911556
0.910899
0.91094
0.911689
0.913154
0.915342
0.918259
0.9219
0.926268
0.931359
0.937168
0.943686
0.950905
0.958811
0.967393
0.976637
0.986525
0.997041
1.00817
1.01989
1.03219
1.04504
1.05843
1.07234
1.08675
1.10164
1.11699
1.13279
1.14902
1.16565
1.18269
1.2001
1.21787
1.23599
1.25444
1.27321
1.29229
1.31165
1.3313
1.3512
1.37137
1.39177
1.41241
1.43326
1.45432
1.47558
1.49703
1.51866
1.54045
1.5624
1.58449
1.60673
1.62909
1.65157
1.67416
1.69685
1.71963
1.7425
1.76544
1.78843
1.81149
1.83458
1.85771
1.88086
1.90403
1.9272
1.95037
1.97351
1.99663
2.01971
2.04274
2.0657
2.08859
2.1114
2.1341
2.15668
2.17914
2.20145
2.2236
2.24557
2.26734
2.2889
2.31022
2.33128
2.35205
2.3725
2.39261
2.41234
2.43165
2.45049
2.46882
2.48658
2.5037
2.52011
2.53571
2.55042
2.56414
2.57675
2.58816
2.59827
2.60702
2.61438
2.62035
2.62499
2.62839
2.63067
2.63196
2.6324
2.63212
2.63122
2.62982
2.62801
2.62585
2.62341
2.62074
2.61789
2.61488
2.61176
2.60855
2.60526
2.60192
2.59854
2.59513
2.59171
2.58828
2.58486
2.58144
2.57803
2.57465
2.57129
2.56796
2.56467
2.5614
2.55818
2.555
2.55186
2.54876
2.54571
2.54271
2.53975
2.53685
2.534
2.53121
2.52846
2.52578
2.52315
2.52058
2.51806
2.51561
2.51321
2.51087
2.50859
2.50638
2.50422
2.50213
2.50009
2.49813
2.49622
2.49438
2.4926
2.49089
2.48924
2.48766
2.48614
2.48469
2.48331
2.48199
2.48074
2.47955
2.47844
2.47739
2.47641
2.4755
2.47465
2.47388
2.47317
2.47254
2.47197
2.47147
2.47104
2.47068
2.47039
2.47016
2.47001
2.46993
2.46991
2.46997
2.47009
2.47028
2.47054
2.47087
2.47127
2.47173
2.47226
2.47286
2.47353
2.47426
2.47505
2.47591
2.47683
2.47782
2.47888
2.47999
2.48117
2.48241
2.48371
2.48507
2.48649
2.48797
2.4895
2.4911
2.49275
2.49446
2.49623
2.49805
2.49993
2.50186
2.50385
2.5059
2.508
2.51016
2.51237
2.51464
2.51697
2.51936
2.5218
2.5243
2.52686
2.52948
2.53217
2.53492
2.53773
2.54061
2.54355
2.54656
2.54964
2.55278
2.556
2.5593
2.56266
2.5661
2.56962
2.57321
2.57689
2.58064
2.58447
2.58839
2.59238
2.59646
2.60063
2.60487
2.6092
2.61362
2.61812
2.6227
2.62737
2.63213
2.63697
2.64189
2.6469
2.652
2.65717
2.66243
2.66777
2.67319
2.67869
2.68428
2.68994
2.69568
2.7015
2.70739
2.71336
2.7194
1.10955
1.0973
1.0852
1.07327
1.06153
1.04999
1.03867
1.02758
1.01675
1.00619
0.995936
0.985991
0.976384
0.967134
0.958266
0.9498
0.94176
0.93417
0.927055
0.92044
0.914348
0.908803
0.903829
0.89945
0.895687
0.892562
0.890095
0.888304
0.887205
0.886815
0.887145
0.888205
0.890003
0.892547
0.895833
0.899866
0.904641
0.910154
0.916398
0.923362
0.931035
0.939403
0.94845
0.958162
0.968519
0.979507
0.991104
1.00329
1.01605
1.02935
1.04319
1.05754
1.07239
1.0877
1.10347
1.11967
1.1363
1.15332
1.17073
1.1885
1.20663
1.2251
1.24389
1.26298
1.28237
1.30204
1.32198
1.34218
1.36262
1.3833
1.40419
1.4253
1.44661
1.46811
1.48979
1.51164
1.53366
1.55582
1.57812
1.60056
1.62312
1.64579
1.66856
1.69144
1.7144
1.73744
1.76055
1.78371
1.80692
1.83018
1.85347
1.87678
1.9001
1.92342
1.94674
1.97003
1.9933
2.01653
2.03971
2.06283
2.08587
2.10883
2.13169
2.15444
2.17706
2.19954
2.22187
2.24403
2.266
2.28777
2.30931
2.33061
2.35164
2.37238
2.39279
2.41286
2.43255
2.45182
2.47062
2.48892
2.50664
2.52374
2.54013
2.55574
2.57046
2.58419
2.59684
2.60828
2.61843
2.62721
2.63457
2.64053
2.64513
2.64846
2.65065
2.65183
2.65215
2.65173
2.65069
2.64915
2.64719
2.64488
2.6423
2.63949
2.6365
2.63337
2.63011
2.62677
2.62335
2.61989
2.61638
2.61285
2.60931
2.60576
2.60221
2.59867
2.59514
2.59164
2.58816
2.58471
2.58129
2.57791
2.57456
2.57125
2.56799
2.56477
2.56159
2.55846
2.55538
2.55235
2.54937
2.54645
2.54358
2.54076
2.538
2.53529
2.53264
2.53005
2.52752
2.52505
2.52263
2.52028
2.51799
2.51575
2.51358
2.51147
2.50943
2.50745
2.50553
2.50368
2.50188
2.50016
2.4985
2.49691
2.49538
2.49392
2.49253
2.4912
2.48994
2.48875
2.48763
2.48658
2.48559
2.48468
2.48383
2.48305
2.48234
2.4817
2.48113
2.48063
2.48019
2.47983
2.47954
2.47932
2.47916
2.47908
2.47907
2.47912
2.47925
2.47944
2.4797
2.48003
2.48042
2.48088
2.48141
2.48201
2.48266
2.48339
2.48418
2.48504
2.48595
2.48693
2.48798
2.48908
2.49024
2.49147
2.49275
2.4941
2.4955
2.49696
2.49847
2.50005
2.50168
2.50336
2.5051
2.5069
2.50875
2.51066
2.51263
2.51465
2.51672
2.51885
2.52104
2.52329
2.5256
2.52796
2.53039
2.53288
2.53543
2.53805
2.54072
2.54347
2.54628
2.54916
2.55211
2.55513
2.55822
2.56138
2.56462
2.56794
2.57133
2.57481
2.57836
2.58199
2.5857
2.58949
2.59337
2.59733
2.60137
2.6055
2.60971
2.61401
2.61839
2.62285
2.6274
2.63203
2.63675
2.64155
2.64644
2.65141
2.65646
2.66159
2.6668
2.6721
2.67747
2.68293
2.68846
2.69406
2.69974
2.7055
2.71133
1.08456
1.07223
1.06006
1.04806
1.03624
1.02463
1.01324
1.0021
0.991216
0.980605
0.970299
0.960314
0.950674
0.941401
0.932518
0.92405
0.91602
0.908455
0.90138
0.89482
0.888802
0.88335
0.87849
0.874245
0.87064
0.867696
0.865434
0.863872
0.863028
0.862916
0.863548
0.864935
0.867084
0.869996
0.873672
0.878113
0.883313
0.889264
0.895958
0.903384
0.911526
0.920369
0.929896
0.940088
0.950926
0.962393
0.974466
0.987124
1.00035
1.01411
1.0284
1.04319
1.05847
1.07421
1.09039
1.107
1.12401
1.14142
1.15919
1.17733
1.19581
1.21461
1.23373
1.25314
1.27284
1.29281
1.31304
1.33351
1.35423
1.37516
1.39632
1.41767
1.43922
1.46095
1.48286
1.50492
1.52715
1.54951
1.57202
1.59465
1.61739
1.64025
1.6632
1.68625
1.70938
1.73258
1.75585
1.77917
1.80254
1.82595
1.84939
1.87284
1.89631
1.91977
1.94323
1.96667
1.99007
2.01344
2.03676
2.06002
2.0832
2.1063
2.1293
2.1522
2.17497
2.19761
2.2201
2.24243
2.26457
2.28653
2.30826
2.32977
2.35102
2.372
2.39268
2.41304
2.43305
2.45267
2.47188
2.49062
2.50886
2.52653
2.54358
2.55994
2.57552
2.59023
2.60398
2.61664
2.62811
2.63829
2.64709
2.65446
2.66041
2.66497
2.66824
2.67033
2.6714
2.67159
2.67103
2.66985
2.66816
2.66605
2.6636
2.66087
2.65792
2.65479
2.65151
2.64812
2.64464
2.64109
2.6375
2.63386
2.6302
2.62653
2.62285
2.61918
2.61551
2.61187
2.60824
2.60463
2.60105
2.59751
2.594
2.59052
2.58709
2.58369
2.58034
2.57703
2.57377
2.57056
2.5674
2.56429
2.56123
2.55823
2.55527
2.55238
2.54954
2.54675
2.54402
2.54135
2.53874
2.53618
2.53369
2.53126
2.52888
2.52657
2.52432
2.52213
2.52001
2.51795
2.51595
2.51401
2.51214
2.51034
2.5086
2.50693
2.50533
2.50379
2.50232
2.50092
2.49959
2.49832
2.49712
2.49599
2.49494
2.49395
2.49302
2.49217
2.49139
2.49068
2.49004
2.48947
2.48897
2.48853
2.48817
2.48788
2.48766
2.48751
2.48743
2.48741
2.48747
2.48759
2.48779
2.48805
2.48838
2.48877
2.48923
2.48975
2.49034
2.491
2.49172
2.4925
2.49335
2.49426
2.49523
2.49626
2.49735
2.4985
2.49971
2.50097
2.5023
2.50368
2.50511
2.50661
2.50816
2.50976
2.51142
2.51314
2.51491
2.51673
2.51861
2.52055
2.52255
2.5246
2.52672
2.52889
2.53112
2.53341
2.53576
2.53818
2.54066
2.54321
2.54582
2.54851
2.55126
2.55408
2.55697
2.55994
2.56298
2.56609
2.56929
2.57256
2.57591
2.57934
2.58285
2.58644
2.59011
2.59387
2.59771
2.60163
2.60564
2.60973
2.6139
2.61816
2.62251
2.62694
2.63145
2.63604
2.64072
2.64548
2.65032
2.65524
2.66025
2.66533
2.6705
2.67574
2.68106
2.68645
2.69192
2.69747
2.70309
1.0598
1.04739
1.03514
1.02305
1.01116
0.99948
0.988022
0.976808
0.965857
0.955189
0.944829
0.934798
0.925119
0.915817
0.906915
0.898438
0.890415
0.88287
0.875832
0.869328
0.863383
0.858025
0.853281
0.849176
0.845734
0.842978
0.84093
0.839608
0.83903
0.83921
0.840161
0.841892
0.844405
0.847704
0.851789
0.856657
0.862299
0.868706
0.875869
0.883772
0.892398
0.90173
0.911748
0.922433
0.933763
0.945716
0.958272
0.971407
0.985097
0.999325
1.01407
1.0293
1.04501
1.06117
1.07776
1.09477
1.11217
1.12995
1.14809
1.16658
1.1854
1.20454
1.22397
1.24369
1.26369
1.28395
1.30446
1.32521
1.34619
1.36738
1.38878
1.41037
1.43215
1.4541
1.47622
1.4985
1.52092
1.54349
1.56618
1.58899
1.61192
1.63495
1.65808
1.68129
1.70458
1.72794
1.75136
1.77483
1.79834
1.82189
1.84547
1.86906
1.89266
1.91626
1.93985
1.96342
1.98695
2.01045
2.0339
2.05728
2.08059
2.10382
2.12696
2.14999
2.1729
2.19567
2.21831
2.24078
2.26308
2.28519
2.3071
2.32879
2.35024
2.37143
2.39233
2.41294
2.43322
2.45314
2.47268
2.4918
2.51046
2.52861
2.54621
2.56319
2.5795
2.59504
2.60972
2.62346
2.63613
2.64762
2.65782
2.66664
2.67403
2.67996
2.68449
2.68769
2.6897
2.69065
2.69071
2.69001
2.68868
2.68684
2.68458
2.68197
2.6791
2.676
2.67272
2.6693
2.66577
2.66215
2.65847
2.65473
2.65097
2.64718
2.64337
2.63956
2.63576
2.63196
2.62818
2.62442
2.62069
2.61698
2.6133
2.60966
2.60605
2.60248
2.59895
2.59547
2.59203
2.58864
2.58529
2.58199
2.57874
2.57555
2.5724
2.56931
2.56628
2.56329
2.56037
2.5575
2.55468
2.55193
2.54923
2.54659
2.54402
2.5415
2.53904
2.53665
2.53431
2.53204
2.52984
2.52769
2.52561
2.5236
2.52165
2.51977
2.51795
2.5162
2.51452
2.51291
2.51136
2.50988
2.50847
2.50713
2.50586
2.50466
2.50352
2.50246
2.50147
2.50054
2.49969
2.49891
2.4982
2.49756
2.49699
2.49649
2.49606
2.4957
2.49542
2.4952
2.49505
2.49497
2.49496
2.49502
2.49514
2.49534
2.4956
2.49592
2.49631
2.49677
2.49729
2.49788
2.49853
2.49924
2.50002
2.50085
2.50175
2.50271
2.50372
2.50479
2.50593
2.50711
2.50836
2.50966
2.51102
2.51243
2.5139
2.51542
2.517
2.51863
2.52032
2.52207
2.52387
2.52573
2.52765
2.52963
2.53166
2.53376
2.53592
2.53814
2.54043
2.54278
2.5452
2.54768
2.55023
2.55286
2.55555
2.55832
2.56116
2.56408
2.56707
2.57014
2.57329
2.57652
2.57983
2.58322
2.58669
2.59024
2.59388
2.5976
2.6014
2.60529
2.60926
2.61331
2.61745
2.62167
2.62597
2.63036
2.63483
2.63938
2.64401
2.64873
2.65352
2.6584
2.66335
2.66838
2.67349
2.67867
2.68393
2.68926
2.69466
1.03528
1.02278
1.01044
0.998278
0.986305
0.97454
0.963003
0.951715
0.940691
0.929959
0.919535
0.909451
0.899726
0.890387
0.88146
0.872971
0.864949
0.857421
0.850416
0.843964
0.838092
0.83283
0.828205
0.824243
0.820971
0.818411
0.816587
0.815517
0.81522
0.815708
0.816995
0.819084
0.821981
0.825689
0.8302
0.835513
0.841618
0.848501
0.856149
0.864546
0.873671
0.883507
0.89403
0.905218
0.917048
0.929497
0.942541
0.956158
0.97032
0.985011
1.00021
1.01588
1.03202
1.0486
1.06559
1.08299
1.10078
1.11893
1.13743
1.15626
1.17542
1.19488
1.21463
1.23465
1.25494
1.27548
1.29627
1.31728
1.33851
1.35994
1.38158
1.4034
1.4254
1.44757
1.46989
1.49237
1.51499
1.53774
1.56061
1.5836
1.6067
1.62989
1.65318
1.67655
1.69999
1.7235
1.74706
1.77068
1.79433
1.81801
1.84172
1.86544
1.88917
1.91289
1.9366
1.96029
1.98394
2.00756
2.03112
2.05463
2.07806
2.1014
2.12466
2.14781
2.17084
2.19374
2.2165
2.23911
2.26155
2.2838
2.30586
2.32771
2.34932
2.37069
2.39179
2.41261
2.43312
2.45329
2.47311
2.49254
2.51155
2.5301
2.54815
2.56566
2.58255
2.59878
2.61426
2.6289
2.64261
2.65528
2.66678
2.677
2.68585
2.69324
2.69917
2.70367
2.70681
2.70873
2.70958
2.7095
2.70866
2.70718
2.70518
2.70276
2.7
2.69697
2.69371
2.69029
2.68672
2.68304
2.67928
2.67546
2.67159
2.66768
2.66375
2.65981
2.65587
2.65193
2.648
2.64408
2.64019
2.63632
2.63247
2.62866
2.62488
2.62114
2.61743
2.61377
2.61015
2.60657
2.60303
2.59955
2.59611
2.59272
2.58938
2.5861
2.58287
2.57969
2.57656
2.57349
2.57047
2.56752
2.56461
2.56177
2.55899
2.55626
2.5536
2.55099
2.54845
2.54597
2.54356
2.5412
2.53891
2.53668
2.53452
2.53243
2.5304
2.52844
2.52654
2.52471
2.52295
2.52126
2.51964
2.51808
2.5166
2.51518
2.51383
2.51256
2.51136
2.51022
2.50916
2.50816
2.50724
2.50639
2.50562
2.50491
2.50427
2.50371
2.50321
2.50279
2.50243
2.50215
2.50193
2.50179
2.50171
2.50171
2.50177
2.50189
2.50208
2.50235
2.50267
2.50306
2.50352
2.50403
2.50461
2.50526
2.50596
2.50672
2.50754
2.50843
2.50936
2.51036
2.51141
2.51252
2.51369
2.51491
2.51619
2.51752
2.51891
2.52035
2.52185
2.5234
2.52502
2.52668
2.52841
2.53019
2.53203
2.53394
2.5359
2.53793
2.54002
2.54218
2.5444
2.54669
2.54904
2.55147
2.55397
2.55654
2.55918
2.5619
2.56469
2.56756
2.57051
2.57354
2.57665
2.57983
2.5831
2.58645
2.58989
2.5934
2.597
2.60068
2.60445
2.60829
2.61222
2.61624
2.62034
2.62451
2.62877
2.63312
2.63754
2.64204
2.64663
2.65129
2.65603
2.66085
2.66574
2.67072
2.67576
2.68088
2.68607
1.01101
0.998426
0.985996
0.973741
0.961678
0.949824
0.938201
0.926827
0.915725
0.904918
0.894426
0.88428
0.874502
0.865119
0.85616
0.847652
0.839625
0.83211
0.825135
0.818733
0.812934
0.807768
0.803264
0.79945
0.796354
0.794001
0.792411
0.791607
0.791604
0.792419
0.794057
0.796525
0.799828
0.803963
0.808924
0.814704
0.821291
0.828669
0.836823
0.845729
0.855371
0.865723
0.876762
0.888464
0.900803
0.913755
0.927294
0.941393
0.956031
0.971185
0.986831
1.00295
1.01951
1.0365
1.0539
1.07169
1.08985
1.10836
1.12721
1.14639
1.16587
1.18564
1.2057
1.22601
1.24659
1.2674
1.28845
1.30971
1.33118
1.35286
1.37472
1.39676
1.41897
1.44134
1.46387
1.48654
1.50934
1.53227
1.55532
1.57847
1.60173
1.62509
1.64852
1.67204
1.69563
1.71927
1.74297
1.76672
1.7905
1.81431
1.83814
1.86198
1.88582
1.90966
1.93349
1.95729
1.98105
2.00478
2.02845
2.05206
2.0756
2.09905
2.12242
2.14567
2.16882
2.19183
2.21471
2.23743
2.25999
2.28237
2.30456
2.32655
2.34831
2.36983
2.3911
2.4121
2.4328
2.45319
2.47324
2.49293
2.51223
2.53111
2.54953
2.56746
2.58485
2.60164
2.61777
2.63317
2.64775
2.66142
2.67407
2.68557
2.69581
2.70467
2.71209
2.71802
2.72249
2.72558
2.72741
2.72815
2.72794
2.72695
2.72532
2.72316
2.72058
2.71766
2.71447
2.71106
2.70748
2.70376
2.69994
2.69603
2.69206
2.68804
2.68399
2.67992
2.67584
2.67175
2.66767
2.66361
2.65955
2.65552
2.65151
2.64752
2.64357
2.63965
2.63577
2.63192
2.62812
2.62435
2.62063
2.61695
2.61333
2.60974
2.60621
2.60273
2.5993
2.59592
2.59259
2.58932
2.5861
2.58294
2.57983
2.57679
2.57379
2.57086
2.56799
2.56518
2.56242
2.55973
2.5571
2.55454
2.55203
2.54959
2.54721
2.54491
2.54266
2.54049
2.53838
2.53634
2.53436
2.53245
2.53062
2.52885
2.52715
2.52552
2.52396
2.52247
2.52105
2.51971
2.51843
2.51723
2.5161
2.51504
2.51405
2.51313
2.51229
2.51151
2.51081
2.51018
2.50962
2.50914
2.50872
2.50837
2.50809
2.50788
2.50774
2.50767
2.50767
2.50773
2.50786
2.50805
2.50831
2.50863
2.50902
2.50946
2.50997
2.51054
2.51117
2.51186
2.51261
2.51342
2.51428
2.5152
2.51617
2.5172
2.51829
2.51943
2.52063
2.52188
2.52319
2.52455
2.52597
2.52745
2.52898
2.53057
2.53222
2.53393
2.5357
2.53754
2.53943
2.54139
2.54342
2.54552
2.54768
2.54991
2.55221
2.55458
2.55703
2.55955
2.56214
2.56481
2.56756
2.57039
2.57329
2.57628
2.57935
2.5825
2.58572
2.58904
2.59243
2.59591
2.59947
2.60311
2.60683
2.61064
2.61453
2.6185
2.62255
2.62668
2.63089
2.63519
2.63956
2.64401
2.64854
2.65314
2.65782
2.66258
2.66741
2.67232
2.67729
0.987022
0.974337
0.96181
0.949456
0.937295
0.925345
0.913628
0.902161
0.890971
0.88008
0.869511
0.859293
0.849455
0.84002
0.83102
0.822486
0.814449
0.80694
0.799992
0.793638
0.78791
0.782841
0.778461
0.774802
0.77189
0.769751
0.768409
0.767884
0.768196
0.769352
0.771363
0.774232
0.777962
0.782546
0.787979
0.794248
0.801339
0.809232
0.817909
0.827346
0.837518
0.848402
0.859969
0.872194
0.88505
0.898509
0.912546
0.927132
0.942248
0.957863
0.973959
0.990511
1.0075
1.0249
1.04269
1.06086
1.07939
1.09826
1.11745
1.13695
1.15675
1.17683
1.19718
1.21778
1.23863
1.25971
1.28101
1.30251
1.32422
1.34612
1.3682
1.39045
1.41287
1.43544
1.45815
1.481
1.50398
1.52708
1.55029
1.5736
1.59702
1.62052
1.6441
1.66776
1.69148
1.71526
1.73908
1.76295
1.78685
1.81078
1.83473
1.85868
1.88263
1.90658
1.93051
1.95441
1.97828
2.00211
2.02588
2.04959
2.07322
2.09678
2.12024
2.14359
2.16684
2.18995
2.21293
2.23576
2.25843
2.28092
2.30323
2.32533
2.34722
2.36888
2.39029
2.41144
2.43231
2.45287
2.47312
2.49303
2.51258
2.53173
2.55046
2.56873
2.58651
2.60376
2.62042
2.63643
2.65174
2.66624
2.67985
2.69246
2.70396
2.71421
2.7231
2.73053
2.73647
2.74093
2.74397
2.74572
2.74635
2.74601
2.74488
2.74309
2.74077
2.73803
2.73495
2.73159
2.72802
2.72428
2.72041
2.71643
2.71237
2.70825
2.70408
2.69989
2.69567
2.69144
2.68721
2.68299
2.67878
2.67458
2.6704
2.66624
2.66212
2.65802
2.65396
2.64993
2.64594
2.64199
2.63808
2.63421
2.63039
2.62661
2.62288
2.61921
2.61558
2.61199
2.60847
2.60499
2.60157
2.5982
2.59489
2.59163
2.58843
2.58529
2.58221
2.57918
2.57622
2.57332
2.57047
2.56769
2.56498
2.56232
2.55973
2.55721
2.55475
2.55236
2.55003
2.54778
2.54559
2.54347
2.54141
2.53943
2.53752
2.53567
2.5339
2.5322
2.53057
2.52901
2.52752
2.52611
2.52476
2.52349
2.52229
2.52117
2.52011
2.51913
2.51822
2.51739
2.51662
2.51593
2.51531
2.51476
2.51428
2.51387
2.51353
2.51326
2.51306
2.51292
2.51285
2.51285
2.51291
2.51304
2.51323
2.51348
2.5138
2.51418
2.51462
2.51511
2.51567
2.51628
2.51696
2.51768
2.51847
2.51931
2.52021
2.52116
2.52217
2.52323
2.52435
2.52552
2.52675
2.52803
2.52938
2.53078
2.53223
2.53375
2.53533
2.53697
2.53867
2.54044
2.54228
2.54417
2.54614
2.54817
2.55028
2.55245
2.5547
2.55702
2.55942
2.56189
2.56444
2.56707
2.56977
2.57256
2.57542
2.57837
2.5814
2.5845
2.58769
2.59096
2.59432
2.59775
2.60127
2.60487
2.60855
2.61231
2.61615
2.62007
2.62407
2.62815
2.63231
2.63655
2.64087
2.64526
2.64973
2.65427
2.65888
2.66357
2.66833
0.96332
0.950531
0.937898
0.925438
0.913171
0.901116
0.889294
0.877727
0.86644
0.855456
0.844802
0.834501
0.824591
0.815095
0.806047
0.797478
0.789423
0.781914
0.774988
0.768679
0.763022
0.758051
0.753799
0.7503
0.74758
0.745668
0.744587
0.744361
0.745
0.74652
0.748925
0.75222
0.7564
0.76146
0.767389
0.77417
0.781787
0.790216
0.799437
0.80942
0.82014
0.831567
0.843674
0.85643
0.86981
0.883782
0.898318
0.913395
0.928985
0.945062
0.961604
0.978586
0.99599
1.01379
1.03197
1.05052
1.06941
1.08862
1.10815
1.12797
1.14808
1.16846
1.18909
1.20996
1.23107
1.2524
1.27394
1.29569
1.31762
1.33974
1.36202
1.38448
1.40708
1.42984
1.45273
1.47576
1.4989
1.52216
1.54553
1.56899
1.59255
1.61619
1.63991
1.6637
1.68755
1.71145
1.73539
1.75938
1.7834
1.80743
1.83148
1.85554
1.8796
1.90364
1.92767
1.95167
1.97563
1.99955
2.02341
2.04721
2.07094
2.09458
2.11813
2.14157
2.16491
2.18811
2.21118
2.2341
2.25687
2.27946
2.30187
2.32407
2.34608
2.36785
2.38939
2.41067
2.43167
2.45239
2.47281
2.4929
2.51265
2.53202
2.551
2.56956
2.58766
2.60528
2.62237
2.63888
2.65476
2.66994
2.68435
2.69789
2.71045
2.72193
2.73218
2.74109
2.74855
2.75451
2.75896
2.76196
2.76365
2.76417
2.76371
2.76243
2.76048
2.758
2.75509
2.75184
2.74832
2.74458
2.74068
2.73665
2.73251
2.72829
2.72402
2.7197
2.71535
2.71098
2.70661
2.70223
2.69785
2.69349
2.68915
2.68482
2.68052
2.67625
2.672
2.66779
2.66361
2.65948
2.65537
2.65131
2.6473
2.64333
2.6394
2.63552
2.63169
2.62791
2.62418
2.6205
2.61687
2.61329
2.60977
2.60631
2.6029
2.59955
2.59625
2.59302
2.58984
2.58673
2.58367
2.58068
2.57775
2.57488
2.57207
2.56933
2.56666
2.56405
2.56151
2.55904
2.55663
2.55429
2.55203
2.54982
2.5477
2.54564
2.54365
2.54173
2.53989
2.53812
2.53642
2.53479
2.53324
2.53175
2.53035
2.52901
2.52775
2.52656
2.52544
2.5244
2.52343
2.52253
2.52171
2.52095
2.52027
2.51966
2.51912
2.51865
2.51825
2.51792
2.51765
2.51745
2.51732
2.51725
2.51725
2.51731
2.51743
2.51762
2.51786
2.51817
2.51854
2.51896
2.51944
2.51998
2.52058
2.52123
2.52194
2.5227
2.52352
2.52439
2.52532
2.5263
2.52734
2.52844
2.52959
2.5308
2.53206
2.53339
2.53478
2.53622
2.53773
2.53931
2.54095
2.54265
2.54442
2.54626
2.54817
2.55015
2.5522
2.55433
2.55653
2.5588
2.56115
2.56358
2.56608
2.56867
2.57133
2.57407
2.5769
2.5798
2.58278
2.58585
2.589
2.59222
2.59553
2.59892
2.6024
2.60595
2.60958
2.61329
2.61708
2.62095
2.6249
2.62892
2.63302
2.6372
2.64145
2.64578
2.65018
2.65465
2.65919
0.939927
0.927026
0.914278
0.901705
0.889323
0.877155
0.865218
0.853541
0.842145
0.831057
0.820305
0.809914
0.799921
0.790354
0.781247
0.772634
0.764553
0.757038
0.750128
0.74386
0.738272
0.7334
0.72928
0.725947
0.72343
0.721756
0.720955
0.721042
0.722032
0.723937
0.726762
0.730506
0.735164
0.740726
0.747176
0.754496
0.762662
0.771651
0.781433
0.79198
0.803261
0.815246
0.827902
0.841198
0.855106
0.869595
0.884633
0.900197
0.91626
0.932794
0.949778
0.967188
0.985
1.0032
1.02176
1.04067
1.05991
1.07946
1.09931
1.11944
1.13985
1.16051
1.18141
1.20255
1.22392
1.24549
1.26726
1.28923
1.31138
1.3337
1.35619
1.37883
1.40163
1.42456
1.44762
1.47081
1.49411
1.51752
1.54103
1.56464
1.58834
1.61211
1.63596
1.65987
1.68383
1.70785
1.73191
1.756
1.78012
1.80426
1.82841
1.85257
1.87672
1.90085
1.92497
1.94906
1.9731
1.99711
2.02105
2.04493
2.06874
2.09247
2.11609
2.13962
2.16303
2.18632
2.20947
2.23247
2.25532
2.278
2.3005
2.3228
2.3449
2.36677
2.38841
2.4098
2.43093
2.45178
2.47234
2.49258
2.51249
2.53205
2.55124
2.57003
2.5884
2.60631
2.62375
2.64065
2.657
2.67272
2.68776
2.70205
2.7155
2.728
2.73944
2.7497
2.75863
2.76612
2.77211
2.77656
2.77954
2.78117
2.7816
2.78101
2.77958
2.77748
2.77483
2.77175
2.76833
2.76463
2.76073
2.75666
2.75246
2.74816
2.74379
2.73935
2.73488
2.73037
2.72585
2.72132
2.71679
2.71226
2.70775
2.70325
2.69877
2.69432
2.68989
2.6855
2.68114
2.67681
2.67251
2.66826
2.66405
2.65988
2.65576
2.65168
2.64765
2.64366
2.63972
2.63584
2.632
2.62822
2.62449
2.62082
2.6172
2.61363
2.61013
2.60668
2.60329
2.59996
2.59669
2.59348
2.59033
2.58725
2.58423
2.58127
2.57838
2.57556
2.5728
2.57011
2.56749
2.56494
2.56245
2.56004
2.55769
2.55542
2.55321
2.55108
2.54903
2.54704
2.54513
2.54329
2.54152
2.53983
2.53821
2.53666
2.53519
2.5338
2.53247
2.53122
2.53005
2.52895
2.52792
2.52696
2.52608
2.52526
2.52452
2.52385
2.52325
2.52272
2.52226
2.52186
2.52154
2.52127
2.52108
2.52095
2.52088
2.52087
2.52093
2.52104
2.52122
2.52145
2.52174
2.52209
2.5225
2.52296
2.52348
2.52405
2.52468
2.52537
2.52611
2.5269
2.52775
2.52865
2.52962
2.53064
2.53171
2.53285
2.53404
2.5353
2.53662
2.538
2.53944
2.54095
2.54254
2.54418
2.54589
2.54768
2.54953
2.55146
2.55346
2.55554
2.55769
2.55992
2.56222
2.5646
2.56706
2.5696
2.57222
2.57492
2.5777
2.58056
2.5835
2.58652
2.58963
2.59281
2.59607
2.59941
2.60283
2.60633
2.60991
2.61357
2.6173
2.62111
2.625
2.62896
2.633
2.63711
2.64129
2.64555
2.64988
0.916859
0.903839
0.890971
0.878274
0.865769
0.853475
0.841416
0.829616
0.818101
0.806898
0.796036
0.785545
0.775454
0.765804
0.756627
0.747961
0.739843
0.732314
0.725414
0.719183
0.713662
0.708891
0.704907
0.701747
0.699442
0.698025
0.697518
0.697938
0.699303
0.70162
0.704892
0.709115
0.714279
0.720371
0.727369
0.735253
0.743994
0.753564
0.763928
0.775056
0.786913
0.799465
0.81268
0.826522
0.840962
0.855966
0.871508
0.887559
0.90409
0.921077
0.938496
0.956324
0.974539
0.993121
1.01205
1.03132
1.05089
1.07077
1.09093
1.11137
1.13206
1.153
1.17417
1.19556
1.21716
1.23897
1.26096
1.28314
1.3055
1.32802
1.35069
1.37352
1.39648
1.41958
1.4428
1.46615
1.4896
1.51315
1.53681
1.56055
1.58437
1.60827
1.63223
1.65626
1.68033
1.70446
1.72862
1.75281
1.77703
1.80126
1.82551
1.84975
1.87399
1.89821
1.92241
1.94657
1.9707
1.99478
2.0188
2.04276
2.06664
2.09044
2.11414
2.13773
2.16122
2.18458
2.2078
2.23088
2.2538
2.27656
2.29913
2.32151
2.34369
2.36565
2.38738
2.40887
2.4301
2.45106
2.47173
2.49211
2.51216
2.53187
2.55123
2.57021
2.58879
2.60695
2.62466
2.64188
2.65859
2.67474
2.69029
2.70517
2.71932
2.73266
2.74509
2.75649
2.76673
2.77568
2.78322
2.78924
2.79372
2.79669
2.79826
2.7986
2.7979
2.79633
2.79406
2.79125
2.78799
2.7844
2.78053
2.77646
2.77222
2.76785
2.76338
2.75884
2.75424
2.7496
2.74494
2.74026
2.73557
2.73088
2.7262
2.72153
2.71688
2.71224
2.70763
2.70305
2.6985
2.69398
2.6895
2.68505
2.68064
2.67628
2.67195
2.66767
2.66344
2.65925
2.6551
2.65101
2.64697
2.64298
2.63904
2.63515
2.63132
2.62755
2.62383
2.62017
2.61656
2.61302
2.60953
2.60611
2.60275
2.59944
2.59621
2.59304
2.58993
2.58688
2.58391
2.581
2.57816
2.57539
2.57269
2.57006
2.5675
2.56501
2.56259
2.56025
2.55798
2.55578
2.55365
2.5516
2.54962
2.54772
2.54589
2.54413
2.54245
2.54084
2.53931
2.53786
2.53648
2.53517
2.53394
2.53278
2.53169
2.53068
2.52974
2.52887
2.52807
2.52734
2.52668
2.52609
2.52556
2.52511
2.52472
2.52439
2.52413
2.52393
2.5238
2.52372
2.52371
2.52375
2.52386
2.52402
2.52423
2.52451
2.52484
2.52522
2.52566
2.52616
2.52671
2.52731
2.52797
2.52869
2.52946
2.53029
2.53118
2.53212
2.53313
2.53419
2.53532
2.53651
2.53776
2.53908
2.54046
2.54192
2.54344
2.54503
2.54668
2.54842
2.55022
2.5521
2.55405
2.55608
2.55818
2.56036
2.56262
2.56496
2.56738
2.56987
2.57245
2.5751
2.57784
2.58065
2.58354
2.58651
2.58957
2.5927
2.59591
2.5992
2.60256
2.60601
2.60953
2.61313
2.6168
2.62055
2.62437
2.62826
2.63223
2.63626
2.64037
0.894139
0.880991
0.867994
0.855166
0.842528
0.830098
0.817905
0.805972
0.794325
0.782994
0.772007
0.7614
0.751202
0.741455
0.732196
0.723463
0.715299
0.707747
0.700849
0.69465
0.689195
0.684525
0.680681
0.677703
0.675627
0.674478
0.674284
0.675063
0.676829
0.679587
0.683337
0.688069
0.693772
0.700423
0.708001
0.716476
0.725816
0.735988
0.746954
0.758679
0.771124
0.784255
0.798033
0.812427
0.827402
0.842923
0.858965
0.875497
0.892492
0.909925
0.92777
0.946007
0.964615
0.983573
1.00286
1.02247
1.04238
1.06257
1.08303
1.10375
1.12472
1.14592
1.16734
1.18898
1.21081
1.23284
1.25504
1.27743
1.29997
1.32268
1.34553
1.36853
1.39166
1.41491
1.43829
1.46178
1.48537
1.50906
1.53284
1.5567
1.58065
1.60466
1.62873
1.65287
1.67705
1.70127
1.72553
1.74981
1.77412
1.79844
1.82277
1.84709
1.87141
1.89571
1.91998
1.94422
1.96842
1.99257
2.01666
2.04069
2.06463
2.08849
2.11226
2.13592
2.15947
2.18289
2.20618
2.22932
2.25231
2.27513
2.29777
2.32022
2.34247
2.36451
2.38632
2.40789
2.42921
2.45026
2.47103
2.49151
2.51168
2.53152
2.55102
2.57015
2.58891
2.60726
2.62519
2.64267
2.65967
2.67616
2.6921
2.70745
2.72216
2.73615
2.74937
2.7617
2.77304
2.78326
2.79223
2.79981
2.80588
2.81039
2.81337
2.81492
2.81518
2.81436
2.81265
2.81023
2.80725
2.80382
2.80004
2.796
2.79174
2.78733
2.78278
2.77815
2.77343
2.76867
2.76387
2.75904
2.75419
2.74934
2.74449
2.73965
2.73482
2.73001
2.72522
2.72045
2.71571
2.711
2.70632
2.70168
2.69707
2.69251
2.68798
2.6835
2.67906
2.67466
2.67031
2.66601
2.66176
2.65756
2.65341
2.64931
2.64527
2.64128
2.63735
2.63347
2.62965
2.62589
2.62219
2.61855
2.61497
2.61146
2.60801
2.60462
2.60129
2.59803
2.59484
2.59171
2.58865
2.58567
2.58275
2.5799
2.57713
2.57442
2.57179
2.56923
2.56674
2.56433
2.56199
2.55972
2.55753
2.55541
2.55337
2.55141
2.54952
2.54771
2.54597
2.5443
2.54272
2.54121
2.53977
2.53841
2.53712
2.5359
2.53476
2.53369
2.5327
2.53177
2.53092
2.53013
2.52941
2.52876
2.52817
2.52765
2.5272
2.52681
2.52648
2.52622
2.52601
2.52587
2.52578
2.52575
2.52578
2.52587
2.52601
2.5262
2.52645
2.52676
2.52712
2.52754
2.52801
2.52854
2.52913
2.52977
2.53046
2.53122
2.53203
2.53291
2.53384
2.53484
2.5359
2.53703
2.53822
2.53948
2.5408
2.5422
2.54366
2.5452
2.5468
2.54848
2.55023
2.55206
2.55397
2.55595
2.55801
2.56014
2.56235
2.56465
2.56701
2.56946
2.57199
2.5746
2.57728
2.58005
2.58289
2.58581
2.58881
2.59189
2.59504
2.59827
2.60158
2.60496
2.60842
2.61195
2.61555
2.61923
2.62298
2.6268
2.63069
0.87179
0.858507
0.845371
0.832401
0.819617
0.807043
0.794705
0.782625
0.770833
0.75936
0.748237
0.737498
0.727177
0.717319
0.707962
0.699149
0.690927
0.68334
0.676436
0.670264
0.664871
0.660304
0.656606
0.653822
0.651984
0.651123
0.651267
0.652432
0.654628
0.65786
0.66212
0.667397
0.673671
0.680917
0.689104
0.698199
0.708164
0.718959
0.730545
0.742881
0.755928
0.769645
0.783994
0.79894
0.814447
0.830485
0.847022
0.86403
0.881481
0.899349
0.917613
0.936248
0.955237
0.97456
0.994199
1.01414
1.03436
1.05485
1.07561
1.0966
1.11783
1.13928
1.16094
1.18281
1.20486
1.22709
1.2495
1.27207
1.2948
1.31768
1.34071
1.36387
1.38715
1.41055
1.43407
1.45769
1.48141
1.50523
1.52913
1.55311
1.57716
1.60128
1.62546
1.64969
1.67397
1.69829
1.72263
1.747
1.77139
1.79579
1.8202
1.8446
1.86898
1.89335
1.9177
1.942
1.96627
1.99048
2.01463
2.03871
2.06272
2.08664
2.11046
2.13418
2.15778
2.18126
2.20461
2.2278
2.25085
2.27373
2.29643
2.31894
2.34125
2.36335
2.38523
2.40687
2.42827
2.4494
2.47025
2.49082
2.51108
2.53103
2.55064
2.5699
2.5888
2.60731
2.62542
2.6431
2.66033
2.67709
2.69334
2.70905
2.72419
2.7387
2.75252
2.76558
2.7778
2.78907
2.79927
2.80825
2.81587
2.822
2.82657
2.82958
2.8311
2.83131
2.83038
2.82854
2.82596
2.8228
2.8192
2.81524
2.81101
2.80658
2.80198
2.79726
2.79245
2.78756
2.78263
2.77766
2.77266
2.76765
2.76263
2.75762
2.75261
2.74762
2.74264
2.73769
2.73276
2.72785
2.72298
2.71814
2.71334
2.70857
2.70384
2.69916
2.69451
2.68991
2.68536
2.68085
2.67638
2.67197
2.66761
2.6633
2.65905
2.65484
2.6507
2.6466
2.64257
2.63859
2.63467
2.63082
2.62702
2.62329
2.61962
2.61601
2.61247
2.60899
2.60558
2.60224
2.59896
2.59576
2.59262
2.58956
2.58656
2.58364
2.5808
2.57802
2.57532
2.57269
2.57014
2.56766
2.56526
2.56293
2.56068
2.5585
2.5564
2.55438
2.55244
2.55057
2.54877
2.54706
2.54542
2.54385
2.54236
2.54094
2.5396
2.53833
2.53714
2.53602
2.53496
2.53398
2.53307
2.53222
2.53144
2.53073
2.53008
2.5295
2.52898
2.52853
2.52813
2.5278
2.52752
2.5273
2.52714
2.52704
2.52699
2.527
2.52706
2.52718
2.52736
2.52758
2.52787
2.52821
2.5286
2.52906
2.52956
2.53013
2.53076
2.53144
2.53218
2.53299
2.53386
2.53479
2.53579
2.53685
2.53799
2.53919
2.54046
2.5418
2.5432
2.54469
2.54624
2.54787
2.54958
2.55136
2.55321
2.55514
2.55715
2.55924
2.5614
2.56365
2.56597
2.56837
2.57084
2.5734
2.57603
2.57874
2.58153
2.58439
2.58733
2.59035
2.59344
2.59661
2.59985
2.60317
2.60656
2.61002
2.61355
2.61715
2.62083
0.849839
0.836412
0.823128
0.810007
0.797067
0.784336
0.771838
0.759598
0.747647
0.736016
0.724739
0.713853
0.703396
0.693407
0.683937
0.67503
0.666734
0.6591
0.65218
0.646027
0.640694
0.636231
0.632687
0.630103
0.62852
0.627971
0.628479
0.63006
0.632722
0.636463
0.641272
0.647131
0.654014
0.661888
0.670717
0.680461
0.691076
0.702517
0.71474
0.727701
0.741356
0.755666
0.770588
0.786087
0.802125
0.818674
0.8357
0.853175
0.871071
0.889366
0.908035
0.927057
0.946415
0.966088
0.986061
1.00632
1.02685
1.04763
1.06865
1.08991
1.11139
1.13308
1.15497
1.17705
1.19931
1.22174
1.24433
1.26709
1.28999
1.31304
1.33622
1.35952
1.38295
1.40649
1.43014
1.45389
1.47773
1.50166
1.52567
1.54977
1.57392
1.59814
1.62241
1.64674
1.6711
1.6955
1.71993
1.74438
1.76884
1.79331
1.81779
1.84225
1.86671
1.89114
1.91554
1.93991
1.96423
1.9885
2.01271
2.03684
2.0609
2.08487
2.10875
2.13251
2.15617
2.17969
2.20309
2.22634
2.24943
2.27236
2.29511
2.31767
2.34004
2.36219
2.38413
2.40583
2.42728
2.44848
2.46941
2.49005
2.51039
2.53042
2.55013
2.5695
2.58851
2.60715
2.6254
2.64324
2.66066
2.67763
2.69412
2.71012
2.72558
2.74048
2.75477
2.7684
2.7813
2.79339
2.80456
2.81472
2.8237
2.83137
2.83758
2.84223
2.84528
2.84681
2.84697
2.84595
2.84398
2.84124
2.83791
2.83413
2.82998
2.82557
2.82095
2.81617
2.81127
2.80628
2.80121
2.7961
2.79096
2.78579
2.78061
2.77542
2.77024
2.76507
2.7599
2.75476
2.74964
2.74455
2.73948
2.73444
2.72944
2.72447
2.71954
2.71465
2.7098
2.70499
2.70022
2.6955
2.69083
2.68621
2.68164
2.67711
2.67264
2.66822
2.66386
2.65956
2.6553
2.65111
2.64698
2.6429
2.63889
2.63494
2.63105
2.62722
2.62346
2.61977
2.61614
2.61258
2.60908
2.60566
2.60231
2.59903
2.59582
2.59268
2.58962
2.58663
2.58371
2.58087
2.5781
2.57541
2.5728
2.57026
2.5678
2.56541
2.5631
2.56087
2.55872
2.55664
2.55465
2.55272
2.55088
2.54911
2.54742
2.5458
2.54426
2.54279
2.5414
2.54008
2.53883
2.53765
2.53654
2.5355
2.53452
2.53362
2.53278
2.53201
2.5313
2.53065
2.53006
2.52954
2.52907
2.52867
2.52832
2.52802
2.52779
2.52761
2.52748
2.52742
2.5274
2.52744
2.52754
2.52769
2.5279
2.52816
2.52848
2.52886
2.52929
2.52979
2.53034
2.53096
2.53163
2.53238
2.53318
2.53405
2.53499
2.536
2.53707
2.53821
2.53943
2.54071
2.54207
2.5435
2.545
2.54658
2.54824
2.54997
2.55177
2.55365
2.55561
2.55765
2.55976
2.56195
2.56422
2.56657
2.56899
2.57149
2.57407
2.57672
2.57945
2.58225
2.58513
2.58808
2.59111
2.59421
2.59738
2.60062
2.60394
2.60733
2.61078
0.828312
0.814734
0.801292
0.788007
0.774903
0.762002
0.74933
0.736916
0.72479
0.712984
0.701537
0.690484
0.679869
0.669734
0.660132
0.651111
0.642726
0.635031
0.628084
0.621942
0.616665
0.612308
0.608921
0.606553
0.605246
0.605032
0.605935
0.607968
0.611134
0.615425
0.620826
0.627309
0.634841
0.643381
0.652885
0.663306
0.674596
0.686702
0.699578
0.713174
0.727446
0.742351
0.757846
0.773893
0.790459
0.80751
0.825016
0.842947
0.861278
0.879986
0.899047
0.918443
0.938155
0.958165
0.978458
0.999019
1.01984
1.04089
1.06218
1.08368
1.1054
1.12731
1.14942
1.1717
1.19415
1.21677
1.23954
1.26246
1.28553
1.30872
1.33205
1.3555
1.37906
1.40273
1.4265
1.45037
1.47432
1.49836
1.52247
1.54666
1.57091
1.59522
1.61958
1.64399
1.66843
1.69291
1.71741
1.74193
1.76646
1.791
1.81554
1.84006
1.86458
1.88906
1.91352
1.93794
1.96232
1.98663
2.01089
2.03507
2.05918
2.08319
2.10711
2.13092
2.15462
2.17819
2.20162
2.22491
2.24805
2.27102
2.29381
2.31642
2.33883
2.36103
2.38301
2.40476
2.42627
2.44752
2.46851
2.48921
2.50962
2.52972
2.54951
2.56896
2.58807
2.60681
2.62518
2.64315
2.66071
2.67785
2.69453
2.71075
2.72647
2.74168
2.75632
2.77037
2.78379
2.7965
2.80843
2.8195
2.8296
2.83858
2.84629
2.85258
2.85732
2.86045
2.86202
2.86215
2.86105
2.85896
2.85607
2.85256
2.84859
2.84426
2.83966
2.83485
2.82988
2.8248
2.81962
2.81437
2.80908
2.80376
2.79842
2.79306
2.7877
2.78235
2.777
2.77167
2.76636
2.76107
2.7558
2.75057
2.74536
2.74019
2.73506
2.72996
2.7249
2.71989
2.71491
2.70999
2.7051
2.70027
2.69548
2.69074
2.68606
2.68143
2.67685
2.67233
2.66786
2.66345
2.6591
2.6548
2.65057
2.6464
2.6423
2.63825
2.63428
2.63036
2.62651
2.62273
2.61902
2.61538
2.61181
2.60832
2.60489
2.60154
2.59826
2.59505
2.59192
2.58887
2.58589
2.58298
2.58015
2.5774
2.57473
2.57214
2.56962
2.56718
2.56482
2.56254
2.56034
2.55821
2.55616
2.55419
2.5523
2.55048
2.54873
2.54707
2.54547
2.54395
2.54251
2.54113
2.53983
2.53859
2.53742
2.53632
2.53529
2.53433
2.53343
2.53259
2.53181
2.5311
2.53044
2.52985
2.52931
2.52883
2.5284
2.52803
2.52772
2.52746
2.52726
2.52712
2.52702
2.52699
2.52701
2.52708
2.52721
2.5274
2.52765
2.52795
2.52832
2.52874
2.52923
2.52978
2.53039
2.53107
2.53181
2.53263
2.5335
2.53445
2.53547
2.53655
2.53771
2.53894
2.54025
2.54163
2.54308
2.54461
2.54621
2.54789
2.54964
2.55147
2.55338
2.55536
2.55742
2.55955
2.56177
2.56405
2.56642
2.56886
2.57138
2.57396
2.57663
2.57937
2.58218
2.58506
2.58802
2.59104
2.59414
2.59731
2.60055
0.807242
0.793502
0.779895
0.766437
0.753155
0.740071
0.727212
0.714608
0.702289
0.690292
0.678653
0.667415
0.656621
0.64632
0.636562
0.627407
0.618912
0.611139
0.604151
0.598011
0.592786
0.588535
0.585315
0.583179
0.582169
0.582321
0.583654
0.58618
0.589895
0.594785
0.600823
0.607976
0.616199
0.625443
0.635656
0.646784
0.65877
0.67156
0.6851
0.699341
0.714233
0.729732
0.745797
0.762387
0.779471
0.797016
0.814988
0.833363
0.852114
0.871219
0.890659
0.910413
0.930463
0.950794
0.971391
0.992241
1.01333
1.03465
1.05618
1.07792
1.09986
1.12198
1.14428
1.16676
1.18939
1.21218
1.23512
1.2582
1.28141
1.30475
1.32821
1.35179
1.37547
1.39926
1.42314
1.44712
1.47117
1.49531
1.51952
1.5438
1.56814
1.59253
1.61697
1.64145
1.66596
1.69051
1.71507
1.73966
1.76425
1.78885
1.81344
1.83802
1.86259
1.88713
1.91163
1.9361
1.96052
1.98488
2.00918
2.0334
2.05754
2.0816
2.10555
2.1294
2.15314
2.17674
2.20021
2.22354
2.24671
2.26971
2.29254
2.31519
2.33763
2.35987
2.38189
2.40368
2.42523
2.44653
2.46756
2.48832
2.50878
2.52894
2.5488
2.56832
2.5875
2.60633
2.62479
2.64286
2.66054
2.67781
2.69465
2.71104
2.72696
2.74239
2.75731
2.77169
2.78548
2.79866
2.81116
2.82293
2.83387
2.84389
2.85285
2.86061
2.86698
2.87184
2.87507
2.87669
2.87682
2.87567
2.87346
2.87042
2.86674
2.86258
2.85806
2.85326
2.84826
2.8431
2.83783
2.83246
2.82703
2.82156
2.81606
2.81053
2.805
2.79946
2.79393
2.78841
2.78291
2.77743
2.77196
2.76653
2.76112
2.75575
2.75041
2.74511
2.73984
2.73462
2.72943
2.72429
2.7192
2.71415
2.70915
2.7042
2.6993
2.69445
2.68966
2.68491
2.68023
2.6756
2.67103
2.66652
2.66207
2.65769
2.65336
2.6491
2.6449
2.64077
2.63671
2.63271
2.62878
2.62492
2.62114
2.61742
2.61378
2.61021
2.60672
2.6033
2.59995
2.59668
2.59349
2.59037
2.58733
2.58437
2.58149
2.57868
2.57596
2.57331
2.57074
2.56825
2.56585
2.56351
2.56126
2.55909
2.55699
2.55497
2.55303
2.55116
2.54937
2.54765
2.54601
2.54444
2.54294
2.54151
2.54015
2.53885
2.53763
2.53647
2.53537
2.53434
2.53338
2.53247
2.53163
2.53084
2.53011
2.52944
2.52883
2.52827
2.52777
2.52733
2.52694
2.5266
2.52632
2.5261
2.52593
2.52582
2.52576
2.52576
2.52581
2.52593
2.5261
2.52634
2.52663
2.52699
2.52741
2.5279
2.52845
2.52906
2.52975
2.5305
2.53132
2.53221
2.53317
2.53421
2.53531
2.53649
2.53774
2.53906
2.54046
2.54193
2.54348
2.54511
2.54681
2.54858
2.55043
2.55236
2.55436
2.55644
2.55859
2.56082
2.56312
2.5655
2.56795
2.57047
2.57306
2.57573
2.57847
2.58128
2.58416
2.58712
2.59014
0.786661
0.772753
0.758968
0.745329
0.731856
0.718576
0.705515
0.692704
0.680175
0.667966
0.656116
0.644669
0.633673
0.62318
0.613244
0.603932
0.595305
0.587433
0.580386
0.574238
0.569057
0.564913
0.561869
0.559984
0.5593
0.559853
0.56166
0.564726
0.569042
0.574583
0.581311
0.589182
0.598141
0.608129
0.619085
0.630947
0.64365
0.657138
0.671353
0.686241
0.701754
0.717844
0.734469
0.751596
0.769186
0.787208
0.805633
0.824435
0.843591
0.863079
0.882878
0.902973
0.923345
0.94398
0.964865
0.985986
1.00733
1.02889
1.05066
1.07261
1.09476
1.11708
1.13957
1.16222
1.18502
1.20797
1.23106
1.25429
1.27764
1.30111
1.32469
1.34839
1.37219
1.39608
1.42007
1.44414
1.46829
1.49252
1.51681
1.54117
1.56558
1.59005
1.61456
1.63911
1.66369
1.68829
1.71292
1.73756
1.76221
1.78686
1.8115
1.83613
1.86074
1.88532
1.90987
1.93437
1.95883
1.98323
2.00756
2.03182
2.056
2.08009
2.10408
2.12796
2.15172
2.17535
2.19885
2.22221
2.24541
2.26844
2.2913
2.31397
2.33645
2.35872
2.38078
2.4026
2.42418
2.44552
2.46659
2.48738
2.50789
2.5281
2.54801
2.56758
2.58683
2.60572
2.62426
2.64242
2.66019
2.67757
2.69452
2.71105
2.72712
2.74274
2.75786
2.77248
2.78657
2.80009
2.81301
2.82529
2.83686
2.84766
2.85758
2.86651
2.87429
2.88076
2.88574
2.8891
2.89082
2.89098
2.88978
2.88747
2.88428
2.88044
2.87609
2.87137
2.86638
2.86118
2.85582
2.85035
2.84479
2.83918
2.83352
2.82783
2.82212
2.81641
2.81069
2.80499
2.79929
2.79361
2.78795
2.78231
2.77671
2.77113
2.76558
2.76007
2.7546
2.74916
2.74377
2.73842
2.73311
2.72785
2.72264
2.71747
2.71236
2.70729
2.70228
2.69732
2.69242
2.68757
2.68279
2.67806
2.67339
2.66879
2.66424
2.65976
2.65535
2.651
2.64672
2.6425
2.63836
2.63428
2.63028
2.62635
2.62249
2.6187
2.61499
2.61136
2.6078
2.60431
2.60091
2.59758
2.59433
2.59116
2.58806
2.58505
2.58212
2.57926
2.57649
2.57379
2.57118
2.56864
2.56618
2.56381
2.56151
2.55929
2.55714
2.55508
2.55308
2.55117
2.54933
2.54756
2.54586
2.54424
2.54268
2.5412
2.53978
2.53843
2.53714
2.53592
2.53476
2.53366
2.53263
2.53165
2.53074
2.52988
2.52908
2.52833
2.52764
2.52701
2.52643
2.52591
2.52544
2.52502
2.52467
2.52436
2.52412
2.52393
2.5238
2.52372
2.52371
2.52375
2.52385
2.52402
2.52425
2.52454
2.5249
2.52532
2.52581
2.52637
2.52699
2.52769
2.52845
2.52928
2.53019
2.53116
2.53221
2.53333
2.53453
2.5358
2.53714
2.53856
2.54005
2.54162
2.54326
2.54498
2.54677
2.54863
2.55057
2.55259
2.55468
2.55684
2.55908
2.56138
2.56376
2.56622
2.56874
2.57134
2.574
2.57674
2.57954
0.766608
0.752525
0.738553
0.72472
0.711045
0.697555
0.684277
0.671242
0.658484
0.646043
0.633958
0.622277
0.611052
0.60034
0.590201
0.580701
0.571916
0.563921
0.556798
0.550624
0.545481
0.541446
0.538591
0.536978
0.536652
0.537649
0.539979
0.543643
0.548619
0.554869
0.562346
0.570989
0.580731
0.591502
0.603233
0.615852
0.629291
0.643488
0.658381
0.673917
0.690045
0.706718
0.723895
0.741542
0.759623
0.778107
0.796966
0.816178
0.835719
0.85557
0.875712
0.896127
0.916803
0.937723
0.958878
0.980254
1.00184
1.02363
1.04561
1.06777
1.09011
1.11261
1.13527
1.15808
1.18104
1.20414
1.22737
1.25072
1.2742
1.29779
1.32149
1.34529
1.36919
1.39319
1.41726
1.44143
1.46566
1.48997
1.51434
1.53877
1.56325
1.58779
1.61236
1.63697
1.6616
1.68626
1.71094
1.73563
1.76033
1.78502
1.8097
1.83437
1.85902
1.88364
1.90823
1.93277
1.95726
1.98169
2.00605
2.03034
2.05454
2.07866
2.10267
2.12657
2.15036
2.17402
2.19755
2.22092
2.24414
2.2672
2.29008
2.31278
2.33528
2.35758
2.37966
2.40151
2.42312
2.44448
2.46559
2.48642
2.50696
2.52721
2.54715
2.56678
2.58607
2.60502
2.62362
2.64184
2.65969
2.67715
2.6942
2.71083
2.72703
2.74278
2.75807
2.77287
2.78718
2.80096
2.81419
2.82684
2.83887
2.85023
2.86085
2.87065
2.87953
2.88732
2.89388
2.89899
2.90252
2.90436
2.90459
2.90338
2.90098
2.89766
2.89364
2.8891
2.88418
2.87899
2.87358
2.86803
2.86236
2.85661
2.8508
2.84495
2.83907
2.83318
2.82728
2.82139
2.8155
2.80962
2.80376
2.79792
2.79211
2.78633
2.78058
2.77486
2.76918
2.76354
2.75793
2.75237
2.74685
2.74137
2.73594
2.73056
2.72523
2.71995
2.71472
2.70954
2.70443
2.69936
2.69436
2.68941
2.68453
2.6797
2.67494
2.67024
2.66561
2.66104
2.65654
2.65211
2.64775
2.64346
2.63924
2.63509
2.63101
2.62701
2.62309
2.61924
2.61546
2.61177
2.60815
2.60461
2.60115
2.59776
2.59446
2.59124
2.5881
2.58504
2.58205
2.57915
2.57633
2.57359
2.57093
2.56835
2.56585
2.56343
2.56108
2.55881
2.55662
2.55451
2.55247
2.55051
2.54861
2.54679
2.54504
2.54336
2.54175
2.5402
2.53873
2.53731
2.53596
2.53468
2.53345
2.53228
2.53118
2.53013
2.52914
2.5282
2.52732
2.5265
2.52573
2.52502
2.52437
2.52376
2.52322
2.52273
2.52229
2.52191
2.52159
2.52133
2.52112
2.52097
2.52089
2.52086
2.5209
2.521
2.52116
2.52139
2.52168
2.52204
2.52248
2.52297
2.52353
2.52417
2.52487
2.52565
2.5265
2.52742
2.52841
2.52947
2.53061
2.53182
2.53311
2.53447
2.5359
2.53741
2.53899
2.54064
2.54237
2.54417
2.54605
2.548
2.55002
2.55211
2.55428
2.55652
2.55882
2.5612
2.56365
2.56617
2.56876
0.747125
0.732856
0.718692
0.704654
0.690766
0.677052
0.663541
0.650265
0.637259
0.624561
0.612217
0.600276
0.588793
0.577829
0.567454
0.557735
0.548761
0.540614
0.533389
0.527172
0.522058
0.518135
0.515483
0.51417
0.514243
0.515733
0.518651
0.522978
0.528682
0.535709
0.543995
0.553465
0.564038
0.575631
0.588166
0.601564
0.615751
0.630661
0.646233
0.66241
0.679144
0.696385
0.7141
0.732249
0.7508
0.769727
0.789001
0.808602
0.828507
0.8487
0.869163
0.889881
0.91084
0.932028
0.953433
0.975045
0.996854
1.01885
1.04103
1.06338
1.08589
1.10856
1.13138
1.15434
1.17744
1.20067
1.22403
1.2475
1.27109
1.29479
1.3186
1.3425
1.36649
1.39057
1.41473
1.43897
1.46328
1.48766
1.5121
1.53659
1.56114
1.58573
1.61036
1.63502
1.6597
1.68441
1.70913
1.73387
1.7586
1.78333
1.80805
1.83276
1.85744
1.88209
1.90671
1.93127
1.95579
1.98024
2.00463
2.02894
2.05317
2.0773
2.10134
2.12526
2.14907
2.17274
2.19629
2.21968
2.24292
2.266
2.2889
2.31161
2.33413
2.35644
2.37854
2.40042
2.42205
2.44343
2.46456
2.48541
2.50599
2.52627
2.54624
2.5659
2.58524
2.60423
2.62287
2.64115
2.65906
2.67658
2.69371
2.71042
2.72672
2.74258
2.75799
2.77293
2.7874
2.80138
2.81484
2.82777
2.84013
2.85189
2.86301
2.87344
2.8831
2.89189
2.89969
2.90632
2.91158
2.91528
2.9173
2.91764
2.91644
2.91398
2.91052
2.90633
2.9016
2.89649
2.89108
2.88547
2.87971
2.87384
2.86789
2.86188
2.85584
2.84977
2.84369
2.83761
2.83153
2.82546
2.8194
2.81336
2.80735
2.80136
2.7954
2.78947
2.78358
2.77773
2.77191
2.76613
2.7604
2.75471
2.74906
2.74347
2.73792
2.73242
2.72698
2.72158
2.71625
2.71097
2.70575
2.70058
2.69548
2.69044
2.68546
2.68054
2.67569
2.67091
2.66619
2.66154
2.65696
2.65245
2.64801
2.64365
2.63936
2.63514
2.631
2.62694
2.62295
2.61905
2.61522
2.61146
2.60779
2.6042
2.60068
2.59725
2.5939
2.59063
2.58744
2.58434
2.58131
2.57837
2.5755
2.57272
2.57002
2.56739
2.56485
2.56238
2.55999
2.55768
2.55544
2.55328
2.55119
2.54917
2.54723
2.54535
2.54355
2.5418
2.54013
2.53853
2.53698
2.53551
2.53409
2.53273
2.53143
2.5302
2.52901
2.52789
2.52682
2.52581
2.52485
2.52395
2.52311
2.52232
2.52158
2.5209
2.52028
2.51971
2.5192
2.51874
2.51835
2.51801
2.51773
2.51752
2.51736
2.51727
2.51724
2.51727
2.51737
2.51753
2.51777
2.51807
2.51843
2.51887
2.51937
2.51995
2.52059
2.52131
2.5221
2.52296
2.52389
2.5249
2.52597
2.52713
2.52835
2.52965
2.53102
2.53247
2.53398
2.53557
2.53724
2.53897
2.54078
2.54266
2.54461
2.54663
2.54872
2.55089
2.55312
2.55542
2.55779
0.728257
0.713797
0.699432
0.685182
0.671069
0.657118
0.643359
0.629823
0.616547
0.603571
0.59094
0.578709
0.566936
0.555687
0.545035
0.53506
0.525859
0.517528
0.510168
0.503887
0.498791
0.494983
0.492552
0.491572
0.492094
0.494144
0.497719
0.502788
0.509299
0.517178
0.526341
0.536695
0.548144
0.560596
0.573959
0.588148
0.603089
0.618712
0.634955
0.651764
0.669083
0.686879
0.705108
0.723738
0.742739
0.762084
0.78175
0.801716
0.821963
0.842475
0.863236
0.884234
0.905457
0.926891
0.948527
0.970357
0.99237
1.01456
1.03692
1.05943
1.08211
1.10493
1.12789
1.151
1.17422
1.19757
1.22104
1.24463
1.26832
1.29211
1.31601
1.33999
1.36407
1.38823
1.41246
1.43677
1.46115
1.48559
1.51009
1.53464
1.55924
1.58388
1.60855
1.63325
1.65798
1.68273
1.70749
1.73226
1.75703
1.78179
1.80654
1.83128
1.85598
1.88066
1.90529
1.92988
1.95442
1.97889
2.0033
2.02763
2.05187
2.07602
2.10007
2.12401
2.14783
2.17152
2.19507
2.21848
2.24173
2.26482
2.28773
2.31046
2.33299
2.35532
2.37743
2.39932
2.42097
2.44237
2.46351
2.48439
2.50498
2.52528
2.54529
2.56497
2.58434
2.60336
2.62204
2.64037
2.65832
2.67589
2.69308
2.70986
2.72623
2.74217
2.75768
2.77274
2.78734
2.80146
2.81509
2.82822
2.84082
2.85288
2.86435
2.87522
2.88543
2.89492
2.90361
2.91137
2.91806
2.92346
2.92737
2.9296
2.93009
2.92895
2.92645
2.92287
2.91852
2.91359
2.90827
2.90265
2.89683
2.89086
2.88478
2.87863
2.87243
2.86619
2.85993
2.85366
2.84738
2.84111
2.83486
2.82862
2.8224
2.81621
2.81004
2.80391
2.7978
2.79173
2.7857
2.77971
2.77377
2.76786
2.762
2.75619
2.75043
2.74471
2.73905
2.73344
2.72789
2.72239
2.71695
2.71157
2.70625
2.70099
2.69579
2.69065
2.68559
2.68058
2.67565
2.67079
2.66599
2.66127
2.65661
2.65203
2.64753
2.6431
2.63874
2.63447
2.63027
2.62615
2.6221
2.61814
2.61426
2.61046
2.60673
2.60309
2.59953
2.59606
2.59266
2.58935
2.58612
2.58297
2.5799
2.57692
2.57401
2.57118
2.56844
2.56577
2.56318
2.56067
2.55824
2.55588
2.55359
2.55138
2.54924
2.54717
2.54517
2.54323
2.54136
2.53956
2.53783
2.53616
2.53455
2.533
2.53151
2.53008
2.52871
2.52739
2.52614
2.52493
2.52379
2.5227
2.52166
2.52068
2.51976
2.51889
2.51807
2.51732
2.51662
2.51597
2.51539
2.51486
2.51439
2.51398
2.51363
2.51335
2.51312
2.51296
2.51286
2.51283
2.51287
2.51297
2.51314
2.51338
2.51368
2.51406
2.5145
2.51501
2.5156
2.51625
2.51698
2.51778
2.51865
2.5196
2.52061
2.5217
2.52286
2.5241
2.5254
2.52678
2.52823
2.52975
2.53135
2.53301
2.53475
2.53656
2.53844
2.54038
2.5424
2.54449
2.54664
0.71005
0.695396
0.680824
0.666353
0.652006
0.637806
0.623784
0.609972
0.596405
0.583126
0.570182
0.557629
0.545529
0.533954
0.522984
0.512713
0.503239
0.494677
0.487148
0.480775
0.475683
0.471992
0.469803
0.469202
0.470236
0.472923
0.477245
0.483148
0.490555
0.499368
0.509479
0.520774
0.533143
0.54648
0.560689
0.575678
0.591371
0.607697
0.624596
0.642015
0.659903
0.678226
0.696946
0.71603
0.735454
0.755191
0.775222
0.795527
0.816091
0.836897
0.857934
0.879189
0.900651
0.922312
0.944159
0.966186
0.988384
1.01075
1.03327
1.05594
1.07876
1.10172
1.12481
1.14803
1.17137
1.19483
1.2184
1.24208
1.26586
1.28974
1.31372
1.33778
1.36193
1.38615
1.41045
1.43482
1.45925
1.48375
1.5083
1.5329
1.55754
1.58222
1.60693
1.63168
1.65644
1.68122
1.70601
1.73081
1.7556
1.78039
1.80516
1.82992
1.85465
1.87934
1.90399
1.9286
1.95315
1.97764
2.00206
2.0264
2.05065
2.07481
2.09887
2.12282
2.14664
2.17034
2.19391
2.21732
2.24058
2.26367
2.28659
2.30933
2.33187
2.3542
2.37632
2.39822
2.41988
2.44129
2.46244
2.48333
2.50394
2.52426
2.54428
2.56399
2.58337
2.60243
2.62114
2.63949
2.65749
2.6751
2.69233
2.70916
2.72559
2.7416
2.75718
2.77233
2.78702
2.80126
2.81502
2.8283
2.84108
2.85335
2.86508
2.87626
2.88685
2.89682
2.90612
2.91467
2.92237
2.92908
2.93462
2.93874
2.94122
2.94192
2.94089
2.93837
2.9347
2.93018
2.92506
2.91952
2.91369
2.90765
2.90147
2.89518
2.88882
2.88241
2.87598
2.86952
2.86305
2.85659
2.85014
2.84369
2.83727
2.83087
2.8245
2.81815
2.81184
2.80556
2.79932
2.79311
2.78695
2.78083
2.77475
2.76873
2.76275
2.75682
2.75094
2.74511
2.73934
2.73363
2.72797
2.72237
2.71683
2.71135
2.70594
2.70059
2.6953
2.69008
2.68494
2.67985
2.67484
2.66991
2.66504
2.66024
2.65552
2.65088
2.64631
2.64182
2.63741
2.63307
2.62882
2.62465
2.62055
2.61654
2.61261
2.60876
2.605
2.60131
2.59771
2.59419
2.59076
2.5874
2.58413
2.58094
2.57783
2.57481
2.57186
2.56899
2.5662
2.56349
2.56086
2.5583
2.55582
2.55341
2.55107
2.5488
2.54661
2.54448
2.54242
2.54042
2.53849
2.53663
2.53483
2.53309
2.5314
2.52978
2.52822
2.52672
2.52527
2.52388
2.52254
2.52126
2.52003
2.51886
2.51775
2.51669
2.51569
2.51474
2.51385
2.51301
2.51223
2.51151
2.51085
2.51025
2.50971
2.50923
2.50881
2.50846
2.50817
2.50794
2.50778
2.50768
2.50766
2.50769
2.5078
2.50797
2.50821
2.50853
2.50891
2.50936
2.50988
2.51048
2.51114
2.51188
2.51269
2.51357
2.51452
2.51554
2.51664
2.5178
2.51904
2.52035
2.52173
2.52318
2.52471
2.5263
2.52796
2.5297
2.5315
2.53337
2.53531
0.692563
0.677712
0.662928
0.64823
0.63364
0.619182
0.604884
0.590778
0.5769
0.563294
0.550008
0.537098
0.524633
0.512688
0.501352
0.490729
0.480928
0.472086
0.46434
0.457839
0.452733
0.449161
0.447247
0.44708
0.448707
0.45213
0.457307
0.464153
0.472558
0.482394
0.493523
0.505812
0.519137
0.53338
0.54844
0.564225
0.580659
0.59767
0.615202
0.633203
0.651633
0.670453
0.689632
0.709141
0.728956
0.749057
0.769423
0.79004
0.810893
0.831969
0.853256
0.874744
0.896424
0.918287
0.940324
0.962528
0.984891
1.00741
1.03008
1.05289
1.07584
1.09891
1.12212
1.14544
1.16889
1.19244
1.2161
1.23986
1.26372
1.28768
1.31172
1.33585
1.36005
1.38434
1.40869
1.43311
1.4576
1.48213
1.50673
1.53136
1.55604
1.58076
1.6055
1.63027
1.65506
1.67987
1.70468
1.7295
1.75432
1.77912
1.80391
1.82868
1.85342
1.87813
1.90279
1.92741
1.95197
1.97647
2.00089
2.02524
2.0495
2.07367
2.09773
2.12168
2.14551
2.16921
2.19278
2.2162
2.23946
2.26255
2.28547
2.30821
2.33075
2.35309
2.37521
2.39711
2.41878
2.44019
2.46136
2.48225
2.50287
2.5232
2.54323
2.56296
2.58236
2.60143
2.62016
2.63854
2.65656
2.67421
2.69148
2.70835
2.72482
2.74089
2.75653
2.77174
2.78651
2.80083
2.8147
2.82809
2.841
2.85342
2.86534
2.87674
2.8876
2.8979
2.90761
2.91669
2.92507
2.93268
2.93939
2.94503
2.94936
2.95212
2.95309
2.95223
2.94975
2.94599
2.94131
2.93599
2.93024
2.92418
2.91792
2.91152
2.90502
2.89845
2.89184
2.8852
2.87854
2.87189
2.86523
2.85858
2.85196
2.84535
2.83877
2.83221
2.82569
2.8192
2.81274
2.80632
2.79995
2.79361
2.78732
2.78108
2.77488
2.76873
2.76264
2.7566
2.75061
2.74468
2.7388
2.73298
2.72723
2.72154
2.7159
2.71034
2.70484
2.6994
2.69404
2.68874
2.68352
2.67836
2.67328
2.66827
2.66333
2.65848
2.6537
2.64899
2.64437
2.63983
2.63536
2.63098
2.62668
2.62246
2.61832
2.61426
2.61029
2.6064
2.60259
2.59887
2.59523
2.59167
2.58819
2.5848
2.58149
2.57826
2.57511
2.57204
2.56905
2.56614
2.56331
2.56055
2.55787
2.55527
2.55273
2.55027
2.54788
2.54555
2.5433
2.54111
2.53898
2.53692
2.53493
2.53299
2.53112
2.52931
2.52755
2.52585
2.52421
2.52263
2.5211
2.51963
2.51822
2.51686
2.51555
2.5143
2.51311
2.51197
2.51089
2.50986
2.50889
2.50798
2.50713
2.50633
2.5056
2.50493
2.50432
2.50377
2.50328
2.50286
2.5025
2.5022
2.50198
2.50182
2.50172
2.5017
2.50174
2.50184
2.50202
2.50227
2.50259
2.50298
2.50344
2.50397
2.50457
2.50524
2.50598
2.50679
2.50768
2.50863
2.50966
2.51076
2.51193
2.51317
2.51448
2.51586
2.51731
2.51883
2.52041
2.52207
2.5238
0.675854
0.660805
0.645808
0.63088
0.616041
0.601316
0.586732
0.572318
0.558112
0.544155
0.530498
0.517198
0.504325
0.491961
0.480205
0.469165
0.458976
0.449785
0.441764
0.435089
0.429943
0.426498
0.424898
0.425239
0.427564
0.431848
0.438013
0.44593
0.455444
0.466391
0.478605
0.491933
0.506237
0.521395
0.537301
0.553866
0.571013
0.588682
0.606815
0.625366
0.644299
0.663582
0.683184
0.703083
0.723257
0.743687
0.764359
0.785257
0.806371
0.827689
0.8492
0.870896
0.892769
0.914812
0.937017
0.959376
0.981888
1.00454
1.02734
1.05027
1.07333
1.09651
1.11981
1.14323
1.16676
1.19039
1.21413
1.23796
1.26189
1.28591
1.31001
1.33419
1.35845
1.38278
1.40718
1.43164
1.45616
1.48074
1.50536
1.53003
1.55473
1.57947
1.60424
1.62904
1.65385
1.67867
1.7035
1.72834
1.75317
1.77798
1.80278
1.82756
1.85231
1.87703
1.9017
1.92632
1.95088
1.97538
1.99981
2.02416
2.04842
2.07258
2.09664
2.12059
2.14442
2.16812
2.19168
2.2151
2.23836
2.26145
2.28437
2.3071
2.32964
2.35198
2.3741
2.396
2.41767
2.43908
2.46025
2.48115
2.50177
2.5221
2.54214
2.56188
2.58129
2.60038
2.61912
2.63752
2.65556
2.67323
2.69053
2.70743
2.72394
2.74005
2.75574
2.771
2.78583
2.80022
2.81416
2.82764
2.84066
2.8532
2.86525
2.87681
2.88786
2.8984
2.90839
2.91781
2.92664
2.93483
2.94231
2.94898
2.95469
2.95922
2.96227
2.96357
2.96295
2.96055
2.95673
2.9519
2.94638
2.9404
2.93412
2.92764
2.92101
2.91429
2.90751
2.90069
2.89385
2.887
2.88014
2.87329
2.86646
2.85964
2.85285
2.84609
2.83935
2.83265
2.82598
2.81935
2.81276
2.80621
2.7997
2.79324
2.78683
2.78047
2.77415
2.76789
2.76169
2.75554
2.74945
2.74342
2.73745
2.73154
2.72569
2.71991
2.71419
2.70854
2.70296
2.69745
2.69201
2.68664
2.68134
2.67612
2.67097
2.6659
2.66091
2.656
2.65116
2.64641
2.64173
2.63714
2.63263
2.6282
2.62385
2.61959
2.61541
2.61131
2.6073
2.60337
2.59953
2.59576
2.59209
2.58849
2.58498
2.58155
2.5782
2.57493
2.57174
2.56863
2.5656
2.56264
2.55976
2.55695
2.55422
2.55156
2.54897
2.54645
2.544
2.54162
2.5393
2.53704
2.53485
2.53272
2.53066
2.52865
2.5267
2.52481
2.52298
2.5212
2.51948
2.51782
2.51621
2.51466
2.51317
2.51173
2.51034
2.50901
2.50774
2.50652
2.50536
2.50426
2.50321
2.50222
2.5013
2.50043
2.49962
2.49888
2.4982
2.49758
2.49702
2.49653
2.4961
2.49575
2.49545
2.49523
2.49506
2.49497
2.49495
2.49499
2.49511
2.49529
2.49554
2.49586
2.49626
2.49672
2.49725
2.49786
2.49853
2.49928
2.50009
2.50098
2.50194
2.50296
2.50406
2.50523
2.50646
2.50777
2.50914
2.51059
2.5121
0.659986
0.644743
0.629534
0.614376
0.599288
0.584292
0.569414
0.554683
0.540132
0.525805
0.511749
0.498025
0.484701
0.471868
0.459625
0.448099
0.437441
0.427821
0.419447
0.412536
0.407317
0.404004
0.402771
0.403725
0.406888
0.412195
0.419505
0.428638
0.43938
0.451526
0.464881
0.479277
0.494566
0.510627
0.527356
0.544669
0.562496
0.58078
0.59947
0.618531
0.637926
0.657629
0.677616
0.697865
0.718361
0.739086
0.76003
0.781178
0.802523
0.824053
0.845761
0.86764
0.889682
0.911882
0.934232
0.956729
0.979365
1.00214
1.02504
1.04808
1.07123
1.0945
1.11789
1.14138
1.16498
1.18868
1.21248
1.23638
1.26036
1.28443
1.30858
1.3328
1.3571
1.38147
1.4059
1.43039
1.45495
1.47955
1.5042
1.52889
1.55361
1.57837
1.60316
1.62796
1.65279
1.67762
1.70247
1.72731
1.75214
1.77697
1.80177
1.82655
1.8513
1.87602
1.90069
1.92531
1.94987
1.97437
1.99879
2.02314
2.04739
2.07155
2.09561
2.11955
2.14337
2.16707
2.19062
2.21403
2.23728
2.26037
2.28328
2.30601
2.32854
2.35087
2.37299
2.39488
2.41654
2.43796
2.45912
2.48001
2.50064
2.52097
2.54101
2.56075
2.58017
2.59926
2.61802
2.63644
2.65449
2.67218
2.68949
2.70642
2.72296
2.7391
2.75482
2.77013
2.78501
2.79945
2.81345
2.827
2.84009
2.85272
2.86488
2.87656
2.88775
2.89845
2.90864
2.91831
2.92743
2.936
2.94396
2.95128
2.95787
2.9636
2.96828
2.97163
2.9733
2.973
2.97076
2.96692
2.96194
2.95622
2.95001
2.9435
2.93678
2.92993
2.92299
2.91599
2.90897
2.90192
2.89487
2.88781
2.88077
2.87375
2.86675
2.85977
2.85282
2.84591
2.83903
2.83218
2.82538
2.81861
2.81189
2.80522
2.79859
2.79201
2.78548
2.77901
2.77259
2.76622
2.75992
2.75367
2.74748
2.74135
2.73529
2.7293
2.72336
2.7175
2.7117
2.70598
2.70032
2.69474
2.68923
2.6838
2.67844
2.67316
2.66795
2.66283
2.65779
2.65282
2.64794
2.64313
2.63841
2.63378
2.62922
2.62475
2.62037
2.61606
2.61185
2.60771
2.60366
2.5997
2.59581
2.59202
2.5883
2.58467
2.58111
2.57764
2.57425
2.57094
2.56771
2.56455
2.56148
2.55847
2.55554
2.55268
2.5499
2.54718
2.54453
2.54195
2.53944
2.53698
2.5346
2.53227
2.53001
2.52781
2.52567
2.52359
2.52156
2.51959
2.51768
2.51583
2.51403
2.51228
2.51059
2.50896
2.50738
2.50586
2.5044
2.50299
2.50163
2.50034
2.4991
2.49792
2.4968
2.49574
2.49474
2.4938
2.49292
2.49211
2.49135
2.49066
2.49004
2.48948
2.48899
2.48856
2.4882
2.4879
2.48768
2.48752
2.48743
2.4874
2.48745
2.48757
2.48775
2.48801
2.48833
2.48873
2.48919
2.48973
2.49033
2.49101
2.49176
2.49257
2.49346
2.49441
2.49544
2.49653
2.49769
2.49892
2.50022
0.645027
0.629597
0.614183
0.5988
0.583466
0.568201
0.553028
0.537972
0.523068
0.508356
0.493879
0.479698
0.465884
0.452524
0.439729
0.427634
0.41641
0.406261
0.397428
0.390198
0.384857
0.381685
0.380898
0.382606
0.386799
0.393335
0.401988
0.412494
0.424578
0.437993
0.452523
0.46799
0.484249
0.50118
0.51869
0.536703
0.555159
0.574006
0.593203
0.612721
0.63253
0.652608
0.672935
0.693494
0.714271
0.735255
0.756434
0.7778
0.799343
0.821057
0.842935
0.864969
0.887155
0.909488
0.931963
0.954574
0.977317
1.00019
1.02319
1.0463
1.06954
1.09288
1.11633
1.13989
1.16355
1.18731
1.21116
1.2351
1.25912
1.28323
1.30741
1.33167
1.356
1.38039
1.40485
1.42937
1.45394
1.47856
1.50323
1.52793
1.55267
1.57744
1.60223
1.62705
1.65188
1.67672
1.70156
1.72641
1.75124
1.77606
1.80087
1.82565
1.85039
1.8751
1.89977
1.92438
1.94894
1.97343
1.99784
2.02218
2.04642
2.07057
2.09462
2.11855
2.14236
2.16604
2.18959
2.21298
2.23622
2.2593
2.2822
2.30491
2.32744
2.34976
2.37186
2.39375
2.4154
2.43681
2.45796
2.47885
2.49947
2.5198
2.53984
2.55958
2.579
2.5981
2.61686
2.63528
2.65334
2.67105
2.68838
2.70532
2.72188
2.73804
2.7538
2.76914
2.78405
2.79854
2.81259
2.82619
2.83935
2.85205
2.86429
2.87606
2.88736
2.89818
2.90851
2.91834
2.92767
2.93648
2.94476
2.95248
2.9596
2.96606
2.97177
2.97656
2.98018
2.98224
2.98236
2.98036
2.97655
2.97143
2.9655
2.95906
2.9523
2.94535
2.93826
2.9311
2.92389
2.91665
2.9094
2.90215
2.8949
2.88767
2.88046
2.87327
2.86611
2.85898
2.85188
2.84482
2.83781
2.83083
2.82389
2.817
2.81016
2.80337
2.79662
2.78993
2.7833
2.77672
2.7702
2.76373
2.75733
2.75099
2.74471
2.7385
2.73236
2.72628
2.72027
2.71433
2.70846
2.70267
2.69695
2.69131
2.68574
2.68024
2.67483
2.66949
2.66424
2.65906
2.65397
2.64896
2.64403
2.63919
2.63443
2.62975
2.62516
2.62065
2.61623
2.61189
2.60763
2.60346
2.59938
2.59538
2.59146
2.58762
2.58387
2.5802
2.5766
2.57309
2.56966
2.5663
2.56302
2.55982
2.55669
2.55363
2.55065
2.54773
2.54489
2.54211
2.5394
2.53675
2.53417
2.53165
2.52919
2.52679
2.52446
2.52218
2.51996
2.5178
2.51569
2.51364
2.51165
2.50972
2.50783
2.50601
2.50424
2.50252
2.50087
2.49926
2.49772
2.49623
2.4948
2.49343
2.49211
2.49086
2.48966
2.48852
2.48745
2.48644
2.48549
2.4846
2.48378
2.48302
2.48233
2.4817
2.48114
2.48064
2.48021
2.47985
2.47956
2.47933
2.47917
2.47908
2.47906
2.4791
2.47922
2.47941
2.47967
2.47999
2.48039
2.48085
2.48139
2.482
2.48267
2.48341
2.48422
2.48511
2.48606
2.48707
2.48816
0.631051
0.615445
0.599837
0.584241
0.56867
0.553143
0.53768
0.522305
0.507046
0.491939
0.477029
0.462368
0.448025
0.434088
0.420669
0.407914
0.396009
0.385197
0.375772
0.368099
0.362562
0.359545
0.359323
0.362003
0.367489
0.375517
0.385732
0.397769
0.411288
0.426012
0.441715
0.458225
0.475405
0.49315
0.511377
0.530026
0.549044
0.56839
0.588037
0.607954
0.628123
0.648526
0.669145
0.689968
0.710987
0.73219
0.753569
0.775117
0.796828
0.818695
0.840713
0.862876
0.885182
0.907625
0.9302
0.952904
0.975734
0.998686
1.02176
1.04494
1.06824
1.09164
1.11514
1.13875
1.16245
1.18625
1.21014
1.23411
1.25816
1.2823
1.30651
1.33079
1.35514
1.37955
1.40403
1.42856
1.45314
1.47777
1.50244
1.52715
1.5519
1.57667
1.60146
1.62628
1.65111
1.67595
1.70079
1.72563
1.75046
1.77527
1.80007
1.82484
1.84958
1.87428
1.89893
1.92353
1.94807
1.97255
1.99695
2.02127
2.0455
2.06963
2.09366
2.11758
2.14138
2.16504
2.18857
2.21195
2.23517
2.25823
2.28112
2.30382
2.32633
2.34863
2.37073
2.3926
2.41423
2.43563
2.45677
2.47765
2.49826
2.51859
2.53862
2.55835
2.57777
2.59687
2.61563
2.63406
2.65213
2.66984
2.68718
2.70414
2.72071
2.7369
2.75267
2.76804
2.78298
2.7975
2.81159
2.82524
2.83845
2.85121
2.86351
2.87535
2.88673
2.89764
2.90808
2.91804
2.92751
2.93649
2.94498
2.95296
2.9604
2.9673
2.97359
2.97922
2.98406
2.98789
2.99035
2.99095
2.98932
2.98559
2.98037
2.97422
2.96753
2.96052
2.95333
2.94601
2.93862
2.93119
2.92375
2.91629
2.90884
2.9014
2.89397
2.88657
2.8792
2.87186
2.86455
2.85728
2.85004
2.84285
2.8357
2.8286
2.82154
2.81453
2.80757
2.80067
2.79382
2.78703
2.78029
2.77361
2.767
2.76045
2.75396
2.74753
2.74117
2.73488
2.72866
2.72251
2.71643
2.71042
2.70449
2.69864
2.69286
2.68716
2.68153
2.67599
2.67052
2.66514
2.65984
2.65462
2.64949
2.64444
2.63947
2.63459
2.62979
2.62507
2.62044
2.6159
2.61144
2.60707
2.60278
2.59857
2.59445
2.59041
2.58646
2.58258
2.57879
2.57507
2.57144
2.56788
2.5644
2.561
2.55767
2.55441
2.55123
2.54811
2.54507
2.54209
2.53919
2.53634
2.53356
2.53084
2.52819
2.52559
2.52306
2.52059
2.51818
2.51582
2.51352
2.51128
2.50909
2.50696
2.50489
2.50287
2.5009
2.499
2.49714
2.49535
2.49361
2.49193
2.4903
2.48874
2.48723
2.48578
2.48439
2.48305
2.48178
2.48058
2.47943
2.47834
2.47732
2.47636
2.47547
2.47465
2.47388
2.47318
2.47255
2.47199
2.47149
2.47106
2.47069
2.4704
2.47017
2.47001
2.46992
2.4699
2.46995
2.47007
2.47025
2.47051
2.47084
2.47123
2.4717
2.47223
2.47283
2.4735
2.47424
2.47505
2.47592
0.618132
0.602367
0.586583
0.57079
0.555
0.539229
0.523492
0.507809
0.492206
0.476711
0.461365
0.446213
0.431318
0.416761
0.402654
0.389142
0.376423
0.364782
0.354579
0.346282
0.340445
0.337604
0.338137
0.34211
0.349258
0.3591
0.371105
0.384801
0.399801
0.415821
0.432649
0.45013
0.468149
0.48662
0.505481
0.524682
0.544186
0.563961
0.583986
0.604241
0.624711
0.645382
0.666244
0.687287
0.708502
0.729884
0.751425
0.773121
0.794966
0.816956
0.839085
0.861352
0.883751
0.906283
0.928937
0.951713
0.97461
0.997619
1.02074
1.04398
1.06732
1.09076
1.1143
1.13794
1.16168
1.1855
1.20942
1.23341
1.25748
1.28163
1.30586
1.33015
1.35451
1.37894
1.40342
1.42795
1.45254
1.47717
1.50184
1.52655
1.55129
1.57606
1.60085
1.62566
1.65047
1.6753
1.70013
1.72496
1.74978
1.77458
1.79937
1.82412
1.84884
1.87352
1.89816
1.92275
1.94727
1.97173
1.99611
2.02041
2.04462
2.06874
2.09275
2.11664
2.14042
2.16406
2.18757
2.21093
2.23413
2.25717
2.28004
2.30272
2.32521
2.34749
2.36957
2.39142
2.41305
2.43443
2.45555
2.47642
2.49702
2.51733
2.53736
2.55708
2.57649
2.59559
2.61435
2.63277
2.65084
2.66856
2.6859
2.70287
2.71946
2.73565
2.75145
2.76683
2.7818
2.79635
2.81048
2.82416
2.83741
2.85021
2.86257
2.87447
2.88591
2.8969
2.90742
2.91747
2.92705
2.93616
2.94479
2.95294
2.9606
2.96776
2.9744
2.98049
2.98599
2.99081
2.99478
2.99759
2.99873
2.99759
2.99406
2.98874
2.98237
2.97542
2.96816
2.96071
2.95316
2.94554
2.9379
2.93024
2.92258
2.91493
2.9073
2.89969
2.8921
2.88454
2.87702
2.86953
2.86209
2.85468
2.84732
2.84
2.83273
2.82551
2.81834
2.81122
2.80415
2.79715
2.7902
2.78331
2.77648
2.76972
2.76301
2.75638
2.74981
2.74331
2.73687
2.73051
2.72422
2.718
2.71186
2.7058
2.69981
2.6939
2.68807
2.68231
2.67664
2.67105
2.66554
2.66012
2.65478
2.64952
2.64434
2.63925
2.63425
2.62933
2.6245
2.61975
2.61509
2.61051
2.60602
2.60161
2.59728
2.59304
2.58888
2.5848
2.58081
2.57689
2.57305
2.5693
2.56562
2.56201
2.55848
2.55502
2.55164
2.54832
2.54508
2.5419
2.5388
2.53575
2.53278
2.52986
2.52701
2.52422
2.52149
2.51882
2.51621
2.51366
2.51116
2.50872
2.50634
2.50402
2.50175
2.49954
2.49738
2.49528
2.49323
2.49124
2.48931
2.48743
2.48561
2.48385
2.48215
2.4805
2.47892
2.47739
2.47592
2.47452
2.47317
2.47189
2.47067
2.46951
2.46842
2.46739
2.46643
2.46553
2.4647
2.46393
2.46323
2.46259
2.46203
2.46152
2.46109
2.46072
2.46043
2.4602
2.46004
2.45995
2.45993
2.45998
2.4601
2.46028
2.46054
2.46086
2.46125
2.46171
2.46224
2.46284
2.46351
0.606347
0.590447
0.574511
0.558547
0.542564
0.526575
0.51059
0.494628
0.478706
0.462848
0.447083
0.43145
0.416002
0.400802
0.385959
0.371607
0.357947
0.345277
0.334034
0.32484
0.31851
0.315885
0.317505
0.323288
0.332599
0.34461
0.358588
0.373989
0.390431
0.407658
0.425498
0.443831
0.462572
0.481659
0.501048
0.520705
0.540603
0.560726
0.581057
0.601582
0.622291
0.643174
0.664226
0.685439
0.706808
0.728328
0.749993
0.771804
0.793751
0.815832
0.838045
0.860388
0.882855
0.905445
0.928156
0.950985
0.973924
0.996976
1.02014
1.0434
1.06677
1.09024
1.11381
1.13747
1.16122
1.18506
1.20898
1.23299
1.25707
1.28123
1.30546
1.32975
1.35411
1.37853
1.40301
1.42754
1.45212
1.47675
1.50141
1.52611
1.55084
1.57559
1.60037
1.62516
1.64997
1.67478
1.6996
1.72441
1.74921
1.77399
1.79875
1.82349
1.84819
1.87285
1.89746
1.92202
1.94653
1.97096
1.99532
2.01959
2.04378
2.06787
2.09185
2.11573
2.13948
2.1631
2.18658
2.20991
2.23309
2.25611
2.27895
2.30161
2.32407
2.34634
2.36839
2.39022
2.41183
2.43319
2.4543
2.47515
2.49573
2.51603
2.53604
2.55575
2.57516
2.59424
2.613
2.63141
2.64948
2.6672
2.68455
2.70152
2.71812
2.73432
2.75013
2.76553
2.78052
2.7951
2.80924
2.82296
2.83624
2.84909
2.86149
2.87344
2.88493
2.89598
2.90656
2.91669
2.92636
2.93556
2.9443
2.95258
2.96038
2.96772
2.97457
2.98094
2.9868
2.99212
2.99685
3.00087
3.00396
3.00563
3.00513
3.00192
2.99654
2.98994
2.98272
2.97519
2.96749
2.9597
2.95186
2.94399
2.93613
2.92827
2.92042
2.9126
2.9048
2.89703
2.8893
2.8816
2.87394
2.86632
2.85874
2.85121
2.84373
2.83629
2.82891
2.82158
2.8143
2.80708
2.79992
2.79282
2.78578
2.77881
2.77189
2.76505
2.75826
2.75155
2.74491
2.73834
2.73184
2.72541
2.71906
2.71279
2.70659
2.70047
2.69443
2.68847
2.68259
2.67679
2.67108
2.66545
2.6599
2.65444
2.64906
2.64376
2.63855
2.63343
2.62839
2.62344
2.61857
2.61379
2.60909
2.60448
2.59995
2.5955
2.59114
2.58686
2.58266
2.57854
2.5745
2.57054
2.56666
2.56285
2.55912
2.55546
2.55188
2.54836
2.54492
2.54154
2.53823
2.53499
2.53181
2.5287
2.52565
2.52266
2.51973
2.51687
2.51406
2.51131
2.50862
2.50598
2.50341
2.50089
2.49842
2.49601
2.49366
2.49137
2.48913
2.48694
2.48482
2.48274
2.48073
2.47877
2.47687
2.47503
2.47325
2.47153
2.46987
2.46826
2.46672
2.46524
2.46382
2.46247
2.46117
2.45994
2.45878
2.45768
2.45665
2.45568
2.45477
2.45393
2.45316
2.45246
2.45182
2.45125
2.45075
2.45031
2.44995
2.44965
2.44942
2.44926
2.44917
2.44915
2.4492
2.44931
2.44949
2.44975
2.45007
2.45046
2.45092
0.595771
0.579768
0.563711
0.547611
0.531472
0.515303
0.499113
0.482913
0.466717
0.450539
0.434397
0.418327
0.402361
0.386551
0.370972
0.355736
0.341019
0.327108
0.314485
0.303954
0.296778
0.294451
0.297804
0.306235
0.318319
0.332773
0.348753
0.365754
0.383477
0.401732
0.420407
0.439427
0.458738
0.478305
0.4981
0.518106
0.538303
0.558687
0.579245
0.599968
0.620851
0.641893
0.663082
0.684417
0.705894
0.727511
0.749263
0.771147
0.793162
0.815305
0.837574
0.859965
0.882476
0.905104
0.927851
0.950706
0.973673
0.996747
1.01993
1.04321
1.06659
1.09007
1.11365
1.13731
1.16107
1.18491
1.20883
1.23284
1.25692
1.28107
1.30529
1.32958
1.35393
1.37834
1.40281
1.42732
1.45189
1.4765
1.50114
1.52582
1.55053
1.57527
1.60003
1.6248
1.64958
1.67437
1.69917
1.72395
1.74873
1.77349
1.79822
1.82293
1.8476
1.87224
1.89683
1.92136
1.94583
1.97023
1.99456
2.01881
2.04297
2.06703
2.09098
2.11482
2.13855
2.16214
2.18559
2.2089
2.23205
2.25503
2.27784
2.30047
2.32291
2.34515
2.36718
2.38899
2.41057
2.43191
2.453
2.47383
2.49439
2.51467
2.53466
2.55436
2.57375
2.59283
2.61157
2.62998
2.64805
2.66576
2.68311
2.70009
2.71669
2.7329
2.74872
2.76413
2.77914
2.79373
2.8079
2.82165
2.83496
2.84784
2.86027
2.87226
2.88381
2.89491
2.90555
2.91574
2.92548
2.93476
2.94359
2.95195
2.95987
2.96732
2.97432
2.98086
2.98694
2.99254
2.99765
3.00224
3.00623
3.00947
3.01161
3.01184
3.00915
3.00377
2.99692
2.98941
2.9816
2.97365
2.96562
2.95756
2.94948
2.94141
2.93335
2.92532
2.91731
2.90932
2.90138
2.89346
2.88559
2.87776
2.86997
2.86223
2.85453
2.84689
2.83929
2.83175
2.82426
2.81683
2.80946
2.80215
2.7949
2.78772
2.78059
2.77353
2.76654
2.75962
2.75277
2.74599
2.73928
2.73265
2.72609
2.71961
2.71321
2.70688
2.70064
2.69447
2.68838
2.68237
2.67645
2.67061
2.66486
2.65919
2.65361
2.64811
2.64269
2.63736
2.63212
2.62696
2.62189
2.61691
2.612
2.60719
2.60245
2.5978
2.59324
2.58875
2.58435
2.58003
2.57579
2.57162
2.56754
2.56353
2.55959
2.55573
2.55194
2.54823
2.54458
2.541
2.53749
2.53405
2.53067
2.52736
2.52411
2.52092
2.5178
2.51473
2.51172
2.50878
2.50589
2.50306
2.50029
2.49757
2.49491
2.4923
2.48976
2.48727
2.48483
2.48245
2.48013
2.47786
2.47565
2.4735
2.47141
2.46937
2.46739
2.46547
2.46361
2.46181
2.46007
2.4584
2.45678
2.45522
2.45373
2.4523
2.45094
2.44964
2.4484
2.44723
2.44612
2.44508
2.44411
2.4432
2.44236
2.44158
2.44087
2.44023
2.43966
2.43916
2.43872
2.43836
2.43806
2.43783
2.43767
2.43758
2.43755
2.4376
2.43771
2.4379
2.43815
0.586479
0.570408
0.554273
0.538079
0.521832
0.505535
0.489196
0.472815
0.456411
0.439988
0.423558
0.407135
0.390742
0.374406
0.358169
0.342102
0.326319
0.311031
0.296654
0.284092
0.27531
0.273498
0.280024
0.292333
0.307631
0.324468
0.342187
0.360475
0.379175
0.398188
0.417465
0.436968
0.456675
0.47657
0.496644
0.516881
0.537279
0.557832
0.578536
0.599386
0.620381
0.641516
0.662789
0.684197
0.705738
0.727411
0.749211
0.771138
0.79319
0.815364
0.837659
0.860073
0.882603
0.905249
0.928003
0.950869
0.973843
0.996921
1.0201
1.04339
1.06677
1.09024
1.11381
1.13747
1.16121
1.18505
1.20896
1.23295
1.25701
1.28115
1.30535
1.32962
1.35395
1.37835
1.40279
1.42728
1.45183
1.47641
1.50103
1.52569
1.55037
1.57508
1.59981
1.62456
1.64931
1.67407
1.69883
1.72359
1.74833
1.77306
1.79777
1.82244
1.84708
1.87169
1.89624
1.92074
1.94518
1.96955
1.99384
2.01805
2.04218
2.0662
2.09012
2.11393
2.13762
2.16118
2.1846
2.20787
2.23099
2.25394
2.27672
2.29932
2.32173
2.34394
2.36594
2.38772
2.40927
2.43058
2.45165
2.47245
2.49299
2.51326
2.53323
2.55291
2.57229
2.59134
2.61008
2.62848
2.64654
2.66424
2.68159
2.69856
2.71516
2.73138
2.74721
2.76263
2.77765
2.79227
2.80645
2.82022
2.83356
2.84647
2.85894
2.87097
2.88255
2.8937
2.90439
2.91464
2.92443
2.93378
2.94268
2.95113
2.95913
2.96668
2.97378
2.98045
2.98667
2.99244
2.99776
3.00263
3.00703
3.01091
3.0142
3.01665
3.01763
3.01572
3.01042
3.0033
2.99549
2.9874
2.97918
2.97092
2.96264
2.95435
2.94608
2.93783
2.92961
2.92142
2.91325
2.90513
2.89705
2.889
2.881
2.87305
2.86514
2.85729
2.84948
2.84173
2.83404
2.8264
2.81882
2.8113
2.80384
2.79644
2.78911
2.78185
2.77465
2.76752
2.76046
2.75347
2.74656
2.73972
2.73295
2.72626
2.71965
2.71312
2.70667
2.70029
2.694
2.68779
2.68166
2.67562
2.66966
2.66379
2.658
2.65229
2.64667
2.64114
2.63569
2.63033
2.62505
2.61986
2.61475
2.60973
2.60479
2.59994
2.59517
2.59048
2.58587
2.58135
2.5769
2.57253
2.56824
2.56403
2.55989
2.55583
2.55184
2.54792
2.54407
2.54029
2.53658
2.53293
2.52936
2.52584
2.52239
2.519
2.51568
2.51241
2.50921
2.50606
2.50298
2.49995
2.49698
2.49406
2.49121
2.4884
2.48566
2.48297
2.48034
2.47777
2.47525
2.47279
2.47038
2.46803
2.46574
2.46351
2.46134
2.45922
2.45716
2.45517
2.45323
2.45135
2.44954
2.44778
2.44609
2.44446
2.4429
2.4414
2.43996
2.43859
2.43728
2.43604
2.43486
2.43375
2.4327
2.43172
2.43081
2.42997
2.42919
2.42848
2.42784
2.42727
2.42677
2.42633
2.42596
2.42567
2.42544
2.42528
2.42518
2.42516
2.42521
0.578539
0.562443
0.546277
0.530037
0.513738
0.497379
0.480963
0.464493
0.447974
0.431409
0.414803
0.398163
0.381496
0.36481
0.34812
0.331445
0.314822
0.298324
0.28212
0.266728
0.254404
0.254054
0.267068
0.283964
0.301974
0.320487
0.339314
0.358379
0.377645
0.397085
0.416692
0.436456
0.456372
0.476438
0.496649
0.517002
0.537497
0.55813
0.578901
0.599808
0.620849
0.642023
0.663327
0.684761
0.706323
0.72801
0.749823
0.771759
0.793816
0.815993
0.838287
0.860697
0.883221
0.905859
0.928605
0.95146
0.974421
0.997485
1.02065
1.04392
1.06728
1.09074
1.11428
1.13792
1.16164
1.18545
1.20934
1.23331
1.25734
1.28145
1.30563
1.32987
1.35418
1.37854
1.40295
1.42742
1.45193
1.47648
1.50107
1.52569
1.55035
1.57502
1.59971
1.62442
1.64914
1.67387
1.69859
1.72331
1.74802
1.77271
1.79738
1.82202
1.84662
1.87118
1.8957
1.92016
1.94456
1.96889
1.99314
2.01732
2.0414
2.06539
2.08927
2.11304
2.13669
2.16021
2.18359
2.20683
2.22991
2.25283
2.27557
2.29814
2.32051
2.34269
2.36466
2.3864
2.40792
2.42921
2.45024
2.47102
2.49154
2.51178
2.53173
2.55139
2.57074
2.58979
2.60851
2.62689
2.64494
2.66264
2.67998
2.69695
2.71355
2.72977
2.7456
2.76104
2.77607
2.79069
2.8049
2.81869
2.83205
2.84498
2.85748
2.86955
2.88117
2.89236
2.9031
2.91339
2.92324
2.93265
2.94161
2.95013
2.9582
2.96583
2.97303
2.97978
2.98611
2.992
2.99747
3.0025
3.00711
3.01128
3.01499
3.01822
3.02082
3.02241
3.02155
3.0165
3.00907
3.00092
2.99255
2.98408
2.97559
2.96709
2.95861
2.95015
2.94171
2.9333
2.92493
2.9166
2.9083
2.90005
2.89184
2.88368
2.87556
2.8675
2.85948
2.85153
2.84362
2.83578
2.82799
2.82026
2.81259
2.80499
2.79745
2.78998
2.78257
2.77524
2.76797
2.76078
2.75366
2.74661
2.73964
2.73275
2.72593
2.71919
2.71253
2.70596
2.69946
2.69305
2.68671
2.68046
2.6743
2.66822
2.66222
2.65631
2.65049
2.64475
2.6391
2.63353
2.62805
2.62265
2.61734
2.61211
2.60697
2.60191
2.59694
2.59204
2.58723
2.5825
2.57785
2.57328
2.56878
2.56436
2.56002
2.55575
2.55156
2.54743
2.54338
2.5394
2.53549
2.53164
2.52786
2.52414
2.52049
2.51691
2.51337
2.50991
2.50651
2.50316
2.49988
2.49665
2.49348
2.49037
2.48731
2.48431
2.48137
2.47849
2.47566
2.47289
2.47017
2.46752
2.46492
2.46237
2.45988
2.45746
2.45508
2.45277
2.45052
2.44832
2.44619
2.44412
2.4421
2.44015
2.43826
2.43643
2.43467
2.43297
2.43133
2.42976
2.42824
2.4268
2.42542
2.42411
2.42286
2.42168
2.42056
2.41951
2.41853
2.41762
2.41678
2.416
2.41529
2.41465
2.41408
2.41358
2.41314
2.41278
2.41248
2.41225
2.4121
0.572003
0.555934
0.53979
0.523576
0.507295
0.490949
0.47454
0.458074
0.441552
0.424975
0.40835
0.391676
0.374959
0.358199
0.341401
0.324566
0.307702
0.290811
0.273906
0.257025
0.240578
0.246557
0.264833
0.283434
0.302213
0.321148
0.340233
0.359464
0.378845
0.398364
0.418026
0.437829
0.457771
0.477853
0.498071
0.518428
0.538921
0.559548
0.580308
0.601203
0.622229
0.643387
0.664672
0.686086
0.707626
0.729291
0.75108
0.772991
0.795022
0.817172
0.839439
0.861821
0.884317
0.906924
0.92964
0.952465
0.975394
0.998427
1.02156
1.0448
1.06812
1.09155
1.11506
1.13866
1.16235
1.18612
1.20998
1.23391
1.25791
1.28198
1.30612
1.33032
1.35459
1.37891
1.40329
1.42771
1.45219
1.4767
1.50125
1.52583
1.55044
1.57507
1.59973
1.62439
1.64907
1.67375
1.69844
1.72311
1.74778
1.77242
1.79705
1.82164
1.8462
1.87072
1.89519
1.91961
1.94397
1.96825
1.99247
2.0166
2.04064
2.06458
2.08842
2.11215
2.13575
2.15923
2.18257
2.20577
2.22881
2.25168
2.27439
2.29692
2.31925
2.34139
2.36332
2.38504
2.40652
2.42777
2.44878
2.46953
2.49001
2.51023
2.53015
2.54979
2.56912
2.58815
2.60685
2.62522
2.64326
2.66094
2.67827
2.69524
2.71184
2.72806
2.74389
2.75933
2.77437
2.78901
2.80323
2.81704
2.83042
2.84338
2.85591
2.86801
2.87967
2.89089
2.90167
2.91202
2.92192
2.93138
2.94039
2.94897
2.95711
2.96482
2.97209
2.97893
2.98534
2.99133
2.9969
3.00205
3.00679
3.01112
3.01504
3.01854
3.02163
3.02423
3.02617
3.02647
3.02199
3.0142
3.00571
2.99705
2.98834
2.97963
2.97093
2.96225
2.9536
2.94499
2.9364
2.92786
2.91936
2.91089
2.90248
2.89411
2.88578
2.87751
2.86929
2.86113
2.85302
2.84497
2.83697
2.82904
2.82117
2.81336
2.80561
2.79793
2.79032
2.78278
2.77531
2.76791
2.76059
2.75334
2.74616
2.73906
2.73204
2.7251
2.71823
2.71145
2.70475
2.69813
2.69159
2.68514
2.67877
2.67248
2.66628
2.66017
2.65414
2.6482
2.64234
2.63657
2.63088
2.62528
2.61976
2.61433
2.60898
2.60372
2.59854
2.59344
2.58842
2.58348
2.57863
2.57385
2.56915
2.56453
2.55998
2.5555
2.5511
2.54678
2.54252
2.53833
2.53422
2.53017
2.52618
2.52227
2.51841
2.51462
2.5109
2.50722
2.50362
2.50007
2.49659
2.49316
2.48979
2.48648
2.48323
2.48003
2.4769
2.47381
2.47079
2.46782
2.46491
2.46205
2.45926
2.45651
2.45383
2.4512
2.44864
2.44613
2.44368
2.44129
2.43895
2.43668
2.43447
2.43232
2.43023
2.4282
2.42624
2.42434
2.4225
2.42073
2.41902
2.41737
2.41579
2.41427
2.41282
2.41144
2.41012
2.40887
2.40769
2.40657
2.40553
2.40455
2.40363
2.40279
2.40202
2.40131
2.40067
2.4001
2.3996
2.39917
2.39881
0.566934
0.550943
0.534882
0.518754
0.502564
0.486315
0.470013
0.45366
0.437263
0.420829
0.404364
0.387877
0.371382
0.354895
0.338444
0.322073
0.305868
0.29
0.274898
0.261844
0.255023
0.260297
0.273812
0.290263
0.307869
0.326069
0.344647
0.363505
0.382597
0.401883
0.421351
0.440988
0.460787
0.480742
0.500847
0.5211
0.541498
0.562039
0.582718
0.603534
0.624488
0.645575
0.666794
0.688144
0.709622
0.731227
0.752958
0.774812
0.796788
0.818884
0.841098
0.863429
0.885872
0.908428
0.931094
0.953868
0.976749
0.999733
1.02282
1.046
1.06928
1.09266
1.11612
1.13968
1.16332
1.18705
1.21085
1.23473
1.25869
1.28271
1.30681
1.33096
1.35518
1.37946
1.40379
1.42817
1.45259
1.47705
1.50155
1.52609
1.55065
1.57524
1.59984
1.62446
1.64909
1.67372
1.69835
1.72298
1.7476
1.7722
1.79677
1.82132
1.84583
1.8703
1.89472
1.91909
1.94339
1.96763
1.9918
2.01588
2.03987
2.06377
2.08756
2.11124
2.1348
2.15823
2.18152
2.20467
2.22767
2.2505
2.27317
2.29565
2.31795
2.34004
2.36194
2.38361
2.40506
2.42628
2.44725
2.46796
2.48842
2.5086
2.5285
2.54811
2.56742
2.58642
2.6051
2.62346
2.64148
2.65915
2.67648
2.69344
2.71003
2.72625
2.74208
2.75752
2.77257
2.78722
2.80145
2.81528
2.82868
2.84166
2.85422
2.86635
2.87804
2.8893
2.90013
2.91051
2.92046
2.92997
2.93905
2.94768
2.95589
2.96366
2.971
2.97791
2.9844
2.99047
2.99613
3.00138
3.00622
3.01066
3.0147
3.01836
3.02163
3.02451
3.027
3.02904
3.03024
3.02691
3.01865
3.00981
3.00088
2.99195
2.98303
2.97414
2.96528
2.95646
2.94767
2.93891
2.9302
2.92154
2.91291
2.90434
2.89581
2.88734
2.87891
2.87054
2.86223
2.85397
2.84577
2.83763
2.82956
2.82154
2.8136
2.80571
2.7979
2.79015
2.78248
2.77488
2.76735
2.75989
2.75251
2.74521
2.73798
2.73083
2.72377
2.71678
2.70988
2.70305
2.69631
2.68965
2.68308
2.67659
2.67018
2.66387
2.65763
2.65148
2.64542
2.63944
2.63355
2.62774
2.62202
2.61638
2.61083
2.60536
2.59997
2.59467
2.58944
2.5843
2.57924
2.57425
2.56935
2.56452
2.55976
2.55508
2.55048
2.54594
2.54148
2.53709
2.53277
2.52851
2.52433
2.52021
2.51615
2.51216
2.50823
2.50436
2.50055
2.4968
2.49312
2.48949
2.48592
2.48241
2.47896
2.47556
2.47223
2.46895
2.46572
2.46256
2.45945
2.4564
2.4534
2.45046
2.44758
2.44476
2.44199
2.43929
2.43664
2.43405
2.43152
2.42905
2.42664
2.4243
2.42201
2.41978
2.41762
2.41552
2.41348
2.4115
2.4096
2.40775
2.40597
2.40425
2.4026
2.40102
2.3995
2.39805
2.39666
2.39534
2.39409
2.39291
2.3918
2.39075
2.38978
2.38887
2.38803
2.38726
2.38656
2.38592
2.38536
0.563358
0.547502
0.531585
0.515613
0.499592
0.48353
0.467433
0.451312
0.435176
0.419042
0.402928
0.386857
0.370868
0.355012
0.33937
0.324075
0.30936
0.295662
0.283831
0.275487
0.272993
0.277645
0.288019
0.301825
0.317554
0.334418
0.352011
0.370117
0.388611
0.407423
0.426494
0.445796
0.465307
0.485009
0.504894
0.52495
0.54517
0.565548
0.586079
0.60676
0.627584
0.648552
0.66966
0.690905
0.712284
0.733794
0.755434
0.777201
0.799093
0.821109
0.843246
0.8655
0.88787
0.910355
0.932951
0.955657
0.97847
1.00139
1.02441
1.04753
1.07075
1.09406
1.11747
1.14097
1.16455
1.18821
1.21196
1.23578
1.25968
1.28365
1.30768
1.33178
1.35595
1.38016
1.40444
1.42876
1.45313
1.47754
1.50198
1.52646
1.55097
1.5755
1.60005
1.62461
1.64919
1.67376
1.69834
1.72291
1.74747
1.77202
1.79654
1.82103
1.84549
1.8699
1.89427
1.91858
1.94284
1.96702
1.99113
2.01516
2.0391
2.06294
2.08668
2.11031
2.13382
2.1572
2.18044
2.20354
2.22649
2.24928
2.27189
2.29433
2.31658
2.33864
2.36049
2.38212
2.40353
2.4247
2.44564
2.46632
2.48674
2.50689
2.52676
2.54634
2.56562
2.5846
2.60326
2.6216
2.6396
2.65726
2.67457
2.69152
2.70811
2.72432
2.74015
2.7556
2.77065
2.78531
2.79956
2.81339
2.82682
2.83983
2.85241
2.86457
2.87629
2.88759
2.89845
2.90888
2.91888
2.92844
2.93757
2.94626
2.95453
2.96236
2.96977
2.97675
2.98332
2.98947
2.99521
3.00054
3.00546
3.01
3.01414
3.0179
3.02129
3.0243
3.02695
3.02925
3.03118
3.03271
3.03122
3.02236
3.0132
3.00404
2.99491
2.98581
2.97674
2.96771
2.95871
2.94976
2.94084
2.93197
2.92315
2.91437
2.90564
2.89696
2.88834
2.87977
2.87125
2.86279
2.85439
2.84605
2.83777
2.82955
2.8214
2.81332
2.8053
2.79735
2.78947
2.78167
2.77393
2.76627
2.75869
2.75119
2.74376
2.73641
2.72913
2.72194
2.71484
2.70781
2.70086
2.694
2.68722
2.68053
2.67392
2.66739
2.66096
2.6546
2.64833
2.64215
2.63605
2.63004
2.62411
2.61827
2.61251
2.60683
2.60124
2.59572
2.59029
2.58494
2.57967
2.57448
2.56937
2.56433
2.55937
2.55449
2.54967
2.54493
2.54027
2.53567
2.53114
2.52668
2.52229
2.51796
2.5137
2.50951
2.50537
2.5013
2.49729
2.49334
2.48945
2.48563
2.48186
2.47815
2.4745
2.4709
2.46737
2.46389
2.46047
2.4571
2.45379
2.45054
2.44735
2.44422
2.44114
2.43812
2.43516
2.43225
2.42941
2.42662
2.4239
2.42123
2.41862
2.41608
2.41359
2.41117
2.40881
2.4065
2.40427
2.40209
2.39998
2.39794
2.39596
2.39404
2.39219
2.39041
2.38869
2.38704
2.38545
2.38393
2.38248
2.3811
2.37978
2.37854
2.37736
2.37625
2.37521
2.37424
2.37334
2.37251
2.37175
0.561294
0.545628
0.529917
0.514171
0.498397
0.482608
0.466816
0.451039
0.435295
0.419612
0.404025
0.388581
0.373346
0.358414
0.343929
0.330109
0.317299
0.306055
0.29722
0.291933
0.291274
0.295583
0.30419
0.315962
0.329893
0.345288
0.361701
0.378854
0.396568
0.414733
0.433257
0.452092
0.471199
0.490548
0.51012
0.529896
0.549866
0.570016
0.590339
0.610829
0.631478
0.652282
0.673236
0.694337
0.715581
0.736964
0.758482
0.780134
0.801916
0.823826
0.84586
0.868017
0.890294
0.912687
0.935195
0.957815
0.980544
1.00338
1.02632
1.04937
1.07251
1.09575
1.11908
1.1425
1.16601
1.18961
1.21329
1.23704
1.26087
1.28477
1.30874
1.33277
1.35687
1.38102
1.40523
1.42949
1.45379
1.47814
1.50252
1.52694
1.55138
1.57585
1.60034
1.62484
1.64935
1.67387
1.69839
1.7229
1.7474
1.77188
1.79634
1.82077
1.84517
1.86952
1.89383
1.91809
1.94228
1.96641
1.99046
2.01443
2.03831
2.0621
2.08578
2.10935
2.13281
2.15613
2.17932
2.20237
2.22527
2.248
2.27057
2.29295
2.31516
2.33716
2.35897
2.38055
2.40192
2.42305
2.44395
2.46459
2.48497
2.50509
2.52493
2.54448
2.56373
2.58268
2.60132
2.61963
2.63761
2.65526
2.67255
2.68949
2.70607
2.72228
2.73811
2.75356
2.76862
2.78328
2.79754
2.81139
2.82483
2.83786
2.85047
2.86265
2.87441
2.88575
2.89665
2.90712
2.91717
2.92678
2.93596
2.94471
2.95303
2.96093
2.96841
2.97546
2.9821
2.98832
2.99414
2.99955
3.00456
3.00918
3.01342
3.01727
3.02075
3.02386
3.02662
3.02902
3.03108
3.0328
3.03419
3.03452
3.02524
3.01587
3.00654
2.99724
2.98797
2.97874
2.96954
2.96039
2.95127
2.9422
2.93318
2.9242
2.91527
2.9064
2.89757
2.8888
2.88008
2.87142
2.86282
2.85427
2.8458
2.83738
2.82903
2.82074
2.81252
2.80437
2.79629
2.78828
2.78035
2.77249
2.7647
2.75699
2.74936
2.74181
2.73434
2.72694
2.71963
2.7124
2.70525
2.69819
2.6912
2.6843
2.67749
2.67076
2.66411
2.65756
2.65108
2.64469
2.63839
2.63217
2.62603
2.61998
2.61401
2.60813
2.60233
2.59661
2.59097
2.58541
2.57994
2.57454
2.56922
2.56397
2.5588
2.55371
2.54869
2.54375
2.53887
2.53407
2.52933
2.52467
2.52007
2.51554
2.51107
2.50667
2.50234
2.49806
2.49385
2.48969
2.48561
2.48158
2.47761
2.47369
2.46984
2.46605
2.46231
2.45864
2.45502
2.45145
2.44795
2.4445
2.44111
2.43778
2.4345
2.43128
2.42812
2.42503
2.42198
2.419
2.41608
2.41321
2.41041
2.40766
2.40498
2.40236
2.3998
2.3973
2.39486
2.39249
2.39018
2.38794
2.38576
2.38365
2.3816
2.37962
2.3777
2.37584
2.37406
2.37234
2.37069
2.36911
2.36759
2.36615
2.36477
2.36346
2.36222
2.36106
2.35996
2.35893
2.35797
0.560741
0.545319
0.529874
0.514418
0.498963
0.483528
0.468132
0.4528
0.437563
0.422461
0.407545
0.392887
0.378581
0.364758
0.351605
0.339389
0.328481
0.319403
0.312805
0.309383
0.309656
0.313723
0.321214
0.331498
0.343921
0.357944
0.373163
0.389294
0.406136
0.423553
0.441433
0.459709
0.478324
0.497241
0.516426
0.535857
0.555514
0.575379
0.595443
0.615694
0.636123
0.656722
0.677485
0.698408
0.719484
0.740708
0.762077
0.783586
0.805233
0.827013
0.848924
0.870962
0.893124
0.915408
0.937809
0.960326
0.982956
1.0057
1.02854
1.0515
1.07455
1.0977
1.12094
1.14428
1.16771
1.19122
1.21482
1.23849
1.26225
1.28607
1.30996
1.33392
1.35795
1.38203
1.40616
1.43035
1.45458
1.47885
1.50317
1.52751
1.55189
1.57628
1.6007
1.62514
1.64958
1.67403
1.69848
1.72293
1.74736
1.77178
1.79617
1.82054
1.84487
1.86916
1.8934
1.91759
1.94172
1.96578
1.98977
2.01368
2.0375
2.06123
2.08485
2.10836
2.13175
2.15502
2.17815
2.20114
2.22398
2.24666
2.26917
2.29151
2.31366
2.33562
2.35737
2.37891
2.40023
2.42132
2.44217
2.46277
2.48311
2.50319
2.52299
2.54251
2.56173
2.58065
2.59926
2.61755
2.63551
2.65314
2.67042
2.68735
2.70392
2.72012
2.73595
2.7514
2.76646
2.78112
2.7954
2.80926
2.82272
2.83577
2.8484
2.86061
2.87241
2.88378
2.89472
2.90524
2.91533
2.92498
2.93422
2.94303
2.95141
2.95937
2.96691
2.97404
2.98075
2.98705
2.99294
2.99843
3.00353
3.00823
3.01256
3.0165
3.02007
3.02327
3.02612
3.02862
3.03076
3.03257
3.03402
3.03509
3.03493
3.02721
3.01782
3.00837
2.99893
2.98952
2.98013
2.97079
2.96148
2.95222
2.943
2.93383
2.92471
2.91563
2.90661
2.89764
2.88872
2.87986
2.87106
2.86232
2.85364
2.84502
2.83647
2.82799
2.81957
2.81122
2.80294
2.79473
2.78659
2.77853
2.77054
2.76263
2.7548
2.74704
2.73937
2.73177
2.72425
2.71682
2.70947
2.7022
2.69501
2.68791
2.68089
2.67395
2.6671
2.66034
2.65366
2.64706
2.64055
2.63413
2.62779
2.62153
2.61535
2.60926
2.60325
2.59732
2.59148
2.58571
2.58003
2.57442
2.56889
2.56344
2.55806
2.55276
2.54753
2.54238
2.5373
2.53228
2.52734
2.52247
2.51767
2.51293
2.50826
2.50365
2.49911
2.49463
2.49022
2.48587
2.48157
2.47734
2.47316
2.46905
2.465
2.46101
2.45707
2.45319
2.44937
2.44561
2.44191
2.43826
2.43467
2.43114
2.42767
2.42426
2.4209
2.4176
2.41436
2.41118
2.40806
2.405
2.402
2.39906
2.39618
2.39336
2.3906
2.38791
2.38527
2.3827
2.3802
2.37776
2.37538
2.37307
2.37082
2.36864
2.36652
2.36447
2.36249
2.36057
2.35872
2.35694
2.35523
2.35359
2.35201
2.35051
2.34907
2.3477
2.34641
2.34518
2.34403
0.561681
0.546551
0.531426
0.516318
0.501248
0.486237
0.471313
0.456509
0.441867
0.42744
0.413296
0.399521
0.386234
0.373589
0.361789
0.351103
0.341878
0.33453
0.329527
0.327292
0.328093
0.331961
0.338673
0.347843
0.359035
0.371849
0.385947
0.401071
0.417018
0.433645
0.450826
0.468482
0.486547
0.504971
0.523714
0.542746
0.562039
0.581573
0.601333
0.621304
0.641474
0.661832
0.682371
0.703082
0.72396
0.744998
0.766191
0.787533
0.809021
0.83065
0.852416
0.874315
0.896344
0.918499
0.940777
0.963175
0.98569
1.00832
1.03106
1.0539
1.07685
1.0999
1.12305
1.14629
1.16962
1.19304
1.21655
1.24014
1.2638
1.28754
1.31135
1.33522
1.35916
1.38316
1.40722
1.43132
1.45547
1.47967
1.5039
1.52817
1.55247
1.57679
1.60114
1.6255
1.64987
1.67424
1.69862
1.72299
1.74735
1.7717
1.79602
1.82031
1.84457
1.86879
1.89297
1.91709
1.94115
1.96514
1.98907
2.01291
2.03666
2.06032
2.08388
2.10732
2.13065
2.15386
2.17693
2.19986
2.22264
2.24526
2.26771
2.28999
2.31208
2.33398
2.35568
2.37717
2.39844
2.41948
2.44029
2.46085
2.48115
2.50118
2.52095
2.54043
2.55962
2.57851
2.59709
2.61536
2.63329
2.6509
2.66816
2.68508
2.70163
2.71783
2.73365
2.7491
2.76416
2.77884
2.79312
2.807
2.82047
2.83354
2.8462
2.85844
2.87026
2.88167
2.89265
2.90321
2.91335
2.92306
2.93235
2.94121
2.94965
2.95768
2.96529
2.97248
2.97927
2.98564
2.99162
2.99719
3.00237
3.00716
3.01157
3.0156
3.01926
3.02256
3.0255
3.02809
3.03033
3.03222
3.03377
3.03495
3.03565
3.03494
3.02832
3.01908
3.00957
3.00002
2.99048
2.98096
2.97147
2.96202
2.95262
2.94326
2.93394
2.92467
2.91545
2.90629
2.89718
2.88812
2.87912
2.87018
2.86131
2.85249
2.84374
2.83506
2.82644
2.81789
2.80941
2.801
2.79266
2.7844
2.77621
2.7681
2.76006
2.75211
2.74423
2.73643
2.72871
2.72107
2.71352
2.70605
2.69865
2.69135
2.68412
2.67698
2.66992
2.66295
2.65607
2.64926
2.64255
2.63591
2.62936
2.6229
2.61652
2.61022
2.604
2.59786
2.59181
2.58583
2.57994
2.57412
2.56838
2.56272
2.55714
2.55163
2.54619
2.54083
2.53554
2.53032
2.52517
2.52009
2.51508
2.51014
2.50526
2.50045
2.4957
2.49102
2.4864
2.48184
2.47735
2.47291
2.46853
2.46422
2.45997
2.45577
2.45164
2.44756
2.44354
2.43958
2.43568
2.43183
2.42804
2.42432
2.42065
2.41703
2.41348
2.40999
2.40655
2.40317
2.39986
2.3966
2.3934
2.39026
2.38718
2.38417
2.38121
2.37832
2.37549
2.37273
2.37002
2.36739
2.36481
2.36231
2.35986
2.35748
2.35517
2.35292
2.35074
2.34863
2.34658
2.3446
2.34269
2.34085
2.33908
2.33738
2.33575
2.33419
2.3327
2.33128
2.32993
0.564078
0.549286
0.534525
0.519814
0.50518
0.490648
0.476254
0.462038
0.448051
0.434357
0.421035
0.408186
0.395934
0.384444
0.373913
0.364588
0.356762
0.350755
0.346893
0.345442
0.346561
0.350253
0.356377
0.364683
0.37487
0.386639
0.399722
0.413891
0.428962
0.444793
0.461253
0.478258
0.495735
0.513627
0.531887
0.550477
0.569367
0.588532
0.60795
0.627606
0.647483
0.667569
0.687854
0.708326
0.728978
0.749804
0.770797
0.791949
0.813257
0.834713
0.856314
0.878056
0.899934
0.921944
0.944082
0.966346
0.988729
1.01123
1.03385
1.05657
1.07941
1.10234
1.12538
1.14851
1.17174
1.19506
1.21846
1.24195
1.26552
1.28916
1.31288
1.33666
1.36051
1.38442
1.40838
1.4324
1.45647
1.48058
1.50472
1.52891
1.55312
1.57736
1.60163
1.62591
1.6502
1.67449
1.69879
1.72308
1.74736
1.77163
1.79588
1.82009
1.84428
1.86842
1.89252
1.91657
1.94055
1.96448
1.98833
2.0121
2.03578
2.05937
2.08285
2.10623
2.12949
2.15263
2.17564
2.1985
2.22122
2.24377
2.26616
2.28838
2.31042
2.33226
2.35391
2.37534
2.39656
2.41755
2.4383
2.45881
2.47907
2.49907
2.51879
2.53823
2.55739
2.57624
2.59479
2.61303
2.63094
2.64853
2.66577
2.68267
2.69922
2.7154
2.73122
2.74667
2.76173
2.77641
2.7907
2.80459
2.81808
2.83117
2.84385
2.85612
2.86798
2.87942
2.89044
2.90104
2.91122
2.92099
2.93033
2.93926
2.94776
2.95585
2.96353
2.97079
2.97765
2.98411
2.99016
2.99582
3.00108
3.00597
3.01046
3.01459
3.01834
3.02174
3.02477
3.02746
3.0298
3.03179
3.03344
3.03473
3.03563
3.03598
3.03479
3.02872
3.0197
3.01017
3.00052
2.99087
2.98122
2.9716
2.96202
2.95247
2.94297
2.93351
2.9241
2.91474
2.90544
2.89619
2.887
2.87786
2.86879
2.85978
2.85083
2.84195
2.83313
2.82438
2.8157
2.8071
2.79856
2.7901
2.78171
2.77339
2.76516
2.757
2.74892
2.74092
2.73299
2.72515
2.71739
2.70972
2.70212
2.69461
2.68718
2.67983
2.67257
2.66539
2.6583
2.65129
2.64437
2.63753
2.63077
2.6241
2.61751
2.611
2.60457
2.59823
2.59196
2.58578
2.57967
2.57365
2.5677
2.56183
2.55603
2.55031
2.54467
2.5391
2.5336
2.52817
2.52281
2.51753
2.51231
2.50716
2.50207
2.49706
2.4921
2.48722
2.48239
2.47763
2.47293
2.46829
2.46371
2.45919
2.45474
2.45034
2.44601
2.44173
2.43751
2.43335
2.42925
2.42521
2.42122
2.4173
2.41343
2.40962
2.40587
2.40218
2.39855
2.39497
2.39146
2.388
2.38461
2.38127
2.378
2.37479
2.37164
2.36855
2.36553
2.36256
2.35967
2.35683
2.35406
2.35136
2.34872
2.34614
2.34364
2.34119
2.33882
2.33651
2.33427
2.33209
2.32999
2.32795
2.32599
2.32409
2.32227
2.32051
2.31883
2.31721
2.31567
0.567881
0.55346
0.539101
0.524827
0.510667
0.496654
0.482828
0.469236
0.455938
0.443
0.430511
0.418575
0.407321
0.396904
0.387507
0.379346
0.372656
0.367682
0.364649
0.36374
0.36505
0.368581
0.374236
0.381846
0.391197
0.402066
0.41424
0.427528
0.441762
0.456807
0.472554
0.488898
0.505768
0.523102
0.540851
0.55897
0.577426
0.596191
0.615239
0.634549
0.654105
0.673891
0.693895
0.714104
0.734507
0.755098
0.775867
0.796809
0.817916
0.839181
0.860599
0.882166
0.903876
0.925725
0.947707
0.96982
0.992059
1.01442
1.0369
1.0595
1.0822
1.10501
1.12793
1.15095
1.17406
1.19726
1.22055
1.24394
1.2674
1.29093
1.31455
1.33823
1.36198
1.38579
1.40966
1.43358
1.45755
1.48156
1.50562
1.52971
1.55384
1.57799
1.60216
1.62636
1.65056
1.67477
1.69898
1.72319
1.74739
1.77157
1.79574
1.81987
1.84397
1.86804
1.89206
1.91602
1.93993
1.96377
1.98755
2.01124
2.03485
2.05836
2.08177
2.10508
2.12827
2.15134
2.17427
2.19707
2.21971
2.2422
2.26453
2.28669
2.30866
2.33044
2.35203
2.3734
2.39457
2.4155
2.43621
2.45667
2.47688
2.49682
2.5165
2.53591
2.55502
2.57384
2.59236
2.61057
2.62846
2.64602
2.66324
2.68012
2.69665
2.71283
2.72864
2.74408
2.75915
2.77383
2.78813
2.80203
2.81554
2.82865
2.84136
2.85365
2.86554
2.87702
2.88808
2.89872
2.90896
2.91877
2.92817
2.93715
2.94572
2.95388
2.96163
2.96897
2.9759
2.98244
2.98857
2.99432
2.99967
3.00464
3.00923
3.01346
3.01731
3.0208
3.02394
3.02672
3.02917
3.03127
3.03303
3.03444
3.03549
3.03612
3.03612
3.0345
3.0286
3.01975
3.0102
3.00048
2.99071
2.98094
2.97119
2.96147
2.95179
2.94215
2.93255
2.92301
2.91351
2.90407
2.89469
2.88536
2.87609
2.86688
2.85774
2.84866
2.83965
2.8307
2.82182
2.81302
2.80428
2.79562
2.78703
2.77851
2.77008
2.76172
2.75343
2.74523
2.7371
2.72906
2.7211
2.71322
2.70542
2.6977
2.69007
2.68252
2.67504
2.66766
2.66036
2.65315
2.64601
2.63896
2.632
2.62511
2.61832
2.6116
2.60496
2.59841
2.59193
2.58554
2.57922
2.57299
2.56683
2.56075
2.55475
2.54882
2.54296
2.53718
2.53147
2.52584
2.52027
2.51478
2.50935
2.50399
2.4987
2.49348
2.48832
2.48322
2.4782
2.47323
2.46833
2.46348
2.4587
2.45398
2.44932
2.44473
2.44019
2.43571
2.43129
2.42693
2.42263
2.41839
2.41421
2.41008
2.40602
2.40201
2.39807
2.39418
2.39035
2.38658
2.38287
2.37922
2.37563
2.3721
2.36863
2.36522
2.36188
2.35859
2.35538
2.35222
2.34912
2.3461
2.34313
2.34023
2.3374
2.33463
2.33193
2.32929
2.32672
2.32422
2.32178
2.31941
2.31712
2.31489
2.31273
2.31064
2.30862
2.30668
2.3048
2.303
2.30126
0.573027
0.559004
0.545075
0.531263
0.517602
0.504131
0.490892
0.477939
0.465332
0.453146
0.441468
0.430403
0.420075
0.410626
0.402218
0.395031
0.389257
0.385079
0.38266
0.382132
0.383555
0.386932
0.392195
0.399226
0.407871
0.41796
0.429323
0.441802
0.455252
0.469549
0.484591
0.500275
0.516532
0.533298
0.550518
0.568147
0.586148
0.604489
0.623142
0.642084
0.661295
0.680757
0.700457
0.720379
0.740512
0.760848
0.781375
0.802087
0.822974
0.84403
0.865249
0.886624
0.90815
0.929822
0.951635
0.973584
0.995666
1.01787
1.04021
1.06266
1.08522
1.1079
1.13068
1.15357
1.17655
1.19963
1.22281
1.24607
1.26942
1.29284
1.31634
1.33991
1.36356
1.38726
1.41102
1.43484
1.45871
1.48263
1.50658
1.53058
1.55461
1.57866
1.60274
1.62684
1.65095
1.67507
1.69919
1.72331
1.74742
1.77151
1.79559
1.81963
1.84365
1.86763
1.89156
1.91544
1.93927
1.96303
1.98672
2.01033
2.03386
2.0573
2.08063
2.10386
2.12697
2.14996
2.17282
2.19554
2.21812
2.24054
2.2628
2.28489
2.3068
2.32852
2.35004
2.37135
2.39246
2.41334
2.43398
2.45439
2.47455
2.49445
2.51409
2.53344
2.55252
2.5713
2.58979
2.60796
2.62582
2.64336
2.66056
2.67742
2.69394
2.7101
2.72591
2.74135
2.75641
2.7711
2.7854
2.79932
2.81285
2.82597
2.8387
2.85103
2.86295
2.87446
2.88556
2.89625
2.90653
2.9164
2.92585
2.9349
2.94353
2.95176
2.95958
2.967
2.97401
2.98062
2.98684
2.99268
2.99812
3.00319
3.00788
3.0122
3.01615
3.01974
3.02299
3.02588
3.02844
3.03065
3.03252
3.03406
3.03525
3.03607
3.03645
3.03612
3.03406
3.02809
3.01931
3.00972
2.99991
2.99003
2.98014
2.97026
2.9604
2.95059
2.94081
2.93108
2.9214
2.91177
2.90219
2.89267
2.88321
2.87381
2.86447
2.85519
2.84598
2.83684
2.82776
2.81876
2.80982
2.80096
2.79217
2.78346
2.77482
2.76626
2.75777
2.74937
2.74104
2.73279
2.72463
2.71654
2.70853
2.70061
2.69277
2.68502
2.67734
2.66975
2.66224
2.65482
2.64748
2.64022
2.63305
2.62595
2.61895
2.61202
2.60517
2.59841
2.59172
2.58512
2.5786
2.57215
2.56578
2.55949
2.55328
2.54714
2.54107
2.53508
2.52916
2.52332
2.51754
2.51184
2.5062
2.50064
2.49514
2.48971
2.48434
2.47904
2.47381
2.46864
2.46353
2.45849
2.4535
2.44858
2.44372
2.43892
2.43418
2.4295
2.42488
2.42032
2.41582
2.41138
2.407
2.40268
2.39842
2.39422
2.39007
2.38599
2.38196
2.378
2.37409
2.37024
2.36646
2.36274
2.35907
2.35547
2.35193
2.34845
2.34504
2.34169
2.3384
2.33518
2.33202
2.32893
2.3259
2.32294
2.32004
2.31721
2.31445
2.31175
2.30912
2.30657
2.30408
2.30166
2.29931
2.29703
2.29482
2.29268
2.29062
2.28862
2.2867
0.579446
0.565837
0.55235
0.539015
0.525866
0.512944
0.500296
0.487976
0.476048
0.464587
0.453677
0.443421
0.433931
0.425336
0.417777
0.411402
0.406363
0.402805
0.400848
0.400588
0.40207
0.405298
0.410222
0.416759
0.424796
0.4342
0.444839
0.45658
0.469298
0.482885
0.497246
0.512285
0.527932
0.544125
0.560808
0.577936
0.595466
0.613366
0.631606
0.650161
0.669008
0.688127
0.707503
0.72712
0.746965
0.767026
0.787293
0.807756
0.828408
0.849239
0.870241
0.89141
0.912738
0.93422
0.955849
0.977621
0.999531
1.02157
1.04375
1.06604
1.08846
1.11099
1.13363
1.15637
1.17922
1.20217
1.22521
1.24835
1.27157
1.29487
1.31826
1.34171
1.36524
1.38883
1.41248
1.43618
1.45994
1.48375
1.5076
1.53149
1.55542
1.57937
1.60335
1.62735
1.65136
1.67538
1.6994
1.72342
1.74744
1.77144
1.79542
1.81938
1.8433
1.86719
1.89103
1.91483
1.93856
1.96223
1.98584
2.00937
2.03281
2.05616
2.07941
2.10256
2.12559
2.1485
2.17128
2.19393
2.21643
2.23878
2.26096
2.28298
2.30482
2.32647
2.34793
2.36918
2.39022
2.41104
2.43163
2.45198
2.47209
2.49194
2.51152
2.53084
2.54987
2.56862
2.58706
2.60521
2.62303
2.64054
2.65772
2.67457
2.69107
2.70722
2.72301
2.73844
2.75351
2.7682
2.78251
2.79644
2.80998
2.82313
2.83588
2.84824
2.86019
2.87174
2.88288
2.89362
2.90395
2.91387
2.92338
2.93249
2.94119
2.94948
2.95737
2.96487
2.97196
2.97866
2.98497
2.99089
2.99643
3.00159
3.00638
3.0108
3.01486
3.01857
3.02192
3.02492
3.02759
3.02992
3.03192
3.03358
3.03492
3.0359
3.0365
3.03663
3.03597
3.03345
3.02723
3.01841
3.00875
2.99884
2.98884
2.97882
2.96881
2.95882
2.94887
2.93895
2.92909
2.91927
2.9095
2.89979
2.89014
2.88054
2.87101
2.86154
2.85213
2.8428
2.83352
2.82432
2.81519
2.80613
2.79714
2.78822
2.77938
2.77062
2.76193
2.75333
2.7448
2.73634
2.72797
2.71968
2.71147
2.70335
2.6953
2.68734
2.67946
2.67166
2.66394
2.65631
2.64876
2.6413
2.63391
2.62661
2.61939
2.61226
2.6052
2.59823
2.59133
2.58452
2.57778
2.57112
2.56454
2.55804
2.55162
2.54527
2.53899
2.53279
2.52667
2.52061
2.51463
2.50871
2.50287
2.4971
2.49139
2.48575
2.48018
2.47467
2.46923
2.46386
2.45854
2.4533
2.44811
2.44299
2.43792
2.43292
2.42798
2.4231
2.41828
2.41352
2.40882
2.40419
2.39961
2.39509
2.39063
2.38623
2.38189
2.37761
2.37339
2.36923
2.36513
2.36108
2.3571
2.35319
2.34933
2.34554
2.3418
2.33813
2.33452
2.33098
2.3275
2.32408
2.32073
2.31744
2.31422
2.31107
2.30799
2.30496
2.30201
2.29912
2.29631
2.29356
2.29088
2.28827
2.28573
2.28326
2.28086
2.27854
2.27628
2.2741
2.27199
0.58705
0.573867
0.560833
0.547977
0.535341
0.522964
0.510896
0.499191
0.487914
0.477135
0.466939
0.457417
0.448675
0.440824
0.433986
0.428283
0.423839
0.420766
0.41916
0.419088
0.420592
0.423672
0.428296
0.434402
0.441906
0.450703
0.46069
0.471755
0.483794
0.496711
0.510421
0.524832
0.539881
0.555504
0.571649
0.588268
0.605318
0.622766
0.640581
0.658733
0.6772
0.695961
0.714998
0.734293
0.753832
0.773604
0.793595
0.813795
0.834194
0.854784
0.875557
0.896505
0.917621
0.938899
0.960331
0.981913
1.00364
1.02551
1.04751
1.06963
1.09189
1.11426
1.13675
1.15935
1.18205
1.20485
1.22776
1.25075
1.27385
1.29702
1.32027
1.3436
1.367
1.39047
1.414
1.43759
1.46124
1.48493
1.50867
1.53245
1.55626
1.58011
1.60398
1.62787
1.65178
1.67569
1.69961
1.72353
1.74745
1.77135
1.79523
1.81909
1.84291
1.86671
1.89045
1.91415
1.9378
1.96138
1.98489
2.00833
2.03168
2.05494
2.07811
2.10117
2.12412
2.14694
2.16965
2.19221
2.21463
2.2369
2.25901
2.28095
2.30272
2.3243
2.34569
2.36687
2.38785
2.4086
2.42913
2.44943
2.46948
2.48928
2.50881
2.52808
2.54707
2.56577
2.58418
2.60229
2.62008
2.63756
2.65472
2.67154
2.68802
2.70416
2.71995
2.73537
2.75044
2.76513
2.77945
2.79339
2.80694
2.82011
2.83289
2.84527
2.85726
2.86884
2.88003
2.89081
2.90119
2.91116
2.92073
2.9299
2.93867
2.94704
2.95501
2.96258
2.96976
2.97654
2.98294
2.98896
2.99459
2.99985
3.00474
3.00927
3.01344
3.01725
3.02072
3.02384
3.02663
3.02908
3.0312
3.033
3.03447
3.0356
3.03639
3.03679
3.03668
3.0357
3.03267
3.02606
3.01708
3.00731
2.99727
2.98715
2.97699
2.96685
2.95673
2.94664
2.93659
2.92659
2.91663
2.90673
2.89689
2.8871
2.87737
2.86771
2.85811
2.84857
2.8391
2.8297
2.82037
2.81111
2.80192
2.79281
2.78377
2.7748
2.76591
2.7571
2.74837
2.73972
2.73114
2.72265
2.71423
2.7059
2.69765
2.68948
2.68139
2.67339
2.66546
2.65762
2.64986
2.64219
2.63459
2.62708
2.61965
2.61231
2.60504
2.59786
2.59075
2.58373
2.57678
2.56991
2.56312
2.55641
2.54977
2.54321
2.53673
2.53032
2.52398
2.51771
2.51152
2.5054
2.49935
2.49336
2.48745
2.4816
2.47582
2.47011
2.46447
2.45889
2.45337
2.44792
2.44253
2.4372
2.43193
2.42673
2.42159
2.41651
2.41149
2.40653
2.40163
2.3968
2.39202
2.3873
2.38264
2.37805
2.37351
2.36904
2.36462
2.36027
2.35597
2.35173
2.34756
2.34345
2.3394
2.33541
2.33149
2.32762
2.32383
2.32009
2.31642
2.31281
2.30927
2.30579
2.30238
2.29904
2.29576
2.29255
2.28941
2.28633
2.28332
2.28039
2.27752
2.27472
2.27199
2.26934
2.26675
2.26424
2.2618
2.25943
2.25714
0.59576
0.583004
0.57042
0.558043
0.545911
0.534064
0.522554
0.511436
0.50077
0.490626
0.481081
0.47222
0.464137
0.456929
0.4507
0.445554
0.44159
0.438901
0.437557
0.437617
0.439113
0.442049
0.4464
0.452122
0.459151
0.467406
0.476801
0.487248
0.498657
0.510942
0.524031
0.537836
0.552301
0.567365
0.582974
0.599083
0.61565
0.632639
0.650017
0.667756
0.685832
0.704221
0.722904
0.741864
0.761085
0.780552
0.800253
0.820175
0.84031
0.860645
0.881175
0.901889
0.922779
0.94384
0.965064
0.986446
1.00798
1.02965
1.05147
1.07342
1.0955
1.11771
1.14003
1.16247
1.18502
1.20768
1.23043
1.25328
1.27623
1.29927
1.32239
1.34558
1.36885
1.39219
1.41559
1.43906
1.46258
1.48615
1.50977
1.53343
1.55713
1.58086
1.60462
1.6284
1.65219
1.676
1.69981
1.72362
1.74743
1.77122
1.795
1.81876
1.84248
1.86617
1.88982
1.91342
1.93697
1.96045
1.98387
2.00721
2.03047
2.05364
2.07671
2.09968
2.12254
2.14528
2.1679
2.19038
2.21272
2.2349
2.25693
2.2788
2.30049
2.32199
2.34331
2.36442
2.38533
2.40602
2.42649
2.44672
2.46671
2.48646
2.50594
2.52515
2.5441
2.56276
2.58112
2.59919
2.61696
2.63441
2.65153
2.66833
2.6848
2.70092
2.7167
2.73212
2.74718
2.76187
2.7762
2.79015
2.80372
2.81691
2.82971
2.84212
2.85414
2.86576
2.87699
2.88782
2.89825
2.90828
2.91791
2.92715
2.93598
2.94442
2.95247
2.96012
2.96738
2.97425
2.98075
2.98686
2.9926
2.99796
3.00295
3.00759
3.01187
3.0158
3.01938
3.02262
3.02553
3.02811
3.03036
3.03229
3.0339
3.03519
3.03615
3.03676
3.03697
3.03662
3.03528
3.03166
3.02454
3.01533
3.0054
2.99522
2.98496
2.97467
2.96438
2.95412
2.9439
2.93371
2.92357
2.91348
2.90345
2.89347
2.88355
2.87369
2.86389
2.85416
2.8445
2.8349
2.82537
2.81591
2.80652
2.79721
2.78797
2.7788
2.76971
2.7607
2.75176
2.7429
2.73413
2.72542
2.7168
2.70827
2.69981
2.69143
2.68314
2.67493
2.66679
2.65874
2.65078
2.64289
2.63509
2.62737
2.61973
2.61217
2.6047
2.5973
2.58998
2.58275
2.57559
2.56851
2.56151
2.55459
2.54774
2.54097
2.53427
2.52765
2.5211
2.51463
2.50822
2.50189
2.49563
2.48944
2.48332
2.47727
2.47128
2.46536
2.45951
2.45372
2.448
2.44234
2.43675
2.43122
2.42575
2.42034
2.415
2.40972
2.4045
2.39935
2.39425
2.38922
2.38424
2.37933
2.37448
2.36968
2.36495
2.36028
2.35567
2.35112
2.34663
2.3422
2.33784
2.33354
2.32929
2.32511
2.321
2.31694
2.31295
2.30903
2.30517
2.30137
2.29763
2.29397
2.29037
2.28683
2.28337
2.27997
2.27664
2.27338
2.27018
2.26706
2.264
2.26102
2.25811
2.25527
2.2525
2.2498
2.24718
2.24462
2.24215
0.605493
0.593158
0.581017
0.569104
0.557459
0.546124
0.535144
0.524577
0.514479
0.504916
0.495959
0.487686
0.48018
0.473525
0.467812
0.463126
0.459552
0.457163
0.456019
0.456165
0.457632
0.460423
0.464522
0.469897
0.476497
0.48426
0.493117
0.502994
0.513815
0.525507
0.537998
0.55123
0.565128
0.579643
0.594725
0.610326
0.626409
0.642933
0.65987
0.677188
0.694863
0.71287
0.73119
0.749803
0.768692
0.787843
0.807242
0.826874
0.846731
0.866801
0.887074
0.907542
0.928196
0.949028
0.970032
0.9912
1.01253
1.034
1.05563
1.07739
1.09929
1.12132
1.14347
1.16574
1.18813
1.21062
1.23322
1.25592
1.27872
1.30161
1.32458
1.34764
1.37077
1.39397
1.41724
1.44057
1.46396
1.48741
1.5109
1.53444
1.55801
1.58162
1.60526
1.62892
1.6526
1.67629
1.69998
1.72368
1.74738
1.77106
1.79473
1.81837
1.84199
1.86558
1.88912
1.91262
1.93606
1.95944
1.98276
2.006
2.02917
2.05224
2.07521
2.09809
2.12086
2.14351
2.16603
2.18842
2.21067
2.23278
2.25472
2.2765
2.29811
2.31954
2.34078
2.36183
2.38266
2.40328
2.42368
2.44385
2.46378
2.48347
2.5029
2.52206
2.54095
2.55956
2.57789
2.59592
2.61365
2.63107
2.64817
2.66494
2.68139
2.69749
2.71326
2.72867
2.74373
2.75843
2.77276
2.78672
2.8003
2.81351
2.82634
2.83878
2.85083
2.86249
2.87376
2.88464
2.89512
2.90521
2.9149
2.9242
2.93311
2.94162
2.94974
2.95748
2.96482
2.97179
2.97838
2.98459
2.99043
2.9959
3.001
3.00575
3.01014
3.01419
3.01789
3.02126
3.02429
3.027
3.02939
3.03146
3.03321
3.03465
3.03577
3.03657
3.03701
3.03704
3.03645
3.03471
3.03037
3.02265
3.01314
3.00303
2.99269
2.98227
2.97184
2.96141
2.95101
2.94065
2.93032
2.92005
2.90982
2.89965
2.88954
2.87949
2.86949
2.85957
2.84971
2.83991
2.83018
2.82052
2.81094
2.80142
2.79198
2.78261
2.77332
2.7641
2.75496
2.7459
2.73692
2.72801
2.71919
2.71045
2.70178
2.6932
2.6847
2.67628
2.66794
2.65968
2.6515
2.64341
2.63539
2.62746
2.61961
2.61185
2.60416
2.59655
2.58903
2.58158
2.57421
2.56692
2.55971
2.55257
2.54552
2.53853
2.53163
2.52479
2.51803
2.51135
2.50474
2.4982
2.49173
2.48532
2.479
2.47273
2.46654
2.46042
2.45436
2.44837
2.44244
2.43658
2.43078
2.42505
2.41938
2.41378
2.40823
2.40275
2.39733
2.39198
2.38668
2.38145
2.37628
2.37117
2.36612
2.36113
2.35621
2.35134
2.34654
2.34179
2.33711
2.33249
2.32793
2.32344
2.31901
2.31464
2.31033
2.30609
2.30191
2.29779
2.29374
2.28975
2.28583
2.28198
2.27819
2.27447
2.27081
2.26723
2.26371
2.26026
2.25688
2.25357
2.25034
2.24717
2.24407
2.24104
2.23809
2.23521
2.23241
2.22968
2.22702
0.616161
0.604238
0.592527
0.581064
0.569885
0.559033
0.548552
0.538496
0.528919
0.519883
0.511454
0.503701
0.496696
0.490517
0.485238
0.480934
0.477675
0.475521
0.474526
0.474727
0.476145
0.478791
0.482654
0.487708
0.493916
0.501231
0.509593
0.518942
0.529215
0.540347
0.552278
0.564952
0.578302
0.592282
0.606845
0.621946
0.637545
0.653607
0.670099
0.686993
0.704259
0.721877
0.739823
0.758079
0.776628
0.795452
0.814536
0.833868
0.853436
0.873228
0.893234
0.913445
0.933851
0.954445
0.975218
0.996163
1.01727
1.03854
1.05996
1.08153
1.10324
1.12508
1.14705
1.16914
1.19136
1.21368
1.23612
1.25866
1.2813
1.30403
1.32685
1.34976
1.37274
1.3958
1.41893
1.44212
1.46538
1.48869
1.51205
1.53545
1.5589
1.58238
1.60589
1.62943
1.65298
1.67655
1.70013
1.72371
1.74728
1.77085
1.7944
1.81794
1.84144
1.86492
1.88835
1.91174
1.93507
1.95835
1.98156
2.0047
2.02776
2.05073
2.07361
2.09638
2.11905
2.14161
2.16404
2.18634
2.2085
2.23051
2.25237
2.27407
2.29559
2.31694
2.3381
2.35907
2.37983
2.40038
2.42071
2.44081
2.46068
2.4803
2.49967
2.51878
2.53762
2.55619
2.57447
2.59246
2.61015
2.62753
2.64461
2.66136
2.67778
2.69387
2.70962
2.72502
2.74008
2.75478
2.76911
2.78308
2.79669
2.80991
2.82276
2.83523
2.84732
2.85902
2.87033
2.88126
2.89179
2.90194
2.91169
2.92106
2.93003
2.93862
2.94683
2.95465
2.96208
2.96914
2.97583
2.98214
2.98808
2.99366
2.99888
3.00374
3.00825
3.01242
3.01624
3.01974
3.0229
3.02574
3.02827
3.03047
3.03237
3.03396
3.03525
3.03622
3.03687
3.03716
3.03701
3.03617
3.03394
3.02872
3.02034
3.0105
3.00017
2.98967
2.97909
2.96851
2.95793
2.94739
2.93688
2.92642
2.91601
2.90565
2.89534
2.88509
2.87491
2.86478
2.85472
2.84473
2.8348
2.82495
2.81516
2.80545
2.7958
2.78623
2.77674
2.76732
2.75798
2.74871
2.73952
2.73041
2.72138
2.71243
2.70356
2.69477
2.68606
2.67744
2.66889
2.66042
2.65203
2.64373
2.63551
2.62737
2.61931
2.61133
2.60343
2.59561
2.58788
2.58022
2.57264
2.56514
2.55771
2.55036
2.5431
2.5359
2.52879
2.52174
2.51477
2.50788
2.50106
2.49431
2.48763
2.48102
2.47448
2.46801
2.46162
2.45528
2.44902
2.44282
2.43669
2.43063
2.42463
2.4187
2.41283
2.40702
2.40128
2.39559
2.38997
2.38442
2.37893
2.3735
2.36813
2.36283
2.35758
2.3524
2.34728
2.34222
2.33722
2.33228
2.32741
2.3226
2.31785
2.31317
2.30854
2.30398
2.29949
2.29506
2.29069
2.28638
2.28214
2.27797
2.27386
2.26982
2.26585
2.26194
2.2581
2.25433
2.25063
2.247
2.24343
2.23994
2.23652
2.23317
2.22989
2.22668
2.22355
2.22048
2.2175
2.21459
2.21175
0.627685
0.61616
0.604862
0.593825
0.583087
0.572688
0.562672
0.553089
0.543989
0.535428
0.527466
0.52017
0.513602
0.507828
0.502915
0.498926
0.495921
0.493952
0.493064
0.493289
0.494646
0.497149
0.500786
0.505543
0.51139
0.51829
0.526193
0.535052
0.544811
0.555416
0.566812
0.578953
0.591774
0.605235
0.619289
0.633896
0.649017
0.664617
0.680665
0.697128
0.713984
0.731207
0.748773
0.766665
0.784862
0.80335
0.822112
0.841134
0.860403
0.879907
0.899636
0.91958
0.939729
0.960073
0.980605
1.00132
1.0222
1.04325
1.06446
1.08582
1.10733
1.12897
1.15075
1.17266
1.19469
1.21684
1.23911
1.26147
1.28395
1.30652
1.32918
1.35193
1.37476
1.39767
1.42065
1.4437
1.46681
1.48998
1.5132
1.53647
1.55978
1.58312
1.6065
1.62991
1.65334
1.67678
1.70023
1.72368
1.74714
1.77058
1.79402
1.81743
1.84082
1.86417
1.88749
1.91077
1.93399
1.95715
1.98026
2.00328
2.02624
2.0491
2.07188
2.09455
2.11712
2.13957
2.16191
2.18411
2.20618
2.2281
2.24987
2.27147
2.29291
2.31418
2.33525
2.35614
2.37682
2.3973
2.41756
2.43759
2.45739
2.47695
2.49626
2.51531
2.5341
2.55262
2.57085
2.5888
2.60645
2.6238
2.64084
2.65756
2.67396
2.69003
2.70577
2.72117
2.73622
2.75091
2.76526
2.77924
2.79285
2.8061
2.81897
2.83147
2.84359
2.85533
2.86669
2.87766
2.88825
2.89846
2.90828
2.91771
2.92676
2.93543
2.94371
2.95162
2.95914
2.9663
2.97308
2.9795
2.98554
2.99123
2.99657
3.00155
3.00618
3.01047
3.01443
3.01805
3.02134
3.02432
3.02699
3.02934
3.03139
3.03313
3.03457
3.03571
3.03655
3.03707
3.03721
3.03688
3.03576
3.03288
3.02663
3.01756
3.00738
2.99683
2.98614
2.9754
2.96466
2.95394
2.94325
2.9326
2.922
2.91145
2.90095
2.89051
2.88013
2.86981
2.85955
2.84936
2.83923
2.82918
2.81919
2.80928
2.79943
2.78966
2.77996
2.77034
2.7608
2.75133
2.74193
2.73262
2.72338
2.71423
2.70515
2.69615
2.68724
2.6784
2.66965
2.66097
2.65238
2.64386
2.63542
2.62707
2.6188
2.61062
2.60251
2.59448
2.58653
2.57866
2.57087
2.56316
2.55552
2.54796
2.54048
2.53308
2.52575
2.5185
2.51132
2.50422
2.49719
2.49023
2.48334
2.47652
2.46978
2.4631
2.4565
2.44996
2.44349
2.43709
2.43076
2.42449
2.41829
2.41215
2.40608
2.40007
2.39413
2.38825
2.38243
2.37668
2.37099
2.36536
2.3598
2.3543
2.34886
2.34348
2.33816
2.33291
2.32772
2.3226
2.31753
2.31253
2.30759
2.30272
2.29791
2.29316
2.28847
2.28385
2.2793
2.27481
2.27038
2.26602
2.26173
2.2575
2.25334
2.24925
2.24523
2.24127
2.23739
2.23358
2.22983
2.22615
2.22255
2.21902
2.21556
2.21217
2.20886
2.20562
2.20246
2.19937
2.19635
0.639989
0.628844
0.617938
0.607305
0.59698
0.587002
0.577415
0.568262
0.559594
0.551461
0.543918
0.53702
0.530827
0.525399
0.520794
0.517064
0.514263
0.512437
0.511622
0.511848
0.513135
0.51549
0.518914
0.52339
0.528901
0.535414
0.54289
0.551289
0.560565
0.570671
0.58156
0.593189
0.6055
0.618456
0.632014
0.646136
0.660785
0.675927
0.691529
0.707564
0.724005
0.740827
0.758009
0.77553
0.793371
0.811514
0.829945
0.848648
0.86761
0.886819
0.906261
0.925929
0.945811
0.965897
0.986178
1.00665
1.0273
1.04812
1.06911
1.09025
1.11155
1.13299
1.15457
1.17629
1.19813
1.22009
1.24217
1.26437
1.28667
1.30907
1.33157
1.35415
1.37682
1.39957
1.4224
1.44529
1.46826
1.49128
1.51435
1.53748
1.56064
1.58385
1.60709
1.63036
1.65365
1.67696
1.70028
1.7236
1.74693
1.77025
1.79355
1.81684
1.84011
1.86334
1.88654
1.9097
1.9328
1.95585
1.97884
2.00176
2.0246
2.04735
2.07002
2.09259
2.11505
2.1374
2.15963
2.18173
2.2037
2.22552
2.2472
2.26872
2.29006
2.31124
2.33223
2.35303
2.37364
2.39404
2.41422
2.43418
2.45391
2.47341
2.49265
2.51165
2.53038
2.54884
2.56702
2.58493
2.60254
2.61985
2.63686
2.65355
2.66993
2.68598
2.7017
2.71709
2.73213
2.74683
2.76118
2.77517
2.7888
2.80206
2.81496
2.82749
2.83964
2.85142
2.86282
2.87385
2.88449
2.89476
2.90464
2.91414
2.92327
2.93201
2.94038
2.94837
2.956
2.96325
2.97013
2.97665
2.98281
2.98861
2.99406
2.99916
3.00392
3.00834
3.01242
3.01618
3.01961
3.02273
3.02554
3.02804
3.03023
3.03213
3.03373
3.03505
3.03607
3.03678
3.03717
3.03719
3.03667
3.03519
3.03142
3.02399
3.01427
3.00376
2.99297
2.9821
2.97119
2.9603
2.94942
2.93859
2.9278
2.91705
2.90636
2.89573
2.88515
2.87463
2.86418
2.85379
2.84347
2.83321
2.82303
2.81291
2.80286
2.79289
2.78299
2.77317
2.76342
2.75375
2.74415
2.73463
2.72519
2.71582
2.70654
2.69733
2.68821
2.67917
2.6702
2.66132
2.65252
2.64379
2.63515
2.62659
2.61811
2.60971
2.60139
2.59315
2.58499
2.57691
2.56891
2.56098
2.55314
2.54537
2.53768
2.53007
2.52253
2.51507
2.50768
2.50036
2.49312
2.48596
2.47886
2.47184
2.46489
2.458
2.45119
2.44445
2.43778
2.43117
2.42463
2.41816
2.41176
2.40542
2.39915
2.39294
2.3868
2.38072
2.3747
2.36875
2.36286
2.35704
2.35128
2.34558
2.33995
2.33438
2.32887
2.32343
2.31805
2.31273
2.30748
2.30229
2.29716
2.2921
2.2871
2.28216
2.27729
2.27248
2.26774
2.26306
2.25845
2.25391
2.24943
2.24502
2.24068
2.2364
2.2322
2.22806
2.224
2.22
2.21608
2.21222
2.20844
2.20473
2.20109
2.19753
2.19404
2.19062
2.18728
2.18402
2.18083
0.653
0.642216
0.63168
0.621425
0.611485
0.601896
0.5927
0.58394
0.575659
0.567907
0.560732
0.554185
0.54832
0.543185
0.538837
0.535318
0.53268
0.530959
0.53019
0.530399
0.531605
0.533813
0.537028
0.541241
0.546434
0.552584
0.55966
0.567627
0.576447
0.58608
0.596484
0.607623
0.619441
0.631908
0.644983
0.658629
0.672814
0.6875
0.70266
0.718266
0.734291
0.750711
0.767504
0.784649
0.802128
0.819921
0.838013
0.85639
0.875037
0.89394
0.91309
0.932472
0.952078
0.971898
0.99192
1.01214
1.03254
1.05313
1.07389
1.09481
1.11589
1.13712
1.15849
1.18001
1.20165
1.22342
1.24531
1.26733
1.28944
1.31167
1.33399
1.35641
1.37891
1.4015
1.42416
1.4469
1.4697
1.49257
1.51549
1.53846
1.56148
1.58454
1.60764
1.63077
1.65392
1.67709
1.70027
1.72346
1.74665
1.76984
1.79301
1.81617
1.83931
1.86242
1.88549
1.90852
1.93151
1.95444
1.9773
2.0001
2.02283
2.04547
2.06802
2.09048
2.11283
2.13507
2.1572
2.1792
2.20106
2.22279
2.24436
2.26578
2.28704
2.30812
2.32902
2.34974
2.37026
2.39058
2.41068
2.43057
2.45023
2.46965
2.48884
2.50777
2.52644
2.54485
2.56298
2.58084
2.59841
2.61568
2.63265
2.64932
2.66567
2.6817
2.69741
2.71278
2.72782
2.74252
2.75687
2.77086
2.78451
2.79779
2.81071
2.82327
2.83546
2.84728
2.85873
2.8698
2.8805
2.89082
2.90077
2.91035
2.91955
2.92838
2.93683
2.94491
2.95263
2.95998
2.96696
2.97359
2.97986
2.98578
2.99135
2.99657
3.00145
3.006
3.01022
3.01412
3.01769
3.02095
3.02391
3.02655
3.0289
3.03095
3.03272
3.0342
3.0354
3.03631
3.03692
3.0372
3.03708
3.03636
3.03438
3.02937
3.02072
3.01042
2.9996
2.98859
2.97753
2.96646
2.9554
2.94438
2.9334
2.92246
2.91158
2.90075
2.88997
2.87926
2.86861
2.85802
2.8475
2.83705
2.82666
2.81634
2.80609
2.79592
2.78582
2.77579
2.76584
2.75596
2.74616
2.73643
2.72679
2.71722
2.70773
2.69832
2.68899
2.67973
2.67056
2.66147
2.65246
2.64353
2.63467
2.6259
2.61721
2.6086
2.60007
2.59162
2.58325
2.57496
2.56675
2.55861
2.55056
2.54258
2.53468
2.52686
2.51911
2.51144
2.50384
2.49632
2.48887
2.48149
2.47419
2.46696
2.4598
2.45271
2.44569
2.43875
2.43187
2.42506
2.41832
2.41164
2.40504
2.3985
2.39202
2.38562
2.37928
2.373
2.36679
2.36064
2.35456
2.34854
2.34258
2.33669
2.33086
2.3251
2.3194
2.31377
2.3082
2.30269
2.29725
2.29187
2.28655
2.2813
2.27611
2.27099
2.26593
2.26094
2.25602
2.25116
2.24636
2.24164
2.23698
2.23238
2.22786
2.22341
2.21902
2.2147
2.21046
2.20628
2.20218
2.19815
2.19419
2.1903
2.18649
2.18275
2.17908
2.17549
2.17198
2.16854
2.16518
0.666651
0.656207
0.646018
0.636115
0.62653
0.617299
0.608461
0.600054
0.592122
0.584707
0.577855
0.571613
0.566027
0.561144
0.55701
0.553665
0.551153
0.549509
0.548761
0.548937
0.550051
0.552112
0.555126
0.559085
0.563978
0.569785
0.576483
0.584043
0.592431
0.601613
0.611553
0.622214
0.633565
0.645558
0.658161
0.671343
0.685066
0.699304
0.714026
0.729204
0.744814
0.76083
0.777232
0.793998
0.811109
0.828547
0.846296
0.864339
0.882664
0.901256
0.920103
0.939192
0.958515
0.978059
0.997816
1.01778
1.03793
1.05827
1.07879
1.09948
1.12033
1.14134
1.1625
1.18381
1.20524
1.22682
1.24851
1.27033
1.29226
1.31431
1.33645
1.35868
1.38101
1.40343
1.42592
1.44849
1.47113
1.49384
1.5166
1.53942
1.56229
1.58519
1.60814
1.63112
1.65412
1.67715
1.70019
1.72324
1.74629
1.76934
1.79238
1.8154
1.83841
1.86139
1.88433
1.90723
1.93009
1.95289
1.97563
1.99831
2.02092
2.04344
2.06587
2.08822
2.11045
2.13259
2.1546
2.17649
2.19825
2.21987
2.24134
2.26266
2.28382
2.30481
2.32562
2.34625
2.36668
2.38692
2.40694
2.42675
2.44633
2.46569
2.4848
2.50367
2.52228
2.54063
2.55871
2.57652
2.59404
2.61128
2.62821
2.64485
2.66117
2.67718
2.69287
2.70823
2.72326
2.73796
2.75231
2.76632
2.77997
2.79328
2.80622
2.81881
2.83103
2.84289
2.85439
2.86551
2.87627
2.88665
2.89667
2.90632
2.91559
2.9245
2.93304
2.94121
2.94902
2.95648
2.96357
2.9703
2.97669
2.98272
2.98841
2.99377
2.99878
3.00346
3.00782
3.01185
3.01557
3.01898
3.02208
3.02488
3.02739
3.0296
3.03152
3.03317
3.03455
3.03564
3.03646
3.03697
3.03715
3.03691
3.03593
3.03316
3.02652
3.01679
3.006
2.99488
2.98367
2.97242
2.96118
2.94997
2.9388
2.92767
2.91659
2.90556
2.89459
2.88368
2.87283
2.86205
2.85133
2.84067
2.83009
2.81957
2.80912
2.79875
2.78844
2.77821
2.76806
2.75798
2.74797
2.73804
2.72819
2.71841
2.70872
2.6991
2.68956
2.6801
2.67072
2.66142
2.6522
2.64306
2.634
2.62501
2.61612
2.6073
2.59856
2.5899
2.58132
2.57282
2.56439
2.55605
2.54778
2.53959
2.53148
2.52345
2.51549
2.50761
2.49981
2.49208
2.48442
2.47684
2.46932
2.46189
2.45452
2.44723
2.44001
2.43285
2.42577
2.41876
2.41181
2.40494
2.39813
2.39139
2.38472
2.37811
2.37157
2.3651
2.35869
2.35235
2.34607
2.33985
2.33371
2.32762
2.3216
2.31565
2.30976
2.30393
2.29817
2.29248
2.28685
2.28128
2.27578
2.27034
2.26497
2.25966
2.25442
2.24924
2.24413
2.23909
2.23411
2.22921
2.22437
2.21959
2.21489
2.21026
2.20569
2.2012
2.19677
2.19242
2.18814
2.18394
2.1798
2.17574
2.17175
2.16783
2.164
2.16023
2.15654
2.15294
2.1494
0.680881
0.670755
0.660889
0.651311
0.642053
0.633149
0.624635
0.616547
0.608925
0.601809
0.59524
0.589261
0.583915
0.579243
0.575285
0.572081
0.569665
0.568073
0.567329
0.567458
0.568474
0.570386
0.5732
0.576917
0.581523
0.587005
0.593343
0.600514
0.60849
0.617243
0.62674
0.63695
0.647842
0.659374
0.671518
0.684242
0.697516
0.711311
0.725598
0.740352
0.755547
0.77116
0.787168
0.803553
0.820293
0.837371
0.85477
0.872475
0.890472
0.908745
0.927283
0.946073
0.965104
0.984366
1.00385
1.02354
1.04344
1.06353
1.0838
1.10425
1.12487
1.14565
1.16659
1.18768
1.2089
1.23027
1.25176
1.27338
1.29512
1.31697
1.33892
1.36097
1.38312
1.40536
1.42768
1.45008
1.47255
1.49508
1.51768
1.54034
1.56305
1.5858
1.60859
1.63141
1.65426
1.67714
1.70003
1.72293
1.74584
1.76875
1.79164
1.81453
1.8374
1.86024
1.88304
1.90581
1.92854
1.95121
1.97383
1.99638
2.01886
2.04126
2.06357
2.08579
2.10791
2.12993
2.15183
2.17361
2.19526
2.21677
2.23814
2.25935
2.28041
2.3013
2.32202
2.34255
2.36289
2.38304
2.40298
2.42271
2.44222
2.4615
2.48054
2.49934
2.51789
2.53618
2.55421
2.57196
2.58944
2.60663
2.62353
2.64013
2.65643
2.67242
2.68809
2.70343
2.71846
2.73315
2.7475
2.76152
2.77519
2.78851
2.80148
2.8141
2.82636
2.83825
2.84979
2.86097
2.87178
2.88223
2.89231
2.90203
2.91139
2.92038
2.929
2.93727
2.94518
2.95274
2.95993
2.96678
2.97328
2.97944
2.98525
2.99073
2.99587
3.00069
3.00519
3.00936
3.01323
3.01679
3.02004
3.023
3.02567
3.02804
3.03013
3.03195
3.0335
3.03478
3.03578
3.03651
3.03695
3.03704
3.03666
3.0353
3.03122
3.02276
3.01216
3.00097
2.9896
2.97818
2.96676
2.95536
2.94399
2.93267
2.9214
2.91018
2.89901
2.8879
2.87686
2.86587
2.85495
2.8441
2.83331
2.82259
2.81194
2.80137
2.79086
2.78043
2.77007
2.75978
2.74957
2.73944
2.72938
2.7194
2.7095
2.69967
2.68993
2.68026
2.67068
2.66117
2.65174
2.64239
2.63312
2.62393
2.61482
2.60579
2.59684
2.58797
2.57918
2.57047
2.56184
2.55329
2.54481
2.53641
2.52809
2.51985
2.51168
2.50359
2.49558
2.48764
2.47978
2.47199
2.46427
2.45663
2.44905
2.44156
2.43413
2.42677
2.41949
2.41227
2.40513
2.39805
2.39104
2.3841
2.37723
2.37042
2.36369
2.35702
2.35041
2.34387
2.3374
2.33099
2.32465
2.31837
2.31216
2.30602
2.29994
2.29393
2.28798
2.28209
2.27627
2.27052
2.26483
2.25921
2.25365
2.24816
2.24274
2.23738
2.23209
2.22687
2.22171
2.21662
2.2116
2.20665
2.20177
2.19696
2.19222
2.18755
2.18295
2.17842
2.17397
2.16959
2.16528
2.16104
2.15688
2.15279
2.14878
2.14485
2.14099
2.13722
2.13351
0.695634
0.685804
0.676235
0.666957
0.657998
0.649392
0.64117
0.633368
0.626022
0.619169
0.612847
0.607095
0.601953
0.597457
0.593644
0.59055
0.588207
0.586644
0.585885
0.585954
0.586865
0.58863
0.59125
0.59473
0.599059
0.60423
0.610226
0.617027
0.624611
0.632952
0.642023
0.651795
0.662244
0.673329
0.685024
0.697303
0.710135
0.723493
0.737351
0.751683
0.766465
0.781674
0.797289
0.81329
0.829656
0.846371
0.863417
0.880779
0.898442
0.916391
0.934614
0.953098
0.971832
0.990804
1.01
1.02942
1.04905
1.06889
1.08891
1.10911
1.12949
1.15003
1.17074
1.1916
1.21261
1.23376
1.25505
1.27646
1.29799
1.31964
1.3414
1.36326
1.38522
1.40728
1.42941
1.45163
1.47393
1.49629
1.51872
1.54121
1.56375
1.58634
1.60897
1.63163
1.65433
1.67704
1.69978
1.72253
1.74529
1.76805
1.7908
1.81354
1.83626
1.85896
1.88163
1.90426
1.92685
1.94939
1.97187
1.99429
2.01664
2.03891
2.0611
2.08319
2.10519
2.12709
2.14887
2.17053
2.19207
2.21347
2.23473
2.25584
2.27679
2.29758
2.3182
2.33864
2.35889
2.37894
2.3988
2.41844
2.43787
2.45707
2.47604
2.49477
2.51326
2.53149
2.54946
2.56716
2.58459
2.60174
2.6186
2.63516
2.65143
2.66739
2.68304
2.69838
2.71339
2.72808
2.74243
2.75645
2.77014
2.78348
2.79647
2.80912
2.82141
2.83335
2.84493
2.85616
2.86703
2.87754
2.88769
2.89749
2.90692
2.91599
2.92471
2.93307
2.94108
2.94874
2.95605
2.96301
2.96963
2.97591
2.98185
2.98746
2.99274
2.99769
3.00233
3.00665
3.01066
3.01437
3.01778
3.0209
3.02373
3.02627
3.02853
3.03052
3.03225
3.03371
3.0349
3.03584
3.0365
3.03687
3.03688
3.03631
3.03429
3.02812
3.01807
3.00685
2.99534
2.98375
2.97214
2.96055
2.94899
2.93747
2.926
2.91458
2.90322
2.89191
2.88067
2.86948
2.85836
2.84731
2.83632
2.8254
2.81455
2.80378
2.79307
2.78243
2.77187
2.76138
2.75097
2.74063
2.73037
2.72018
2.71007
2.70004
2.69009
2.68022
2.67042
2.66071
2.65107
2.64152
2.63204
2.62264
2.61332
2.60408
2.59492
2.58585
2.57685
2.56793
2.55908
2.55032
2.54164
2.53303
2.5245
2.51605
2.50768
2.49938
2.49116
2.48301
2.47494
2.46694
2.45902
2.45117
2.4434
2.43569
2.42806
2.4205
2.41301
2.4056
2.39825
2.39097
2.38377
2.37663
2.36956
2.36255
2.35562
2.34875
2.34196
2.33522
2.32856
2.32195
2.31542
2.30895
2.30255
2.29622
2.28995
2.28375
2.27761
2.27154
2.26554
2.2596
2.25373
2.24792
2.24218
2.2365
2.2309
2.22536
2.21989
2.21449
2.20915
2.20389
2.19869
2.19356
2.18851
2.18352
2.1786
2.17376
2.16898
2.16428
2.15965
2.1551
2.15062
2.14622
2.14189
2.13763
2.13345
2.12935
2.12532
2.12138
2.11751
0.710858
0.701301
0.692008
0.683003
0.674317
0.665979
0.658019
0.650472
0.64337
0.636748
0.630641
0.625085
0.620114
0.615764
0.612067
0.609057
0.606763
0.605211
0.604425
0.604425
0.605225
0.606837
0.609268
0.612515
0.616579
0.621451
0.627121
0.633566
0.640773
0.648717
0.657378
0.666728
0.676749
0.687398
0.698658
0.710501
0.722899
0.735827
0.74926
0.763174
0.777545
0.792352
0.807573
0.823188
0.839179
0.855527
0.872217
0.889231
0.906555
0.924175
0.942078
0.96025
0.978681
0.997357
1.01627
1.03541
1.05476
1.07433
1.09409
1.11404
1.13417
1.15448
1.17495
1.19558
1.21636
1.23728
1.25835
1.27955
1.30088
1.32232
1.34388
1.36555
1.38731
1.40917
1.43112
1.45316
1.47527
1.49746
1.51971
1.54202
1.56439
1.58681
1.60927
1.63177
1.6543
1.67686
1.69944
1.72203
1.74463
1.76723
1.78984
1.81243
1.835
1.85755
1.88008
1.90256
1.92501
1.94741
1.96975
1.99204
2.01425
2.03639
2.05845
2.08042
2.10229
2.12406
2.14572
2.16726
2.18868
2.20997
2.23111
2.25211
2.27296
2.29364
2.31415
2.33449
2.35465
2.37461
2.39438
2.41393
2.43328
2.4524
2.4713
2.48996
2.50837
2.52654
2.54445
2.5621
2.57948
2.59658
2.6134
2.62993
2.64617
2.6621
2.67773
2.69305
2.70805
2.72273
2.73709
2.75112
2.76481
2.77817
2.79119
2.80386
2.81619
2.82817
2.8398
2.85108
2.86201
2.87258
2.8828
2.89267
2.90218
2.91134
2.92015
2.92861
2.93672
2.94448
2.9519
2.95898
2.96572
2.97212
2.97819
2.98393
2.98935
2.99444
2.99922
3.00369
3.00786
3.01172
3.01529
3.01857
3.02156
3.02427
3.0267
3.02887
3.03077
3.03242
3.0338
3.03493
3.03581
3.03642
3.03673
3.03665
3.03582
3.0324
3.02366
3.01253
3.00088
2.98911
2.97731
2.96552
2.95376
2.94205
2.93038
2.91877
2.90721
2.8957
2.88426
2.87288
2.86156
2.85031
2.83912
2.828
2.81695
2.80597
2.79506
2.78423
2.77346
2.76277
2.75215
2.74161
2.73114
2.72075
2.71044
2.7002
2.69005
2.67997
2.66997
2.66004
2.6502
2.64044
2.63075
2.62115
2.61162
2.60217
2.5928
2.58352
2.57431
2.56518
2.55613
2.54716
2.53827
2.52945
2.52072
2.51206
2.50348
2.49497
2.48654
2.47819
2.46991
2.46171
2.45358
2.44553
2.43755
2.42964
2.42181
2.41405
2.40636
2.39874
2.39119
2.38371
2.37631
2.36897
2.3617
2.3545
2.34737
2.34031
2.33332
2.32639
2.31954
2.31274
2.30601
2.29936
2.29277
2.28625
2.27979
2.2734
2.26708
2.26082
2.25463
2.24851
2.24246
2.23647
2.23055
2.22469
2.21891
2.21319
2.20754
2.20196
2.19645
2.19101
2.18563
2.18033
2.1751
2.16994
2.16485
2.15983
2.15489
2.15001
2.14521
2.14049
2.13584
2.13127
2.12677
2.12234
2.118
2.11373
2.10954
2.10543
2.1014
0.726504
0.7172
0.708159
0.699405
0.690965
0.682868
0.675144
0.667822
0.660935
0.654515
0.648593
0.643202
0.638375
0.634144
0.630539
0.627591
0.625326
0.623768
0.622941
0.622862
0.623548
0.625006
0.627246
0.63027
0.634077
0.63866
0.644012
0.650118
0.656962
0.664527
0.672788
0.681731
0.691334
0.701562
0.712396
0.723812
0.735784
0.748288
0.761302
0.774802
0.788765
0.80317
0.817998
0.833228
0.848842
0.864822
0.881151
0.897815
0.914797
0.932083
0.94966
0.967515
0.985635
1.00401
1.02263
1.04148
1.06056
1.07985
1.09934
1.11903
1.13891
1.15896
1.17919
1.19958
1.22013
1.24083
1.26167
1.28265
1.30376
1.325
1.34635
1.36781
1.38937
1.41104
1.4328
1.45464
1.47656
1.49856
1.52063
1.54277
1.56496
1.5872
1.60949
1.63181
1.65418
1.67657
1.69898
1.72141
1.74385
1.7663
1.78874
1.81118
1.8336
1.856
1.87837
1.90071
1.92301
1.94527
1.96747
1.98961
2.01169
2.03369
2.05561
2.07745
2.09919
2.12083
2.14237
2.16379
2.18508
2.20625
2.22728
2.24817
2.2689
2.28947
2.30988
2.33012
2.35017
2.37004
2.38971
2.40918
2.42844
2.44748
2.4663
2.48488
2.50323
2.52133
2.53918
2.55677
2.57409
2.59115
2.60793
2.62442
2.64062
2.65653
2.67214
2.68744
2.70243
2.71711
2.73146
2.7455
2.7592
2.77258
2.78562
2.79832
2.81068
2.82271
2.83438
2.84571
2.8567
2.86733
2.87763
2.88757
2.89716
2.90641
2.91531
2.92386
2.93208
2.93995
2.94748
2.95467
2.96153
2.96806
2.97426
2.98014
2.98569
2.99093
2.99586
3.00048
3.0048
3.00882
3.01255
3.01599
3.01915
3.02203
3.02464
3.02698
3.02907
3.03089
3.03247
3.0338
3.03488
3.03571
3.03628
3.03655
3.03637
3.03497
3.02878
3.01798
3.00622
2.99426
2.98227
2.97028
2.95833
2.94641
2.93455
2.92274
2.91098
2.89928
2.88764
2.87606
2.86454
2.85309
2.8417
2.83038
2.81913
2.80795
2.79684
2.7858
2.77483
2.76394
2.75312
2.74237
2.7317
2.72111
2.71059
2.70015
2.68979
2.67951
2.6693
2.65917
2.64912
2.63915
2.62926
2.61945
2.60971
2.60006
2.59048
2.58099
2.57157
2.56223
2.55298
2.5438
2.5347
2.52568
2.51673
2.50787
2.49908
2.49037
2.48173
2.47317
2.46469
2.45628
2.44795
2.4397
2.43151
2.4234
2.41537
2.40741
2.39951
2.39169
2.38395
2.37627
2.36867
2.36113
2.35367
2.34628
2.33895
2.3317
2.32451
2.31739
2.31034
2.30336
2.29645
2.2896
2.28282
2.27611
2.26947
2.26289
2.25638
2.24994
2.24357
2.23727
2.23103
2.22486
2.21876
2.21273
2.20676
2.20087
2.19504
2.18929
2.1836
2.17798
2.17243
2.16696
2.16155
2.15622
2.15096
2.14577
2.14065
2.13561
2.13065
2.12575
2.12094
2.1162
2.11153
2.10694
2.10243
2.098
2.09364
2.08937
2.08518
0.74253
0.733458
0.724647
0.71612
0.707903
0.700023
0.692508
0.685386
0.678686
0.67244
0.666676
0.661426
0.656718
0.652582
0.649047
0.646141
0.643887
0.642309
0.641429
0.641264
0.641829
0.643134
0.645187
0.647987
0.651543
0.655846
0.660892
0.666668
0.673162
0.680359
0.688241
0.696786
0.70598
0.715801
0.726219
0.737216
0.74877
0.760857
0.773457
0.786546
0.800104
0.81411
0.828546
0.84339
0.858626
0.874236
0.890203
0.906512
0.923147
0.940095
0.957342
0.974874
0.992681
1.01075
1.02907
1.04763
1.06642
1.08543
1.10465
1.12407
1.14369
1.16349
1.18347
1.20361
1.22392
1.24439
1.265
1.28575
1.30664
1.32766
1.3488
1.37005
1.3914
1.41286
1.43442
1.45607
1.4778
1.49961
1.52149
1.54343
1.56544
1.5875
1.60961
1.63176
1.65395
1.67617
1.69841
1.72067
1.74295
1.76523
1.78751
1.80979
1.83205
1.85429
1.87651
1.8987
1.92085
1.94295
1.96501
1.987
2.00894
2.0308
2.05258
2.07428
2.09589
2.1174
2.1388
2.16009
2.18127
2.20231
2.22322
2.24399
2.2646
2.28507
2.30537
2.3255
2.34545
2.36521
2.38479
2.40417
2.42334
2.44229
2.46103
2.47954
2.49781
2.51585
2.53363
2.55116
2.56843
2.58544
2.60217
2.61863
2.6348
2.65067
2.66626
2.68154
2.69652
2.71119
2.72554
2.73958
2.7533
2.76669
2.77975
2.79248
2.80488
2.81694
2.82866
2.84005
2.85109
2.86179
2.87215
2.88217
2.89185
2.90118
2.91018
2.91883
2.92715
2.93513
2.94277
2.95008
2.95707
2.96372
2.97006
2.97607
2.98177
2.98715
2.99223
2.997
3.00148
3.00566
3.00955
3.01316
3.01648
3.01954
3.02232
3.02484
3.02711
3.02912
3.03089
3.03241
3.03369
3.03474
3.03554
3.03609
3.03632
3.03598
3.03298
3.02321
3.01135
2.9992
2.98701
2.97482
2.96267
2.95056
2.93849
2.92648
2.91453
2.90263
2.89079
2.87901
2.8673
2.85564
2.84406
2.83254
2.82109
2.80971
2.7984
2.78716
2.77599
2.76489
2.75387
2.74292
2.73205
2.72126
2.71053
2.69989
2.68932
2.67883
2.66842
2.65809
2.64783
2.63765
2.62756
2.61754
2.6076
2.59774
2.58796
2.57825
2.56863
2.55909
2.54962
2.54024
2.53093
2.5217
2.51255
2.50348
2.49449
2.48557
2.47673
2.46797
2.45928
2.45067
2.44213
2.43367
2.42529
2.41698
2.40874
2.40058
2.39249
2.38447
2.37653
2.36865
2.36085
2.35312
2.34546
2.33787
2.33035
2.32291
2.31553
2.30821
2.30098
2.29381
2.2867
2.27967
2.2727
2.2658
2.25898
2.25222
2.24553
2.23891
2.23235
2.22587
2.21945
2.2131
2.20682
2.20061
2.19447
2.1884
2.1824
2.17647
2.17061
2.16482
2.1591
2.15345
2.14787
2.14237
2.13694
2.13158
2.1263
2.12109
2.11595
2.11089
2.10591
2.101
2.09618
2.09143
2.08675
2.08216
2.07764
2.07321
2.06885
0.758897
0.750037
0.741434
0.733112
0.725096
0.717409
0.710079
0.703133
0.696597
0.690501
0.684871
0.679736
0.675125
0.671064
0.667578
0.664695
0.662437
0.660828
0.659886
0.659626
0.660065
0.661213
0.663079
0.665666
0.668974
0.673003
0.677751
0.683209
0.689364
0.696204
0.703713
0.711877
0.720675
0.730097
0.740109
0.750696
0.761839
0.773515
0.785706
0.798389
0.811544
0.825153
0.839196
0.853656
0.868513
0.883751
0.899354
0.915305
0.931592
0.948198
0.96511
0.982316
0.999803
1.01756
1.03557
1.05383
1.07233
1.09106
1.11
1.12915
1.1485
1.16804
1.18776
1.20765
1.22772
1.24794
1.26832
1.28884
1.3095
1.33029
1.35121
1.37224
1.39338
1.41463
1.43598
1.45743
1.47896
1.50057
1.52226
1.54401
1.56583
1.5877
1.60963
1.6316
1.6536
1.67564
1.69771
1.7198
1.7419
1.76402
1.78613
1.80824
1.83034
1.85242
1.87448
1.89651
1.91851
1.94046
1.96236
1.98421
2.00599
2.02771
2.04935
2.07091
2.09238
2.11375
2.13502
2.15618
2.17722
2.19813
2.21892
2.23957
2.26007
2.28041
2.3006
2.32062
2.34047
2.36013
2.37961
2.39889
2.41797
2.43684
2.45549
2.47392
2.49212
2.51008
2.5278
2.54527
2.56249
2.57944
2.59613
2.61254
2.62867
2.64452
2.66008
2.67534
2.69031
2.70497
2.71932
2.73336
2.74709
2.76049
2.77358
2.78634
2.79877
2.81087
2.82264
2.83408
2.84518
2.85595
2.86638
2.87647
2.88623
2.89565
2.90474
2.91349
2.92191
2.93
2.93776
2.94519
2.9523
2.95909
2.96556
2.97171
2.97755
2.98308
2.98831
2.99324
2.99787
3.00222
3.00627
3.01005
3.01355
3.01678
3.01974
3.02244
3.02489
3.0271
3.02905
3.03077
3.03225
3.0335
3.03453
3.03532
3.03585
3.03606
3.03529
3.02816
3.01627
3.00392
2.99152
2.97913
2.96678
2.95447
2.94221
2.93
2.91784
2.90575
2.89371
2.88174
2.86983
2.85798
2.8462
2.83448
2.82283
2.81125
2.79974
2.7883
2.77693
2.76563
2.75441
2.74326
2.73218
2.72118
2.71026
2.69941
2.68864
2.67795
2.66733
2.65679
2.64633
2.63595
2.62565
2.61542
2.60528
2.59521
2.58523
2.57531
2.56548
2.55574
2.54607
2.53648
2.52696
2.51753
2.50817
2.4989
2.4897
2.48058
2.47153
2.46257
2.45368
2.44487
2.43613
2.42747
2.41888
2.41037
2.40193
2.39357
2.38528
2.37707
2.36892
2.36085
2.35286
2.34493
2.33708
2.32929
2.32158
2.31394
2.30637
2.29887
2.29144
2.28408
2.2768
2.26958
2.26243
2.25534
2.24833
2.24139
2.23452
2.22771
2.22098
2.21432
2.20772
2.20119
2.19474
2.18835
2.18203
2.17579
2.16961
2.16351
2.15748
2.15151
2.14562
2.13981
2.13406
2.12839
2.12279
2.11727
2.11182
2.10644
2.10114
2.09592
2.09077
2.0857
2.08072
2.0758
2.07097
2.06621
2.06154
2.05694
2.05243
0.77557
0.766902
0.758488
0.750351
0.742512
0.734998
0.727831
0.721037
0.714643
0.708675
0.703157
0.698117
0.693581
0.689574
0.686122
0.683248
0.680973
0.679318
0.678302
0.677943
0.678252
0.679242
0.680921
0.683294
0.686361
0.690126
0.694583
0.69973
0.705556
0.712048
0.719197
0.726988
0.735404
0.744433
0.754047
0.764233
0.774972
0.786244
0.79803
0.81031
0.823066
0.83628
0.849933
0.864007
0.878485
0.893351
0.908588
0.924181
0.940115
0.956376
0.97295
0.989825
1.00699
1.02443
1.04213
1.06009
1.07829
1.09672
1.11538
1.13425
1.15333
1.1726
1.19206
1.21169
1.23151
1.25148
1.27162
1.2919
1.31232
1.33288
1.35358
1.37439
1.39531
1.41634
1.43748
1.45872
1.48004
1.50145
1.52294
1.54449
1.56611
1.5878
1.60953
1.63131
1.65314
1.67499
1.69688
1.71879
1.74071
1.76265
1.78459
1.80653
1.82846
1.85038
1.87227
1.89414
1.91598
1.93777
1.95952
1.98121
2.00284
2.02441
2.0459
2.06731
2.08864
2.10987
2.131
2.15202
2.17293
2.19372
2.21437
2.2349
2.25528
2.2755
2.29557
2.31548
2.33522
2.35478
2.37415
2.39334
2.41232
2.4311
2.44966
2.46801
2.48613
2.50402
2.52168
2.53908
2.55624
2.57314
2.58978
2.60615
2.62224
2.63806
2.65359
2.66883
2.68378
2.69843
2.71278
2.72683
2.74056
2.75398
2.76709
2.77988
2.79234
2.80448
2.8163
2.82779
2.83895
2.84978
2.86028
2.87045
2.88029
2.8898
2.89899
2.90784
2.91637
2.92457
2.93244
2.94
2.94723
2.95415
2.96076
2.96705
2.97303
2.97872
2.9841
2.98918
2.99398
2.99849
3.00271
3.00666
3.01034
3.01374
3.01689
3.01977
3.02241
3.02479
3.02694
3.02886
3.03054
3.03199
3.03323
3.03424
3.03503
3.03558
3.03575
3.03265
3.02098
3.00842
2.9958
2.98321
2.97065
2.95814
2.94568
2.93328
2.92093
2.90864
2.8964
2.88423
2.87213
2.86008
2.8481
2.83619
2.82434
2.81256
2.80085
2.78921
2.77764
2.76615
2.75472
2.74337
2.7321
2.7209
2.70977
2.69872
2.68775
2.67685
2.66603
2.65529
2.64462
2.63404
2.62353
2.6131
2.60275
2.59248
2.58229
2.57218
2.56214
2.55219
2.54231
2.53252
2.5228
2.51316
2.5036
2.49412
2.48472
2.4754
2.46615
2.45698
2.44789
2.43887
2.42994
2.42107
2.41229
2.40358
2.39494
2.38638
2.37789
2.36948
2.36114
2.35288
2.34469
2.33657
2.32852
2.32055
2.31264
2.30481
2.29705
2.28936
2.28175
2.2742
2.26673
2.25932
2.25199
2.24472
2.23753
2.2304
2.22335
2.21637
2.20945
2.20261
2.19584
2.18914
2.18251
2.17595
2.16946
2.16304
2.15669
2.15041
2.14421
2.13808
2.13202
2.12604
2.12012
2.11428
2.10852
2.10283
2.09722
2.09168
2.08621
2.08083
2.07552
2.07029
2.06514
2.06007
2.05508
2.05016
2.04533
2.04058
2.03591
0.792517
0.784023
0.775779
0.767806
0.760126
0.752762
0.745737
0.739077
0.732803
0.726941
0.721516
0.716552
0.712073
0.708106
0.70467
0.701787
0.699483
0.697774
0.696678
0.696211
0.696387
0.697217
0.698709
0.700869
0.703702
0.707205
0.711382
0.716227
0.721728
0.727884
0.734681
0.742107
0.750147
0.758794
0.768019
0.777809
0.788151
0.799024
0.810411
0.822294
0.834654
0.847476
0.860739
0.87443
0.888529
0.903021
0.917891
0.933122
0.948702
0.964615
0.980848
0.997388
1.01422
1.03134
1.04873
1.06638
1.08427
1.10241
1.12078
1.13936
1.15816
1.17716
1.19635
1.21573
1.23528
1.255
1.27489
1.29492
1.31511
1.33543
1.35589
1.37647
1.39717
1.41799
1.4389
1.45992
1.48103
1.50223
1.52351
1.54487
1.56629
1.58777
1.60931
1.6309
1.65253
1.6742
1.6959
1.71763
1.73937
1.76113
1.78289
1.80465
1.82641
1.84815
1.86988
1.89158
1.91325
1.93488
1.95647
1.978
1.99948
2.02089
2.04223
2.06349
2.08467
2.10576
2.12674
2.14763
2.1684
2.18905
2.20957
2.22997
2.25022
2.27033
2.29028
2.31007
2.3297
2.34915
2.36841
2.3875
2.40638
2.42507
2.44355
2.46181
2.47985
2.49767
2.51525
2.53259
2.54968
2.56653
2.58312
2.59944
2.6155
2.63128
2.64678
2.662
2.67694
2.69158
2.70593
2.71997
2.73371
2.74715
2.76028
2.77309
2.78559
2.79777
2.80963
2.82117
2.83239
2.84329
2.85386
2.86411
2.87403
2.88363
2.89291
2.90186
2.9105
2.91881
2.9268
2.93448
2.94184
2.94889
2.95564
2.96207
2.96821
2.97404
2.97958
2.98482
2.98978
2.99446
2.99885
3.00298
3.00683
3.01041
3.01374
3.01681
3.01964
3.02221
3.02455
3.02666
3.02854
3.0302
3.03164
3.03287
3.03388
3.03469
3.03528
3.03525
3.02548
3.01267
2.99983
2.98703
2.97428
2.96157
2.94892
2.93632
2.92377
2.91129
2.89886
2.8865
2.87419
2.86195
2.84978
2.83767
2.82562
2.81365
2.80174
2.78991
2.77814
2.76644
2.75482
2.74327
2.73179
2.72039
2.70906
2.69781
2.68664
2.67554
2.66452
2.65357
2.6427
2.63192
2.62121
2.61057
2.60002
2.58955
2.57915
2.56884
2.5586
2.54844
2.53836
2.52836
2.51844
2.5086
2.49884
2.48915
2.47955
2.47002
2.46057
2.4512
2.44191
2.4327
2.42356
2.4145
2.40551
2.3966
2.38777
2.37901
2.37033
2.36172
2.35319
2.34473
2.33634
2.32803
2.31979
2.31163
2.30353
2.29551
2.28757
2.27969
2.27189
2.26416
2.2565
2.24891
2.24139
2.23395
2.22657
2.21926
2.21203
2.20487
2.19778
2.19076
2.18382
2.17694
2.17013
2.1634
2.15674
2.15015
2.14363
2.13719
2.13081
2.12452
2.11829
2.11214
2.10606
2.10006
2.09413
2.08828
2.0825
2.0768
2.07118
2.06563
2.06016
2.05477
2.04946
2.04424
2.03909
2.03402
2.02903
2.02412
2.0193
0.809709
0.80137
0.793278
0.785451
0.777911
0.770679
0.763778
0.75723
0.751057
0.745284
0.739934
0.735029
0.730591
0.726643
0.723209
0.72031
0.717964
0.716191
0.715007
0.714427
0.714467
0.715135
0.71644
0.71839
0.720988
0.724235
0.728135
0.732683
0.737873
0.743699
0.750151
0.757221
0.764895
0.773166
0.782009
0.791413
0.801361
0.811841
0.822834
0.834324
0.846292
0.858724
0.871601
0.884908
0.898628
0.912746
0.927247
0.942116
0.957338
0.9729
0.988789
1.00499
1.02149
1.03828
1.05535
1.07269
1.09028
1.10812
1.12619
1.14448
1.16299
1.18171
1.20063
1.21974
1.23903
1.25849
1.27812
1.2979
1.31784
1.33792
1.35814
1.37849
1.39896
1.41954
1.44024
1.46104
1.48193
1.50291
1.52398
1.54513
1.56634
1.58762
1.60896
1.63035
1.65178
1.67326
1.69477
1.7163
1.73786
1.75943
1.78101
1.80259
1.82417
1.84574
1.86729
1.88882
1.91032
1.93178
1.9532
1.97457
1.99589
2.01714
2.03833
2.05943
2.08046
2.1014
2.12224
2.14298
2.16361
2.18412
2.20451
2.22477
2.2449
2.26487
2.28471
2.30438
2.32389
2.34323
2.36239
2.38136
2.40015
2.41874
2.43713
2.4553
2.47326
2.491
2.50851
2.52578
2.54281
2.5596
2.57614
2.59241
2.60843
2.62418
2.63965
2.65485
2.66976
2.68439
2.69873
2.71278
2.72653
2.73998
2.75313
2.76597
2.7785
2.79072
2.80263
2.81422
2.8255
2.83646
2.8471
2.85742
2.86743
2.87712
2.88649
2.89555
2.90429
2.91272
2.92083
2.92863
2.93612
2.94331
2.95019
2.95677
2.96305
2.96904
2.97473
2.98014
2.98527
2.99011
2.99468
2.99898
3.00301
3.00678
3.01029
3.01355
3.01656
3.01933
3.02187
3.02417
3.02625
3.02811
3.02975
3.03119
3.03242
3.03345
3.03429
3.03493
3.02973
3.01665
3.0036
2.9906
2.97765
2.96475
2.9519
2.93911
2.92637
2.9137
2.90108
2.88852
2.87602
2.86359
2.85122
2.83891
2.82668
2.81451
2.8024
2.79037
2.7784
2.76651
2.75469
2.74294
2.73127
2.71967
2.70814
2.69669
2.68531
2.67401
2.66279
2.65164
2.64058
2.62959
2.61867
2.60784
2.59708
2.58641
2.57581
2.56529
2.55485
2.54449
2.53421
2.524
2.51388
2.50384
2.49388
2.48399
2.47419
2.46446
2.45481
2.44524
2.43575
2.42633
2.417
2.40774
2.39855
2.38945
2.38042
2.37146
2.36259
2.35379
2.34506
2.33641
2.32783
2.31933
2.3109
2.30254
2.29426
2.28605
2.27792
2.26986
2.26187
2.25395
2.24611
2.23834
2.23064
2.22302
2.21547
2.20798
2.20057
2.19323
2.18596
2.17877
2.17165
2.1646
2.15762
2.15072
2.14389
2.13713
2.13044
2.12383
2.11729
2.11083
2.10443
2.09812
2.09188
2.08571
2.07962
2.07361
2.06767
2.06181
2.05603
2.05032
2.0447
2.03916
2.03369
2.0283
2.023
2.01778
2.01264
2.00758
2.0026
0.827118
0.818919
0.810962
0.803263
0.795845
0.788727
0.781931
0.775478
0.769391
0.763689
0.758395
0.75353
0.749119
0.745182
0.741738
0.738809
0.736412
0.734566
0.733286
0.732589
0.732486
0.73299
0.734108
0.735848
0.738215
0.741211
0.744838
0.749096
0.753979
0.759483
0.7656
0.772321
0.779634
0.787536
0.796004
0.805027
0.814592
0.824683
0.835287
0.846386
0.857965
0.870009
0.882501
0.895425
0.908767
0.922512
0.936643
0.951148
0.96601
0.981219
0.99676
1.01262
1.02879
1.04525
1.06199
1.07901
1.09629
1.11382
1.13159
1.14959
1.16781
1.18624
1.20488
1.22372
1.24273
1.26193
1.2813
1.30083
1.32051
1.34035
1.36032
1.38043
1.40066
1.42101
1.44148
1.46205
1.48272
1.50348
1.52433
1.54526
1.56626
1.58733
1.60846
1.62965
1.65088
1.67216
1.69347
1.71481
1.73618
1.75756
1.77895
1.80035
1.82174
1.84313
1.8645
1.88585
1.90717
1.92846
1.94972
1.97092
1.99207
2.01316
2.03418
2.05513
2.076
2.09679
2.11748
2.13807
2.15855
2.17892
2.19917
2.2193
2.23929
2.25914
2.27884
2.29839
2.31779
2.33701
2.35606
2.37493
2.39361
2.41211
2.4304
2.44848
2.46636
2.48401
2.50145
2.51865
2.53562
2.55235
2.56883
2.58506
2.60103
2.61674
2.63218
2.64735
2.66225
2.67687
2.6912
2.70525
2.719
2.73247
2.74563
2.7585
2.77106
2.78332
2.79527
2.80692
2.81825
2.82928
2.83999
2.85039
2.86048
2.87026
2.87973
2.88889
2.89774
2.90628
2.91451
2.92244
2.93006
2.93738
2.9444
2.95113
2.95756
2.9637
2.96956
2.97513
2.98042
2.98544
2.99018
2.99465
2.99887
3.00282
3.00652
3.00997
3.01318
3.01614
3.01887
3.02138
3.02365
3.02571
3.02756
3.0292
3.03063
3.03187
3.03291
3.03376
3.03323
3.02029
3.00707
2.99388
2.98075
2.96766
2.95463
2.94165
2.92873
2.91586
2.90305
2.8903
2.87761
2.86499
2.85243
2.83993
2.8275
2.81513
2.80283
2.7906
2.77844
2.76635
2.75434
2.74239
2.73052
2.71872
2.70699
2.69534
2.68377
2.67227
2.66085
2.6495
2.63823
2.62704
2.61593
2.6049
2.59394
2.58306
2.57226
2.56154
2.5509
2.54034
2.52986
2.51945
2.50913
2.49889
2.48873
2.47864
2.46863
2.45871
2.44886
2.43909
2.4294
2.41979
2.41025
2.4008
2.39142
2.38212
2.37289
2.36374
2.35467
2.34568
2.33676
2.32792
2.31915
2.31046
2.30184
2.2933
2.28483
2.27643
2.26811
2.25987
2.2517
2.2436
2.23557
2.22762
2.21975
2.21194
2.20421
2.19655
2.18896
2.18145
2.17401
2.16664
2.15935
2.15213
2.14498
2.1379
2.1309
2.12398
2.11712
2.11035
2.10364
2.09701
2.09046
2.08398
2.07758
2.07125
2.065
2.05883
2.05273
2.04672
2.04078
2.03492
2.02914
2.02344
2.01782
2.01228
2.00682
2.00145
1.99616
1.99095
1.98583
0.844722
0.836646
0.828806
0.82122
0.813908
0.806889
0.800182
0.793808
0.787787
0.78214
0.776888
0.772053
0.767654
0.763712
0.760246
0.757275
0.754818
0.75289
0.751508
0.750688
0.75044
0.750778
0.751709
0.753241
0.755379
0.758128
0.761485
0.765459
0.770041
0.775226
0.781013
0.787393
0.794355
0.80189
0.809994
0.818642
0.827828
0.837536
0.847753
0.858466
0.869659
0.881317
0.893425
0.905969
0.918933
0.932303
0.946064
0.960204
0.974706
0.98956
1.00475
1.02026
1.03609
1.05222
1.06864
1.08533
1.1023
1.11951
1.13698
1.15468
1.1726
1.19074
1.2091
1.22765
1.24639
1.26532
1.28442
1.30369
1.32311
1.34269
1.36242
1.38228
1.40227
1.42238
1.44261
1.46295
1.48339
1.50392
1.52455
1.54526
1.56605
1.5869
1.60782
1.6288
1.64982
1.67089
1.692
1.71314
1.73431
1.7555
1.77669
1.7979
1.81911
1.84031
1.86149
1.88266
1.90381
1.92492
1.946
1.96703
1.98801
2.00893
2.02979
2.05058
2.07129
2.09191
2.11245
2.13289
2.15322
2.17345
2.19356
2.21354
2.2334
2.25312
2.27269
2.29211
2.31138
2.33049
2.34942
2.36818
2.38676
2.40515
2.42335
2.44134
2.45913
2.4767
2.49406
2.51119
2.52809
2.54476
2.56118
2.57736
2.59329
2.60896
2.62437
2.63951
2.65439
2.66899
2.68332
2.69736
2.71112
2.7246
2.73778
2.75067
2.76327
2.77556
2.78756
2.79926
2.81065
2.82174
2.83252
2.843
2.85318
2.86305
2.87261
2.88187
2.89083
2.89948
2.90783
2.91589
2.92364
2.9311
2.93826
2.94513
2.95172
2.95802
2.96403
2.96977
2.97523
2.98042
2.98534
2.99
2.9944
2.99853
3.00242
3.00606
3.00946
3.01263
3.01556
3.01826
3.02074
3.023
3.02505
3.02689
3.02853
3.02996
3.03119
3.03218
3.03253
3.02343
3.01019
2.99687
2.98357
2.9703
2.95709
2.94393
2.93082
2.91777
2.90478
2.89184
2.87896
2.86615
2.85339
2.84071
2.82808
2.81552
2.80303
2.79061
2.77826
2.76597
2.75376
2.74162
2.72955
2.71755
2.70563
2.69378
2.68201
2.67031
2.65869
2.64715
2.63568
2.62429
2.61298
2.60175
2.59059
2.57952
2.56852
2.5576
2.54676
2.536
2.52532
2.51471
2.50419
2.49375
2.48338
2.4731
2.4629
2.45277
2.44272
2.43276
2.42287
2.41306
2.40333
2.39368
2.38411
2.37461
2.36519
2.35585
2.34659
2.3374
2.32829
2.31926
2.31031
2.30142
2.29262
2.28389
2.27523
2.26665
2.25815
2.24972
2.24137
2.23309
2.22489
2.21676
2.2087
2.20072
2.19281
2.18498
2.17722
2.16953
2.16191
2.15438
2.14691
2.13952
2.1322
2.12496
2.11779
2.1107
2.10368
2.09674
2.08987
2.08308
2.07637
2.06973
2.06317
2.05668
2.05028
2.04394
2.03769
2.03152
2.02543
2.01941
2.01348
2.00763
2.00185
1.99616
1.99056
1.98504
1.97959
1.97424
1.96897
0.862496
0.854529
0.846793
0.839305
0.832083
0.825146
0.818511
0.812199
0.806231
0.800625
0.795402
0.790581
0.786182
0.782223
0.778725
0.775703
0.773176
0.771161
0.769671
0.768723
0.768327
0.768496
0.769238
0.770563
0.772474
0.774976
0.778069
0.781761
0.786048
0.790924
0.796387
0.80243
0.809047
0.816227
0.823968
0.832245
0.841056
0.850386
0.860223
0.870551
0.881361
0.892636
0.904362
0.916526
0.929112
0.942108
0.955498
0.969271
0.983411
0.997907
1.01274
1.02791
1.0434
1.05919
1.07527
1.09164
1.10828
1.12518
1.14234
1.15973
1.17736
1.1952
1.21327
1.23153
1.25
1.26865
1.28748
1.30648
1.32564
1.34495
1.36442
1.38403
1.40377
1.42364
1.44363
1.46373
1.48393
1.50424
1.52463
1.54512
1.56568
1.58631
1.60701
1.62778
1.64859
1.66945
1.69035
1.71129
1.73225
1.75324
1.77424
1.79525
1.81626
1.83727
1.85827
1.87925
1.90021
1.92114
1.94204
1.96289
1.9837
2.00445
2.02514
2.04576
2.0663
2.08677
2.10715
2.12743
2.14761
2.16769
2.18765
2.20749
2.22721
2.24679
2.26623
2.28553
2.30467
2.32365
2.34247
2.36112
2.37959
2.39788
2.41597
2.43387
2.45157
2.46906
2.48633
2.50339
2.52022
2.53682
2.55319
2.56932
2.5852
2.60083
2.6162
2.63132
2.64617
2.66076
2.67508
2.68912
2.70288
2.71637
2.72957
2.74248
2.75511
2.76744
2.77948
2.79123
2.80268
2.81383
2.82469
2.83525
2.8455
2.85546
2.86512
2.87448
2.88355
2.89232
2.90079
2.90897
2.91686
2.92445
2.93176
2.93878
2.94551
2.95197
2.95815
2.96405
2.96968
2.97505
2.98015
2.98499
2.98957
2.9939
2.99798
3.00182
3.00541
3.00877
3.0119
3.01481
3.01749
3.01995
3.02221
3.02425
3.02608
3.02771
3.02912
3.03026
3.0308
3.02561
3.01288
2.99951
2.98608
2.97266
2.95928
2.94594
2.93266
2.91943
2.90625
2.89313
2.88006
2.86706
2.85412
2.84124
2.82843
2.81568
2.803
2.79039
2.77784
2.76536
2.75296
2.74062
2.72836
2.71617
2.70405
2.69201
2.68004
2.66815
2.65633
2.64459
2.63292
2.62134
2.60983
2.59839
2.58704
2.57577
2.56457
2.55345
2.54241
2.53145
2.52058
2.50978
2.49905
2.48841
2.47785
2.46737
2.45697
2.44665
2.43641
2.42624
2.41616
2.40616
2.39623
2.38639
2.37662
2.36693
2.35732
2.34779
2.33834
2.32896
2.31966
2.31044
2.3013
2.29223
2.28324
2.27432
2.26549
2.25673
2.24804
2.23943
2.23089
2.22244
2.21405
2.20575
2.19751
2.18936
2.18127
2.17327
2.16533
2.15747
2.14969
2.14198
2.13435
2.12679
2.1193
2.1119
2.10456
2.09731
2.09013
2.08302
2.07599
2.06904
2.06217
2.05537
2.04865
2.04201
2.03544
2.02896
2.02255
2.01623
2.00998
2.00381
1.99773
1.99172
1.9858
1.97996
1.97421
1.96853
1.96295
1.95745
1.95203
0.880423
0.87255
0.864903
0.857496
0.850349
0.843479
0.836902
0.830641
0.824711
0.819134
0.813926
0.809107
0.804696
0.80071
0.797168
0.794087
0.791483
0.789373
0.78777
0.78669
0.786143
0.786141
0.786694
0.787808
0.789493
0.791753
0.794589
0.798002
0.801997
0.806567
0.811711
0.817424
0.823699
0.83053
0.837912
0.845826
0.854267
0.863221
0.872681
0.882631
0.893059
0.903952
0.915298
0.927083
0.939292
0.951913
0.964933
0.978338
0.992114
1.00625
1.02073
1.03555
1.05069
1.06614
1.08189
1.09793
1.11424
1.13082
1.14766
1.16474
1.18207
1.19961
1.21738
1.23536
1.25353
1.2719
1.29045
1.30918
1.32807
1.34712
1.36633
1.38568
1.40517
1.42478
1.44452
1.46438
1.48434
1.50441
1.52457
1.54482
1.56516
1.58556
1.60604
1.62658
1.64718
1.66782
1.68851
1.70924
1.72999
1.75077
1.77157
1.79238
1.8132
1.83401
1.85482
1.87561
1.89638
1.91712
1.93783
1.95851
1.97913
1.99971
2.02022
2.04067
2.06105
2.08135
2.10156
2.12169
2.14171
2.16164
2.18145
2.20114
2.22072
2.24016
2.25946
2.27863
2.29764
2.3165
2.3352
2.35373
2.37209
2.39027
2.40826
2.42606
2.44367
2.46107
2.47826
2.49524
2.512
2.52853
2.54484
2.56091
2.57675
2.59233
2.60767
2.62276
2.63759
2.65216
2.66647
2.6805
2.69427
2.70777
2.72098
2.73392
2.74657
2.75894
2.77103
2.78283
2.79433
2.80555
2.81647
2.82711
2.83745
2.8475
2.85725
2.86672
2.8759
2.88478
2.89337
2.90168
2.9097
2.91743
2.92488
2.93205
2.93894
2.94555
2.9519
2.95797
2.96377
2.96931
2.97459
2.97962
2.98439
2.98891
2.99318
2.99721
3.00101
3.00457
3.0079
3.01101
3.01389
3.01656
3.01902
3.02126
3.0233
3.02512
3.0267
3.02799
3.0287
3.0261
3.015
3.00176
2.98826
2.97472
2.96118
2.94769
2.93423
2.92082
2.90746
2.89416
2.88092
2.86773
2.85461
2.84154
2.82854
2.81561
2.80274
2.78993
2.77719
2.76453
2.75193
2.7394
2.72695
2.71456
2.70225
2.69001
2.67785
2.66576
2.65375
2.64181
2.62995
2.61817
2.60646
2.59484
2.58329
2.57181
2.56042
2.54911
2.53787
2.52672
2.51564
2.50465
2.49373
2.48289
2.47213
2.46146
2.45086
2.44034
2.42991
2.41955
2.40927
2.39908
2.38896
2.37892
2.36896
2.35908
2.34928
2.33956
2.32992
2.32036
2.31087
2.30146
2.29213
2.28288
2.2737
2.2646
2.25559
2.24664
2.23778
2.22899
2.22027
2.21164
2.20308
2.19459
2.18618
2.17785
2.1696
2.16142
2.15331
2.14529
2.13733
2.12945
2.12165
2.11393
2.10628
2.09871
2.09121
2.08379
2.07645
2.06919
2.062
2.05489
2.04786
2.0409
2.03403
2.02723
2.02051
2.01387
2.00732
2.00084
1.99444
1.98813
1.98189
1.97574
1.96967
1.96368
1.95778
1.95196
1.94623
1.94059
1.93503
0.898479
0.890688
0.883115
0.875778
0.868691
0.861875
0.855346
0.84912
0.843217
0.837655
0.832451
0.827623
0.823189
0.819166
0.815571
0.812422
0.809734
0.807522
0.805801
0.804584
0.803881
0.803707
0.804069
0.804976
0.806436
0.808453
0.811033
0.814173
0.817879
0.822148
0.826978
0.832365
0.838304
0.844789
0.851818
0.859373
0.867448
0.876033
0.885117
0.89469
0.904741
0.915256
0.926222
0.937628
0.949462
0.961708
0.974356
0.987391
1.0008
1.01458
1.0287
1.04317
1.05796
1.07307
1.08848
1.10418
1.12017
1.13642
1.15294
1.16971
1.18672
1.20396
1.22143
1.2391
1.25699
1.27507
1.29334
1.31178
1.3304
1.34918
1.36812
1.38721
1.40644
1.4258
1.44528
1.46489
1.48461
1.50443
1.52435
1.54437
1.56447
1.58464
1.60489
1.62521
1.64558
1.66601
1.68647
1.70698
1.72753
1.7481
1.76869
1.78929
1.8099
1.83052
1.85112
1.87172
1.8923
1.91285
1.93337
1.95386
1.9743
1.99469
2.01503
2.03531
2.05551
2.07564
2.09569
2.11565
2.13552
2.15528
2.17494
2.19449
2.21391
2.23321
2.25237
2.2714
2.29028
2.30902
2.32759
2.346
2.36425
2.38231
2.4002
2.4179
2.43541
2.45273
2.46984
2.48674
2.50342
2.51989
2.53613
2.55215
2.56793
2.58348
2.59878
2.61383
2.62864
2.64319
2.65748
2.67151
2.68528
2.69878
2.71201
2.72497
2.73766
2.75006
2.76219
2.77404
2.7856
2.79688
2.80787
2.81859
2.82901
2.83915
2.849
2.85857
2.86785
2.87685
2.88557
2.894
2.90215
2.91002
2.91762
2.92494
2.93198
2.93876
2.94526
2.9515
2.95748
2.9632
2.96866
2.97387
2.97883
2.98354
2.98801
2.99224
2.99624
3
3.00354
3.00685
3.00994
3.01282
3.01548
3.01793
3.02016
3.02217
3.02393
3.02538
3.02626
3.02498
3.01634
3.00356
2.99008
2.97645
2.96279
2.94914
2.93553
2.92195
2.90842
2.89494
2.88152
2.86816
2.85485
2.8416
2.82842
2.8153
2.80224
2.78924
2.77632
2.76346
2.75068
2.73796
2.72531
2.71274
2.70023
2.6878
2.67545
2.66317
2.65096
2.63883
2.62678
2.6148
2.6029
2.59108
2.57933
2.56766
2.55608
2.54457
2.53314
2.52178
2.51052
2.49932
2.48821
2.47718
2.46623
2.45536
2.44457
2.43386
2.42323
2.41268
2.40221
2.39182
2.38152
2.37129
2.36114
2.35107
2.34108
2.33117
2.32134
2.31159
2.30192
2.29232
2.28281
2.27337
2.26402
2.25474
2.24554
2.23641
2.22737
2.2184
2.20951
2.2007
2.19196
2.1833
2.17472
2.16622
2.15779
2.14944
2.14117
2.13297
2.12485
2.11681
2.10884
2.10095
2.09314
2.0854
2.07775
2.07017
2.06267
2.05524
2.0479
2.04063
2.03344
2.02634
2.01931
2.01236
2.00549
1.9987
1.99199
1.98536
1.97881
1.97235
1.96597
1.95967
1.95345
1.94732
1.94127
1.93531
1.92944
1.92366
1.91795
0.916649
0.908927
0.901414
0.894134
0.887098
0.880323
0.873827
0.867626
0.861738
0.856179
0.850967
0.846119
0.841652
0.837583
0.833927
0.830702
0.82792
0.825601
0.823757
0.822399
0.821541
0.821192
0.821363
0.822063
0.823298
0.825075
0.827398
0.830267
0.83369
0.83766
0.84218
0.847246
0.852853
0.858997
0.865678
0.872876
0.880589
0.888807
0.897522
0.906722
0.916395
0.926533
0.937123
0.948151
0.959608
0.97148
0.983756
0.996422
1.00947
1.02288
1.03665
1.05075
1.06519
1.07995
1.09502
1.11039
1.12604
1.14197
1.15816
1.17461
1.1913
1.20824
1.2254
1.24277
1.26036
1.27815
1.29613
1.31429
1.33263
1.35113
1.3698
1.38861
1.40758
1.42668
1.4459
1.46525
1.48472
1.5043
1.52397
1.54374
1.5636
1.58354
1.60356
1.62364
1.64379
1.66399
1.68423
1.70452
1.72485
1.7452
1.76558
1.78597
1.80637
1.82678
1.84718
1.86758
1.88796
1.90832
1.92865
1.94894
1.9692
1.98941
2.00956
2.02966
2.04969
2.06964
2.08952
2.10932
2.12902
2.14862
2.16812
2.18751
2.20679
2.22594
2.24496
2.26385
2.2826
2.3012
2.31965
2.33794
2.35606
2.37402
2.3918
2.4094
2.42681
2.44403
2.46105
2.47787
2.49448
2.51088
2.52706
2.54302
2.55874
2.57424
2.5895
2.60453
2.6193
2.63383
2.64811
2.66214
2.67591
2.68942
2.70266
2.71564
2.72835
2.74079
2.75296
2.76485
2.77647
2.78781
2.79888
2.80967
2.82017
2.8304
2.84035
2.85002
2.85941
2.86853
2.87736
2.88592
2.89421
2.90222
2.90996
2.91743
2.92463
2.93157
2.93824
2.94465
2.9508
2.95669
2.96234
2.96773
2.97288
2.97779
2.98246
2.98689
2.99109
2.99505
2.9988
3.00232
3.00562
3.0087
3.01157
3.01422
3.01665
3.01885
3.0208
3.02242
3.02347
3.02289
3.01666
3.00481
2.9915
2.97784
2.96408
2.95031
2.93654
2.92281
2.90912
2.89547
2.88187
2.86833
2.85484
2.84142
2.82805
2.81475
2.8015
2.78833
2.77522
2.76217
2.7492
2.73629
2.72346
2.71069
2.698
2.68538
2.67283
2.66036
2.64796
2.63564
2.62339
2.61122
2.59913
2.58711
2.57517
2.56332
2.55153
2.53983
2.52821
2.51666
2.5052
2.49382
2.48251
2.47129
2.46014
2.44908
2.4381
2.4272
2.41638
2.40564
2.39498
2.3844
2.3739
2.36348
2.35315
2.34289
2.33272
2.32262
2.3126
2.30267
2.29281
2.28303
2.27334
2.26372
2.25418
2.24472
2.23534
2.22604
2.21682
2.20767
2.19861
2.18962
2.18071
2.17188
2.16313
2.15445
2.14585
2.13734
2.12889
2.12053
2.11225
2.10404
2.09591
2.08785
2.07988
2.07199
2.06417
2.05643
2.04877
2.04119
2.03369
2.02627
2.01893
2.01167
2.00449
1.99739
1.99037
1.98343
1.97657
1.96979
1.9631
1.95649
1.94996
1.94352
1.93716
1.93089
1.9247
1.91859
1.91258
1.90665
1.90082
0.934918
0.92725
0.91979
0.912555
0.905556
0.89881
0.892336
0.886148
0.880263
0.874697
0.869467
0.864589
0.86008
0.855953
0.852229
0.848921
0.846043
0.843611
0.841638
0.840136
0.839117
0.838592
0.838571
0.839063
0.840074
0.841611
0.84368
0.846283
0.849421
0.853098
0.857311
0.862059
0.867338
0.873146
0.879476
0.886326
0.893681
0.901536
0.909883
0.918712
0.928013
0.937776
0.947989
0.958642
0.969721
0.981219
0.993122
1.00542
1.0181
1.03114
1.04455
1.0583
1.07238
1.08679
1.10151
1.11654
1.13185
1.14745
1.16331
1.17944
1.19582
1.21243
1.22928
1.24635
1.26364
1.28113
1.29881
1.31668
1.33474
1.35296
1.37135
1.38989
1.40858
1.42741
1.44638
1.46547
1.48467
1.504
1.52342
1.54294
1.56256
1.58226
1.60203
1.62188
1.64179
1.66176
1.68178
1.70184
1.72194
1.74208
1.76223
1.78241
1.8026
1.8228
1.84299
1.86318
1.88336
1.90352
1.92365
1.94375
1.96382
1.98383
2.0038
2.02372
2.04356
2.06334
2.08305
2.10267
2.1222
2.14164
2.16098
2.18022
2.19934
2.21834
2.23721
2.25596
2.27457
2.29304
2.31136
2.32952
2.34753
2.36537
2.38304
2.40053
2.41784
2.43497
2.4519
2.46864
2.48517
2.50149
2.51761
2.5335
2.54918
2.56463
2.57985
2.59484
2.60958
2.62409
2.63836
2.65237
2.66614
2.67965
2.69291
2.70591
2.71865
2.73112
2.74333
2.75527
2.76694
2.77835
2.78948
2.80034
2.81093
2.82125
2.83129
2.84107
2.85057
2.8598
2.86875
2.87744
2.88586
2.89401
2.9019
2.90952
2.91687
2.92397
2.93081
2.93739
2.94372
2.94979
2.95562
2.96121
2.96655
2.97165
2.97651
2.98115
2.98554
2.98972
2.99367
2.9974
3.00091
3.0042
3.00728
3.01013
3.01277
3.01517
3.0173
3.01909
3.02032
3.02021
3.01587
3.00542
2.99248
2.97887
2.96505
2.95117
2.93728
2.92339
2.90954
2.89574
2.88197
2.86826
2.85459
2.84099
2.82745
2.81396
2.80054
2.78718
2.77388
2.76066
2.74749
2.7344
2.72138
2.70843
2.69555
2.68274
2.67
2.65734
2.64475
2.63224
2.6198
2.60744
2.59516
2.58295
2.57082
2.55877
2.5468
2.53491
2.52309
2.51135
2.4997
2.48812
2.47663
2.46522
2.45388
2.44262
2.43145
2.42036
2.40935
2.39842
2.38757
2.37681
2.36612
2.35552
2.34499
2.33455
2.32419
2.31391
2.30371
2.29359
2.28355
2.27359
2.26371
2.25392
2.2442
2.23456
2.225
2.21553
2.20613
2.19681
2.18757
2.17841
2.16933
2.16033
2.1514
2.14256
2.1338
2.12511
2.1165
2.10798
2.09953
2.09116
2.08286
2.07465
2.06651
2.05846
2.05049
2.04259
2.03478
2.02704
2.01939
2.01181
2.00432
1.99691
1.98958
1.98233
1.97516
1.96807
1.96107
1.95415
1.94731
1.94055
1.93388
1.9273
1.9208
1.91438
1.90805
1.90181
1.89566
1.88959
1.88362
0.953269
0.945647
0.938227
0.931023
0.924051
0.917326
0.910862
0.904676
0.898784
0.893201
0.88794
0.883023
0.878462
0.874275
0.870474
0.867077
0.864095
0.861545
0.859439
0.857789
0.856607
0.855903
0.855688
0.855971
0.856759
0.858058
0.859874
0.86221
0.865067
0.868453
0.872362
0.876797
0.881752
0.887226
0.893214
0.899716
0.906715
0.91421
0.922192
0.930652
0.939582
0.948971
0.95881
0.969087
0.979794
0.990916
1.00245
1.01437
1.02668
1.03936
1.0524
1.06579
1.07952
1.09358
1.10795
1.12263
1.1376
1.15286
1.16839
1.18419
1.20024
1.21654
1.23307
1.24983
1.26681
1.284
1.30138
1.31896
1.33672
1.35466
1.37276
1.39102
1.40944
1.428
1.44669
1.46551
1.48446
1.50352
1.52269
1.54196
1.56132
1.58077
1.60031
1.61991
1.63958
1.65931
1.6791
1.69893
1.71881
1.73871
1.75865
1.77861
1.79858
1.81856
1.83854
1.85852
1.87849
1.89845
1.91838
1.93828
1.95815
1.97797
1.99775
2.01747
2.03714
2.05674
2.07626
2.09571
2.11507
2.13434
2.15352
2.17259
2.19155
2.2104
2.22913
2.24773
2.2662
2.28453
2.30272
2.32075
2.33864
2.35636
2.37392
2.3913
2.40851
2.42554
2.44238
2.45903
2.47548
2.49173
2.50777
2.52361
2.53923
2.55463
2.56981
2.58475
2.59947
2.61396
2.6282
2.64221
2.65597
2.66949
2.68276
2.69577
2.70854
2.72104
2.73329
2.74528
2.757
2.76847
2.77967
2.79061
2.80128
2.81168
2.82182
2.8317
2.84131
2.85065
2.85973
2.86855
2.8771
2.88539
2.89342
2.90119
2.9087
2.91596
2.92296
2.92972
2.93622
2.94248
2.94849
2.95426
2.9598
2.9651
2.97016
2.97499
2.9796
2.98398
2.98814
2.99208
2.9958
2.99931
3.00259
3.00566
3.00849
3.01109
3.01341
3.01538
3.0168
3.01705
3.01406
3.00527
2.99295
2.9795
2.96568
2.95172
2.93771
2.9237
2.9097
2.89574
2.88181
2.86793
2.8541
2.84032
2.8266
2.81294
2.79933
2.78579
2.77232
2.75891
2.74557
2.73229
2.71909
2.70595
2.69288
2.67989
2.66696
2.65411
2.64134
2.62864
2.61601
2.60346
2.59099
2.57859
2.56627
2.55403
2.54187
2.52979
2.51778
2.50586
2.49401
2.48225
2.47056
2.45896
2.44744
2.436
2.42463
2.41335
2.40216
2.39104
2.38
2.36905
2.35818
2.34739
2.33668
2.32606
2.31551
2.30505
2.29466
2.28436
2.27414
2.264
2.25395
2.24397
2.23408
2.22426
2.21453
2.20488
2.1953
2.18581
2.1764
2.16707
2.15782
2.14865
2.13956
2.13054
2.12161
2.11276
2.10399
2.0953
2.08669
2.07816
2.06971
2.06134
2.05304
2.04483
2.0367
2.02865
2.02069
2.0128
2.00499
1.99727
1.98962
1.98206
1.97458
1.96718
1.95987
1.95263
1.94549
1.93842
1.93144
1.92454
1.91773
1.911
1.90436
1.89781
1.89135
1.88497
1.87867
1.87247
1.86636
0.971691
0.964103
0.95671
0.94953
0.942573
0.935856
0.929393
0.923196
0.917287
0.911677
0.906383
0.901419
0.8968
0.892541
0.888658
0.885163
0.882073
0.8794
0.877155
0.875353
0.874005
0.873121
0.872712
0.872784
0.873348
0.87441
0.875974
0.878046
0.880628
0.883721
0.88733
0.891453
0.896087
0.901231
0.906881
0.913037
0.919683
0.92682
0.93444
0.942533
0.951093
0.96011
0.969576
0.97948
0.989812
1.00056
1.01172
1.02327
1.03521
1.04752
1.0602
1.07323
1.08659
1.10029
1.11431
1.12864
1.14327
1.15819
1.17339
1.18885
1.20458
1.22055
1.23676
1.25321
1.26987
1.28675
1.30383
1.32111
1.33857
1.35621
1.37403
1.39201
1.41014
1.42842
1.44684
1.46539
1.48407
1.50287
1.52177
1.54078
1.55989
1.57909
1.59837
1.61773
1.63716
1.65665
1.67619
1.69579
1.71543
1.73511
1.75482
1.77455
1.7943
1.81406
1.83383
1.85359
1.87335
1.89309
1.91282
1.93252
1.95218
1.97181
1.99139
2.01093
2.0304
2.04982
2.06916
2.08843
2.10761
2.12671
2.14572
2.16463
2.18343
2.20212
2.2207
2.23915
2.25747
2.27567
2.29372
2.31162
2.32938
2.34698
2.36442
2.3817
2.3988
2.41573
2.43248
2.44904
2.4654
2.48158
2.49755
2.51332
2.52889
2.54423
2.55937
2.57428
2.58896
2.60342
2.61765
2.63164
2.6454
2.65892
2.6722
2.68523
2.69802
2.71055
2.72284
2.73487
2.74665
2.75817
2.76944
2.78045
2.7912
2.8017
2.81193
2.82191
2.83162
2.84108
2.85028
2.85922
2.86791
2.87634
2.88451
2.89244
2.90011
2.90753
2.9147
2.92162
2.9283
2.93474
2.94094
2.9469
2.95263
2.95813
2.96339
2.96843
2.97324
2.97783
2.9822
2.98635
2.99029
2.994
2.9975
3.00078
3.00382
3.00662
3.00913
3.01129
3.0129
3.01346
3.01144
3.0043
2.99287
2.97971
2.96595
2.95195
2.93785
2.92372
2.90958
2.89547
2.88139
2.86735
2.85335
2.83941
2.82552
2.81168
2.7979
2.78418
2.77053
2.75694
2.74342
2.72996
2.71657
2.70325
2.69
2.67682
2.66371
2.65068
2.63772
2.62483
2.61202
2.59928
2.58662
2.57404
2.56153
2.5491
2.53675
2.52448
2.51229
2.50018
2.48814
2.47619
2.46432
2.45253
2.44082
2.42919
2.41764
2.40618
2.39479
2.38349
2.37227
2.36113
2.35008
2.33911
2.32821
2.31741
2.30668
2.29603
2.28547
2.27499
2.26459
2.25427
2.24404
2.23389
2.22382
2.21383
2.20392
2.19409
2.18435
2.17469
2.1651
2.1556
2.14618
2.13684
2.12759
2.11841
2.10932
2.1003
2.09137
2.08252
2.07375
2.06506
2.05645
2.04792
2.03947
2.0311
2.02282
2.01462
2.0065
1.99846
1.9905
1.98263
1.97484
1.96713
1.9595
1.95196
1.9445
1.93712
1.92983
1.92262
1.9155
1.90846
1.90151
1.89465
1.88787
1.88118
1.87458
1.86806
1.86164
1.8553
1.84905
0.990169
0.982606
0.975231
0.968059
0.961108
0.95439
0.947918
0.941707
0.935771
0.930126
0.924787
0.919767
0.915081
0.910745
0.906771
0.903175
0.89997
0.897168
0.894782
0.892826
0.891309
0.890243
0.889637
0.889499
0.889839
0.890663
0.891976
0.893784
0.896091
0.898897
0.902208
0.906021
0.910336
0.915152
0.920467
0.92628
0.932578
0.939359
0.946617
0.954346
0.962539
0.971186
0.980279
0.98981
0.999768
1.01014
1.02093
1.03211
1.04367
1.05561
1.06792
1.08059
1.09359
1.10694
1.1206
1.13458
1.14886
1.16343
1.17829
1.19341
1.20881
1.22445
1.24034
1.25646
1.27281
1.28937
1.30615
1.32312
1.34028
1.35763
1.37514
1.39283
1.41068
1.42868
1.44682
1.46509
1.4835
1.50202
1.52066
1.53941
1.55825
1.57719
1.59622
1.61533
1.6345
1.65375
1.67305
1.69241
1.71181
1.73125
1.75073
1.77023
1.78975
1.80929
1.82883
1.84838
1.86792
1.88745
1.90697
1.92646
1.94592
1.96535
1.98473
2.00407
2.02335
2.04257
2.06173
2.08082
2.09983
2.11875
2.13759
2.15633
2.17497
2.1935
2.21192
2.23022
2.24839
2.26644
2.28436
2.30213
2.31976
2.33724
2.35456
2.37172
2.38872
2.40554
2.42219
2.43866
2.45494
2.47104
2.48694
2.50264
2.51815
2.53344
2.54852
2.56339
2.57805
2.59248
2.60668
2.62067
2.63442
2.64794
2.66122
2.67427
2.68708
2.69964
2.71197
2.72404
2.73587
2.74745
2.75879
2.76987
2.7807
2.79128
2.80161
2.81169
2.82151
2.83108
2.8404
2.84947
2.85829
2.86686
2.87518
2.88325
2.89108
2.89866
2.906
2.91309
2.91995
2.92657
2.93296
2.93911
2.94503
2.95073
2.9562
2.96144
2.96646
2.97125
2.97584
2.9802
2.98435
2.98828
2.99199
2.99548
2.99873
3.00173
3.00444
3.00679
3.0086
3.00944
3.00815
3.00249
2.99216
2.97946
2.96583
2.95183
2.93767
2.92344
2.90918
2.89493
2.88071
2.86651
2.85236
2.83825
2.82419
2.81018
2.79623
2.78234
2.76851
2.75475
2.74105
2.72741
2.71384
2.70034
2.68691
2.67355
2.66025
2.64704
2.63389
2.62082
2.60782
2.5949
2.58206
2.56929
2.5566
2.54398
2.53145
2.51899
2.50661
2.49432
2.4821
2.46996
2.4579
2.44593
2.43403
2.42222
2.41049
2.39883
2.38727
2.37578
2.36438
2.35306
2.34182
2.33067
2.31959
2.3086
2.29769
2.28687
2.27613
2.26547
2.2549
2.2444
2.23399
2.22367
2.21342
2.20326
2.19318
2.18318
2.17327
2.16344
2.15369
2.14402
2.13443
2.12493
2.11551
2.10617
2.09691
2.08773
2.07864
2.06963
2.0607
2.05185
2.04308
2.0344
2.0258
2.01728
2.00884
2.00049
1.99222
1.98403
1.97592
1.9679
1.95996
1.95211
1.94434
1.93665
1.92905
1.92153
1.9141
1.90675
1.89949
1.89232
1.88523
1.87823
1.87131
1.86449
1.85775
1.8511
1.84454
1.83807
1.8317
1.00869
1.00114
0.993774
0.986607
0.979653
0.972924
0.966434
0.960196
0.954226
0.948538
0.943145
0.938062
0.933302
0.928881
0.924812
0.921108
0.917782
0.914848
0.912317
0.910203
0.908514
0.907263
0.906459
0.90611
0.906226
0.906812
0.907876
0.909422
0.911454
0.913976
0.91699
0.920496
0.924495
0.928986
0.933966
0.939439
0.94539
0.951817
0.958717
0.966085
0.973911
0.982189
0.990911
1.00007
1.00965
1.01965
1.03006
1.04087
1.05206
1.06363
1.07557
1.08787
1.10051
1.11349
1.1268
1.14042
1.15435
1.16858
1.18309
1.19787
1.21293
1.22824
1.2438
1.25959
1.27562
1.29187
1.30832
1.32498
1.34184
1.35888
1.3761
1.39349
1.41105
1.42876
1.44661
1.46461
1.48273
1.50098
1.51935
1.53783
1.55641
1.57508
1.59385
1.6127
1.63162
1.65061
1.66967
1.68878
1.70794
1.72714
1.74638
1.76564
1.78494
1.80424
1.82356
1.84288
1.86221
1.88152
1.90082
1.9201
1.93935
1.95857
1.97775
1.99689
2.01598
2.03501
2.05398
2.07288
2.0917
2.11045
2.12911
2.14768
2.16615
2.18452
2.20278
2.22092
2.23895
2.25685
2.27463
2.29227
2.30976
2.32711
2.34432
2.36136
2.37825
2.39497
2.41152
2.42789
2.44409
2.4601
2.47593
2.49156
2.507
2.52224
2.53728
2.55211
2.56672
2.58112
2.59531
2.60928
2.62302
2.63654
2.64983
2.66289
2.67572
2.68831
2.70067
2.71279
2.72467
2.73631
2.7477
2.75886
2.76977
2.78043
2.79085
2.80103
2.81096
2.82064
2.83008
2.83928
2.84823
2.85694
2.8654
2.87362
2.88161
2.88935
2.89686
2.90413
2.91116
2.91796
2.92454
2.93088
2.937
2.94289
2.94856
2.95401
2.95923
2.96424
2.96904
2.97362
2.97798
2.98212
2.98605
2.98975
2.99321
2.99642
2.99933
3.00187
3.00389
3.005
3.00428
2.99987
2.99078
2.9787
2.96531
2.95137
2.93717
2.92286
2.9085
2.89413
2.87976
2.86542
2.85111
2.83684
2.82262
2.80845
2.79433
2.78027
2.76627
2.75233
2.73845
2.72464
2.71089
2.69721
2.6836
2.67006
2.65659
2.64319
2.62987
2.61661
2.60344
2.59033
2.5773
2.56435
2.55148
2.53868
2.52596
2.51332
2.50076
2.48828
2.47587
2.46355
2.45131
2.43915
2.42708
2.41508
2.40317
2.39134
2.37958
2.36792
2.35633
2.34483
2.33341
2.32208
2.31083
2.29965
2.28857
2.27757
2.26665
2.25582
2.24507
2.2344
2.22381
2.21331
2.2029
2.19256
2.18231
2.17215
2.16206
2.15206
2.14214
2.13231
2.12256
2.11289
2.10331
2.09381
2.08439
2.07506
2.0658
2.05663
2.04755
2.03854
2.02962
2.02079
2.01203
2.00336
1.99477
1.98627
1.97785
1.96951
1.96126
1.95309
1.94501
1.93701
1.9291
1.92127
1.91353
1.90587
1.8983
1.89082
1.88342
1.87611
1.86889
1.86175
1.8547
1.84775
1.84088
1.8341
1.8274
1.82081
1.8143
1.02724
1.0197
1.01233
1.00516
0.998194
0.991445
0.984928
0.978657
0.972644
0.966904
0.96145
0.956297
0.951457
0.946945
0.942774
0.938957
0.935506
0.932435
0.929756
0.92748
0.925617
0.924179
0.923175
0.922614
0.922505
0.922854
0.923668
0.924953
0.926713
0.928952
0.931669
0.934871
0.938556
0.942724
0.947374
0.952502
0.958111
0.964188
0.970733
0.977739
0.9852
0.99311
1.00146
1.01025
1.01946
1.02908
1.03912
1.04955
1.06037
1.07157
1.08314
1.09506
1.10734
1.11996
1.1329
1.14617
1.15974
1.17361
1.18778
1.20222
1.21693
1.2319
1.24713
1.26259
1.27829
1.29422
1.31036
1.3267
1.34325
1.35998
1.3769
1.39399
1.41124
1.42866
1.44622
1.46393
1.48177
1.49974
1.51783
1.53603
1.55434
1.57275
1.59125
1.60983
1.6285
1.64724
1.66604
1.6849
1.70381
1.72276
1.74176
1.76079
1.77984
1.79892
1.818
1.8371
1.85619
1.87529
1.89437
1.91343
1.93247
1.95148
1.97046
1.98939
2.00828
2.02711
2.04589
2.0646
2.08324
2.1018
2.12028
2.13868
2.15698
2.17518
2.19328
2.21127
2.22914
2.2469
2.26453
2.28202
2.29939
2.31661
2.33369
2.35062
2.36739
2.384
2.40045
2.41673
2.43284
2.44877
2.46452
2.48008
2.49546
2.51064
2.52562
2.5404
2.55498
2.56935
2.58352
2.59747
2.6112
2.62472
2.63801
2.65109
2.66393
2.67655
2.68894
2.7011
2.71303
2.72472
2.73618
2.74741
2.75839
2.76914
2.77966
2.78993
2.79997
2.80976
2.81932
2.82864
2.83772
2.84657
2.85517
2.86355
2.87169
2.87959
2.88727
2.89471
2.90192
2.90891
2.91566
2.9222
2.92851
2.9346
2.94048
2.94613
2.95157
2.95679
2.96179
2.96659
2.97117
2.97553
2.97967
2.98359
2.98726
2.99068
2.99379
2.99653
2.99875
3.00013
2.99989
2.99652
2.9887
2.97739
2.96435
2.95053
2.93635
2.92198
2.90753
2.89304
2.87855
2.86407
2.84961
2.83519
2.82081
2.80648
2.7922
2.77797
2.7638
2.74969
2.73564
2.72166
2.70774
2.69388
2.68009
2.66637
2.65273
2.63915
2.62564
2.61221
2.59885
2.58557
2.57236
2.55923
2.54617
2.53319
2.52029
2.50747
2.49473
2.48206
2.46948
2.45698
2.44455
2.43221
2.41996
2.40778
2.39569
2.38367
2.37174
2.35989
2.34813
2.33645
2.32485
2.31334
2.30191
2.29056
2.2793
2.26813
2.25703
2.24602
2.2351
2.22426
2.21351
2.20283
2.19225
2.18174
2.17133
2.16099
2.15074
2.14057
2.13049
2.12049
2.11058
2.10075
2.09101
2.08135
2.07177
2.06228
2.05287
2.04354
2.0343
2.02514
2.01607
2.00708
1.99818
1.98936
1.98062
1.97196
1.9634
1.95492
1.94652
1.93821
1.92999
1.92185
1.91379
1.90582
1.89794
1.89015
1.88244
1.87482
1.86729
1.85984
1.85249
1.84522
1.83804
1.83095
1.82395
1.81704
1.81022
1.80349
1.79686
1.04582
1.03827
1.0309
1.02371
1.01672
1.00995
1.00339
0.997081
0.991018
0.985219
0.979697
0.974467
0.969541
0.964932
0.960653
0.956718
0.953138
0.949926
0.947094
0.944653
0.942614
0.940987
0.939782
0.939008
0.938673
0.938784
0.939349
0.940373
0.941861
0.943817
0.946241
0.949141
0.952514
0.95636
0.960681
0.965472
0.970738
0.976465
0.982654
0.989302
0.9964
1.00394
1.01192
1.02034
1.02917
1.03843
1.04808
1.05814
1.06859
1.07941
1.09061
1.10216
1.11407
1.12632
1.1389
1.15181
1.16502
1.17854
1.19235
1.20644
1.22081
1.23544
1.25032
1.26546
1.28082
1.29642
1.31223
1.32826
1.34449
1.36091
1.37752
1.3943
1.41125
1.42837
1.44564
1.46305
1.4806
1.49829
1.51609
1.53402
1.55205
1.57019
1.58842
1.60673
1.62513
1.64361
1.66215
1.68075
1.69941
1.71812
1.73687
1.75565
1.77446
1.7933
1.81215
1.83102
1.84988
1.86875
1.88761
1.90645
1.92527
1.94407
1.96283
1.98156
2.00025
2.01888
2.03746
2.05597
2.07442
2.0928
2.1111
2.12932
2.14745
2.16548
2.18342
2.20124
2.21896
2.23656
2.25405
2.2714
2.28863
2.30572
2.32268
2.33948
2.35614
2.37264
2.38899
2.40517
2.42119
2.43703
2.4527
2.46819
2.4835
2.49862
2.51355
2.52829
2.54283
2.55717
2.5713
2.58524
2.59896
2.61247
2.62577
2.63885
2.65171
2.66436
2.67678
2.68898
2.70095
2.7127
2.72422
2.73552
2.74658
2.75741
2.76801
2.77838
2.78852
2.79843
2.80811
2.81755
2.82676
2.83574
2.8445
2.85302
2.86131
2.86938
2.87722
2.88483
2.89222
2.89939
2.90634
2.91306
2.91957
2.92586
2.93194
2.9378
2.94344
2.94888
2.9541
2.95911
2.9639
2.96848
2.97284
2.97697
2.98086
2.98449
2.98781
2.99076
2.99319
2.99482
2.99501
2.9925
2.9859
2.97551
2.96293
2.94931
2.93517
2.92078
2.90626
2.89167
2.87706
2.86245
2.84786
2.83329
2.81876
2.80427
2.78983
2.77544
2.76111
2.74683
2.73262
2.71846
2.70437
2.69034
2.67638
2.66248
2.64866
2.63491
2.62122
2.60761
2.59408
2.58061
2.56723
2.55392
2.54068
2.52753
2.51444
2.50144
2.48852
2.47568
2.46292
2.45023
2.43763
2.42511
2.41267
2.40032
2.38805
2.37586
2.36375
2.35172
2.33978
2.32792
2.31615
2.30446
2.29285
2.28133
2.2699
2.25855
2.24728
2.2361
2.22501
2.214
2.20307
2.19223
2.18148
2.1708
2.16022
2.14972
2.1393
2.12897
2.11873
2.10857
2.09849
2.0885
2.0786
2.06878
2.05905
2.0494
2.03983
2.03036
2.02096
2.01165
2.00243
1.99329
1.98423
1.97527
1.96638
1.95759
1.94887
1.94025
1.93171
1.92326
1.91489
1.90661
1.89842
1.89031
1.88229
1.87437
1.86652
1.85877
1.8511
1.84352
1.83604
1.82864
1.82133
1.81411
1.80698
1.79994
1.793
1.78615
1.77939
1.0644
1.05685
1.04946
1.04225
1.03523
1.02842
1.02182
1.01546
1.00934
1.00348
0.99788
0.992567
0.987548
0.982836
0.978445
0.974386
0.970673
0.967316
0.964328
0.961719
0.959501
0.957683
0.956275
0.955287
0.954725
0.954599
0.954915
0.955679
0.956896
0.958569
0.960705
0.9633
0.966361
0.969888
0.973881
0.978338
0.983263
0.988642
0.994478
1.00077
1.0075
1.01468
1.02229
1.03033
1.03879
1.04767
1.05695
1.06664
1.07671
1.08716
1.09798
1.10916
1.1207
1.13258
1.14479
1.15733
1.17018
1.18334
1.19679
1.21054
1.22455
1.23884
1.25338
1.26817
1.2832
1.29847
1.31395
1.32965
1.34556
1.36166
1.37796
1.39443
1.41107
1.42789
1.44485
1.46197
1.47923
1.49662
1.51414
1.53178
1.54953
1.56738
1.58534
1.60338
1.62151
1.63972
1.658
1.67635
1.69475
1.7132
1.7317
1.75023
1.7688
1.78739
1.806
1.82463
1.84326
1.8619
1.88053
1.89915
1.91775
1.93633
1.95488
1.9734
1.99188
2.01031
2.02868
2.047
2.06526
2.08345
2.10157
2.1196
2.13755
2.15541
2.17318
2.19085
2.2084
2.22585
2.24319
2.2604
2.27749
2.29445
2.31127
2.32795
2.34449
2.36089
2.37712
2.39321
2.40913
2.42489
2.44047
2.45589
2.47113
2.48619
2.50106
2.51575
2.53025
2.54456
2.55867
2.57258
2.58629
2.59979
2.61309
2.62618
2.63906
2.65173
2.66418
2.67642
2.68844
2.70024
2.71182
2.72318
2.73431
2.74523
2.75592
2.76639
2.77663
2.78664
2.79644
2.806
2.81535
2.82446
2.83336
2.84203
2.85048
2.8587
2.86671
2.87449
2.88206
2.88941
2.89654
2.90346
2.91016
2.91665
2.92293
2.929
2.93485
2.9405
2.94594
2.95116
2.95618
2.96098
2.96556
2.96991
2.97401
2.97785
2.98138
2.98454
2.98719
2.98907
2.98964
2.98787
2.98239
2.97301
2.96102
2.94767
2.93364
2.91926
2.90469
2.89002
2.87531
2.86058
2.84585
2.83115
2.81647
2.80183
2.78724
2.77269
2.75819
2.74375
2.72937
2.71505
2.70079
2.68659
2.67246
2.65839
2.64439
2.63047
2.61661
2.60283
2.58911
2.57548
2.56191
2.54843
2.53501
2.52168
2.50842
2.49524
2.48215
2.46912
2.45619
2.44332
2.43055
2.41785
2.40523
2.3927
2.38025
2.36789
2.3556
2.3434
2.33128
2.31925
2.30731
2.29544
2.28366
2.27197
2.26036
2.24884
2.2374
2.22605
2.21479
2.20361
2.19251
2.18151
2.17058
2.15975
2.149
2.13833
2.12776
2.11726
2.10686
2.09654
2.0863
2.07616
2.0661
2.05612
2.04623
2.03643
2.02671
2.01708
2.00753
1.99807
1.9887
1.97941
1.97021
1.9611
1.95207
1.94313
1.93428
1.92551
1.91683
1.90823
1.89973
1.89131
1.88298
1.87474
1.86659
1.85852
1.85055
1.84266
1.83486
1.82716
1.81954
1.81201
1.80457
1.79722
1.78997
1.78281
1.77574
1.76876
1.76188
1.08299
1.07542
1.068
1.06076
1.05371
1.04686
1.04021
1.03379
1.02761
1.02167
1.01599
1.01059
1.00547
1.00065
0.996145
0.991958
0.988107
0.984602
0.981454
0.978674
0.976274
0.974263
0.972651
0.971448
0.970659
0.970295
0.970362
0.970865
0.971811
0.973204
0.975048
0.977342
0.980094
0.983304
0.986971
0.991095
0.995679
1.00071
1.0062
1.01213
1.0185
1.02531
1.03255
1.04022
1.04831
1.05681
1.06572
1.07503
1.08472
1.09479
1.10524
1.11605
1.12721
1.13872
1.15056
1.16273
1.17522
1.18802
1.20111
1.21449
1.22816
1.24209
1.25629
1.27074
1.28543
1.30035
1.31551
1.33088
1.34646
1.36224
1.37821
1.39437
1.4107
1.4272
1.44386
1.46068
1.47763
1.49473
1.51196
1.52931
1.54677
1.56434
1.58202
1.59979
1.61764
1.63558
1.65359
1.67167
1.68981
1.708
1.72624
1.74452
1.76284
1.78119
1.79956
1.81794
1.83634
1.85474
1.87314
1.89153
1.9099
1.92826
1.9466
1.9649
1.98316
2.00139
2.01956
2.03768
2.05574
2.07374
2.09167
2.10952
2.12729
2.14498
2.16257
2.18007
2.19747
2.21476
2.23195
2.24901
2.26596
2.28278
2.29947
2.31603
2.33245
2.34873
2.36486
2.38084
2.39667
2.41233
2.42784
2.44318
2.45835
2.47334
2.48816
2.5028
2.51725
2.53152
2.5456
2.55949
2.57319
2.58668
2.59998
2.61308
2.62597
2.63866
2.65114
2.66341
2.67548
2.68733
2.69897
2.71039
2.7216
2.73259
2.74337
2.75393
2.76428
2.7744
2.78431
2.794
2.80347
2.81272
2.82175
2.83057
2.83918
2.84756
2.85573
2.86369
2.87143
2.87896
2.88628
2.89338
2.90028
2.90697
2.91346
2.91973
2.92579
2.93165
2.9373
2.94275
2.94798
2.953
2.9578
2.96237
2.96669
2.97075
2.97449
2.97786
2.98073
2.98286
2.9838
2.98266
2.9782
2.96986
2.95857
2.9456
2.93173
2.9174
2.90281
2.88808
2.87328
2.85844
2.84359
2.82876
2.81394
2.79915
2.78441
2.76971
2.75506
2.74046
2.72591
2.71143
2.697
2.68263
2.66833
2.6541
2.63993
2.62583
2.61181
2.59785
2.58397
2.57015
2.55642
2.54276
2.52917
2.51566
2.50223
2.48888
2.4756
2.46241
2.44929
2.43626
2.4233
2.41043
2.39764
2.38493
2.37231
2.35977
2.34731
2.33494
2.32265
2.31044
2.29832
2.28629
2.27434
2.26247
2.2507
2.23901
2.2274
2.21588
2.20445
2.1931
2.18184
2.17067
2.15958
2.14858
2.13767
2.12684
2.1161
2.10545
2.09489
2.08441
2.07402
2.06371
2.0535
2.04337
2.03332
2.02337
2.0135
2.00372
1.99402
1.98441
1.9749
1.96546
1.95612
1.94686
1.93769
1.92861
1.91961
1.9107
1.90188
1.89315
1.88451
1.87595
1.86749
1.85911
1.85083
1.84263
1.83452
1.8265
1.81858
1.81074
1.80299
1.79534
1.78777
1.7803
1.77292
1.76564
1.75844
1.75134
1.74434
1.10157
1.09397
1.08653
1.07925
1.07215
1.06525
1.05855
1.05207
1.04581
1.03979
1.03403
1.02853
1.02331
1.01838
1.01375
1.00943
1.00544
1.00178
0.998468
0.995516
0.992932
0.990726
0.988908
0.987487
0.986471
0.985868
0.985685
0.985928
0.986603
0.987715
0.989268
0.991264
0.993709
0.996602
0.999944
1.00374
1.00798
1.01267
1.0178
1.02338
1.02939
1.03583
1.04271
1.05001
1.05772
1.06585
1.07438
1.0833
1.09262
1.10232
1.11238
1.12281
1.1336
1.14474
1.15621
1.16801
1.18013
1.19256
1.20529
1.21831
1.23162
1.2452
1.25904
1.27314
1.28749
1.30207
1.31689
1.33192
1.34717
1.36262
1.37827
1.39411
1.41012
1.42631
1.44266
1.45917
1.47582
1.49261
1.50954
1.5266
1.54377
1.56106
1.57844
1.59593
1.61351
1.63117
1.64891
1.66671
1.68459
1.70252
1.7205
1.73852
1.75658
1.77468
1.7928
1.81094
1.82909
1.84726
1.86542
1.88358
1.90173
1.91986
1.93797
1.95606
1.97411
1.99212
2.01009
2.028
2.04587
2.06367
2.08141
2.09907
2.11666
2.13417
2.15159
2.16892
2.18616
2.20329
2.22032
2.23723
2.25404
2.27072
2.28728
2.30371
2.32001
2.33617
2.35219
2.36807
2.38379
2.39937
2.41479
2.43005
2.44514
2.46007
2.47483
2.48942
2.50383
2.51806
2.53211
2.54597
2.55965
2.57314
2.58643
2.59953
2.61244
2.62515
2.63766
2.64997
2.66207
2.67397
2.68566
2.69715
2.70843
2.7195
2.73037
2.74102
2.75146
2.76169
2.77171
2.78152
2.79112
2.80051
2.80968
2.81865
2.8274
2.83594
2.84428
2.8524
2.86032
2.86803
2.87554
2.88283
2.88993
2.89681
2.9035
2.90998
2.91626
2.92233
2.92819
2.93386
2.93931
2.94455
2.94957
2.95436
2.9589
2.96317
2.96714
2.97072
2.97382
2.9762
2.97748
2.9769
2.97335
2.96607
2.95558
2.94306
2.92943
2.91519
2.90062
2.88585
2.87097
2.85604
2.84108
2.82612
2.81117
2.79624
2.78135
2.7665
2.7517
2.73694
2.72224
2.70759
2.69301
2.67848
2.66401
2.64961
2.63528
2.62101
2.60682
2.59269
2.57863
2.56465
2.55075
2.53691
2.52315
2.50947
2.49587
2.48234
2.4689
2.45553
2.44224
2.42903
2.41591
2.40286
2.3899
2.37702
2.36422
2.35151
2.33888
2.32634
2.31388
2.3015
2.28921
2.277
2.26488
2.25285
2.24091
2.22905
2.21727
2.20559
2.19399
2.18248
2.17105
2.15972
2.14847
2.13731
2.12623
2.11525
2.10435
2.09354
2.08281
2.07218
2.06163
2.05118
2.04081
2.03052
2.02033
2.01022
2.0002
1.99027
1.98043
1.97068
1.96101
1.95143
1.94195
1.93255
1.92323
1.91401
1.90488
1.89583
1.88687
1.878
1.86922
1.86054
1.85194
1.84343
1.83501
1.82668
1.81845
1.8103
1.80224
1.79428
1.78641
1.77862
1.77094
1.76334
1.75584
1.74843
1.74112
1.7339
1.72677
1.12014
1.1125
1.10502
1.0977
1.09055
1.08359
1.07683
1.07028
1.06394
1.05784
1.05199
1.04639
1.04106
1.03601
1.03125
1.0268
1.02266
1.01884
1.01537
1.01224
1.00947
1.00706
1.00504
1.0034
1.00216
1.00131
1.00088
1.00086
1.00127
1.0021
1.00336
1.00506
1.0072
1.00978
1.01279
1.01626
1.02016
1.02451
1.02929
1.03451
1.04016
1.04624
1.05275
1.05967
1.06701
1.07476
1.08292
1.09146
1.1004
1.10972
1.11941
1.12946
1.13987
1.15062
1.16172
1.17315
1.1849
1.19696
1.20932
1.22198
1.23493
1.24815
1.26164
1.27538
1.28938
1.30362
1.31809
1.33279
1.3477
1.36282
1.37814
1.39365
1.40934
1.4252
1.44124
1.45743
1.47378
1.49027
1.50689
1.52365
1.54052
1.55752
1.57461
1.59181
1.60911
1.62649
1.64395
1.66148
1.67908
1.69674
1.71446
1.73222
1.75002
1.76786
1.78573
1.80362
1.82153
1.83945
1.85738
1.8753
1.89322
1.91112
1.92901
1.94687
1.9647
1.9825
2.00026
2.01797
2.03563
2.05324
2.07078
2.08826
2.10566
2.12299
2.14023
2.15739
2.17446
2.19143
2.2083
2.22507
2.24172
2.25826
2.27469
2.29099
2.30716
2.32321
2.33912
2.35488
2.37051
2.38599
2.40132
2.4165
2.43152
2.44639
2.46108
2.47562
2.48998
2.50417
2.51818
2.53202
2.54568
2.55916
2.57245
2.58555
2.59847
2.6112
2.62373
2.63607
2.64821
2.66016
2.67191
2.68346
2.69481
2.70595
2.7169
2.72765
2.73819
2.74852
2.75865
2.76858
2.77831
2.78782
2.79714
2.80625
2.81515
2.82385
2.83235
2.84064
2.84873
2.85662
2.86431
2.8718
2.87909
2.88617
2.89306
2.89975
2.90623
2.91251
2.9186
2.92448
2.93015
2.93561
2.94085
2.94586
2.95063
2.95512
2.9593
2.96311
2.96643
2.96907
2.97068
2.9706
2.96787
2.96162
2.952
2.94005
2.92672
2.91263
2.8981
2.88331
2.86838
2.85337
2.83831
2.82323
2.80815
2.7931
2.77807
2.76307
2.74812
2.73322
2.71836
2.70356
2.68881
2.67412
2.6595
2.64493
2.63044
2.61601
2.60164
2.58735
2.57313
2.55898
2.5449
2.5309
2.51697
2.50312
2.48934
2.47565
2.46203
2.44849
2.43503
2.42166
2.40836
2.39514
2.38201
2.36896
2.35599
2.34311
2.33032
2.3176
2.30497
2.29243
2.27996
2.26759
2.25531
2.24311
2.23099
2.21897
2.20703
2.19518
2.18342
2.17175
2.16016
2.14866
2.13725
2.12593
2.1147
2.10355
2.0925
2.08153
2.07065
2.05986
2.04916
2.03855
2.02803
2.0176
2.00725
1.997
1.98683
1.97675
1.96676
1.95686
1.94706
1.93734
1.92771
1.91817
1.90872
1.89935
1.89008
1.8809
1.8718
1.8628
1.85388
1.84506
1.83633
1.8277
1.81915
1.81069
1.80233
1.79406
1.78587
1.77778
1.76978
1.76188
1.75407
1.74635
1.73873
1.7312
1.72377
1.71643
1.70919
1.13868
1.13101
1.12348
1.1161
1.1089
1.10188
1.09505
1.08842
1.082
1.07581
1.06986
1.06415
1.05871
1.05354
1.04865
1.04405
1.03976
1.03579
1.03215
1.02884
1.02588
1.02328
1.02104
1.01918
1.01771
1.01663
1.01594
1.01567
1.0158
1.01635
1.01733
1.01873
1.02056
1.02282
1.02552
1.02865
1.03222
1.03622
1.04065
1.04552
1.05081
1.05653
1.06266
1.06922
1.07619
1.08356
1.09133
1.0995
1.10806
1.11699
1.1263
1.13597
1.146
1.15638
1.1671
1.17815
1.18952
1.20121
1.21321
1.2255
1.23808
1.25093
1.26406
1.27745
1.2911
1.30499
1.31911
1.33346
1.34803
1.36282
1.3778
1.39298
1.40834
1.42388
1.4396
1.45548
1.47151
1.48768
1.504
1.52045
1.53703
1.55372
1.57052
1.58743
1.60444
1.62153
1.63871
1.65596
1.67329
1.69068
1.70812
1.72562
1.74316
1.76074
1.77835
1.79599
1.81365
1.83132
1.849
1.86669
1.88437
1.90204
1.9197
1.93734
1.95495
1.97253
1.99007
2.00758
2.02503
2.04244
2.05978
2.07707
2.09428
2.11143
2.12849
2.14548
2.16238
2.17918
2.19589
2.21251
2.22901
2.24541
2.2617
2.27787
2.29392
2.30984
2.32563
2.34129
2.35682
2.3722
2.38745
2.40254
2.41749
2.43228
2.44691
2.46139
2.4757
2.48985
2.50383
2.51764
2.53128
2.54474
2.55802
2.57113
2.58406
2.5968
2.60936
2.62172
2.63391
2.6459
2.6577
2.66931
2.68072
2.69195
2.70298
2.71381
2.72445
2.73488
2.74513
2.75517
2.76502
2.77467
2.78412
2.79337
2.80242
2.81128
2.81994
2.8284
2.83666
2.84473
2.8526
2.86027
2.86776
2.87504
2.88213
2.88902
2.89571
2.90221
2.90851
2.91461
2.9205
2.92618
2.93164
2.93688
2.94186
2.94658
2.95099
2.95502
2.95857
2.96146
2.96339
2.96378
2.96178
2.95651
2.94782
2.93652
2.92358
2.90969
2.89524
2.88047
2.8655
2.85042
2.83527
2.82009
2.8049
2.78972
2.77456
2.75943
2.74433
2.72928
2.71427
2.69932
2.68441
2.66957
2.65479
2.64006
2.6254
2.61081
2.59629
2.58183
2.56744
2.55313
2.53888
2.52471
2.51062
2.4966
2.48266
2.4688
2.45501
2.4413
2.42768
2.41413
2.40066
2.38728
2.37398
2.36076
2.34763
2.33458
2.32161
2.30873
2.29594
2.28323
2.2706
2.25806
2.24561
2.23324
2.22097
2.20878
2.19668
2.18467
2.17274
2.16091
2.14916
2.13751
2.12594
2.11446
2.10307
2.09177
2.08055
2.06943
2.0584
2.04746
2.0366
2.02584
2.01517
2.00459
1.99409
1.98369
1.97338
1.96316
1.95303
1.94298
1.93303
1.92317
1.9134
1.90372
1.89413
1.88463
1.87522
1.86591
1.85668
1.84755
1.8385
1.82955
1.82069
1.81192
1.80324
1.79466
1.78617
1.77777
1.76947
1.76125
1.75313
1.74511
1.73718
1.72934
1.7216
1.71395
1.7064
1.69894
1.69158
1.15719
1.14947
1.14189
1.13446
1.12719
1.1201
1.11319
1.10648
1.09998
1.09369
1.08764
1.08182
1.07626
1.07096
1.06594
1.0612
1.05676
1.05262
1.0488
1.04532
1.04216
1.03936
1.03692
1.03484
1.03313
1.03181
1.03087
1.03033
1.0302
1.03047
1.03116
1.03227
1.03379
1.03574
1.03811
1.04091
1.04414
1.0478
1.05189
1.0564
1.06133
1.06668
1.07245
1.07864
1.08523
1.09223
1.09962
1.10741
1.11558
1.12414
1.13306
1.14235
1.152
1.16199
1.17233
1.183
1.194
1.20531
1.21693
1.22885
1.24106
1.25356
1.26632
1.27935
1.29264
1.30617
1.31994
1.33395
1.34817
1.36261
1.37726
1.3921
1.40713
1.42234
1.43773
1.45329
1.469
1.48486
1.50086
1.517
1.53327
1.54966
1.56617
1.58278
1.59949
1.6163
1.63319
1.65016
1.6672
1.68431
1.70149
1.71871
1.73599
1.7533
1.77066
1.78804
1.80544
1.82287
1.8403
1.85774
1.87518
1.89262
1.91004
1.92745
1.94484
1.9622
1.97953
1.99682
2.01407
2.03127
2.04841
2.0655
2.08253
2.09949
2.11637
2.13318
2.14991
2.16655
2.1831
2.19955
2.21591
2.23216
2.24831
2.26435
2.28027
2.29607
2.31174
2.32729
2.34272
2.358
2.37315
2.38816
2.40303
2.41775
2.43232
2.44674
2.461
2.47511
2.48905
2.50283
2.51644
2.52989
2.54316
2.55627
2.5692
2.58196
2.59453
2.60693
2.61915
2.63119
2.64304
2.65471
2.66619
2.67748
2.68859
2.69951
2.71024
2.72078
2.73113
2.74129
2.75126
2.76103
2.77062
2.78001
2.78921
2.79822
2.80704
2.81567
2.8241
2.83235
2.8404
2.84826
2.85593
2.86341
2.8707
2.8778
2.8847
2.89141
2.89792
2.90424
2.91035
2.91625
2.92194
2.9274
2.93261
2.93755
2.94218
2.94644
2.95022
2.95337
2.95561
2.95644
2.95511
2.95075
2.94302
2.93245
2.91998
2.90635
2.89204
2.87731
2.86233
2.8472
2.83198
2.81671
2.80141
2.78611
2.77082
2.75556
2.74032
2.72513
2.70998
2.69487
2.67982
2.66482
2.64988
2.63501
2.62019
2.60544
2.59075
2.57613
2.56158
2.54711
2.5327
2.51837
2.50411
2.48992
2.47582
2.46179
2.44784
2.43396
2.42017
2.40646
2.39283
2.37928
2.36581
2.35243
2.33913
2.32591
2.31278
2.29973
2.28678
2.2739
2.26111
2.24841
2.23579
2.22327
2.21083
2.19848
2.18622
2.17405
2.16196
2.14997
2.13806
2.12625
2.11452
2.10289
2.09134
2.07989
2.06852
2.05725
2.04606
2.03497
2.02397
2.01305
2.00223
1.9915
1.98086
1.97032
1.95986
1.94949
1.93922
1.92904
1.91894
1.90894
1.89904
1.88922
1.87949
1.86986
1.86032
1.85087
1.84151
1.83224
1.82307
1.81399
1.805
1.7961
1.7873
1.77859
1.76998
1.76146
1.75303
1.74469
1.73645
1.72831
1.72026
1.7123
1.70444
1.69668
1.68901
1.68144
1.67396
1.17566
1.16788
1.16024
1.15275
1.14542
1.13825
1.13126
1.12447
1.11787
1.11148
1.10532
1.09939
1.09371
1.08828
1.08311
1.07823
1.07363
1.06933
1.06534
1.06166
1.05832
1.05531
1.05265
1.05035
1.04841
1.04685
1.04566
1.04487
1.04446
1.04446
1.04485
1.04566
1.04688
1.04851
1.05057
1.05304
1.05593
1.05925
1.06299
1.06714
1.07172
1.07671
1.08211
1.08792
1.09414
1.10076
1.10777
1.11518
1.12297
1.13114
1.13968
1.14859
1.15785
1.16746
1.17742
1.18771
1.19832
1.20926
1.2205
1.23205
1.24388
1.256
1.2684
1.28107
1.29399
1.30716
1.32058
1.33423
1.34811
1.3622
1.3765
1.391
1.4057
1.42058
1.43563
1.45086
1.46625
1.48179
1.49748
1.5133
1.52926
1.54534
1.56154
1.57785
1.59427
1.61078
1.62738
1.64406
1.66082
1.67765
1.69455
1.7115
1.7285
1.74555
1.76264
1.77976
1.79691
1.81408
1.83126
1.84846
1.86565
1.88285
1.90004
1.91722
1.93438
1.95152
1.96863
1.9857
2.00274
2.01973
2.03668
2.05357
2.0704
2.08717
2.10387
2.1205
2.13706
2.15353
2.16991
2.18621
2.20241
2.21852
2.23452
2.25042
2.26621
2.28189
2.29745
2.31289
2.3282
2.34339
2.35845
2.37337
2.38816
2.4028
2.41731
2.43166
2.44587
2.45993
2.47384
2.48758
2.50117
2.5146
2.52787
2.54097
2.55391
2.56667
2.57927
2.59169
2.60395
2.61602
2.62792
2.63965
2.65119
2.66256
2.67374
2.68475
2.69557
2.70621
2.71666
2.72693
2.73702
2.74692
2.75664
2.76618
2.77552
2.78468
2.79366
2.80245
2.81106
2.81947
2.82771
2.83576
2.84362
2.85129
2.85878
2.86608
2.87319
2.88011
2.88684
2.89337
2.8997
2.90582
2.91173
2.91741
2.92285
2.92802
2.93287
2.93736
2.94138
2.9448
2.94734
2.94858
2.94786
2.94436
2.93759
2.92783
2.9159
2.9026
2.88847
2.87382
2.85886
2.8437
2.82842
2.81307
2.79767
2.78226
2.76686
2.75147
2.7361
2.72077
2.70548
2.69023
2.67503
2.65989
2.6448
2.62976
2.61479
2.59989
2.58504
2.57027
2.55556
2.54092
2.52635
2.51186
2.49744
2.4831
2.46883
2.45463
2.44052
2.42648
2.41252
2.39865
2.38486
2.37114
2.35751
2.34396
2.3305
2.31712
2.30382
2.29061
2.27749
2.26446
2.25151
2.23865
2.22587
2.21318
2.20058
2.18807
2.17565
2.16332
2.15108
2.13893
2.12687
2.1149
2.10302
2.09123
2.07953
2.06792
2.0564
2.04498
2.03364
2.0224
2.01125
2.00019
1.98922
1.97835
1.96756
1.95687
1.94627
1.93577
1.92535
1.91503
1.9048
1.89466
1.88462
1.87467
1.86481
1.85504
1.84536
1.83578
1.8263
1.8169
1.8076
1.79839
1.78927
1.78025
1.77133
1.76249
1.75375
1.74511
1.73656
1.7281
1.71975
1.71148
1.70331
1.69524
1.68727
1.67939
1.6716
1.66392
1.65633
1.19408
1.18625
1.17854
1.17098
1.16357
1.15633
1.14925
1.14237
1.13567
1.12918
1.1229
1.11686
1.11104
1.10548
1.10017
1.09513
1.09038
1.08591
1.08174
1.07788
1.07434
1.07113
1.06826
1.06573
1.06356
1.06175
1.06032
1.05926
1.05858
1.0583
1.05841
1.05892
1.05983
1.06115
1.06288
1.06503
1.06759
1.07056
1.07395
1.07775
1.08197
1.08659
1.09163
1.09707
1.10291
1.10915
1.11579
1.12281
1.13022
1.138
1.14616
1.15467
1.16355
1.17278
1.18235
1.19225
1.20249
1.21304
1.2239
1.23507
1.24653
1.25828
1.2703
1.2826
1.29516
1.30797
1.32102
1.33431
1.34783
1.36157
1.37553
1.38969
1.40404
1.41858
1.4333
1.4482
1.46325
1.47847
1.49383
1.50934
1.52498
1.54076
1.55665
1.57265
1.58876
1.60498
1.62128
1.63767
1.65414
1.67069
1.6873
1.70398
1.72071
1.73748
1.7543
1.77116
1.78804
1.80496
1.82189
1.83883
1.85578
1.87274
1.88969
1.90663
1.92356
1.94047
1.95736
1.97422
1.99104
2.00782
2.02456
2.04125
2.05789
2.07447
2.09099
2.10744
2.12381
2.14011
2.15634
2.17247
2.18852
2.20448
2.22034
2.2361
2.25176
2.26731
2.28274
2.29807
2.31328
2.32836
2.34333
2.35816
2.37286
2.38744
2.40187
2.41617
2.43032
2.44433
2.4582
2.47191
2.48547
2.49888
2.51214
2.52523
2.53817
2.55095
2.56356
2.57601
2.58829
2.60041
2.61236
2.62413
2.63574
2.64717
2.65844
2.66952
2.68043
2.69117
2.70173
2.71211
2.72231
2.73234
2.74219
2.75186
2.76135
2.77066
2.77979
2.78875
2.79752
2.80611
2.81452
2.82275
2.8308
2.83867
2.84636
2.85386
2.86118
2.86831
2.87525
2.882
2.88854
2.89489
2.90102
2.90693
2.91259
2.91798
2.92306
2.92778
2.93205
2.93572
2.93857
2.9402
2.94005
2.93735
2.93152
2.92261
2.91132
2.89842
2.88452
2.87
2.85508
2.83992
2.8246
2.80917
2.7937
2.77819
2.76267
2.74716
2.73167
2.71621
2.70078
2.68539
2.67005
2.65476
2.63952
2.62434
2.60922
2.59416
2.57916
2.56423
2.54937
2.53457
2.51985
2.5052
2.49062
2.47611
2.46168
2.44733
2.43305
2.41886
2.40474
2.3907
2.37675
2.36287
2.34908
2.33537
2.32174
2.3082
2.29475
2.28138
2.26809
2.2549
2.24179
2.22877
2.21584
2.20299
2.19023
2.17757
2.16499
2.1525
2.1401
2.1278
2.11558
2.10346
2.09142
2.07948
2.06763
2.05587
2.0442
2.03263
2.02115
2.00976
1.99846
1.98726
1.97614
1.96513
1.9542
1.94337
1.93263
1.92198
1.91143
1.90097
1.8906
1.88033
1.87015
1.86006
1.85007
1.84017
1.83037
1.82065
1.81104
1.80152
1.79209
1.78275
1.77351
1.76437
1.75532
1.74636
1.7375
1.72874
1.72007
1.7115
1.70302
1.69464
1.68635
1.67817
1.67007
1.66208
1.65419
1.64639
1.6387
1.21245
1.20455
1.19678
1.18914
1.18165
1.17432
1.16716
1.16017
1.15337
1.14677
1.14038
1.13421
1.12827
1.12256
1.11711
1.11192
1.107
1.10236
1.09801
1.09396
1.09022
1.0868
1.08372
1.08097
1.07856
1.07651
1.07482
1.0735
1.07256
1.07199
1.07181
1.07203
1.07264
1.07365
1.07506
1.07687
1.0791
1.08173
1.08477
1.08822
1.09208
1.09634
1.10101
1.10608
1.11154
1.11741
1.12366
1.1303
1.13732
1.14472
1.15248
1.16061
1.1691
1.17794
1.18712
1.19664
1.20649
1.21665
1.22713
1.23792
1.249
1.26037
1.27202
1.28394
1.29613
1.30857
1.32126
1.33419
1.34735
1.36074
1.37434
1.38815
1.40215
1.41635
1.43073
1.44529
1.46001
1.4749
1.48994
1.50512
1.52044
1.5359
1.55148
1.56717
1.58298
1.59889
1.61489
1.63099
1.64717
1.66342
1.67975
1.69614
1.71259
1.72909
1.74564
1.76223
1.77885
1.7955
1.81218
1.82887
1.84557
1.86228
1.87899
1.89569
1.91239
1.92907
1.94573
1.96237
1.97898
1.99555
2.01208
2.02857
2.04501
2.06139
2.07772
2.09399
2.11019
2.12632
2.14237
2.15834
2.17424
2.19004
2.20576
2.22138
2.2369
2.25232
2.26764
2.28285
2.29794
2.31293
2.32779
2.34254
2.35716
2.37165
2.38602
2.40025
2.41435
2.42831
2.44213
2.45581
2.46934
2.48273
2.49597
2.50906
2.522
2.53478
2.54741
2.55988
2.57219
2.58435
2.59634
2.60817
2.61983
2.63133
2.64267
2.65384
2.66484
2.67567
2.68632
2.69681
2.70714
2.71728
2.72726
2.73706
2.7467
2.75616
2.76544
2.77455
2.78349
2.79226
2.80084
2.80926
2.81749
2.82556
2.83344
2.84114
2.84866
2.856
2.86315
2.87011
2.87688
2.88345
2.8898
2.89593
2.90182
2.90744
2.91275
2.9177
2.92221
2.92615
2.92929
2.93131
2.93169
2.92973
2.92481
2.9168
2.90621
2.89379
2.88019
2.86583
2.85099
2.83584
2.8205
2.80503
2.78947
2.77388
2.75826
2.74264
2.72703
2.71144
2.69588
2.68036
2.66488
2.64945
2.63407
2.61874
2.60347
2.58826
2.57311
2.55803
2.54301
2.52806
2.51319
2.49838
2.48364
2.46898
2.45439
2.43988
2.42545
2.4111
2.39682
2.38262
2.36851
2.35448
2.34052
2.32666
2.31287
2.29917
2.28556
2.27203
2.25859
2.24524
2.23197
2.21879
2.2057
2.1927
2.17978
2.16696
2.15423
2.14159
2.12904
2.11658
2.10421
2.09193
2.07975
2.06765
2.05565
2.04375
2.03193
2.02021
2.00858
1.99705
1.98561
1.97426
1.963
1.95184
1.94078
1.9298
1.91892
1.90814
1.89745
1.88685
1.87635
1.86594
1.85563
1.84541
1.83529
1.82526
1.81533
1.80549
1.79574
1.78609
1.77654
1.76709
1.75772
1.74845
1.73928
1.7302
1.72122
1.71234
1.70356
1.69487
1.68627
1.67778
1.66938
1.66108
1.65288
1.64477
1.63677
1.62886
1.62105
1.23075
1.22278
1.21494
1.20722
1.19965
1.19223
1.18497
1.17788
1.17098
1.16426
1.15775
1.15145
1.14537
1.13953
1.13392
1.12857
1.12349
1.11867
1.11414
1.1099
1.10596
1.10234
1.09903
1.09606
1.09342
1.09112
1.08918
1.0876
1.08638
1.08554
1.08507
1.08499
1.08529
1.08599
1.08708
1.08857
1.09046
1.09275
1.09545
1.09854
1.10204
1.10594
1.11024
1.11494
1.12003
1.12551
1.13138
1.13764
1.14427
1.15128
1.15866
1.1664
1.17449
1.18294
1.19173
1.20086
1.21032
1.2201
1.23019
1.24059
1.25129
1.26228
1.27355
1.28509
1.2969
1.30898
1.3213
1.33386
1.34666
1.35968
1.37293
1.38638
1.40003
1.41388
1.42792
1.44214
1.45652
1.47107
1.48578
1.50064
1.51564
1.53077
1.54603
1.56141
1.57691
1.59251
1.60821
1.62401
1.63989
1.65585
1.67189
1.68799
1.70416
1.72038
1.73665
1.75297
1.76933
1.78571
1.80213
1.81856
1.83501
1.85147
1.86794
1.8844
1.90086
1.91731
1.93374
1.95016
1.96655
1.9829
1.99923
2.01551
2.03175
2.04794
2.06408
2.08016
2.09618
2.11213
2.12801
2.14382
2.15956
2.17521
2.19078
2.20626
2.22164
2.23693
2.25213
2.26722
2.28221
2.29709
2.31185
2.32651
2.34104
2.35545
2.36975
2.38391
2.39795
2.41186
2.42564
2.43928
2.45278
2.46615
2.47937
2.49246
2.50539
2.51818
2.53082
2.54331
2.55565
2.56784
2.57988
2.59175
2.60348
2.61504
2.62644
2.63769
2.64877
2.6597
2.67046
2.68105
2.69148
2.70175
2.71185
2.72179
2.73156
2.74117
2.75061
2.75987
2.76898
2.77791
2.78667
2.79526
2.80368
2.81194
2.82001
2.82792
2.83564
2.84319
2.85055
2.85773
2.86471
2.87149
2.87807
2.88442
2.89054
2.89639
2.90193
2.90712
2.91187
2.91607
2.91951
2.9219
2.92277
2.9215
2.91746
2.91036
2.90054
2.88868
2.87543
2.86129
2.84657
2.83147
2.81613
2.80062
2.78501
2.76933
2.75362
2.7379
2.72218
2.70647
2.69079
2.67514
2.65952
2.64396
2.62843
2.61297
2.59755
2.5822
2.5669
2.55167
2.5365
2.5214
2.50637
2.49141
2.47652
2.46171
2.44697
2.4323
2.41771
2.4032
2.38877
2.37442
2.36014
2.34595
2.33184
2.31781
2.30388
2.29002
2.27625
2.26257
2.24897
2.23546
2.22204
2.20871
2.19547
2.18231
2.16924
2.15626
2.14338
2.13059
2.11788
2.10527
2.09276
2.08033
2.06799
2.05575
2.04361
2.03155
2.01959
2.00772
1.99595
1.98427
1.97269
1.9612
1.9498
1.9385
1.92729
1.91618
1.90516
1.89424
1.88342
1.87269
1.86205
1.85151
1.84107
1.83072
1.82047
1.81031
1.80025
1.79028
1.78041
1.77064
1.76097
1.75139
1.7419
1.73252
1.72322
1.71402
1.70493
1.69593
1.68703
1.67822
1.66952
1.66091
1.6524
1.64398
1.63567
1.62746
1.61934
1.61133
1.60341
1.24899
1.24094
1.23302
1.22522
1.21756
1.21005
1.20269
1.19549
1.18847
1.18164
1.175
1.16857
1.16236
1.15636
1.15061
1.1451
1.13984
1.13485
1.13013
1.1257
1.12156
1.11773
1.1142
1.111
1.10812
1.10558
1.10339
1.10154
1.10006
1.09893
1.09818
1.0978
1.0978
1.09818
1.09896
1.10012
1.10167
1.10362
1.10597
1.10872
1.11185
1.11539
1.11932
1.12364
1.12836
1.13346
1.13895
1.14482
1.15107
1.15769
1.16467
1.17202
1.17973
1.18778
1.19618
1.20491
1.21398
1.22337
1.23307
1.24308
1.25339
1.264
1.27488
1.28605
1.29748
1.30918
1.32113
1.33332
1.34575
1.35841
1.37129
1.38438
1.39768
1.41118
1.42487
1.43874
1.45278
1.46699
1.48137
1.49589
1.51056
1.52537
1.54031
1.55537
1.57055
1.58584
1.60123
1.61672
1.6323
1.64797
1.66371
1.67953
1.69541
1.71135
1.72734
1.74339
1.75947
1.77559
1.79174
1.80791
1.82411
1.84032
1.85653
1.87276
1.88898
1.90519
1.92139
1.93758
1.95375
1.96989
1.986
2.00208
2.01811
2.03411
2.05005
2.06595
2.08178
2.09756
2.11327
2.12892
2.14449
2.15999
2.17541
2.19074
2.20599
2.22115
2.23622
2.25119
2.26607
2.28084
2.29551
2.31006
2.32451
2.33885
2.35307
2.36717
2.38114
2.395
2.40873
2.42233
2.4358
2.44914
2.46235
2.47542
2.48835
2.50115
2.5138
2.52631
2.53868
2.55089
2.56297
2.57489
2.58667
2.59829
2.60977
2.62109
2.63226
2.64327
2.65412
2.66482
2.67537
2.68575
2.69598
2.70605
2.71595
2.7257
2.73529
2.74471
2.75397
2.76307
2.77201
2.78078
2.78938
2.79782
2.80609
2.81419
2.82212
2.82987
2.83744
2.84483
2.85203
2.85903
2.86583
2.8724
2.87874
2.88482
2.8906
2.89602
2.90102
2.90548
2.90922
2.91197
2.91331
2.91269
2.90948
2.9033
2.8943
2.88306
2.87025
2.85637
2.84181
2.82679
2.81147
2.79594
2.78029
2.76455
2.74876
2.73294
2.71712
2.7013
2.6855
2.66972
2.65398
2.63828
2.62262
2.60702
2.59146
2.57597
2.56053
2.54515
2.52984
2.51459
2.49941
2.4843
2.46926
2.45429
2.4394
2.42458
2.40984
2.39517
2.38059
2.36608
2.35166
2.33732
2.32305
2.30887
2.29477
2.28077
2.26684
2.25301
2.23926
2.22559
2.21202
2.19853
2.18514
2.17183
2.15861
2.14549
2.13245
2.1195
2.10665
2.09389
2.08122
2.06865
2.05617
2.04378
2.03149
2.01929
2.00718
1.99517
1.98325
1.97143
1.95971
1.94808
1.93654
1.9251
1.91376
1.90251
1.89136
1.8803
1.86934
1.85848
1.84771
1.83704
1.82647
1.81599
1.80561
1.79532
1.78514
1.77505
1.76506
1.75516
1.74537
1.73567
1.72606
1.71655
1.70714
1.69783
1.68861
1.6795
1.67048
1.66156
1.65275
1.64403
1.6354
1.62688
1.61846
1.61014
1.60192
1.5938
1.58578
1.26715
1.25903
1.25102
1.24313
1.23538
1.22776
1.2203
1.213
1.20586
1.19891
1.19214
1.18557
1.17921
1.17307
1.16716
1.16149
1.15606
1.15089
1.14599
1.14136
1.13702
1.13297
1.12923
1.12579
1.12268
1.11989
1.11744
1.11533
1.11358
1.11217
1.11113
1.11045
1.11015
1.11022
1.11068
1.11151
1.11273
1.11434
1.11634
1.11873
1.12152
1.12469
1.12825
1.1322
1.13654
1.14126
1.14637
1.15185
1.15771
1.16394
1.17053
1.17748
1.18479
1.19245
1.20046
1.2088
1.21747
1.22646
1.23577
1.24539
1.25531
1.26553
1.27603
1.28681
1.29786
1.30917
1.32074
1.33256
1.34462
1.35691
1.36943
1.38216
1.3951
1.40824
1.42157
1.43509
1.44879
1.46266
1.47669
1.49088
1.50521
1.51969
1.5343
1.54904
1.5639
1.57888
1.59396
1.60914
1.62442
1.63978
1.65523
1.67075
1.68634
1.70199
1.71771
1.73347
1.74928
1.76513
1.78101
1.79692
1.81286
1.82881
1.84478
1.86076
1.87674
1.89271
1.90869
1.92464
1.94059
1.95651
1.97241
1.98827
2.00411
2.0199
2.03565
2.05136
2.06701
2.08261
2.09815
2.11362
2.12904
2.14438
2.15965
2.17484
2.18995
2.20497
2.21992
2.23477
2.24953
2.26419
2.27875
2.29322
2.30758
2.32183
2.33597
2.35
2.36392
2.37772
2.3914
2.40496
2.4184
2.43172
2.4449
2.45796
2.47089
2.48369
2.49635
2.50887
2.52126
2.53351
2.54562
2.55759
2.56942
2.5811
2.59264
2.60404
2.61528
2.62638
2.63733
2.64813
2.65878
2.66928
2.67963
2.68982
2.69987
2.70975
2.71949
2.72906
2.73848
2.74775
2.75685
2.7658
2.77458
2.78321
2.79167
2.79996
2.80809
2.81604
2.82382
2.83142
2.83883
2.84605
2.85307
2.85987
2.86644
2.87274
2.87875
2.88441
2.88966
2.89438
2.89841
2.90151
2.90331
2.90329
2.90087
2.8956
2.88746
2.87692
2.8646
2.85106
2.8367
2.82179
2.80652
2.791
2.77532
2.75953
2.74367
2.72777
2.71185
2.69592
2.68001
2.66412
2.64826
2.63243
2.61664
2.6009
2.58521
2.56957
2.554
2.53848
2.52302
2.50763
2.4923
2.47704
2.46186
2.44674
2.4317
2.41673
2.40184
2.38702
2.37229
2.35763
2.34306
2.32856
2.31415
2.29981
2.28557
2.27141
2.25733
2.24334
2.22944
2.21563
2.2019
2.18827
2.17472
2.16126
2.1479
2.13462
2.12143
2.10834
2.09534
2.08243
2.06962
2.0569
2.04427
2.03174
2.0193
2.00696
1.99471
1.98256
1.9705
1.95854
1.94667
1.93491
1.92323
1.91166
1.90018
1.88879
1.87751
1.86632
1.85523
1.84423
1.83333
1.82253
1.81183
1.80123
1.79072
1.78031
1.77
1.75979
1.74967
1.73966
1.72974
1.71992
1.71019
1.70057
1.69105
1.68162
1.67229
1.66306
1.65393
1.6449
1.63597
1.62714
1.61841
1.60978
1.60125
1.59282
1.5845
1.57627
1.56815
1.28523
1.27702
1.26893
1.26095
1.2531
1.24538
1.23781
1.23039
1.22313
1.21605
1.20915
1.20245
1.19594
1.18965
1.18358
1.17774
1.17214
1.16678
1.16169
1.15687
1.15232
1.14806
1.14409
1.14043
1.13708
1.13405
1.13134
1.12897
1.12694
1.12526
1.12393
1.12295
1.12235
1.12211
1.12224
1.12275
1.12363
1.1249
1.12656
1.1286
1.13102
1.13383
1.13702
1.1406
1.14456
1.1489
1.15362
1.15872
1.16419
1.17002
1.17622
1.18278
1.18969
1.19696
1.20456
1.21251
1.22078
1.22938
1.23829
1.24751
1.25704
1.26686
1.27697
1.28737
1.29803
1.30896
1.32015
1.33159
1.34327
1.35519
1.36733
1.3797
1.39227
1.40505
1.41803
1.43119
1.44454
1.45806
1.47175
1.48559
1.49959
1.51374
1.52802
1.54243
1.55697
1.57162
1.58639
1.60126
1.61623
1.63129
1.64643
1.66166
1.67695
1.69232
1.70775
1.72323
1.73876
1.75433
1.76995
1.78559
1.80127
1.81697
1.83268
1.84841
1.86415
1.87988
1.89562
1.91135
1.92706
1.94277
1.95845
1.9741
1.98973
2.00532
2.02088
2.03639
2.05186
2.06728
2.08264
2.09795
2.1132
2.12838
2.1435
2.15854
2.17351
2.1884
2.20322
2.21795
2.23259
2.24715
2.26161
2.27597
2.29024
2.30441
2.31848
2.33244
2.34629
2.36004
2.37367
2.38719
2.40059
2.41387
2.42704
2.44008
2.453
2.4658
2.47847
2.49101
2.50342
2.5157
2.52784
2.53985
2.55173
2.56347
2.57507
2.58654
2.59786
2.60905
2.62009
2.63099
2.64174
2.65235
2.66282
2.67314
2.68331
2.69333
2.70321
2.71294
2.72251
2.73194
2.74121
2.75033
2.75929
2.7681
2.77674
2.78523
2.79355
2.80171
2.80969
2.8175
2.82513
2.83257
2.8398
2.84683
2.85362
2.86015
2.86639
2.87229
2.87778
2.88277
2.8871
2.89054
2.89277
2.89333
2.89165
2.88726
2.88002
2.87023
2.85848
2.84533
2.83122
2.81647
2.80128
2.78579
2.7701
2.75427
2.73835
2.72238
2.70637
2.69035
2.67433
2.65833
2.64235
2.6264
2.61049
2.59462
2.57879
2.56302
2.54731
2.53165
2.51605
2.50052
2.48505
2.46965
2.45432
2.43906
2.42387
2.40876
2.39372
2.37876
2.36387
2.34907
2.33434
2.3197
2.30513
2.29065
2.27626
2.26195
2.24772
2.23358
2.21953
2.20557
2.1917
2.17791
2.16422
2.15061
2.1371
2.12367
2.11034
2.0971
2.08396
2.0709
2.05794
2.04508
2.03231
2.01964
2.00706
1.99457
1.98218
1.96989
1.95769
1.94559
1.93359
1.92169
1.90988
1.89816
1.88655
1.87503
1.86361
1.85229
1.84107
1.82995
1.81892
1.808
1.79717
1.78644
1.7758
1.76527
1.75484
1.74451
1.73427
1.72413
1.7141
1.70416
1.69432
1.68458
1.67494
1.6654
1.65596
1.64661
1.63737
1.62823
1.61919
1.61026
1.60142
1.59268
1.58405
1.57551
1.56708
1.55875
1.55053
1.30322
1.29493
1.28674
1.27866
1.27071
1.26288
1.2552
1.24766
1.24028
1.23307
1.22604
1.21919
1.21254
1.20609
1.19985
1.19384
1.18807
1.18253
1.17725
1.17223
1.16747
1.163
1.15881
1.15491
1.15132
1.14804
1.14508
1.14245
1.14014
1.13818
1.13656
1.13529
1.13438
1.13383
1.13364
1.13382
1.13438
1.13531
1.13662
1.1383
1.14037
1.14281
1.14563
1.14884
1.15242
1.15638
1.16072
1.16543
1.1705
1.17595
1.18175
1.18791
1.19443
1.20129
1.2085
1.21604
1.22391
1.23211
1.24062
1.24945
1.25858
1.268
1.27772
1.28772
1.298
1.30854
1.31934
1.3304
1.3417
1.35324
1.36501
1.377
1.38921
1.40162
1.41424
1.42704
1.44004
1.4532
1.46654
1.48004
1.4937
1.50751
1.52145
1.53553
1.54974
1.56408
1.57852
1.59308
1.60773
1.62249
1.63733
1.65225
1.66725
1.68232
1.69746
1.71266
1.72791
1.7432
1.75855
1.77393
1.78934
1.80478
1.82024
1.83571
1.8512
1.8667
1.8822
1.89769
1.91318
1.92866
1.94412
1.95957
1.97498
1.99038
2.00573
2.02105
2.03633
2.05157
2.06676
2.08189
2.09698
2.112
2.12696
2.14186
2.15669
2.17145
2.18613
2.20074
2.21526
2.22971
2.24406
2.25833
2.27251
2.28659
2.30058
2.31447
2.32826
2.34195
2.35553
2.369
2.38237
2.39562
2.40876
2.42179
2.4347
2.44749
2.46017
2.47272
2.48515
2.49745
2.50963
2.52168
2.5336
2.5454
2.55706
2.5686
2.58
2.59126
2.60239
2.61339
2.62425
2.63497
2.64555
2.65599
2.66629
2.67645
2.68646
2.69634
2.70607
2.71565
2.72509
2.73437
2.74351
2.7525
2.76133
2.77001
2.77853
2.78688
2.79507
2.80308
2.81092
2.81857
2.82603
2.83327
2.84028
2.84704
2.85352
2.85966
2.8654
2.87065
2.87526
2.87905
2.8817
2.88279
2.88182
2.87829
2.87194
2.86297
2.85185
2.83916
2.82536
2.8108
2.79573
2.78029
2.76462
2.74877
2.73281
2.71677
2.70069
2.68458
2.66846
2.65235
2.63626
2.6202
2.60416
2.58817
2.57222
2.55632
2.54047
2.52468
2.50895
2.49328
2.47767
2.46213
2.44666
2.43125
2.41592
2.40066
2.38548
2.37037
2.35534
2.34039
2.32552
2.31073
2.29602
2.28139
2.26685
2.25239
2.23802
2.22374
2.20954
2.19543
2.18141
2.16748
2.15363
2.13988
2.12622
2.11265
2.09918
2.0858
2.0725
2.05931
2.04621
2.0332
2.02029
2.00747
1.99475
1.98213
1.9696
1.95717
1.94484
1.9326
1.92046
1.90842
1.89648
1.88463
1.87289
1.86124
1.84969
1.83824
1.82689
1.81564
1.80448
1.79343
1.78248
1.77162
1.76087
1.75021
1.73966
1.7292
1.71885
1.70859
1.69844
1.68838
1.67843
1.66858
1.65883
1.64917
1.63962
1.63017
1.62082
1.61157
1.60242
1.59337
1.58443
1.57559
1.56685
1.55821
1.54968
1.54125
1.53292
1.32112
1.31273
1.30445
1.29627
1.28821
1.28028
1.27248
1.26482
1.25731
1.24997
1.24279
1.2358
1.229
1.22239
1.21599
1.20981
1.20386
1.19814
1.19266
1.18743
1.18247
1.17778
1.17336
1.16924
1.16541
1.16188
1.15866
1.15576
1.15318
1.15094
1.14903
1.14747
1.14625
1.14539
1.14488
1.14474
1.14496
1.14555
1.14651
1.14784
1.14955
1.15163
1.15408
1.15691
1.16012
1.1637
1.16765
1.17197
1.17665
1.1817
1.18711
1.19287
1.19898
1.20544
1.21225
1.21939
1.22686
1.23465
1.24277
1.25119
1.25992
1.26895
1.27827
1.28787
1.29776
1.30791
1.31832
1.32899
1.33991
1.35107
1.36246
1.37408
1.38591
1.39795
1.4102
1.42264
1.43528
1.44809
1.46107
1.47422
1.48753
1.501
1.51461
1.52835
1.54223
1.55624
1.57036
1.5846
1.59894
1.61338
1.62791
1.64253
1.65723
1.67201
1.68685
1.70176
1.71673
1.73175
1.74681
1.76192
1.77707
1.79224
1.80745
1.82267
1.83791
1.85316
1.86842
1.88368
1.89894
1.9142
1.92944
1.94467
1.95988
1.97506
1.99022
2.00535
2.02044
2.03549
2.0505
2.06547
2.08038
2.09525
2.11005
2.1248
2.13949
2.15411
2.16866
2.18314
2.19755
2.21188
2.22613
2.2403
2.25439
2.26838
2.28229
2.29611
2.30983
2.32346
2.33698
2.35041
2.36374
2.37696
2.39008
2.40309
2.41599
2.42877
2.44145
2.45401
2.46646
2.47879
2.49099
2.50308
2.51505
2.5269
2.53862
2.55022
2.56169
2.57304
2.58425
2.59534
2.6063
2.61713
2.62782
2.63838
2.64881
2.6591
2.66925
2.67927
2.68915
2.69889
2.70848
2.71794
2.72725
2.73641
2.74543
2.75429
2.763
2.77155
2.77994
2.78816
2.79621
2.80407
2.81174
2.81921
2.82644
2.83343
2.84014
2.84651
2.8525
2.85802
2.86292
2.86704
2.87009
2.8717
2.8714
2.86868
2.86324
2.85511
2.8447
2.83253
2.81909
2.80478
2.78985
2.77451
2.75887
2.74302
2.72703
2.71094
2.69479
2.67861
2.6624
2.6462
2.63
2.61383
2.59768
2.58157
2.56549
2.54947
2.53349
2.51757
2.5017
2.4859
2.47015
2.45447
2.43886
2.42332
2.40785
2.39245
2.37713
2.36188
2.3467
2.3316
2.31659
2.30166
2.2868
2.27203
2.25735
2.24274
2.22823
2.2138
2.19946
2.1852
2.17104
2.15696
2.14297
2.12908
2.11528
2.10157
2.08795
2.07442
2.06099
2.04765
2.03441
2.02126
2.00821
1.99526
1.9824
1.96964
1.95697
1.9444
1.93193
1.91956
1.90729
1.89512
1.88304
1.87106
1.85919
1.84741
1.83573
1.82415
1.81267
1.80129
1.79002
1.77884
1.76776
1.75678
1.74591
1.73513
1.72446
1.71389
1.70342
1.69304
1.68277
1.6726
1.66254
1.65257
1.6427
1.63294
1.62328
1.61372
1.60426
1.5949
1.58565
1.5765
1.56745
1.5585
1.54966
1.54092
1.53229
1.52375
1.51533
1.33893
1.33044
1.32206
1.31377
1.3056
1.29755
1.28963
1.28185
1.27421
1.26673
1.25942
1.25228
1.24532
1.23855
1.23199
1.22563
1.21949
1.21359
1.20791
1.20249
1.19731
1.1924
1.18776
1.1834
1.17933
1.17555
1.17208
1.16891
1.16606
1.16354
1.16134
1.15948
1.15796
1.15678
1.15596
1.15549
1.15538
1.15562
1.15624
1.15722
1.15857
1.16028
1.16237
1.16483
1.16765
1.17085
1.17441
1.17834
1.18263
1.18728
1.19229
1.19765
1.20337
1.20943
1.21583
1.22256
1.22963
1.23702
1.24472
1.25274
1.26107
1.2697
1.27862
1.28782
1.29731
1.30706
1.31709
1.32737
1.3379
1.34867
1.35968
1.37091
1.38237
1.39404
1.40592
1.41799
1.43026
1.44271
1.45534
1.46814
1.4811
1.49421
1.50748
1.52089
1.53444
1.54811
1.5619
1.57582
1.58984
1.60396
1.61818
1.6325
1.6469
1.66137
1.67592
1.69054
1.70522
1.71996
1.73475
1.74958
1.76446
1.77937
1.79431
1.80928
1.82427
1.83928
1.85429
1.86932
1.88435
1.89938
1.9144
1.92941
1.9444
1.95938
1.97434
1.98927
2.00418
2.01904
2.03388
2.04867
2.06341
2.07812
2.09277
2.10737
2.12191
2.13639
2.15081
2.16517
2.17946
2.19367
2.20782
2.22189
2.23588
2.24979
2.26361
2.27736
2.29101
2.30457
2.31805
2.33143
2.34471
2.3579
2.37099
2.38398
2.39687
2.40965
2.42233
2.43489
2.44735
2.45971
2.47194
2.48407
2.49608
2.50798
2.51976
2.53142
2.54296
2.55438
2.56568
2.57686
2.58791
2.59884
2.60964
2.62032
2.63087
2.64129
2.65158
2.66174
2.67176
2.68165
2.69141
2.70103
2.71051
2.71985
2.72904
2.73809
2.74699
2.75574
2.76432
2.77275
2.781
2.78907
2.79696
2.80464
2.8121
2.81931
2.82625
2.83286
2.8391
2.84488
2.85007
2.85451
2.85795
2.86005
2.86038
2.85845
2.8539
2.84665
2.83699
2.82541
2.81241
2.79839
2.78366
2.76843
2.75285
2.73702
2.72102
2.7049
2.68869
2.67244
2.65615
2.63986
2.62356
2.60729
2.59103
2.5748
2.55861
2.54246
2.52636
2.51032
2.49432
2.47838
2.46251
2.4467
2.43095
2.41527
2.39966
2.38412
2.36866
2.35327
2.33795
2.32272
2.30756
2.29249
2.2775
2.26258
2.24775
2.23301
2.21835
2.20378
2.18929
2.1749
2.16059
2.14637
2.13224
2.11821
2.10426
2.09041
2.07665
2.06299
2.04942
2.03594
2.02256
2.00927
1.99608
1.98299
1.96999
1.9571
1.9443
1.93159
1.91899
1.90649
1.89408
1.88178
1.86957
1.85746
1.84546
1.83355
1.82174
1.81004
1.79843
1.78693
1.77553
1.76423
1.75303
1.74193
1.73094
1.72004
1.70925
1.69856
1.68797
1.67748
1.6671
1.65682
1.64664
1.63656
1.62659
1.61671
1.60694
1.59728
1.58771
1.57825
1.56889
1.55963
1.55048
1.54143
1.53249
1.52365
1.51491
1.50628
1.49775
1.35662
1.34804
1.33955
1.33116
1.32287
1.31471
1.30666
1.29875
1.29098
1.28336
1.2759
1.26861
1.2615
1.25457
1.24783
1.2413
1.23498
1.22888
1.22301
1.21738
1.212
1.20687
1.202
1.19741
1.19309
1.18906
1.18533
1.1819
1.17878
1.17597
1.17348
1.17132
1.1695
1.16801
1.16687
1.16607
1.16563
1.16553
1.1658
1.16643
1.16742
1.16877
1.17049
1.17257
1.17502
1.17783
1.18101
1.18455
1.18844
1.1927
1.19731
1.20227
1.20758
1.21323
1.21922
1.22555
1.23221
1.23919
1.24649
1.25411
1.26203
1.27025
1.27876
1.28757
1.29665
1.30601
1.31563
1.32552
1.33566
1.34604
1.35666
1.36751
1.37859
1.38988
1.40138
1.41309
1.42499
1.43708
1.44934
1.46178
1.47439
1.48716
1.50008
1.51315
1.52635
1.53969
1.55315
1.56674
1.58044
1.59424
1.60815
1.62215
1.63625
1.65042
1.66467
1.679
1.69339
1.70784
1.72235
1.73691
1.75152
1.76616
1.78084
1.79555
1.81029
1.82505
1.83982
1.85461
1.8694
1.8842
1.899
1.91379
1.92858
1.94335
1.9581
1.97284
1.98755
2.00223
2.01689
2.0315
2.04608
2.06062
2.07512
2.08956
2.10396
2.1183
2.13259
2.14682
2.16099
2.17509
2.18912
2.20309
2.21699
2.23081
2.24455
2.25822
2.2718
2.28531
2.29873
2.31206
2.3253
2.33845
2.35151
2.36448
2.37735
2.39013
2.4028
2.41538
2.42785
2.44022
2.45248
2.46464
2.47669
2.48864
2.50047
2.51219
2.5238
2.53529
2.54668
2.55794
2.56909
2.58012
2.59103
2.60182
2.61249
2.62303
2.63346
2.64375
2.65392
2.66396
2.67387
2.68365
2.6933
2.70281
2.71218
2.72141
2.7305
2.73944
2.74822
2.75684
2.7653
2.77358
2.78168
2.78957
2.79725
2.80469
2.81186
2.81871
2.82519
2.83123
2.8367
2.84147
2.84529
2.84786
2.84879
2.84761
2.84392
2.83757
2.82872
2.8178
2.80528
2.79161
2.77712
2.76204
2.74655
2.73076
2.71477
2.69863
2.68238
2.66607
2.64972
2.63334
2.61695
2.60058
2.58422
2.56788
2.55158
2.53532
2.5191
2.50292
2.4868
2.47074
2.45474
2.43879
2.42292
2.40711
2.39136
2.37569
2.36009
2.34456
2.32911
2.31374
2.29844
2.28323
2.2681
2.25304
2.23808
2.22319
2.20839
2.19368
2.17906
2.16452
2.15007
2.13572
2.12145
2.10727
2.09319
2.0792
2.0653
2.0515
2.03779
2.02418
2.01065
1.99723
1.98391
1.97068
1.95755
1.94452
1.93158
1.91875
1.90601
1.89338
1.88084
1.8684
1.85607
1.84383
1.8317
1.81966
1.80773
1.7959
1.78418
1.77255
1.76102
1.7496
1.73828
1.72707
1.71595
1.70494
1.69403
1.68322
1.67252
1.66192
1.65142
1.64103
1.63074
1.62055
1.61047
1.60049
1.59061
1.58084
1.57117
1.5616
1.55214
1.54278
1.53353
1.52438
1.51533
1.50639
1.49756
1.48883
1.48021
1.37422
1.36553
1.35693
1.34842
1.34002
1.33173
1.32357
1.31552
1.30762
1.29986
1.29225
1.2848
1.27753
1.27043
1.26353
1.25682
1.25031
1.24402
1.23795
1.23212
1.22652
1.22117
1.21608
1.21125
1.20669
1.20241
1.19842
1.19472
1.19132
1.18823
1.18546
1.183
1.18087
1.17907
1.17761
1.17649
1.17571
1.17528
1.1752
1.17548
1.17611
1.1771
1.17844
1.18015
1.18222
1.18465
1.18743
1.19058
1.19408
1.19794
1.20215
1.2067
1.21161
1.21685
1.22244
1.22836
1.23461
1.24118
1.24807
1.25527
1.26279
1.2706
1.27871
1.28711
1.29579
1.30474
1.31396
1.32345
1.33319
1.34319
1.35342
1.36388
1.37457
1.38548
1.39661
1.40793
1.41946
1.43118
1.44308
1.45516
1.46741
1.47983
1.4924
1.50512
1.51798
1.53098
1.54411
1.55737
1.57074
1.58423
1.59781
1.61151
1.62529
1.63916
1.65311
1.66714
1.68124
1.6954
1.70963
1.72391
1.73824
1.75262
1.76703
1.78149
1.79597
1.81048
1.82501
1.83956
1.85411
1.86868
1.88326
1.89783
1.9124
1.92696
1.94151
1.95605
1.97057
1.98507
1.99954
2.01398
2.02839
2.04276
2.0571
2.0714
2.08565
2.09985
2.114
2.1281
2.14215
2.15613
2.17006
2.18393
2.19772
2.21146
2.22512
2.23871
2.25222
2.26566
2.27902
2.2923
2.3055
2.31862
2.33165
2.34459
2.35745
2.37021
2.38288
2.39546
2.40794
2.42033
2.43262
2.44481
2.4569
2.46889
2.48077
2.49255
2.50423
2.51579
2.52725
2.5386
2.54984
2.56097
2.57198
2.58288
2.59367
2.60433
2.61489
2.62532
2.63563
2.64581
2.65588
2.66582
2.67562
2.6853
2.69485
2.70426
2.71352
2.72265
2.73163
2.74045
2.74911
2.75759
2.7659
2.77401
2.78191
2.78957
2.79697
2.80405
2.81078
2.81708
2.82284
2.82791
2.83211
2.83513
2.83663
2.83616
2.83331
2.82786
2.81986
2.80965
2.79769
2.78442
2.77022
2.75533
2.73996
2.72425
2.70828
2.69213
2.67586
2.6595
2.64309
2.62664
2.61017
2.59371
2.57725
2.56081
2.5444
2.52803
2.51169
2.4954
2.47916
2.46298
2.44685
2.43078
2.41477
2.39883
2.38295
2.36715
2.35141
2.33575
2.32017
2.30466
2.28923
2.27388
2.25861
2.24342
2.22832
2.21329
2.19836
2.18351
2.16875
2.15407
2.13949
2.12499
2.11059
2.09628
2.08206
2.06793
2.05389
2.03995
2.02611
2.01236
1.99871
1.98515
1.97169
1.95833
1.94506
1.9319
1.91883
1.90587
1.893
1.88023
1.86757
1.85501
1.84254
1.83018
1.81792
1.80576
1.7937
1.78175
1.7699
1.75815
1.74651
1.73496
1.72353
1.71219
1.70096
1.68983
1.67881
1.66789
1.65707
1.64636
1.63575
1.62524
1.61484
1.60455
1.59436
1.58427
1.57429
1.56441
1.55464
1.54497
1.53541
1.52594
1.51659
1.50734
1.4982
1.48916
1.48023
1.4714
1.46268
1.39169
1.3829
1.37419
1.36557
1.35705
1.34863
1.34033
1.33216
1.32411
1.31621
1.30845
1.30085
1.29341
1.28615
1.27907
1.27218
1.26549
1.259
1.25273
1.24669
1.24088
1.23531
1.22998
1.22492
1.22011
1.21558
1.21133
1.20737
1.2037
1.20033
1.19726
1.19451
1.19207
1.18997
1.18818
1.18673
1.18562
1.18485
1.18443
1.18435
1.18462
1.18525
1.18623
1.18756
1.18925
1.19129
1.19369
1.19644
1.19955
1.203
1.20681
1.21096
1.21546
1.2203
1.22548
1.23099
1.23682
1.24298
1.24946
1.25625
1.26335
1.27075
1.27845
1.28644
1.29471
1.30326
1.31208
1.32117
1.33051
1.3401
1.34994
1.36002
1.37032
1.38084
1.39159
1.40253
1.41369
1.42503
1.43657
1.44828
1.46017
1.47223
1.48444
1.49681
1.50933
1.52199
1.53478
1.54771
1.56075
1.57391
1.58718
1.60055
1.61402
1.62758
1.64123
1.65496
1.66877
1.68264
1.69658
1.71059
1.72464
1.73875
1.7529
1.76709
1.78131
1.79557
1.80985
1.82416
1.83848
1.85282
1.86717
1.88152
1.89588
1.91023
1.92458
1.93891
1.95324
1.96755
1.98184
1.9961
2.01034
2.02455
2.03873
2.05287
2.06697
2.08103
2.09505
2.10902
2.12295
2.13682
2.15063
2.16439
2.1781
2.19174
2.20531
2.21883
2.23227
2.24564
2.25895
2.27218
2.28533
2.2984
2.3114
2.32432
2.33716
2.34991
2.36258
2.37516
2.38765
2.40005
2.41237
2.42458
2.43671
2.44874
2.46067
2.47251
2.48424
2.49588
2.50741
2.51884
2.53017
2.54139
2.55251
2.56352
2.57441
2.5852
2.59588
2.60644
2.61689
2.62722
2.63743
2.64753
2.6575
2.66734
2.67705
2.68664
2.69609
2.7054
2.71456
2.72358
2.73244
2.74113
2.74964
2.75796
2.76608
2.77396
2.78158
2.7889
2.79588
2.80243
2.80847
2.81386
2.81841
2.82187
2.82391
2.82411
2.82207
2.81751
2.81039
2.80095
2.78961
2.77681
2.76294
2.74829
2.73308
2.71746
2.70154
2.68541
2.66913
2.65274
2.63627
2.61976
2.60322
2.58667
2.57013
2.55359
2.53708
2.5206
2.50415
2.48775
2.47139
2.45509
2.43884
2.42265
2.40651
2.39045
2.37444
2.35851
2.34264
2.32685
2.31114
2.2955
2.27993
2.26445
2.24905
2.23372
2.21848
2.20332
2.18825
2.17327
2.15837
2.14356
2.12884
2.11421
2.09967
2.08522
2.07087
2.05661
2.04244
2.02836
2.01438
2.0005
1.98672
1.97303
1.95943
1.94594
1.93254
1.91925
1.90605
1.89296
1.87996
1.86707
1.85427
1.84158
1.82899
1.81651
1.80412
1.79184
1.77966
1.76758
1.75561
1.74374
1.73198
1.72032
1.70877
1.69731
1.68597
1.67472
1.66358
1.65255
1.64162
1.6308
1.62008
1.60947
1.59896
1.58855
1.57826
1.56807
1.55798
1.548
1.53812
1.52836
1.51869
1.50913
1.49968
1.49033
1.48109
1.47196
1.46293
1.454
1.44519
1.40905
1.40015
1.39132
1.38258
1.37394
1.3654
1.35697
1.34865
1.34047
1.33241
1.3245
1.31674
1.30914
1.30171
1.29445
1.28738
1.2805
1.27382
1.26735
1.2611
1.25507
1.24928
1.24372
1.23842
1.23337
1.22859
1.22408
1.21985
1.2159
1.21225
1.20889
1.20584
1.20311
1.20069
1.19858
1.19681
1.19537
1.19426
1.19348
1.19306
1.19297
1.19323
1.19384
1.1948
1.1961
1.19776
1.19977
1.20213
1.20484
1.2079
1.2113
1.21505
1.21914
1.22357
1.22833
1.23343
1.23885
1.24459
1.25066
1.25703
1.26372
1.27071
1.27799
1.28557
1.29343
1.30157
1.30999
1.31867
1.32761
1.3368
1.34624
1.35592
1.36583
1.37596
1.38632
1.39689
1.40766
1.41863
1.42979
1.44114
1.45266
1.46436
1.47622
1.48823
1.5004
1.51272
1.52517
1.53775
1.55046
1.5633
1.57624
1.5893
1.60245
1.6157
1.62905
1.64248
1.65599
1.66957
1.68322
1.69694
1.71072
1.72455
1.73843
1.75236
1.76633
1.78033
1.79437
1.80843
1.82252
1.83662
1.85074
1.86488
1.87901
1.89316
1.9073
1.92143
1.93556
1.94968
1.96379
1.97788
1.99194
2.00599
2.02
2.03399
2.04795
2.06187
2.07575
2.08959
2.10339
2.11715
2.13085
2.14451
2.15811
2.17166
2.18515
2.19858
2.21195
2.22526
2.23851
2.25168
2.26479
2.27783
2.29079
2.30368
2.3165
2.32924
2.3419
2.35448
2.36698
2.3794
2.39173
2.40397
2.41613
2.4282
2.44018
2.45207
2.46386
2.47557
2.48717
2.49868
2.5101
2.52141
2.53262
2.54373
2.55474
2.56565
2.57645
2.58714
2.59772
2.60819
2.61855
2.62879
2.63892
2.64893
2.65881
2.66857
2.67819
2.68768
2.69703
2.70624
2.71529
2.72419
2.7329
2.74144
2.74977
2.75787
2.76571
2.77327
2.78048
2.78729
2.79361
2.7993
2.8042
2.80809
2.81064
2.81148
2.81022
2.80653
2.8003
2.79168
2.78102
2.76875
2.75528
2.74091
2.72588
2.71039
2.69455
2.67846
2.66218
2.64577
2.62927
2.6127
2.5961
2.57948
2.56285
2.54622
2.52962
2.51303
2.49648
2.47997
2.4635
2.44708
2.43072
2.4144
2.39815
2.38196
2.36583
2.34977
2.33378
2.31786
2.30202
2.28625
2.27056
2.25494
2.2394
2.22395
2.20858
2.19329
2.17808
2.16296
2.14793
2.13299
2.11814
2.10337
2.0887
2.07412
2.05963
2.04524
2.03094
2.01673
2.00262
1.98861
1.97469
1.96087
1.94715
1.93352
1.91999
1.90657
1.89324
1.88002
1.8669
1.85388
1.84096
1.82814
1.81543
1.80282
1.79031
1.77791
1.7656
1.75341
1.74132
1.72933
1.71745
1.70567
1.694
1.68243
1.67097
1.65961
1.64836
1.63722
1.62618
1.61524
1.60442
1.5937
1.58308
1.57257
1.56217
1.55188
1.54169
1.5316
1.52163
1.51176
1.50199
1.49234
1.48279
1.47334
1.46401
1.45478
1.44565
1.43664
1.42773
1.42628
1.41727
1.40832
1.39947
1.3907
1.38202
1.37346
1.36501
1.35667
1.34847
1.3404
1.33248
1.32472
1.31711
1.30968
1.30242
1.29535
1.28847
1.2818
1.27534
1.26909
1.26308
1.25729
1.25175
1.24646
1.24142
1.23665
1.23215
1.22793
1.224
1.22035
1.21701
1.21397
1.21123
1.20881
1.20671
1.20494
1.20349
1.20237
1.20159
1.20115
1.20104
1.20128
1.20186
1.20279
1.20406
1.20568
1.20765
1.20996
1.21262
1.21561
1.21896
1.22264
1.22666
1.23101
1.23569
1.24069
1.24602
1.25167
1.25763
1.26389
1.27047
1.27734
1.2845
1.29195
1.29968
1.30768
1.31595
1.32448
1.33327
1.34231
1.35159
1.3611
1.37085
1.38081
1.39099
1.40138
1.41197
1.42276
1.43373
1.44489
1.45622
1.46772
1.47938
1.4912
1.50316
1.51527
1.52752
1.53989
1.55239
1.56501
1.57774
1.59058
1.60352
1.61656
1.62968
1.64289
1.65618
1.66954
1.68298
1.69648
1.71004
1.72365
1.73731
1.75102
1.76477
1.77855
1.79237
1.80622
1.82009
1.83399
1.84789
1.86181
1.87574
1.88968
1.90361
1.91755
1.93148
1.9454
1.95931
1.97321
1.98708
2.00094
2.01477
2.02858
2.04236
2.0561
2.06982
2.08349
2.09713
2.11072
2.12427
2.13777
2.15123
2.16463
2.17799
2.19129
2.20453
2.21771
2.23083
2.24389
2.25689
2.26982
2.28268
2.29548
2.3082
2.32085
2.33343
2.34594
2.35836
2.37071
2.38298
2.39517
2.40728
2.4193
2.43124
2.4431
2.45486
2.46654
2.47813
2.48962
2.50102
2.51233
2.52355
2.53466
2.54568
2.5566
2.56741
2.57813
2.58874
2.59924
2.60963
2.61991
2.63007
2.64012
2.65004
2.65984
2.66952
2.67905
2.68844
2.69769
2.70678
2.7157
2.72444
2.73298
2.7413
2.74937
2.75715
2.76461
2.77167
2.77826
2.78425
2.7895
2.79378
2.79683
2.79829
2.79777
2.79493
2.7896
2.78182
2.7719
2.76022
2.7472
2.73316
2.71837
2.70303
2.6873
2.67126
2.65501
2.6386
2.62207
2.60547
2.58881
2.57212
2.55541
2.53871
2.52201
2.50533
2.48868
2.47207
2.45549
2.43896
2.42248
2.40605
2.38968
2.37337
2.35712
2.34094
2.32483
2.30879
2.29281
2.27692
2.2611
2.24535
2.22969
2.2141
2.1986
2.18318
2.16785
2.1526
2.13744
2.12236
2.10738
2.09248
2.07768
2.06297
2.04835
2.03382
2.01939
2.00506
1.99082
1.97667
1.96263
1.94868
1.93482
1.92107
1.90742
1.89386
1.88041
1.86706
1.85382
1.84067
1.82763
1.81469
1.80185
1.78912
1.77649
1.76396
1.75154
1.73923
1.72702
1.71491
1.70292
1.69102
1.67923
1.66755
1.65597
1.64451
1.63315
1.62189
1.61074
1.5997
1.58877
1.57794
1.56722
1.55661
1.5461
1.5357
1.52541
1.51523
1.50515
1.49519
1.48532
1.47557
1.46592
1.45639
1.44695
1.43763
1.42841
1.41931
1.41031
1.44338
1.43426
1.42519
1.41621
1.40731
1.39851
1.38981
1.38121
1.37273
1.36438
1.35615
1.34807
1.34013
1.33235
1.32474
1.3173
1.31003
1.30296
1.29608
1.28941
1.28295
1.2767
1.27069
1.26491
1.25937
1.25408
1.24905
1.24429
1.23979
1.23557
1.23164
1.228
1.22465
1.2216
1.21887
1.21644
1.21433
1.21255
1.21108
1.20995
1.20915
1.20868
1.20855
1.20876
1.2093
1.21019
1.21142
1.21299
1.21491
1.21716
1.21976
1.22269
1.22596
1.22957
1.2335
1.23776
1.24235
1.24726
1.25249
1.25803
1.26388
1.27003
1.27648
1.28323
1.29026
1.29757
1.30516
1.31302
1.32114
1.32953
1.33816
1.34703
1.35615
1.36549
1.37507
1.38486
1.39486
1.40507
1.41548
1.42607
1.43686
1.44782
1.45896
1.47026
1.48172
1.49333
1.50509
1.517
1.52904
1.5412
1.55349
1.5659
1.57842
1.59104
1.60376
1.61658
1.62949
1.64249
1.65556
1.66871
1.68192
1.69521
1.70855
1.72194
1.73539
1.74888
1.76242
1.77599
1.7896
1.80324
1.8169
1.83058
1.84429
1.858
1.87173
1.88547
1.8992
1.91294
1.92668
1.94041
1.95413
1.96784
1.98154
1.99522
2.00888
2.02251
2.03612
2.0497
2.06325
2.07677
2.09025
2.10369
2.1171
2.13046
2.14378
2.15705
2.17027
2.18345
2.19657
2.20964
2.22265
2.2356
2.24849
2.26133
2.2741
2.28681
2.29945
2.31203
2.32453
2.33697
2.34934
2.36163
2.37385
2.38599
2.39806
2.41004
2.42195
2.43378
2.44552
2.45718
2.46876
2.48025
2.49165
2.50296
2.51418
2.52531
2.53634
2.54728
2.55812
2.56886
2.5795
2.59004
2.60047
2.61079
2.62099
2.63109
2.64106
2.6509
2.66062
2.6702
2.67964
2.68892
2.69804
2.70698
2.71573
2.72426
2.73255
2.74056
2.74826
2.75557
2.76243
2.76872
2.7743
2.77898
2.78249
2.78453
2.78472
2.78271
2.77826
2.77137
2.76223
2.7512
2.73869
2.72503
2.71052
2.69538
2.67977
2.66382
2.64761
2.63122
2.61468
2.59805
2.58135
2.5646
2.54783
2.53105
2.51427
2.4975
2.48076
2.46405
2.44737
2.43073
2.41414
2.3976
2.38112
2.36469
2.34832
2.33202
2.31579
2.29963
2.28353
2.26751
2.25156
2.2357
2.21991
2.2042
2.18857
2.17302
2.15756
2.14218
2.12689
2.11169
2.09657
2.08155
2.06662
2.05178
2.03703
2.02237
2.00781
1.99335
1.97898
1.96471
1.95053
1.93646
1.92248
1.9086
1.89482
1.88114
1.86757
1.85409
1.84072
1.82745
1.81429
1.80122
1.78827
1.77541
1.76266
1.75002
1.73748
1.72505
1.71272
1.7005
1.68839
1.67638
1.66447
1.65268
1.64099
1.62942
1.61794
1.60658
1.59532
1.58418
1.57313
1.5622
1.55138
1.54066
1.53005
1.51955
1.50916
1.49888
1.48871
1.47864
1.46868
1.45883
1.44909
1.43946
1.42993
1.42051
1.41121
1.40201
1.39292
1.46036
1.45111
1.44192
1.43281
1.42379
1.41485
1.406
1.39726
1.38864
1.38013
1.37174
1.3635
1.35539
1.34744
1.33964
1.33201
1.32455
1.31728
1.3102
1.30331
1.29663
1.29016
1.28391
1.2779
1.27211
1.26657
1.26128
1.25624
1.25147
1.24697
1.24275
1.23881
1.23516
1.2318
1.22875
1.226
1.22356
1.22143
1.21962
1.21814
1.21698
1.21615
1.21564
1.21548
1.21564
1.21615
1.21699
1.21816
1.21968
1.22153
1.22372
1.22625
1.2291
1.2323
1.23582
1.23966
1.24383
1.24832
1.25312
1.25824
1.26367
1.2694
1.27543
1.28175
1.28837
1.29526
1.30244
1.30988
1.31759
1.32556
1.33378
1.34226
1.35097
1.35991
1.36909
1.37849
1.3881
1.39792
1.40795
1.41816
1.42857
1.43916
1.44993
1.46087
1.47197
1.48323
1.49464
1.5062
1.5179
1.52973
1.54168
1.55376
1.56596
1.57827
1.59068
1.60319
1.6158
1.62849
1.64127
1.65413
1.66706
1.68007
1.69314
1.70626
1.71945
1.73268
1.74597
1.75929
1.77266
1.78606
1.79949
1.81296
1.82644
1.83994
1.85346
1.86699
1.88053
1.89408
1.90764
1.92119
1.93473
1.94828
1.96181
1.97533
1.98884
2.00233
2.0158
2.02926
2.04268
2.05608
2.06945
2.08278
2.09609
2.10935
2.12258
2.13577
2.14892
2.16203
2.17509
2.1881
2.20106
2.21397
2.22683
2.23963
2.25238
2.26507
2.2777
2.29027
2.30278
2.31522
2.3276
2.33992
2.35216
2.36434
2.37644
2.38848
2.40044
2.41232
2.42413
2.43586
2.44752
2.45909
2.47058
2.48199
2.49331
2.50454
2.51569
2.52675
2.53771
2.54858
2.55936
2.57004
2.58061
2.59109
2.60145
2.61171
2.62184
2.63186
2.64175
2.65152
2.66114
2.67061
2.67993
2.68907
2.69802
2.70677
2.71528
2.72352
2.73144
2.73901
2.74613
2.75271
2.75862
2.76367
2.76764
2.77023
2.77109
2.76987
2.76631
2.76031
2.75199
2.74167
2.72972
2.7165
2.70232
2.68741
2.67197
2.65613
2.63999
2.62363
2.6071
2.59045
2.57372
2.55692
2.5401
2.52324
2.50639
2.48954
2.47271
2.4559
2.43913
2.42239
2.4057
2.38905
2.37245
2.35592
2.33944
2.32302
2.30667
2.29039
2.27417
2.25803
2.24196
2.22597
2.21006
2.19422
2.17847
2.1628
2.14721
2.13171
2.11629
2.10096
2.08572
2.07057
2.05551
2.04055
2.02567
2.01089
1.9962
1.98161
1.96712
1.95272
1.93842
1.92421
1.91011
1.89611
1.88221
1.8684
1.8547
1.84111
1.82761
1.81422
1.80094
1.78775
1.77467
1.7617
1.74883
1.73607
1.72341
1.71087
1.69842
1.68609
1.67386
1.66174
1.64972
1.63782
1.62602
1.61433
1.60275
1.59128
1.57992
1.56867
1.55752
1.54649
1.53556
1.52474
1.51403
1.50343
1.49294
1.48256
1.47229
1.46212
1.45207
1.44213
1.43229
1.42257
1.41295
1.40344
1.39404
1.38476
1.37558
1.47719
1.46782
1.45851
1.44927
1.44011
1.43103
1.42205
1.41316
1.40438
1.39572
1.38718
1.37876
1.37048
1.36235
1.35437
1.34655
1.3389
1.33143
1.32414
1.31704
1.31014
1.30344
1.29696
1.2907
1.28467
1.27888
1.27333
1.26803
1.26298
1.2582
1.25369
1.24945
1.2455
1.24183
1.23846
1.23538
1.23261
1.23015
1.22799
1.22615
1.22464
1.22344
1.22257
1.22203
1.22181
1.22193
1.22238
1.22316
1.22428
1.22573
1.22751
1.22963
1.23207
1.23485
1.23795
1.24138
1.24513
1.24919
1.25358
1.25827
1.26327
1.26858
1.27419
1.28009
1.28628
1.29275
1.2995
1.30653
1.31383
1.32138
1.32919
1.33726
1.34556
1.35411
1.36288
1.37188
1.3811
1.39053
1.40017
1.41001
1.42004
1.43025
1.44065
1.45122
1.46196
1.47286
1.48392
1.49513
1.50648
1.51798
1.5296
1.54135
1.55322
1.5652
1.5773
1.5895
1.6018
1.6142
1.62668
1.63925
1.6519
1.66462
1.67742
1.69028
1.7032
1.71618
1.72921
1.74229
1.75541
1.76858
1.78178
1.79501
1.80827
1.82156
1.83487
1.8482
1.86155
1.87491
1.88827
1.90164
1.91502
1.92839
1.94176
1.95513
1.96849
1.98184
1.99517
2.00849
2.02179
2.03506
2.04832
2.06155
2.07475
2.08792
2.10107
2.11417
2.12725
2.14028
2.15328
2.16623
2.17914
2.19201
2.20482
2.2176
2.23032
2.24299
2.25561
2.26817
2.28068
2.29313
2.30553
2.31786
2.33013
2.34234
2.35448
2.36656
2.37857
2.39051
2.40238
2.41418
2.42591
2.43756
2.44914
2.46064
2.47206
2.4834
2.49466
2.50583
2.51692
2.52792
2.53882
2.54964
2.56036
2.57098
2.5815
2.59191
2.60221
2.6124
2.62247
2.63241
2.64221
2.65187
2.66138
2.67072
2.67988
2.68883
2.69755
2.70602
2.71418
2.72198
2.72937
2.73623
2.74246
2.74788
2.75229
2.7554
2.7569
2.75644
2.75374
2.74863
2.74117
2.73161
2.72028
2.70756
2.69375
2.67912
2.66388
2.64818
2.63213
2.61582
2.59932
2.58267
2.56591
2.54909
2.53221
2.5153
2.49838
2.48145
2.46454
2.44765
2.43078
2.41395
2.39715
2.3804
2.3637
2.34705
2.33047
2.31394
2.29747
2.28107
2.26474
2.24848
2.2323
2.21619
2.20015
2.1842
2.16832
2.15253
2.13682
2.12119
2.10565
2.09019
2.07483
2.05956
2.04437
2.02928
2.01428
1.99937
1.98456
1.96985
1.95523
1.9407
1.92628
1.91196
1.89773
1.8836
1.86958
1.85566
1.84183
1.82811
1.8145
1.80099
1.78758
1.77428
1.76108
1.74799
1.73501
1.72213
1.70936
1.69669
1.68414
1.67169
1.65935
1.64711
1.63499
1.62297
1.61107
1.59927
1.58758
1.57601
1.56454
1.55318
1.54193
1.53079
1.51976
1.50884
1.49803
1.48734
1.47675
1.46627
1.4559
1.44564
1.43549
1.42546
1.41553
1.40571
1.396
1.38641
1.37692
1.36754
1.35828
1.49388
1.48439
1.47495
1.46558
1.45629
1.44707
1.43794
1.42891
1.41997
1.41115
1.40244
1.39386
1.38541
1.3771
1.36894
1.36093
1.35308
1.3454
1.33791
1.33059
1.32347
1.31655
1.30984
1.30334
1.29706
1.29101
1.2852
1.27963
1.27431
1.26925
1.26445
1.25992
1.25566
1.25168
1.24799
1.24459
1.24149
1.23868
1.23619
1.234
1.23212
1.23057
1.22933
1.22841
1.22781
1.22755
1.22761
1.22799
1.22871
1.22976
1.23113
1.23284
1.23487
1.23723
1.23991
1.24292
1.24624
1.24989
1.25384
1.25811
1.26269
1.26757
1.27275
1.27822
1.28399
1.29004
1.29637
1.30298
1.30985
1.31699
1.32439
1.33204
1.33994
1.34807
1.35644
1.36504
1.37387
1.38291
1.39215
1.4016
1.41125
1.42109
1.43111
1.44132
1.45169
1.46224
1.47294
1.48379
1.4948
1.50595
1.51724
1.52865
1.5402
1.55186
1.56364
1.57553
1.58752
1.59961
1.6118
1.62408
1.63644
1.64888
1.6614
1.67399
1.68665
1.69937
1.71215
1.72497
1.73785
1.75078
1.76375
1.77676
1.7898
1.80288
1.81598
1.8291
1.84225
1.85542
1.8686
1.88179
1.89499
1.90819
1.9214
1.93461
1.94782
1.96103
1.97422
1.98741
2.00058
2.01374
2.02688
2.04
2.0531
2.06618
2.07923
2.09226
2.10525
2.11822
2.13115
2.14404
2.1569
2.16972
2.1825
2.19524
2.20794
2.22059
2.23319
2.24575
2.25826
2.27071
2.28312
2.29547
2.30776
2.32
2.33218
2.3443
2.35636
2.36835
2.38028
2.39215
2.40395
2.41568
2.42734
2.43893
2.45045
2.46189
2.47325
2.48454
2.49574
2.50687
2.5179
2.52885
2.53971
2.55047
2.56114
2.57171
2.58218
2.59253
2.60277
2.61288
2.62287
2.63271
2.64241
2.65194
2.6613
2.67046
2.67939
2.68808
2.69647
2.70452
2.71216
2.7193
2.72584
2.73162
2.73644
2.74006
2.74217
2.74243
2.74056
2.73634
2.72976
2.721
2.71035
2.69817
2.68479
2.67049
2.65549
2.63996
2.62403
2.60779
2.59133
2.5747
2.55794
2.54109
2.52417
2.50721
2.49023
2.47324
2.45625
2.43928
2.42232
2.4054
2.3885
2.37166
2.35486
2.33811
2.32141
2.30478
2.2882
2.27169
2.25525
2.23887
2.22257
2.20634
2.19019
2.17412
2.15812
2.14221
2.12638
2.11063
2.09496
2.07939
2.0639
2.04851
2.0332
2.01798
2.00286
1.98783
1.9729
1.95806
1.94332
1.92868
1.91413
1.89968
1.88533
1.87109
1.85694
1.8429
1.82896
1.81512
1.80138
1.78775
1.77423
1.76081
1.7475
1.73429
1.72119
1.7082
1.69531
1.68253
1.66986
1.6573
1.64484
1.6325
1.62027
1.60815
1.59613
1.58423
1.57244
1.56075
1.54918
1.53772
1.52636
1.51512
1.50399
1.49298
1.48207
1.47127
1.46059
1.45001
1.43955
1.4292
1.41896
1.40883
1.39881
1.3889
1.3791
1.36942
1.35984
1.35038
1.34103
1.51043
1.50081
1.49124
1.48174
1.47231
1.46295
1.45367
1.44449
1.4354
1.42642
1.41755
1.4088
1.40017
1.39168
1.38333
1.37513
1.36709
1.35921
1.3515
1.34397
1.33663
1.32948
1.32254
1.3158
1.30927
1.30297
1.2969
1.29106
1.28547
1.28012
1.27503
1.2702
1.26564
1.26136
1.25735
1.25363
1.25019
1.24705
1.24421
1.24167
1.23944
1.23752
1.23591
1.23462
1.23364
1.23299
1.23266
1.23265
1.23297
1.23361
1.23458
1.23588
1.23749
1.23944
1.2417
1.24428
1.24718
1.2504
1.25393
1.25777
1.26192
1.26637
1.27113
1.27617
1.28151
1.28713
1.29304
1.29922
1.30568
1.3124
1.31938
1.32661
1.33409
1.34182
1.34979
1.35798
1.3664
1.37505
1.3839
1.39296
1.40223
1.41168
1.42133
1.43116
1.44117
1.45135
1.46169
1.4722
1.48285
1.49366
1.5046
1.51569
1.5269
1.53824
1.5497
1.56127
1.57296
1.58475
1.59664
1.60862
1.6207
1.63285
1.6451
1.65741
1.6698
1.68226
1.69478
1.70737
1.72
1.73269
1.74543
1.75821
1.77103
1.78389
1.79678
1.8097
1.82265
1.83563
1.84862
1.86163
1.87466
1.88769
1.90074
1.9138
1.92685
1.93991
1.95297
1.96602
1.97907
1.99211
2.00513
2.01815
2.03115
2.04413
2.05709
2.07003
2.08295
2.09584
2.10871
2.12155
2.13435
2.14713
2.15987
2.17257
2.18524
2.19787
2.21046
2.22301
2.23551
2.24797
2.26039
2.27275
2.28507
2.29733
2.30955
2.32171
2.33381
2.34586
2.35785
2.36978
2.38165
2.39345
2.4052
2.41687
2.42848
2.44002
2.45149
2.46288
2.4742
2.48545
2.49661
2.50769
2.51868
2.52959
2.54041
2.55113
2.56175
2.57226
2.58267
2.59295
2.60311
2.61314
2.62303
2.63275
2.64231
2.65167
2.66081
2.66971
2.67833
2.68661
2.69451
2.70193
2.70877
2.71489
2.72012
2.72421
2.7269
2.72786
2.72678
2.72344
2.71776
2.70983
2.69991
2.68834
2.67544
2.66151
2.64679
2.63146
2.61567
2.59954
2.58314
2.56654
2.54979
2.53293
2.51598
2.49899
2.48195
2.4649
2.44785
2.4308
2.41376
2.39675
2.37977
2.36283
2.34593
2.32908
2.31228
2.29554
2.27886
2.26224
2.24569
2.2292
2.21279
2.19644
2.18018
2.16399
2.14787
2.13184
2.11589
2.10003
2.08424
2.06855
2.05294
2.03743
2.022
2.00666
1.99142
1.97627
1.96122
1.94626
1.9314
1.91663
1.90197
1.8874
1.87293
1.85857
1.8443
1.83014
1.81608
1.80212
1.78827
1.77452
1.76088
1.74735
1.73392
1.72059
1.70738
1.69427
1.68127
1.66838
1.6556
1.64293
1.63036
1.61791
1.60557
1.59334
1.58122
1.56921
1.55731
1.54552
1.53385
1.52228
1.51083
1.49949
1.48826
1.47714
1.46614
1.45524
1.44446
1.43379
1.42324
1.41279
1.40246
1.39224
1.38213
1.37213
1.36225
1.35248
1.34281
1.33327
1.32382
1.52683
1.51708
1.50738
1.49774
1.48817
1.47867
1.46924
1.45991
1.45066
1.44152
1.43248
1.42356
1.41476
1.40609
1.39755
1.38916
1.38092
1.37284
1.36492
1.35718
1.34962
1.34224
1.33506
1.32808
1.32131
1.31475
1.30842
1.30231
1.29644
1.29082
1.28544
1.28032
1.27545
1.27086
1.26653
1.26249
1.25872
1.25525
1.25206
1.24917
1.24659
1.2443
1.24233
1.24066
1.23931
1.23827
1.23755
1.23715
1.23706
1.2373
1.23786
1.23875
1.23995
1.24147
1.24331
1.24548
1.24795
1.25074
1.25385
1.25726
1.26098
1.265
1.26932
1.27393
1.27884
1.28404
1.28952
1.29527
1.3013
1.3076
1.31416
1.32097
1.32804
1.33536
1.34291
1.3507
1.35872
1.36696
1.37542
1.38409
1.39297
1.40204
1.41131
1.42076
1.4304
1.44021
1.4502
1.46034
1.47065
1.4811
1.49171
1.50245
1.51334
1.52435
1.53549
1.54674
1.55812
1.5696
1.58119
1.59288
1.60467
1.61654
1.6285
1.64055
1.65267
1.66487
1.67714
1.68947
1.70186
1.71431
1.72681
1.73937
1.75197
1.76461
1.77729
1.79001
1.80276
1.81554
1.82835
1.84118
1.85403
1.8669
1.87978
1.89268
1.90559
1.9185
1.93142
1.94434
1.95726
1.97018
1.98309
1.996
2.00889
2.02178
2.03465
2.04751
2.06035
2.07317
2.08598
2.09875
2.11151
2.12424
2.13693
2.1496
2.16224
2.17485
2.18742
2.19996
2.21246
2.22492
2.23735
2.24972
2.26206
2.27435
2.2866
2.29879
2.31094
2.32304
2.33509
2.34708
2.35901
2.37089
2.38271
2.39448
2.40618
2.41781
2.42938
2.44088
2.45231
2.46367
2.47496
2.48617
2.4973
2.50834
2.5193
2.53017
2.54094
2.55161
2.56218
2.57264
2.58297
2.59318
2.60324
2.61316
2.6229
2.63246
2.64182
2.65093
2.65977
2.66829
2.67643
2.68412
2.69126
2.69772
2.70333
2.70788
2.71112
2.71274
2.71243
2.70994
2.70515
2.69808
2.68895
2.67803
2.66567
2.65216
2.63776
2.62267
2.60706
2.59105
2.57474
2.55819
2.54146
2.5246
2.50765
2.49062
2.47354
2.45644
2.43932
2.42221
2.40509
2.388
2.37094
2.35391
2.33692
2.31997
2.30308
2.28624
2.26945
2.25273
2.23607
2.21947
2.20295
2.18649
2.17012
2.15381
2.13759
2.12144
2.10537
2.08939
2.07349
2.05768
2.04196
2.02632
2.01078
1.99532
1.97996
1.96469
1.94952
1.93444
1.91946
1.90458
1.88979
1.87511
1.86052
1.84604
1.83166
1.81738
1.8032
1.78913
1.77516
1.76129
1.74754
1.73389
1.72035
1.70691
1.69358
1.68036
1.66725
1.65425
1.64136
1.62858
1.61591
1.60335
1.5909
1.57856
1.56633
1.55422
1.54222
1.53033
1.51855
1.50688
1.49533
1.48389
1.47256
1.46135
1.45024
1.43926
1.42838
1.41762
1.40697
1.39643
1.38601
1.3757
1.3655
1.35541
1.34544
1.33558
1.32584
1.3162
1.30668
1.54307
1.53319
1.52336
1.51358
1.50387
1.49422
1.48465
1.47516
1.46576
1.45645
1.44725
1.43816
1.42918
1.42033
1.4116
1.40302
1.39458
1.38629
1.37817
1.37021
1.36242
1.35482
1.3474
1.34018
1.33316
1.32635
1.31976
1.31339
1.30724
1.30133
1.29567
1.29025
1.28509
1.28018
1.27555
1.27117
1.26708
1.26327
1.25974
1.2565
1.25356
1.25092
1.24857
1.24653
1.2448
1.24338
1.24227
1.24147
1.24099
1.24082
1.24098
1.24145
1.24223
1.24334
1.24476
1.2465
1.24855
1.25091
1.25358
1.25657
1.25985
1.26344
1.26733
1.27151
1.27599
1.28075
1.2858
1.29113
1.29673
1.3026
1.30874
1.31513
1.32178
1.32868
1.33582
1.3432
1.35082
1.35865
1.36672
1.37499
1.38348
1.39216
1.40105
1.41013
1.41939
1.42883
1.43845
1.44824
1.45819
1.4683
1.47856
1.48896
1.49951
1.51019
1.52101
1.53195
1.54301
1.55419
1.56547
1.57687
1.58836
1.59995
1.61164
1.62341
1.63526
1.6472
1.65921
1.67129
1.68343
1.69564
1.70791
1.72024
1.73262
1.74504
1.75752
1.77003
1.78258
1.79517
1.80779
1.82044
1.83312
1.84582
1.85854
1.87128
1.88404
1.89681
1.90959
1.92238
1.93517
1.94797
1.96077
1.97356
1.98636
1.99915
2.01193
2.0247
2.03747
2.05022
2.06295
2.07567
2.08837
2.10105
2.11371
2.12635
2.13896
2.15154
2.1641
2.17662
2.18912
2.20158
2.21401
2.2264
2.23875
2.25107
2.26334
2.27558
2.28777
2.29991
2.31201
2.32406
2.33607
2.34801
2.35991
2.37175
2.38354
2.39527
2.40694
2.41854
2.43008
2.44156
2.45296
2.4643
2.47556
2.48674
2.49783
2.50885
2.51977
2.5306
2.54132
2.55195
2.56245
2.57283
2.58308
2.59317
2.60311
2.61287
2.62242
2.63174
2.6408
2.64955
2.65794
2.6659
2.67332
2.68011
2.68609
2.69108
2.69484
2.69708
2.69751
2.69586
2.69195
2.68576
2.67744
2.66723
2.65546
2.64242
2.62839
2.61358
2.59818
2.58233
2.56612
2.54964
2.53296
2.51611
2.49916
2.48211
2.465
2.44786
2.43069
2.4135
2.39633
2.37916
2.36202
2.34491
2.32783
2.31079
2.2938
2.27686
2.25998
2.24315
2.22639
2.20969
2.19306
2.1765
2.16001
2.1436
2.12726
2.111
2.09482
2.07873
2.06272
2.04679
2.03095
2.0152
1.99954
1.98397
1.96849
1.9531
1.93781
1.92262
1.90752
1.89252
1.87762
1.86282
1.84812
1.83352
1.81902
1.80462
1.79033
1.77614
1.76206
1.74808
1.73421
1.72045
1.70679
1.69324
1.6798
1.66647
1.65325
1.64014
1.62714
1.61425
1.60147
1.58881
1.57625
1.56381
1.55148
1.53926
1.52716
1.51516
1.50329
1.49152
1.47987
1.46833
1.4569
1.44559
1.43439
1.42331
1.41234
1.40148
1.39074
1.38012
1.3696
1.3592
1.34891
1.33874
1.32868
1.31874
1.30891
1.29919
1.28959
1.55916
1.54915
1.53918
1.52927
1.51941
1.50962
1.49989
1.49025
1.48069
1.47122
1.46185
1.45258
1.44342
1.43439
1.42548
1.4167
1.40806
1.39957
1.39123
1.38306
1.37505
1.36722
1.35957
1.3521
1.34484
1.33777
1.33092
1.32428
1.31787
1.31168
1.30572
1.30001
1.29455
1.28933
1.28438
1.27969
1.27527
1.27112
1.26725
1.26367
1.26037
1.25737
1.25465
1.25224
1.25013
1.24832
1.24682
1.24563
1.24475
1.24418
1.24393
1.24398
1.24436
1.24504
1.24604
1.24735
1.24898
1.25091
1.25315
1.2557
1.25856
1.26171
1.26517
1.26892
1.27296
1.27729
1.2819
1.2868
1.29197
1.29741
1.30312
1.30909
1.31532
1.3218
1.32853
1.3355
1.3427
1.35013
1.35779
1.36567
1.37376
1.38206
1.39056
1.39925
1.40814
1.41721
1.42646
1.43589
1.44548
1.45524
1.46515
1.47522
1.48543
1.49578
1.50627
1.51689
1.52764
1.53851
1.54949
1.56059
1.57179
1.58309
1.5945
1.60599
1.61758
1.62925
1.641
1.65283
1.66473
1.6767
1.68874
1.70084
1.71299
1.7252
1.73747
1.74977
1.76213
1.77452
1.78696
1.79943
1.81193
1.82446
1.83702
1.84961
1.86221
1.87484
1.88748
1.90013
1.9128
1.92548
1.93816
1.95085
1.96354
1.97624
1.98893
2.00162
2.0143
2.02698
2.03965
2.05231
2.06496
2.07759
2.09021
2.10281
2.11539
2.12795
2.14048
2.153
2.16549
2.17795
2.19038
2.20278
2.21516
2.22749
2.2398
2.25207
2.26429
2.27649
2.28864
2.30075
2.31281
2.32483
2.3368
2.34872
2.36059
2.37241
2.38418
2.39588
2.40753
2.41912
2.43064
2.44209
2.45348
2.46479
2.47603
2.48718
2.49825
2.50923
2.52011
2.53089
2.54157
2.55212
2.56254
2.57282
2.58294
2.59289
2.60264
2.61217
2.62145
2.63043
2.63906
2.64727
2.65498
2.66208
2.66842
2.67383
2.67809
2.68092
2.68205
2.6812
2.67816
2.67286
2.66538
2.65593
2.64479
2.63228
2.61866
2.60418
2.58903
2.57335
2.55728
2.54089
2.52427
2.50746
2.49051
2.47346
2.45633
2.43915
2.42193
2.4047
2.38746
2.37023
2.35302
2.33583
2.31867
2.30154
2.28446
2.26743
2.25045
2.23353
2.21666
2.19986
2.18313
2.16646
2.14987
2.13334
2.1169
2.10053
2.08424
2.06804
2.05191
2.03587
2.01992
2.00406
1.98828
1.9726
1.957
1.94151
1.9261
1.91079
1.89558
1.88046
1.86545
1.85053
1.83571
1.821
1.80639
1.79188
1.77747
1.76317
1.74898
1.73489
1.7209
1.70703
1.69326
1.6796
1.66605
1.65261
1.63928
1.62606
1.61295
1.59996
1.58707
1.5743
1.56164
1.54909
1.53666
1.52434
1.51213
1.50004
1.48806
1.47619
1.46444
1.45281
1.44128
1.42988
1.41859
1.40741
1.39635
1.3854
1.37457
1.36385
1.35325
1.34276
1.33238
1.32213
1.31198
1.30195
1.29204
1.28224
1.27255
1.57508
1.56494
1.55484
1.54478
1.53478
1.52484
1.51496
1.50516
1.49544
1.48581
1.47627
1.46683
1.45749
1.44827
1.43917
1.4302
1.42136
1.41267
1.40412
1.39573
1.3875
1.37944
1.37155
1.36385
1.35634
1.34902
1.3419
1.335
1.32831
1.32184
1.3156
1.3096
1.30383
1.29831
1.29304
1.28803
1.28328
1.2788
1.27459
1.27066
1.26701
1.26365
1.26057
1.25778
1.25529
1.2531
1.25121
1.24963
1.24835
1.24738
1.24671
1.24636
1.24632
1.24658
1.24716
1.24804
1.24924
1.25075
1.25256
1.25467
1.25709
1.25981
1.26283
1.26614
1.26975
1.27364
1.27782
1.28229
1.28703
1.29204
1.29732
1.30286
1.30867
1.31473
1.32104
1.32759
1.33438
1.3414
1.34866
1.35613
1.36383
1.37173
1.37984
1.38816
1.39666
1.40536
1.41424
1.42331
1.43254
1.44194
1.45151
1.46123
1.4711
1.48112
1.49129
1.50158
1.51201
1.52257
1.53325
1.54405
1.55496
1.56598
1.5771
1.58832
1.59963
1.61104
1.62253
1.63411
1.64576
1.6575
1.6693
1.68117
1.6931
1.70509
1.71714
1.72925
1.74141
1.75361
1.76586
1.77815
1.79047
1.80284
1.81523
1.82766
1.84012
1.8526
1.8651
1.87762
1.89017
1.90272
1.91529
1.92787
1.94047
1.95306
1.96567
1.97827
1.99088
2.00348
2.01609
2.02869
2.04128
2.05386
2.06644
2.079
2.09155
2.10408
2.1166
2.1291
2.14158
2.15404
2.16648
2.17889
2.19128
2.20364
2.21597
2.22827
2.24054
2.25278
2.26498
2.27714
2.28927
2.30135
2.31339
2.32539
2.33735
2.34925
2.36111
2.37292
2.38467
2.39636
2.408
2.41957
2.43108
2.44252
2.45389
2.46518
2.4764
2.48753
2.49856
2.5095
2.52033
2.53105
2.54164
2.5521
2.56241
2.57255
2.58249
2.59223
2.60171
2.61092
2.61978
2.62825
2.63624
2.64364
2.65033
2.65614
2.66088
2.66428
2.66607
2.66599
2.6638
2.65938
2.65277
2.64411
2.63366
2.62172
2.60856
2.59445
2.57958
2.56412
2.54821
2.53194
2.51539
2.49864
2.48171
2.46467
2.44753
2.43032
2.41307
2.39579
2.3785
2.36121
2.34393
2.32666
2.30943
2.29222
2.27506
2.25794
2.24086
2.22385
2.20689
2.18999
2.17315
2.15638
2.13969
2.12306
2.10651
2.09003
2.07364
2.05732
2.04109
2.02494
2.00888
1.9929
1.97701
1.96122
1.94551
1.9299
1.91439
1.89896
1.88364
1.86841
1.85328
1.83825
1.82332
1.80849
1.79377
1.77915
1.76463
1.75021
1.73591
1.72171
1.70761
1.69363
1.67975
1.66598
1.65232
1.63877
1.62534
1.61201
1.59879
1.58569
1.5727
1.55982
1.54706
1.53441
1.52187
1.50945
1.49715
1.48495
1.47287
1.46091
1.44906
1.43733
1.42571
1.41421
1.40283
1.39156
1.3804
1.36936
1.35844
1.34764
1.33695
1.32637
1.31591
1.30557
1.29534
1.28523
1.27523
1.26535
1.25558
1.59084
1.58056
1.57032
1.56013
1.54998
1.53989
1.52986
1.5199
1.51002
1.50022
1.49051
1.4809
1.47138
1.46198
1.45269
1.44352
1.43449
1.42558
1.41683
1.40822
1.39977
1.39148
1.38336
1.37541
1.36765
1.36008
1.35271
1.34554
1.33858
1.33183
1.32531
1.31901
1.31294
1.30712
1.30153
1.2962
1.29113
1.28632
1.28176
1.27748
1.27348
1.26976
1.26632
1.26316
1.26029
1.25772
1.25544
1.25346
1.25179
1.25041
1.24934
1.24858
1.24812
1.24796
1.24812
1.24858
1.24935
1.25042
1.2518
1.25348
1.25546
1.25775
1.26033
1.2632
1.26637
1.26983
1.27357
1.2776
1.2819
1.28648
1.29133
1.29645
1.30183
1.30746
1.31335
1.31948
1.32586
1.33247
1.33932
1.34639
1.35369
1.3612
1.36892
1.37684
1.38497
1.39329
1.4018
1.41049
1.41936
1.42841
1.43762
1.447
1.45654
1.46622
1.47605
1.48603
1.49614
1.50639
1.51676
1.52726
1.53787
1.5486
1.55944
1.57038
1.58143
1.59257
1.6038
1.61513
1.62654
1.63803
1.64959
1.66123
1.67295
1.68472
1.69656
1.70846
1.72042
1.73243
1.74449
1.7566
1.76876
1.78095
1.79319
1.80546
1.81776
1.8301
1.84247
1.85486
1.86727
1.87971
1.89217
1.90464
1.91713
1.92963
1.94214
1.95467
1.96719
1.97973
1.99227
2.0048
2.01734
2.02988
2.04241
2.05493
2.06745
2.07996
2.09246
2.10495
2.11742
2.12988
2.14232
2.15474
2.16714
2.17952
2.19188
2.20421
2.21652
2.2288
2.24105
2.25326
2.26545
2.2776
2.28971
2.30178
2.31382
2.32581
2.33775
2.34966
2.36151
2.37331
2.38506
2.39675
2.40838
2.41994
2.43144
2.44287
2.45422
2.4655
2.47668
2.48777
2.49877
2.50965
2.52041
2.53104
2.54153
2.55185
2.56199
2.57193
2.58162
2.59104
2.60014
2.60885
2.61711
2.62481
2.63184
2.63804
2.64322
2.64716
2.64959
2.65024
2.64887
2.64534
2.63959
2.63176
2.62204
2.61072
2.59808
2.58438
2.56983
2.55463
2.5389
2.52277
2.50633
2.48964
2.47276
2.45573
2.4386
2.42138
2.4041
2.38678
2.36945
2.3521
2.33476
2.31743
2.30012
2.28283
2.26559
2.24838
2.23123
2.21412
2.19707
2.18007
2.16314
2.14627
2.12947
2.11275
2.09609
2.07951
2.06301
2.04659
2.03025
2.014
1.99782
1.98174
1.96574
1.94984
1.93402
1.9183
1.90267
1.88714
1.8717
1.85636
1.84112
1.82598
1.81094
1.796
1.78116
1.76643
1.7518
1.73728
1.72286
1.70855
1.69435
1.68025
1.66627
1.65239
1.63862
1.62497
1.61142
1.59799
1.58467
1.57146
1.55837
1.54539
1.53252
1.51977
1.50713
1.49461
1.4822
1.46991
1.45774
1.44567
1.43373
1.4219
1.41019
1.3986
1.38712
1.37576
1.36451
1.35338
1.34237
1.33148
1.3207
1.31004
1.29949
1.28907
1.27875
1.26856
1.25848
1.24852
1.23867
1.60643
1.59602
1.58564
1.5753
1.56501
1.55477
1.54459
1.53447
1.52442
1.51446
1.50458
1.49479
1.48509
1.4755
1.46603
1.45667
1.44743
1.43832
1.42935
1.42053
1.41185
1.40334
1.39498
1.3868
1.37879
1.37097
1.36334
1.3559
1.34867
1.34164
1.33483
1.32824
1.32188
1.31575
1.30986
1.30421
1.29881
1.29366
1.28877
1.28415
1.27979
1.27571
1.2719
1.26838
1.26513
1.26218
1.25952
1.25714
1.25507
1.25329
1.25181
1.25063
1.24976
1.24919
1.24892
1.24896
1.2493
1.24994
1.25088
1.25213
1.25367
1.25552
1.25766
1.2601
1.26283
1.26585
1.26915
1.27274
1.27661
1.28075
1.28517
1.28985
1.2948
1.30001
1.30547
1.31119
1.31714
1.32334
1.32978
1.33645
1.34334
1.35045
1.35778
1.36531
1.37306
1.381
1.38913
1.39746
1.40597
1.41465
1.42352
1.43254
1.44174
1.45108
1.46059
1.47024
1.48003
1.48996
1.50003
1.51022
1.52054
1.53098
1.54154
1.5522
1.56298
1.57385
1.58483
1.5959
1.60706
1.61831
1.62964
1.64105
1.65254
1.6641
1.67573
1.68743
1.69919
1.71101
1.72288
1.73481
1.74679
1.75882
1.77089
1.78301
1.79516
1.80736
1.81958
1.83185
1.84414
1.85645
1.86879
1.88116
1.89355
1.90596
1.91838
1.93082
1.94327
1.95573
1.9682
1.98068
1.99316
2.00565
2.01814
2.03062
2.04311
2.05559
2.06807
2.08055
2.09301
2.10546
2.11791
2.13034
2.14275
2.15516
2.16754
2.1799
2.19224
2.20456
2.21686
2.22912
2.24137
2.25358
2.26576
2.2779
2.29001
2.30209
2.31412
2.32612
2.33807
2.34997
2.36183
2.37363
2.38538
2.39707
2.4087
2.42026
2.43175
2.44316
2.45449
2.46574
2.47688
2.48793
2.49885
2.50966
2.52032
2.53083
2.54115
2.55128
2.56118
2.57082
2.58014
2.58909
2.59761
2.60561
2.61296
2.61954
2.62515
2.6296
2.63263
2.63398
2.63341
2.63073
2.62587
2.61888
2.60993
2.59928
2.5872
2.57395
2.55977
2.54485
2.52935
2.51339
2.49707
2.48047
2.46365
2.44666
2.42953
2.41231
2.39502
2.37767
2.3603
2.3429
2.32551
2.30811
2.29074
2.27339
2.25606
2.23878
2.22154
2.20435
2.1872
2.17012
2.15309
2.13613
2.11924
2.10241
2.08566
2.06898
2.05237
2.03585
2.0194
2.00304
1.98676
1.97057
1.95447
1.93845
1.92253
1.9067
1.89096
1.87532
1.85978
1.84433
1.82898
1.81373
1.79858
1.78353
1.76858
1.75374
1.739
1.72437
1.70984
1.69543
1.68112
1.66691
1.65281
1.63883
1.62496
1.6112
1.59755
1.58401
1.57058
1.55728
1.54408
1.531
1.51803
1.50517
1.49244
1.47981
1.46731
1.45492
1.44264
1.43049
1.41845
1.40653
1.39472
1.38303
1.37146
1.36001
1.34868
1.33746
1.32636
1.31538
1.30452
1.29377
1.28314
1.27263
1.26224
1.25196
1.2418
1.23176
1.22183
1.62185
1.6113
1.60078
1.5903
1.57986
1.56947
1.55913
1.54886
1.53865
1.52852
1.51846
1.5085
1.49862
1.48885
1.47918
1.46963
1.46019
1.45087
1.44169
1.43265
1.42376
1.41501
1.40643
1.398
1.38975
1.38168
1.37379
1.36609
1.35858
1.35128
1.34418
1.3373
1.33064
1.32421
1.31801
1.31204
1.30632
1.30084
1.29561
1.29065
1.28594
1.2815
1.27733
1.27344
1.26982
1.26648
1.26343
1.26067
1.2582
1.25602
1.25413
1.25254
1.25126
1.25027
1.24957
1.24918
1.24909
1.2493
1.24981
1.25062
1.25173
1.25314
1.25484
1.25684
1.25913
1.2617
1.26457
1.26772
1.27115
1.27485
1.27883
1.28308
1.2876
1.29238
1.29742
1.30271
1.30825
1.31403
1.32005
1.32631
1.3328
1.33951
1.34644
1.35358
1.36094
1.3685
1.37626
1.38421
1.39235
1.40068
1.40919
1.41786
1.42671
1.43572
1.44489
1.45422
1.46369
1.47331
1.48306
1.49295
1.50298
1.51313
1.5234
1.53378
1.54428
1.55489
1.56561
1.57643
1.58734
1.59835
1.60945
1.62063
1.63189
1.64324
1.65466
1.66615
1.67771
1.68934
1.70103
1.71278
1.72458
1.73645
1.74836
1.76032
1.77232
1.78437
1.79646
1.80859
1.82076
1.83296
1.84519
1.85745
1.86973
1.88204
1.89438
1.90673
1.9191
1.93149
1.9439
1.95632
1.96875
1.98118
1.99363
2.00608
2.01854
2.03099
2.04345
2.05591
2.06836
2.08082
2.09326
2.1057
2.11813
2.13055
2.14295
2.15534
2.16772
2.18008
2.19242
2.20474
2.21703
2.22931
2.24155
2.25377
2.26596
2.27811
2.29023
2.30232
2.31436
2.32637
2.33833
2.35024
2.36211
2.37392
2.38567
2.39736
2.40898
2.42053
2.43201
2.4434
2.4547
2.4659
2.47699
2.48796
2.4988
2.50948
2.51999
2.53032
2.54042
2.55026
2.5598
2.569
2.57777
2.58605
2.59372
2.60065
2.60668
2.61161
2.61521
2.61723
2.61742
2.61558
2.61159
2.60546
2.59732
2.58738
2.5759
2.56316
2.54939
2.53479
2.51954
2.50378
2.48761
2.47112
2.45437
2.43743
2.42033
2.40312
2.38582
2.36846
2.35105
2.33362
2.31618
2.29873
2.28129
2.26388
2.24648
2.22912
2.2118
2.19453
2.1773
2.16013
2.14302
2.12596
2.10897
2.09205
2.0752
2.05842
2.04172
2.02509
2.00855
1.99208
1.9757
1.9594
1.9432
1.92708
1.91105
1.89511
1.87927
1.86352
1.84786
1.83231
1.81685
1.80149
1.78623
1.77108
1.75602
1.74107
1.72623
1.71149
1.69686
1.68233
1.66791
1.6536
1.6394
1.62531
1.61133
1.59746
1.58371
1.57007
1.55654
1.54313
1.52983
1.51665
1.50358
1.49063
1.47779
1.46507
1.45246
1.43998
1.42761
1.41536
1.40322
1.39121
1.37931
1.36753
1.35587
1.34433
1.33291
1.3216
1.31041
1.29935
1.28839
1.27756
1.26685
1.25626
1.24578
1.23543
1.22519
1.21507
1.20506
