-1.24639
-1.24024
-1.23404
-1.2278
-1.22151
-1.21518
-1.20881
-1.20241
-1.19596
-1.18947
-1.18294
-1.17638
-1.16978
-1.16314
-1.15646
-1.14974
-1.143
-1.13621
-1.1294
-1.12255
-1.11566
-1.10875
-1.10181
-1.09483
-1.08784
-1.08081
-1.07376
-1.06668
-1.05958
-1.05245
-1.04531
-1.03815
-1.03097
-1.02377
-1.01656
-1.00934
-1.0021
-0.994857
-0.987604
-0.980347
-0.973085
-0.965821
-0.95856
-0.951303
-0.944051
-0.936807
-0.929574
-0.922355
-0.915152
-0.907967
-0.900805
-0.893668
-0.886558
-0.87948
-0.872436
-0.86543
-0.858464
-0.851542
-0.84467
-0.837849
-0.831084
-0.824379
-0.817738
-0.811164
-0.80466
-0.798234
-0.791888
-0.785626
-0.779454
-0.773376
-0.767395
-0.76152
-0.755749
-0.750091
-0.744549
-0.73913
-0.733837
-0.728676
-0.723652
-0.71877
-0.714034
-0.709451
-0.705026
-0.700761
-0.696662
-0.692737
-0.688987
-0.685419
-0.682039
-0.67885
-0.675857
-0.673067
-0.670482
-0.668106
-0.665945
-0.664001
-0.662282
-0.660789
-0.65953
-0.658502
-0.657711
-0.657162
-0.656856
-0.656797
-0.656987
-0.657429
-0.658123
-0.659073
-0.660277
-0.661741
-0.663461
-0.66544
-0.66768
-0.670181
-0.672937
-0.675952
-0.679223
-0.682751
-0.686532
-0.690566
-0.69485
-0.699382
-0.704158
-0.709177
-0.714436
-0.71993
-0.725657
-0.731611
-0.737791
-0.744193
-0.750809
-0.757638
-0.764673
-0.771912
-0.779349
-0.786979
-0.794799
-0.802802
-0.810986
-0.819341
-0.827868
-0.836557
-0.845409
-0.854414
-0.863569
-0.87287
-0.882311
-0.891889
-0.901598
-0.911433
-0.921391
-0.931465
-0.941652
-0.951948
-0.962353
-0.972856
-0.983456
-0.994149
-1.00493
-1.01579
-1.02674
-1.03776
-1.04885
-1.06002
-1.07124
-1.08253
-1.09388
-1.10527
-1.11671
-1.12819
-1.1397
-1.15123
-1.16278
-1.17433
-1.18587
-1.19737
-1.2088
-1.22012
-1.23124
-1.24204
-1.25231
-1.26164
-1.26941
-1.27473
-1.27707
-1.27678
-1.27472
-1.27165
-1.26802
-1.26409
-1.26001
-1.25587
-1.2517
-1.24757
-1.24347
-1.23944
-1.23548
-1.23161
-1.22782
-1.22413
-1.22053
-1.21703
-1.21363
-1.21033
-1.20714
-1.20405
-1.20106
-1.19818
-1.1954
-1.19273
-1.19017
-1.18771
-1.18535
-1.1831
-1.18095
-1.1789
-1.17695
-1.1751
-1.17335
-1.1717
-1.17014
-1.16867
-1.1673
-1.16602
-1.16483
-1.16372
-1.16271
-1.16177
-1.16092
-1.16016
-1.15947
-1.15886
-1.15832
-1.15786
-1.15747
-1.15714
-1.15688
-1.15668
-1.15655
-1.15648
-1.15646
-1.15651
-1.1566
-1.15674
-1.15694
-1.15718
-1.15746
-1.15779
-1.15816
-1.15856
-1.159
-1.15946
-1.15996
-1.16049
-1.16104
-1.16162
-1.16221
-1.16283
-1.16346
-1.1641
-1.16476
-1.16542
-1.1661
-1.16678
-1.16746
-1.16814
-1.16883
-1.16951
-1.17018
-1.17085
-1.17151
-1.17216
-1.17279
-1.17341
-1.17402
-1.1746
-1.17517
-1.17571
-1.17623
-1.17672
-1.17719
-1.17763
-1.17804
-1.17842
-1.17877
-1.17908
-1.17935
-1.17959
-1.17979
-1.17995
-1.18007
-1.18014
-1.18017
-1.18016
-1.1801
-1.17999
-1.17984
-1.17963
-1.17938
-1.17907
-1.17872
-1.24887
-1.24284
-1.23675
-1.23062
-1.22445
-1.21824
-1.21199
-1.20569
-1.19935
-1.19297
-1.18655
-1.18009
-1.17359
-1.16705
-1.16047
-1.15386
-1.1472
-1.14051
-1.13379
-1.12703
-1.12023
-1.1134
-1.10654
-1.09964
-1.09272
-1.08577
-1.07878
-1.07177
-1.06473
-1.05767
-1.05058
-1.04347
-1.03634
-1.02919
-1.02202
-1.01483
-1.00763
-1.00041
-0.993183
-0.985946
-0.9787
-0.971446
-0.964191
-0.956935
-0.949679
-0.942427
-0.93518
-0.927941
-0.920715
-0.913501
-0.906304
-0.899125
-0.89197
-0.884839
-0.877738
-0.870669
-0.863635
-0.856639
-0.849687
-0.84278
-0.835923
-0.82912
-0.822376
-0.815693
-0.809076
-0.802528
-0.796054
-0.789661
-0.78335
-0.777127
-0.770996
-0.764964
-0.759033
-0.753208
-0.747495
-0.741899
-0.736424
-0.731077
-0.725861
-0.720782
-0.715846
-0.711057
-0.706421
-0.701945
-0.69763
-0.693483
-0.68951
-0.685716
-0.682106
-0.678685
-0.675461
-0.672433
-0.66961
-0.666995
-0.664593
-0.662409
-0.660448
-0.658715
-0.657214
-0.655948
-0.65492
-0.654134
-0.65359
-0.653298
-0.653257
-0.65347
-0.653938
-0.654666
-0.655651
-0.6569
-0.658412
-0.660185
-0.662225
-0.664531
-0.6671
-0.669932
-0.673026
-0.676382
-0.679998
-0.683873
-0.688004
-0.69239
-0.697028
-0.701914
-0.707046
-0.712421
-0.718036
-0.723888
-0.729968
-0.736276
-0.742807
-0.749556
-0.756519
-0.763692
-0.771069
-0.778646
-0.786418
-0.794381
-0.802528
-0.810853
-0.819354
-0.828026
-0.836865
-0.845862
-0.855016
-0.864319
-0.873767
-0.883357
-0.893083
-0.90294
-0.912924
-0.92303
-0.933254
-0.943591
-0.954039
-0.964593
-0.975249
-0.986002
-0.996847
-1.00778
-1.01881
-1.02991
-1.0411
-1.05236
-1.06369
-1.07509
-1.08656
-1.09808
-1.10967
-1.12131
-1.133
-1.14473
-1.15651
-1.16832
-1.18016
-1.19202
-1.20389
-1.21574
-1.22755
-1.23924
-1.25072
-1.2617
-1.27148
-1.27823
-1.2799
-1.27776
-1.27404
-1.26973
-1.26521
-1.26063
-1.25605
-1.25152
-1.24706
-1.24267
-1.23838
-1.23418
-1.23008
-1.22608
-1.22219
-1.2184
-1.21472
-1.21115
-1.20769
-1.20434
-1.20109
-1.19796
-1.19493
-1.19201
-1.1892
-1.1865
-1.1839
-1.18141
-1.17902
-1.17674
-1.17457
-1.17249
-1.17052
-1.16864
-1.16687
-1.16519
-1.16361
-1.16211
-1.16071
-1.15941
-1.15819
-1.15706
-1.15602
-1.15506
-1.15418
-1.15339
-1.15267
-1.15203
-1.15146
-1.15096
-1.15053
-1.15017
-1.14987
-1.14964
-1.14947
-1.14935
-1.1493
-1.1493
-1.14935
-1.14945
-1.14959
-1.14978
-1.15002
-1.15029
-1.1506
-1.15095
-1.15133
-1.15175
-1.15219
-1.15265
-1.15314
-1.15366
-1.15419
-1.15474
-1.1553
-1.15588
-1.15646
-1.15706
-1.15766
-1.15827
-1.15887
-1.15948
-1.16009
-1.16069
-1.16129
-1.16187
-1.16245
-1.16302
-1.16357
-1.1641
-1.16462
-1.16512
-1.1656
-1.16605
-1.16648
-1.16689
-1.16727
-1.16762
-1.16793
-1.16822
-1.16847
-1.16869
-1.16887
-1.16901
-1.16912
-1.16918
-1.1692
-1.16918
-1.16912
-1.16901
-1.16885
-1.16865
-1.1684
-1.16809
-1.16774
-1.16734
-1.16688
-1.25117
-1.24526
-1.23929
-1.23328
-1.22723
-1.22113
-1.21499
-1.20881
-1.20258
-1.19631
-1.19
-1.18365
-1.17725
-1.17082
-1.16434
-1.15782
-1.15127
-1.14468
-1.13804
-1.13137
-1.12467
-1.11792
-1.11114
-1.10433
-1.09749
-1.09061
-1.0837
-1.07676
-1.06978
-1.06278
-1.05575
-1.0487
-1.04162
-1.03452
-1.02739
-1.02025
-1.01308
-1.0059
-0.998695
-0.991481
-0.984254
-0.977014
-0.96977
-0.962517
-0.955261
-0.948004
-0.940747
-0.933493
-0.926244
-0.919004
-0.911776
-0.904561
-0.897362
-0.890184
-0.883028
-0.875899
-0.8688
-0.861733
-0.854703
-0.847714
-0.840769
-0.833872
-0.827027
-0.820237
-0.813508
-0.80684
-0.800241
-0.793717
-0.787269
-0.780904
-0.774626
-0.768441
-0.76235
-0.756362
-0.750479
-0.744707
-0.739052
-0.733519
-0.728113
-0.722839
-0.717703
-0.712709
-0.707865
-0.703174
-0.698643
-0.694276
-0.69008
-0.686057
-0.682218
-0.678567
-0.675105
-0.671841
-0.668778
-0.665922
-0.663279
-0.660852
-0.658648
-0.656672
-0.654929
-0.653418
-0.652148
-0.65112
-0.65034
-0.64981
-0.649532
-0.649512
-0.64975
-0.650252
-0.651016
-0.652045
-0.653343
-0.654907
-0.656743
-0.658847
-0.661221
-0.663865
-0.666776
-0.669957
-0.673402
-0.677112
-0.681085
-0.685319
-0.689812
-0.69456
-0.69956
-0.704811
-0.710309
-0.716047
-0.722023
-0.728232
-0.734672
-0.741336
-0.74822
-0.75532
-0.762631
-0.770148
-0.777866
-0.78578
-0.793883
-0.802171
-0.810639
-0.819286
-0.828103
-0.837083
-0.846223
-0.855519
-0.864964
-0.874556
-0.884287
-0.894154
-0.904152
-0.914277
-0.924522
-0.934887
-0.945363
-0.955949
-0.966641
-0.977437
-0.988326
-0.999311
-1.01039
-1.02155
-1.03279
-1.04412
-1.05552
-1.06699
-1.07854
-1.09015
-1.10183
-1.11356
-1.12536
-1.13722
-1.14913
-1.16109
-1.1731
-1.18515
-1.19725
-1.2094
-1.22158
-1.23379
-1.24603
-1.25828
-1.27046
-1.28156
-1.28038
-1.27529
-1.27011
-1.26499
-1.25997
-1.25505
-1.25023
-1.24552
-1.24092
-1.23643
-1.23205
-1.22778
-1.22362
-1.21957
-1.21564
-1.21182
-1.20811
-1.20451
-1.20103
-1.19765
-1.19439
-1.19124
-1.18819
-1.18526
-1.18244
-1.17972
-1.17711
-1.17461
-1.17221
-1.16992
-1.16773
-1.16564
-1.16365
-1.16177
-1.15998
-1.15828
-1.15668
-1.15518
-1.15376
-1.15244
-1.15121
-1.15006
-1.149
-1.14802
-1.14712
-1.1463
-1.14556
-1.14489
-1.14429
-1.14377
-1.1433
-1.14291
-1.14258
-1.14232
-1.14211
-1.14196
-1.14187
-1.14183
-1.14184
-1.14189
-1.142
-1.14214
-1.14233
-1.14256
-1.14282
-1.14311
-1.14344
-1.1438
-1.14419
-1.1446
-1.14503
-1.14548
-1.14595
-1.14644
-1.14694
-1.14744
-1.14796
-1.14849
-1.14902
-1.14955
-1.15009
-1.15062
-1.15115
-1.15168
-1.1522
-1.15271
-1.15321
-1.15369
-1.15416
-1.15461
-1.15504
-1.15546
-1.15585
-1.15622
-1.15656
-1.15688
-1.15717
-1.15743
-1.15765
-1.15785
-1.15801
-1.15813
-1.15822
-1.15827
-1.15828
-1.15825
-1.15817
-1.15806
-1.1579
-1.15769
-1.15744
-1.15714
-1.15679
-1.15639
-1.15595
-1.15545
-1.15489
-1.2533
-1.2475
-1.24166
-1.23577
-1.22983
-1.22385
-1.21783
-1.21176
-1.20565
-1.19949
-1.19329
-1.18705
-1.18076
-1.17443
-1.16806
-1.16165
-1.15519
-1.1487
-1.14217
-1.13559
-1.12898
-1.12232
-1.11563
-1.10891
-1.10214
-1.09534
-1.08851
-1.08164
-1.07474
-1.0678
-1.06084
-1.05384
-1.04682
-1.03977
-1.03269
-1.02559
-1.01846
-1.01131
-1.00414
-0.996958
-0.989752
-0.98253
-0.975297
-0.968054
-0.960802
-0.953542
-0.946278
-0.939012
-0.931746
-0.924483
-0.917227
-0.909978
-0.90274
-0.895516
-0.888311
-0.881126
-0.873964
-0.86683
-0.859725
-0.852655
-0.845624
-0.838635
-0.831692
-0.824799
-0.817959
-0.811174
-0.804454
-0.797802
-0.79122
-0.784715
-0.778291
-0.771954
-0.765706
-0.759555
-0.753504
-0.747559
-0.741725
-0.736007
-0.730412
-0.724944
-0.719609
-0.714412
-0.709359
-0.704455
-0.699707
-0.69512
-0.6907
-0.686451
-0.682381
-0.678496
-0.674798
-0.671294
-0.66799
-0.664892
-0.662005
-0.659334
-0.656884
-0.654662
-0.652673
-0.650917
-0.6494
-0.648128
-0.647106
-0.646336
-0.64582
-0.645562
-0.645566
-0.645835
-0.646374
-0.64718
-0.648259
-0.64961
-0.651234
-0.653133
-0.655307
-0.657755
-0.660479
-0.663476
-0.666744
-0.670284
-0.674093
-0.678171
-0.682513
-0.687116
-0.691982
-0.697101
-0.702473
-0.708093
-0.713958
-0.720063
-0.726404
-0.732977
-0.739775
-0.746796
-0.754034
-0.761483
-0.76914
-0.776997
-0.785052
-0.793295
-0.801723
-0.810333
-0.819119
-0.828073
-0.837192
-0.846469
-0.855902
-0.865483
-0.875209
-0.885073
-0.895073
-0.905199
-0.915453
-0.925828
-0.936318
-0.946921
-0.957631
-0.968444
-0.979358
-0.990367
-1.00147
-1.01266
-1.02393
-1.03528
-1.04672
-1.05823
-1.0698
-1.08145
-1.09316
-1.10493
-1.11676
-1.12865
-1.14059
-1.15257
-1.1646
-1.17667
-1.18877
-1.2009
-1.21303
-1.22515
-1.23721
-1.24906
-1.26027
-1.2687
-1.26965
-1.26608
-1.26151
-1.25672
-1.25189
-1.2471
-1.24238
-1.23775
-1.23321
-1.22877
-1.22443
-1.2202
-1.21607
-1.21206
-1.20815
-1.20435
-1.20066
-1.19709
-1.19362
-1.19026
-1.18701
-1.18387
-1.18084
-1.17792
-1.17511
-1.1724
-1.16979
-1.1673
-1.16491
-1.16262
-1.16043
-1.15834
-1.15636
-1.15447
-1.15268
-1.15098
-1.14938
-1.14787
-1.14645
-1.14512
-1.14387
-1.14271
-1.14164
-1.14065
-1.13973
-1.1389
-1.13813
-1.13744
-1.13683
-1.13628
-1.1358
-1.13538
-1.13502
-1.13473
-1.13449
-1.13431
-1.13418
-1.13411
-1.13408
-1.1341
-1.13416
-1.13426
-1.13441
-1.13459
-1.1348
-1.13505
-1.13533
-1.13564
-1.13597
-1.13632
-1.1367
-1.13709
-1.1375
-1.13793
-1.13836
-1.13881
-1.13926
-1.13972
-1.14019
-1.14065
-1.14112
-1.14158
-1.14203
-1.14249
-1.14293
-1.14336
-1.14378
-1.14418
-1.14457
-1.14494
-1.14529
-1.14562
-1.14593
-1.14621
-1.14647
-1.1467
-1.1469
-1.14707
-1.1472
-1.14731
-1.14738
-1.14741
-1.14741
-1.14736
-1.14728
-1.14715
-1.14699
-1.14678
-1.14652
-1.14622
-1.14587
-1.14547
-1.14503
-1.14454
-1.144
-1.1434
-1.14275
-1.25525
-1.24957
-1.24385
-1.23808
-1.23227
-1.22641
-1.22051
-1.21456
-1.20856
-1.20252
-1.19643
-1.1903
-1.18413
-1.17791
-1.17164
-1.16534
-1.15899
-1.15259
-1.14616
-1.13969
-1.13317
-1.12661
-1.12001
-1.11337
-1.10669
-1.09997
-1.09322
-1.08642
-1.0796
-1.07273
-1.06583
-1.0589
-1.05194
-1.04494
-1.03791
-1.03086
-1.02378
-1.01667
-1.00953
-1.00238
-0.995197
-0.987997
-0.980781
-0.973549
-0.966304
-0.959046
-0.951779
-0.944504
-0.937224
-0.929943
-0.922661
-0.915382
-0.908108
-0.900843
-0.893589
-0.886351
-0.87913
-0.87193
-0.864754
-0.857607
-0.850493
-0.843414
-0.836375
-0.829382
-0.822434
-0.815536
-0.808697
-0.801919
-0.795205
-0.788563
-0.781996
-0.77551
-0.769106
-0.762794
-0.756576
-0.750458
-0.744448
-0.738547
-0.732763
-0.727102
-0.721568
-0.716168
-0.710907
-0.705792
-0.700827
-0.696019
-0.691373
-0.686901
-0.682599
-0.678475
-0.67454
-0.670797
-0.667252
-0.663911
-0.660777
-0.65786
-0.655163
-0.652692
-0.650453
-0.64845
-0.646684
-0.645163
-0.643893
-0.642877
-0.642118
-0.641622
-0.641389
-0.641426
-0.641732
-0.642308
-0.643161
-0.644293
-0.645701
-0.647391
-0.649359
-0.651607
-0.654136
-0.656945
-0.660031
-0.663394
-0.667033
-0.670947
-0.675133
-0.679586
-0.684306
-0.68929
-0.694531
-0.700028
-0.705775
-0.711769
-0.718006
-0.724479
-0.731187
-0.738121
-0.745278
-0.752656
-0.760243
-0.768037
-0.776032
-0.784221
-0.792601
-0.801167
-0.809913
-0.818832
-0.82792
-0.83717
-0.846578
-0.856138
-0.865845
-0.875695
-0.885681
-0.8958
-0.906047
-0.916416
-0.926903
-0.937503
-0.948212
-0.959024
-0.969937
-0.980948
-0.992049
-1.00324
-1.01451
-1.02586
-1.03729
-1.04879
-1.06035
-1.07198
-1.08367
-1.09541
-1.10719
-1.11902
-1.13089
-1.14278
-1.15469
-1.16659
-1.17847
-1.19029
-1.202
-1.2135
-1.22462
-1.235
-1.24389
-1.25004
-1.25236
-1.25146
-1.24873
-1.24511
-1.24108
-1.23685
-1.23254
-1.22822
-1.22393
-1.2197
-1.21553
-1.21144
-1.20744
-1.20353
-1.19972
-1.196
-1.19239
-1.18888
-1.18547
-1.18216
-1.17896
-1.17587
-1.17288
-1.16999
-1.16721
-1.16454
-1.16196
-1.15949
-1.15712
-1.15485
-1.15268
-1.15061
-1.14864
-1.14676
-1.14498
-1.14329
-1.14169
-1.14019
-1.13877
-1.13744
-1.1362
-1.13504
-1.13396
-1.13296
-1.13203
-1.13118
-1.13041
-1.12971
-1.12908
-1.12851
-1.12801
-1.12757
-1.12719
-1.12688
-1.12661
-1.1264
-1.12625
-1.12614
-1.12608
-1.12606
-1.12609
-1.12615
-1.12625
-1.12639
-1.12657
-1.12677
-1.127
-1.12726
-1.12754
-1.12784
-1.12816
-1.1285
-1.12885
-1.12922
-1.12959
-1.12998
-1.13037
-1.13076
-1.13116
-1.13156
-1.13195
-1.13234
-1.13273
-1.13311
-1.13348
-1.13383
-1.13417
-1.1345
-1.13481
-1.1351
-1.13537
-1.13562
-1.13584
-1.13604
-1.13621
-1.13635
-1.13647
-1.13655
-1.1366
-1.13661
-1.13659
-1.13653
-1.13644
-1.1363
-1.13612
-1.13591
-1.13565
-1.13535
-1.13499
-1.1346
-1.13415
-1.13366
-1.13312
-1.13253
-1.1319
-1.13121
-1.13046
-1.25702
-1.25147
-1.24588
-1.24023
-1.23454
-1.22881
-1.22302
-1.21719
-1.21132
-1.20539
-1.19943
-1.19341
-1.18735
-1.18124
-1.17509
-1.16889
-1.16265
-1.15636
-1.15003
-1.14365
-1.13723
-1.13077
-1.12427
-1.11772
-1.11113
-1.1045
-1.09782
-1.09111
-1.08436
-1.07757
-1.07074
-1.06387
-1.05697
-1.05004
-1.04307
-1.03606
-1.02903
-1.02196
-1.01487
-1.00774
-1.00059
-0.993418
-0.986223
-0.979008
-0.971772
-0.96452
-0.957253
-0.949973
-0.942683
-0.935384
-0.928082
-0.920775
-0.913469
-0.906165
-0.898867
-0.891579
-0.884301
-0.87704
-0.869797
-0.862575
-0.855381
-0.848216
-0.841084
-0.833992
-0.826939
-0.819931
-0.812975
-0.806073
-0.799231
-0.792453
-0.785744
-0.779111
-0.772554
-0.766082
-0.7597
-0.753412
-0.747224
-0.741141
-0.735171
-0.729317
-0.723586
-0.717983
-0.712515
-0.707188
-0.702007
-0.696978
-0.692111
-0.687405
-0.682872
-0.678515
-0.674341
-0.670357
-0.666569
-0.662982
-0.659601
-0.656435
-0.653488
-0.650766
-0.648275
-0.64602
-0.644002
-0.642229
-0.640708
-0.639445
-0.63844
-0.637697
-0.637222
-0.637018
-0.637088
-0.637434
-0.638059
-0.638964
-0.640151
-0.641624
-0.643382
-0.645423
-0.647752
-0.650365
-0.653264
-0.656445
-0.659908
-0.663654
-0.667675
-0.671972
-0.676541
-0.681379
-0.686484
-0.691851
-0.697476
-0.703353
-0.709478
-0.715847
-0.722456
-0.729297
-0.736368
-0.743662
-0.751173
-0.758896
-0.766824
-0.774951
-0.783275
-0.791788
-0.800486
-0.80936
-0.818406
-0.827618
-0.836991
-0.84652
-0.856198
-0.86602
-0.875982
-0.886078
-0.896302
-0.90665
-0.917116
-0.927696
-0.938385
-0.949178
-0.960069
-0.971054
-0.982132
-0.993292
-1.00453
-1.01585
-1.02723
-1.03868
-1.05019
-1.06175
-1.07336
-1.08501
-1.09668
-1.10838
-1.12008
-1.13177
-1.14343
-1.15502
-1.16651
-1.17784
-1.1889
-1.19955
-1.20955
-1.21854
-1.22599
-1.23129
-1.2341
-1.23461
-1.23341
-1.23108
-1.22805
-1.2246
-1.22091
-1.21709
-1.2132
-1.2093
-1.20541
-1.20156
-1.19776
-1.19403
-1.19037
-1.1868
-1.1833
-1.1799
-1.17659
-1.17337
-1.17025
-1.16723
-1.16431
-1.16149
-1.15876
-1.15614
-1.15361
-1.15118
-1.14885
-1.14662
-1.14448
-1.14244
-1.1405
-1.13864
-1.13688
-1.13521
-1.13363
-1.13215
-1.13074
-1.12942
-1.12818
-1.12702
-1.12595
-1.12495
-1.12402
-1.12317
-1.12239
-1.12168
-1.12104
-1.12046
-1.11995
-1.11949
-1.1191
-1.11876
-1.11848
-1.11824
-1.11806
-1.11793
-1.11784
-1.11779
-1.11778
-1.11781
-1.11788
-1.11798
-1.11811
-1.11827
-1.11845
-1.11867
-1.1189
-1.11915
-1.11942
-1.11971
-1.12
-1.12031
-1.12063
-1.12096
-1.12129
-1.12162
-1.12195
-1.12228
-1.12261
-1.12293
-1.12325
-1.12356
-1.12385
-1.12413
-1.1244
-1.12465
-1.12488
-1.1251
-1.12529
-1.12545
-1.12559
-1.12571
-1.1258
-1.12585
-1.12588
-1.12588
-1.12584
-1.12576
-1.12565
-1.12551
-1.12532
-1.12509
-1.12483
-1.12452
-1.12416
-1.12377
-1.12333
-1.12284
-1.1223
-1.12171
-1.12108
-1.12039
-1.11966
-1.11887
-1.11803
-1.25863
-1.25321
-1.24774
-1.24222
-1.23665
-1.23104
-1.22538
-1.21968
-1.21392
-1.20812
-1.20227
-1.19637
-1.19043
-1.18443
-1.1784
-1.17231
-1.16618
-1.16
-1.15377
-1.1475
-1.14118
-1.13482
-1.12842
-1.12196
-1.11546
-1.10892
-1.10234
-1.09571
-1.08903
-1.08232
-1.07557
-1.06877
-1.06193
-1.05506
-1.04815
-1.0412
-1.03422
-1.0272
-1.02015
-1.01306
-1.00594
-0.998799
-0.991628
-0.98443
-0.977209
-0.969966
-0.962703
-0.955422
-0.948124
-0.940815
-0.933493
-0.926163
-0.918827
-0.911489
-0.90415
-0.896814
-0.889485
-0.882164
-0.874855
-0.867563
-0.860291
-0.853043
-0.845822
-0.838634
-0.831479
-0.824362
-0.81729
-0.810268
-0.8033
-0.796389
-0.78954
-0.78276
-0.776053
-0.769424
-0.762877
-0.756421
-0.750059
-0.743796
-0.737639
-0.731594
-0.725666
-0.719862
-0.714187
-0.708648
-0.703251
-0.698004
-0.69291
-0.687976
-0.68321
-0.678617
-0.674204
-0.669978
-0.665945
-0.662112
-0.658482
-0.655064
-0.651865
-0.648887
-0.646143
-0.64363
-0.641359
-0.639334
-0.63756
-0.636042
-0.634786
-0.633794
-0.633072
-0.632623
-0.632451
-0.632559
-0.632949
-0.633624
-0.634586
-0.635836
-0.637377
-0.639208
-0.641331
-0.643744
-0.646448
-0.649442
-0.652722
-0.65629
-0.660142
-0.664276
-0.668689
-0.673377
-0.678338
-0.683568
-0.689061
-0.694815
-0.700823
-0.707078
-0.713581
-0.720324
-0.727301
-0.734505
-0.741932
-0.749576
-0.757431
-0.765488
-0.773747
-0.782199
-0.790839
-0.799658
-0.808653
-0.817818
-0.827146
-0.836632
-0.846268
-0.856052
-0.865975
-0.876034
-0.886221
-0.896532
-0.906962
-0.917505
-0.928155
-0.938907
-0.949755
-0.960695
-0.97172
-0.982826
-0.994009
-1.00526
-1.01657
-1.02793
-1.03934
-1.0508
-1.06228
-1.07378
-1.08528
-1.09678
-1.10824
-1.11965
-1.13097
-1.14216
-1.15316
-1.16389
-1.17424
-1.18404
-1.19307
-1.20105
-1.20763
-1.21253
-1.21559
-1.2169
-1.21676
-1.21549
-1.21343
-1.21081
-1.20782
-1.20458
-1.20118
-1.1977
-1.19417
-1.19063
-1.1871
-1.1836
-1.18015
-1.17676
-1.17344
-1.17018
-1.16701
-1.16391
-1.16091
-1.15799
-1.15516
-1.15242
-1.14977
-1.14722
-1.14476
-1.14239
-1.14011
-1.13793
-1.13584
-1.13385
-1.13194
-1.13013
-1.1284
-1.12676
-1.12521
-1.12374
-1.12236
-1.12106
-1.11983
-1.11869
-1.11762
-1.11663
-1.11571
-1.11487
-1.11409
-1.11337
-1.11273
-1.11215
-1.11162
-1.11116
-1.11075
-1.1104
-1.1101
-1.10984
-1.10964
-1.10948
-1.10936
-1.10929
-1.10925
-1.10925
-1.10929
-1.10935
-1.10944
-1.10956
-1.10971
-1.10988
-1.11006
-1.11027
-1.11049
-1.11072
-1.11097
-1.11123
-1.11149
-1.11176
-1.11203
-1.1123
-1.11257
-1.11284
-1.1131
-1.11336
-1.1136
-1.11384
-1.11406
-1.11427
-1.11447
-1.11464
-1.1148
-1.11493
-1.11505
-1.11513
-1.11519
-1.11523
-1.11523
-1.11521
-1.11515
-1.11506
-1.11493
-1.11477
-1.11457
-1.11434
-1.11406
-1.11374
-1.11339
-1.11299
-1.11254
-1.11205
-1.11152
-1.11094
-1.11031
-1.10963
-1.1089
-1.10812
-1.10729
-1.10641
-1.10547
-1.26007
-1.25478
-1.24943
-1.24405
-1.23861
-1.23312
-1.22758
-1.222
-1.21637
-1.21069
-1.20497
-1.19919
-1.19337
-1.18749
-1.18157
-1.1756
-1.16958
-1.16351
-1.1574
-1.15123
-1.14502
-1.13876
-1.13245
-1.1261
-1.1197
-1.11325
-1.10675
-1.10021
-1.09362
-1.08699
-1.08031
-1.07359
-1.06683
-1.06002
-1.05317
-1.04628
-1.03935
-1.03238
-1.02538
-1.01833
-1.01125
-1.00414
-0.996997
-0.989823
-0.98262
-0.97539
-0.968133
-0.960855
-0.953555
-0.946236
-0.9389
-0.93155
-0.924188
-0.916819
-0.909442
-0.902063
-0.894684
-0.887307
-0.879937
-0.872576
-0.86523
-0.857901
-0.850593
-0.843311
-0.836057
-0.828834
-0.821651
-0.81451
-0.807416
-0.800375
-0.79339
-0.786466
-0.779609
-0.772824
-0.766116
-0.759493
-0.752956
-0.746515
-0.740173
-0.733937
-0.727814
-0.721809
-0.715928
-0.71018
-0.704567
-0.699098
-0.693779
-0.688616
-0.683617
-0.678787
-0.674134
-0.669666
-0.665387
-0.661304
-0.657421
-0.653752
-0.650297
-0.647064
-0.644063
-0.641293
-0.638764
-0.636481
-0.634449
-0.632674
-0.631163
-0.629917
-0.628943
-0.628245
-0.627826
-0.627691
-0.627841
-0.62828
-0.629011
-0.630033
-0.631351
-0.632965
-0.634874
-0.637082
-0.639586
-0.642385
-0.645477
-0.648862
-0.652538
-0.656503
-0.660751
-0.665283
-0.670095
-0.67518
-0.680537
-0.686158
-0.692041
-0.698179
-0.704569
-0.711204
-0.718078
-0.725186
-0.732521
-0.740081
-0.747853
-0.755834
-0.764017
-0.772399
-0.780973
-0.78973
-0.798665
-0.807772
-0.817044
-0.826476
-0.836059
-0.845791
-0.855664
-0.865671
-0.875808
-0.886068
-0.896446
-0.906935
-0.917528
-0.928221
-0.939006
-0.949879
-0.960832
-0.971858
-0.982951
-0.994107
-1.00531
-1.01656
-1.02784
-1.03914
-1.05045
-1.06176
-1.07305
-1.08429
-1.09547
-1.10654
-1.11748
-1.12822
-1.13869
-1.14882
-1.15848
-1.16753
-1.17579
-1.18304
-1.18908
-1.19375
-1.19698
-1.19881
-1.1994
-1.19896
-1.19772
-1.19587
-1.19356
-1.19093
-1.18807
-1.18505
-1.18193
-1.17874
-1.17553
-1.17232
-1.16912
-1.16595
-1.16283
-1.15976
-1.15675
-1.15381
-1.15094
-1.14815
-1.14543
-1.1428
-1.14026
-1.13779
-1.13542
-1.13312
-1.13092
-1.12881
-1.12678
-1.12484
-1.12299
-1.12123
-1.11954
-1.11794
-1.11642
-1.11499
-1.11363
-1.11236
-1.11117
-1.11004
-1.10899
-1.10802
-1.10711
-1.10627
-1.1055
-1.10479
-1.10415
-1.10356
-1.10304
-1.10257
-1.10215
-1.10179
-1.10148
-1.10121
-1.10099
-1.10081
-1.10067
-1.10057
-1.10051
-1.10048
-1.10049
-1.10052
-1.10058
-1.10066
-1.10077
-1.10089
-1.10104
-1.1012
-1.10137
-1.10156
-1.10176
-1.10196
-1.10217
-1.10238
-1.1026
-1.10281
-1.10302
-1.10323
-1.10342
-1.10362
-1.1038
-1.10397
-1.10412
-1.10426
-1.10438
-1.10448
-1.10456
-1.10462
-1.10466
-1.10467
-1.10465
-1.1046
-1.10452
-1.10442
-1.10427
-1.1041
-1.10389
-1.10364
-1.10336
-1.10303
-1.10267
-1.10226
-1.10182
-1.10133
-1.10079
-1.10021
-1.09958
-1.09891
-1.09819
-1.09742
-1.09659
-1.09572
-1.0948
-1.09382
-1.09279
-1.26135
-1.25619
-1.25098
-1.24572
-1.2404
-1.23505
-1.22964
-1.22418
-1.21868
-1.21313
-1.20752
-1.20187
-1.19617
-1.19042
-1.18461
-1.17876
-1.17286
-1.1669
-1.1609
-1.15485
-1.14875
-1.14259
-1.13639
-1.13014
-1.12383
-1.11748
-1.11108
-1.10462
-1.09813
-1.09158
-1.08498
-1.07834
-1.07165
-1.06491
-1.05813
-1.0513
-1.04443
-1.03752
-1.03056
-1.02356
-1.01653
-1.00945
-1.00234
-0.99519
-0.988008
-0.980795
-0.97355
-0.966277
-0.958977
-0.951654
-0.944307
-0.936941
-0.929557
-0.922158
-0.914747
-0.907328
-0.899902
-0.892473
-0.885045
-0.87762
-0.870201
-0.862794
-0.855402
-0.848029
-0.840678
-0.833352
-0.826059
-0.818803
-0.811586
-0.804416
-0.797295
-0.790231
-0.783226
-0.776287
-0.76942
-0.76263
-0.755921
-0.749302
-0.742777
-0.736352
-0.730034
-0.723828
-0.717745
-0.711784
-0.705956
-0.700267
-0.694723
-0.689331
-0.684098
-0.679031
-0.674138
-0.669423
-0.664896
-0.660563
-0.65643
-0.652505
-0.648793
-0.645302
-0.642042
-0.63901
-0.63622
-0.633675
-0.631382
-0.629348
-0.627575
-0.626072
-0.624842
-0.623889
-0.62322
-0.622835
-0.622739
-0.622937
-0.62343
-0.624218
-0.625308
-0.626698
-0.628392
-0.630386
-0.63268
-0.635275
-0.638174
-0.64137
-0.644866
-0.648654
-0.652734
-0.657103
-0.661757
-0.666691
-0.671903
-0.677386
-0.683136
-0.68915
-0.695419
-0.701941
-0.708706
-0.71571
-0.722947
-0.730409
-0.738092
-0.745986
-0.754089
-0.762395
-0.770893
-0.779577
-0.788443
-0.797482
-0.806688
-0.816054
-0.825575
-0.835244
-0.845053
-0.854998
-0.86507
-0.875265
-0.885575
-0.895994
-0.906514
-0.917129
-0.927833
-0.938619
-0.949478
-0.960403
-0.971388
-0.982418
-0.993492
-1.0046
-1.01571
-1.02684
-1.03795
-1.04903
-1.06006
-1.07102
-1.08187
-1.09258
-1.10311
-1.11339
-1.12335
-1.13291
-1.14197
-1.15039
-1.15804
-1.16477
-1.17045
-1.17498
-1.17832
-1.18051
-1.18164
-1.18184
-1.18128
-1.1801
-1.17843
-1.17638
-1.17405
-1.17151
-1.16882
-1.16602
-1.16316
-1.16026
-1.15734
-1.15443
-1.15154
-1.14868
-1.14586
-1.1431
-1.14039
-1.13775
-1.13517
-1.13266
-1.13023
-1.12788
-1.12561
-1.12341
-1.12129
-1.11926
-1.11731
-1.11544
-1.11365
-1.11194
-1.11031
-1.10876
-1.10729
-1.1059
-1.10459
-1.10335
-1.10219
-1.10109
-1.10007
-1.09911
-1.09823
-1.0974
-1.09664
-1.09595
-1.09531
-1.09473
-1.09421
-1.09374
-1.09332
-1.09295
-1.09263
-1.09235
-1.09212
-1.09192
-1.09177
-1.09165
-1.09156
-1.09151
-1.09148
-1.09149
-1.09151
-1.09157
-1.09164
-1.09172
-1.09183
-1.09195
-1.09208
-1.09222
-1.09237
-1.09252
-1.09268
-1.09284
-1.093
-1.09316
-1.09331
-1.09346
-1.09359
-1.09372
-1.09384
-1.09394
-1.09403
-1.0941
-1.09415
-1.09418
-1.09419
-1.09417
-1.09413
-1.09406
-1.09396
-1.09384
-1.09368
-1.09349
-1.09327
-1.09301
-1.09272
-1.09239
-1.09201
-1.0916
-1.09115
-1.09066
-1.09013
-1.08954
-1.08892
-1.08824
-1.08752
-1.08676
-1.08594
-1.08508
-1.08417
-1.0832
-1.08219
-1.08112
-1.07999
-1.26247
-1.25743
-1.25236
-1.24723
-1.24205
-1.23682
-1.23155
-1.22622
-1.22085
-1.21542
-1.20994
-1.20442
-1.19884
-1.19321
-1.18753
-1.1818
-1.17601
-1.17018
-1.16429
-1.15835
-1.15236
-1.14632
-1.14022
-1.13407
-1.12787
-1.12162
-1.11531
-1.10896
-1.10255
-1.09609
-1.08958
-1.08301
-1.0764
-1.06974
-1.06303
-1.05627
-1.04946
-1.04261
-1.0357
-1.02876
-1.02176
-1.01473
-1.00765
-1.00054
-0.993379
-0.986186
-0.978957
-0.971693
-0.964398
-0.957073
-0.949719
-0.94234
-0.934936
-0.927513
-0.920072
-0.912616
-0.905147
-0.897669
-0.890184
-0.882697
-0.875209
-0.867728
-0.860254
-0.852793
-0.845348
-0.837922
-0.830522
-0.823151
-0.815815
-0.808517
-0.801264
-0.79406
-0.78691
-0.779819
-0.772793
-0.765838
-0.758959
-0.752163
-0.745455
-0.738843
-0.732331
-0.725929
-0.719638
-0.713467
-0.707424
-0.701515
-0.695746
-0.690124
-0.684658
-0.679353
-0.674218
-0.669258
-0.664483
-0.659897
-0.655509
-0.651327
-0.647357
-0.643606
-0.640083
-0.636788
-0.633733
-0.630924
-0.628366
-0.626066
-0.624031
-0.622264
-0.620773
-0.619561
-0.618635
-0.617997
-0.617651
-0.6176
-0.617849
-0.618399
-0.619255
-0.620416
-0.621882
-0.623657
-0.625738
-0.628128
-0.630824
-0.633824
-0.637128
-0.640733
-0.644636
-0.648836
-0.653325
-0.658103
-0.663164
-0.668504
-0.674115
-0.679995
-0.686139
-0.692537
-0.699185
-0.706078
-0.713209
-0.72057
-0.728156
-0.735957
-0.74397
-0.752186
-0.7606
-0.769203
-0.777989
-0.786953
-0.796083
-0.805375
-0.814821
-0.824416
-0.834151
-0.844019
-0.854015
-0.864131
-0.874359
-0.884693
-0.895125
-0.905646
-0.916252
-0.926932
-0.937679
-0.948483
-0.959336
-0.970226
-0.981142
-0.992079
-1.00301
-1.01393
-1.02482
-1.03565
-1.04641
-1.05706
-1.06757
-1.07791
-1.08802
-1.09785
-1.10733
-1.11638
-1.12491
-1.13282
-1.14
-1.14635
-1.15177
-1.15621
-1.15964
-1.1621
-1.16364
-1.16435
-1.16435
-1.16374
-1.16263
-1.16113
-1.15931
-1.15724
-1.15498
-1.15258
-1.15008
-1.14751
-1.14489
-1.14226
-1.13962
-1.13699
-1.13439
-1.13182
-1.1293
-1.12682
-1.1244
-1.12203
-1.11974
-1.11751
-1.11535
-1.11326
-1.11125
-1.10931
-1.10744
-1.10565
-1.10394
-1.1023
-1.10073
-1.09925
-1.09783
-1.09649
-1.09523
-1.09403
-1.09291
-1.09185
-1.09086
-1.08993
-1.08907
-1.08827
-1.08753
-1.08685
-1.08622
-1.08565
-1.08514
-1.08467
-1.08425
-1.08388
-1.08356
-1.08327
-1.08303
-1.08283
-1.08266
-1.08252
-1.08242
-1.08234
-1.08229
-1.08227
-1.08227
-1.08229
-1.08233
-1.08238
-1.08245
-1.08253
-1.08262
-1.08272
-1.08282
-1.08293
-1.08304
-1.08315
-1.08325
-1.08336
-1.08345
-1.08354
-1.08362
-1.08368
-1.08374
-1.08378
-1.0838
-1.0838
-1.08378
-1.08374
-1.08368
-1.08359
-1.08347
-1.08333
-1.08315
-1.08295
-1.08271
-1.08244
-1.08214
-1.0818
-1.08142
-1.08101
-1.08055
-1.08005
-1.07952
-1.07894
-1.07831
-1.07764
-1.07693
-1.07616
-1.07535
-1.0745
-1.07359
-1.07263
-1.07163
-1.07057
-1.06946
-1.0683
-1.06708
-1.26343
-1.25853
-1.25359
-1.24859
-1.24355
-1.23845
-1.23331
-1.22811
-1.22287
-1.21757
-1.21223
-1.20683
-1.20138
-1.19587
-1.19032
-1.18471
-1.17905
-1.17333
-1.16756
-1.16174
-1.15587
-1.14994
-1.14395
-1.13791
-1.13182
-1.12567
-1.11946
-1.1132
-1.10689
-1.10052
-1.0941
-1.08763
-1.0811
-1.07451
-1.06788
-1.06119
-1.05444
-1.04765
-1.04081
-1.03391
-1.02697
-1.01998
-1.01294
-1.00586
-0.998735
-0.991566
-0.984356
-0.977106
-0.969819
-0.962496
-0.955139
-0.94775
-0.940332
-0.932888
-0.925419
-0.917928
-0.91042
-0.902896
-0.895359
-0.887813
-0.88026
-0.872707
-0.865153
-0.857608
-0.850072
-0.842547
-0.835043
-0.827561
-0.820106
-0.812684
-0.805299
-0.797959
-0.790665
-0.783424
-0.776241
-0.769123
-0.762074
-0.755103
-0.748215
-0.741415
-0.734713
-0.72811
-0.721615
-0.715235
-0.708977
-0.702848
-0.696852
-0.691002
-0.685301
-0.679759
-0.674382
-0.669178
-0.66415
-0.65931
-0.654667
-0.650228
-0.645996
-0.641982
-0.638191
-0.634632
-0.63131
-0.628232
-0.625406
-0.622838
-0.620534
-0.6185
-0.616743
-0.615268
-0.614078
-0.613181
-0.612579
-0.612275
-0.612275
-0.612581
-0.613195
-0.614119
-0.615356
-0.616904
-0.618765
-0.620939
-0.623426
-0.626224
-0.629332
-0.632746
-0.636465
-0.640486
-0.644806
-0.649419
-0.654322
-0.659511
-0.664977
-0.670718
-0.676726
-0.682996
-0.689521
-0.696297
-0.703314
-0.710565
-0.718044
-0.725745
-0.73366
-0.741781
-0.750103
-0.758617
-0.767315
-0.776189
-0.785233
-0.79444
-0.803802
-0.813314
-0.822963
-0.832745
-0.842652
-0.852676
-0.86281
-0.873045
-0.883375
-0.893788
-0.90428
-0.914839
-0.925456
-0.936123
-0.946827
-0.957558
-0.968301
-0.979048
-0.989776
-1.00048
-1.01112
-1.02169
-1.03216
-1.0425
-1.05267
-1.06264
-1.07236
-1.08176
-1.0908
-1.0994
-1.10749
-1.11497
-1.12178
-1.12784
-1.13307
-1.13746
-1.14097
-1.14363
-1.14549
-1.14661
-1.14707
-1.14695
-1.14635
-1.14533
-1.14399
-1.14237
-1.14053
-1.13852
-1.13638
-1.13415
-1.13185
-1.1295
-1.12713
-1.12475
-1.12238
-1.12002
-1.11769
-1.1154
-1.11315
-1.11094
-1.1088
-1.1067
-1.10467
-1.1027
-1.1008
-1.09896
-1.0972
-1.0955
-1.09387
-1.09231
-1.09082
-1.0894
-1.08805
-1.08677
-1.08556
-1.08442
-1.08334
-1.08232
-1.08137
-1.08048
-1.07965
-1.07888
-1.07816
-1.0775
-1.0769
-1.07634
-1.07584
-1.07538
-1.07497
-1.0746
-1.07428
-1.07399
-1.07374
-1.07353
-1.07335
-1.0732
-1.07308
-1.07299
-1.07292
-1.07287
-1.07285
-1.07284
-1.07285
-1.07287
-1.07291
-1.07295
-1.073
-1.07306
-1.07312
-1.07318
-1.07324
-1.0733
-1.07336
-1.07341
-1.07345
-1.07348
-1.0735
-1.07351
-1.0735
-1.07348
-1.07343
-1.07337
-1.07328
-1.07318
-1.07304
-1.07288
-1.07269
-1.07247
-1.07223
-1.07195
-1.07163
-1.07128
-1.0709
-1.07048
-1.07002
-1.06952
-1.06898
-1.0684
-1.06777
-1.06711
-1.06639
-1.06564
-1.06483
-1.06398
-1.06308
-1.06213
-1.06113
-1.06009
-1.05899
-1.05784
-1.05663
-1.05538
-1.05407
-1.26424
-1.25948
-1.25467
-1.24981
-1.2449
-1.23994
-1.23493
-1.22987
-1.22476
-1.21959
-1.21438
-1.20911
-1.20379
-1.19841
-1.19299
-1.1875
-1.18197
-1.17637
-1.17073
-1.16503
-1.15927
-1.15345
-1.14758
-1.14166
-1.13567
-1.12963
-1.12353
-1.11737
-1.11116
-1.10489
-1.09856
-1.09217
-1.08573
-1.07923
-1.07267
-1.06605
-1.05938
-1.05266
-1.04588
-1.03904
-1.03215
-1.02521
-1.01822
-1.01117
-1.00408
-0.996941
-0.989753
-0.982521
-0.975246
-0.967929
-0.960572
-0.953178
-0.945748
-0.938286
-0.930793
-0.923273
-0.915728
-0.908161
-0.900575
-0.892973
-0.885359
-0.877734
-0.870106
-0.862478
-0.854853
-0.847233
-0.839626
-0.832035
-0.824465
-0.816921
-0.809407
-0.80193
-0.794494
-0.787105
-0.779767
-0.772488
-0.765272
-0.758127
-0.751057
-0.744074
-0.737178
-0.730377
-0.723679
-0.71709
-0.710617
-0.704268
-0.69805
-0.69197
-0.686036
-0.680255
-0.674633
-0.669182
-0.663905
-0.658811
-0.65391
-0.649208
-0.644714
-0.640436
-0.636377
-0.632548
-0.628956
-0.625606
-0.622509
-0.619668
-0.617092
-0.614787
-0.612761
-0.611015
-0.609559
-0.608396
-0.607531
-0.60697
-0.606716
-0.606771
-0.607136
-0.607817
-0.608814
-0.61013
-0.611764
-0.613716
-0.615988
-0.618576
-0.621479
-0.624699
-0.628228
-0.632063
-0.636205
-0.640647
-0.645385
-0.650413
-0.655726
-0.66132
-0.667187
-0.673322
-0.679718
-0.686367
-0.693263
-0.700399
-0.707765
-0.715357
-0.723167
-0.731184
-0.739405
-0.747821
-0.756421
-0.7652
-0.774151
-0.783264
-0.792532
-0.801946
-0.8115
-0.821183
-0.83099
-0.840914
-0.850941
-0.861066
-0.87128
-0.881573
-0.891936
-0.902361
-0.912836
-0.92335
-0.933892
-0.944448
-0.955005
-0.965551
-0.976064
-0.986527
-0.996923
-1.00722
-1.0174
-1.02743
-1.03727
-1.04688
-1.05622
-1.06524
-1.07389
-1.08209
-1.0898
-1.09694
-1.10345
-1.10928
-1.11438
-1.11872
-1.1223
-1.12514
-1.12725
-1.1287
-1.12955
-1.12986
-1.12969
-1.12912
-1.1282
-1.127
-1.12557
-1.12394
-1.12216
-1.12027
-1.11828
-1.11623
-1.11414
-1.11201
-1.10988
-1.10774
-1.10562
-1.10352
-1.10145
-1.09942
-1.09743
-1.09549
-1.0936
-1.09176
-1.08998
-1.08826
-1.0866
-1.085
-1.08347
-1.082
-1.08059
-1.07925
-1.07797
-1.07676
-1.07561
-1.07452
-1.0735
-1.07253
-1.07163
-1.07077
-1.06998
-1.06924
-1.06856
-1.06793
-1.06734
-1.06681
-1.06632
-1.06588
-1.06548
-1.06512
-1.0648
-1.06451
-1.06426
-1.06405
-1.06386
-1.0637
-1.06357
-1.06346
-1.06338
-1.06331
-1.06326
-1.06323
-1.06321
-1.0632
-1.06321
-1.06322
-1.06323
-1.06325
-1.06327
-1.06329
-1.06331
-1.06332
-1.06333
-1.06333
-1.06332
-1.0633
-1.06326
-1.06321
-1.06314
-1.06306
-1.06295
-1.06282
-1.06267
-1.06249
-1.06229
-1.06206
-1.0618
-1.06151
-1.06119
-1.06083
-1.06044
-1.06001
-1.05955
-1.05905
-1.05851
-1.05792
-1.0573
-1.05664
-1.05593
-1.05517
-1.05438
-1.05353
-1.05264
-1.0517
-1.05071
-1.04967
-1.04858
-1.04744
-1.04625
-1.04501
-1.04371
-1.04237
-1.04097
-1.26491
-1.26029
-1.25561
-1.25089
-1.24611
-1.24129
-1.23642
-1.23149
-1.22651
-1.22148
-1.2164
-1.21126
-1.20607
-1.20083
-1.19553
-1.19018
-1.18477
-1.17931
-1.17378
-1.1682
-1.16257
-1.15687
-1.15112
-1.14531
-1.13944
-1.13351
-1.12752
-1.12147
-1.11536
-1.10918
-1.10295
-1.09666
-1.09031
-1.08389
-1.07741
-1.07088
-1.06428
-1.05763
-1.05091
-1.04414
-1.03731
-1.03042
-1.02348
-1.01648
-1.00942
-1.00231
-0.995152
-0.987942
-0.980682
-0.973376
-0.966023
-0.958627
-0.95119
-0.943714
-0.9362
-0.928654
-0.921076
-0.913469
-0.905836
-0.898181
-0.890508
-0.882817
-0.875116
-0.867409
-0.859696
-0.851983
-0.844277
-0.836579
-0.828896
-0.821231
-0.813591
-0.80598
-0.798403
-0.790868
-0.783377
-0.775938
-0.768557
-0.761238
-0.753994
-0.746822
-0.739733
-0.732735
-0.725835
-0.719038
-0.712352
-0.705783
-0.699341
-0.693032
-0.686863
-0.680842
-0.674978
-0.669279
-0.663749
-0.658401
-0.653241
-0.648277
-0.643517
-0.638971
-0.634643
-0.630542
-0.626675
-0.623052
-0.619679
-0.616562
-0.613709
-0.611129
-0.608827
-0.606809
-0.60508
-0.603649
-0.602519
-0.601692
-0.601174
-0.60097
-0.601081
-0.601513
-0.602267
-0.603343
-0.604743
-0.606467
-0.608515
-0.610886
-0.61358
-0.616594
-0.619927
-0.623572
-0.627528
-0.631791
-0.636355
-0.641217
-0.646372
-0.651811
-0.65753
-0.663521
-0.669778
-0.676294
-0.683062
-0.690074
-0.697321
-0.704796
-0.712493
-0.720399
-0.728514
-0.736823
-0.745318
-0.753994
-0.76284
-0.771851
-0.781015
-0.790326
-0.799774
-0.80935
-0.819047
-0.828855
-0.838766
-0.848769
-0.858856
-0.869016
-0.879243
-0.889523
-0.899843
-0.910193
-0.920562
-0.930934
-0.941293
-0.951628
-0.961919
-0.972143
-0.98228
-0.992309
-1.0022
-1.01192
-1.02144
-1.03071
-1.03971
-1.04838
-1.05668
-1.06454
-1.07193
-1.07878
-1.08505
-1.0907
-1.0957
-1.10002
-1.10366
-1.10663
-1.10897
-1.1107
-1.11187
-1.11254
-1.11276
-1.11258
-1.11206
-1.11125
-1.1102
-1.10893
-1.1075
-1.10594
-1.10427
-1.10251
-1.10069
-1.09882
-1.09693
-1.09504
-1.09313
-1.09123
-1.08935
-1.0875
-1.08568
-1.0839
-1.08216
-1.08046
-1.07881
-1.07722
-1.07567
-1.07418
-1.07275
-1.07138
-1.07006
-1.0688
-1.06761
-1.06647
-1.06539
-1.06436
-1.0634
-1.06249
-1.06163
-1.06083
-1.06008
-1.05938
-1.05873
-1.05813
-1.05758
-1.05707
-1.0566
-1.05618
-1.05579
-1.05545
-1.05513
-1.05485
-1.05461
-1.05439
-1.0542
-1.05403
-1.05389
-1.05377
-1.05367
-1.05359
-1.05352
-1.05347
-1.05343
-1.05339
-1.05337
-1.05334
-1.05332
-1.05331
-1.05329
-1.05327
-1.05324
-1.05321
-1.05317
-1.05312
-1.05306
-1.05299
-1.0529
-1.05279
-1.05267
-1.05252
-1.05235
-1.05216
-1.05195
-1.0517
-1.05143
-1.05113
-1.0508
-1.05044
-1.05005
-1.04961
-1.04915
-1.04865
-1.0481
-1.04752
-1.0469
-1.04624
-1.04553
-1.04478
-1.04399
-1.04315
-1.04227
-1.04133
-1.04035
-1.03933
-1.03825
-1.03712
-1.03594
-1.03471
-1.03343
-1.0321
-1.03071
-1.02927
-1.02777
-1.26544
-1.26095
-1.25641
-1.25183
-1.24719
-1.24251
-1.23777
-1.23298
-1.22814
-1.22324
-1.2183
-1.2133
-1.20824
-1.20313
-1.19796
-1.19274
-1.18746
-1.18213
-1.17673
-1.17128
-1.16577
-1.1602
-1.15457
-1.14887
-1.14312
-1.1373
-1.13143
-1.12548
-1.11948
-1.11341
-1.10728
-1.10109
-1.09483
-1.08851
-1.08212
-1.07567
-1.06915
-1.06257
-1.05592
-1.04922
-1.04245
-1.03562
-1.02873
-1.02177
-1.01476
-1.00769
-1.00056
-0.993373
-0.986134
-0.978842
-0.971497
-0.964103
-0.956662
-0.949174
-0.941645
-0.934074
-0.926466
-0.918824
-0.911148
-0.903444
-0.895712
-0.88796
-0.880188
-0.872404
-0.864608
-0.856804
-0.849
-0.841199
-0.833404
-0.825621
-0.817855
-0.810113
-0.802399
-0.794718
-0.787075
-0.779478
-0.771931
-0.764445
-0.757019
-0.749664
-0.742386
-0.735192
-0.728089
-0.721084
-0.714183
-0.707397
-0.70073
-0.694191
-0.687788
-0.681528
-0.675421
-0.669473
-0.663691
-0.658086
-0.652666
-0.647439
-0.642413
-0.637595
-0.632994
-0.62862
-0.624477
-0.620575
-0.616922
-0.613527
-0.610394
-0.607534
-0.604952
-0.602657
-0.600654
-0.598945
-0.597539
-0.596442
-0.595657
-0.595189
-0.59504
-0.595215
-0.595717
-0.596547
-0.597707
-0.599194
-0.601013
-0.603161
-0.605637
-0.608438
-0.611565
-0.615013
-0.618777
-0.622854
-0.62724
-0.631929
-0.636915
-0.642193
-0.647756
-0.653598
-0.65971
-0.666086
-0.672718
-0.679599
-0.686718
-0.69407
-0.701645
-0.709435
-0.717434
-0.725628
-0.734012
-0.742577
-0.751313
-0.760212
-0.769265
-0.778463
-0.787795
-0.797256
-0.806833
-0.816519
-0.826303
-0.836175
-0.846127
-0.856146
-0.866223
-0.876347
-0.886503
-0.896681
-0.906869
-0.917049
-0.927206
-0.937326
-0.947387
-0.95737
-0.967253
-0.977011
-0.98662
-0.996049
-1.00526
-1.01423
-1.02291
-1.03126
-1.03925
-1.04682
-1.05393
-1.06054
-1.06662
-1.07212
-1.07704
-1.08134
-1.08504
-1.08814
-1.09066
-1.09263
-1.09408
-1.09507
-1.09562
-1.0958
-1.09564
-1.09518
-1.09448
-1.09357
-1.09247
-1.09122
-1.08986
-1.08839
-1.08685
-1.08525
-1.0836
-1.08194
-1.08026
-1.07857
-1.07689
-1.07522
-1.07358
-1.07196
-1.07038
-1.06883
-1.06732
-1.06585
-1.06443
-1.06306
-1.06174
-1.06047
-1.05925
-1.05809
-1.05698
-1.05592
-1.05491
-1.05396
-1.05306
-1.05221
-1.05141
-1.05066
-1.04996
-1.04931
-1.0487
-1.04813
-1.04761
-1.04713
-1.04669
-1.04629
-1.04592
-1.04559
-1.04529
-1.04502
-1.04478
-1.04456
-1.04437
-1.04421
-1.04406
-1.04393
-1.04382
-1.04373
-1.04364
-1.04357
-1.0435
-1.04344
-1.04339
-1.04334
-1.04329
-1.04324
-1.04319
-1.04313
-1.04306
-1.04299
-1.0429
-1.04281
-1.0427
-1.04257
-1.04243
-1.04227
-1.04209
-1.04188
-1.04166
-1.0414
-1.04112
-1.04082
-1.04048
-1.04011
-1.03971
-1.03928
-1.03881
-1.03831
-1.03777
-1.03719
-1.03657
-1.03591
-1.03521
-1.03447
-1.03368
-1.03285
-1.03197
-1.03105
-1.03008
-1.02906
-1.02799
-1.02688
-1.02571
-1.0245
-1.02323
-1.02191
-1.02053
-1.01911
-1.01763
-1.0161
-1.01451
-1.26583
-1.26148
-1.25708
-1.25263
-1.24814
-1.24359
-1.23899
-1.23434
-1.22964
-1.22488
-1.22007
-1.21521
-1.21029
-1.20531
-1.20028
-1.19519
-1.19005
-1.18485
-1.17958
-1.17426
-1.16887
-1.16343
-1.15792
-1.15235
-1.14672
-1.14102
-1.13526
-1.12943
-1.12354
-1.11758
-1.11155
-1.10546
-1.0993
-1.09307
-1.08678
-1.08041
-1.07398
-1.06748
-1.06091
-1.05428
-1.04757
-1.0408
-1.03397
-1.02707
-1.0201
-1.01307
-1.00597
-0.998819
-0.991603
-0.984329
-0.976997
-0.96961
-0.962168
-0.954674
-0.947131
-0.939541
-0.931906
-0.92423
-0.916515
-0.908763
-0.90098
-0.893167
-0.885328
-0.87747
-0.869593
-0.861701
-0.853802
-0.845897
-0.837993
-0.830094
-0.822206
-0.814334
-0.806483
-0.798658
-0.790865
-0.78311
-0.775404
-0.767745
-0.760143
-0.752606
-0.745139
-0.737749
-0.730445
-0.723232
-0.71612
-0.709113
-0.702222
-0.695454
-0.688817
-0.682318
-0.675966
-0.66977
-0.663734
-0.657873
-0.65219
-0.646698
-0.641404
-0.636312
-0.631439
-0.626786
-0.622364
-0.618183
-0.614248
-0.610569
-0.607155
-0.604011
-0.601146
-0.598566
-0.596278
-0.594289
-0.592604
-0.591231
-0.590171
-0.589433
-0.589018
-0.588929
-0.589174
-0.58975
-0.59066
-0.591906
-0.593488
-0.595404
-0.597655
-0.600239
-0.603153
-0.606394
-0.609959
-0.613844
-0.618043
-0.622552
-0.627365
-0.632474
-0.637873
-0.643557
-0.649518
-0.655747
-0.662237
-0.668977
-0.675963
-0.683184
-0.69063
-0.698296
-0.706171
-0.714245
-0.722511
-0.730956
-0.739574
-0.748355
-0.757288
-0.766366
-0.775577
-0.784913
-0.794364
-0.803919
-0.813569
-0.823303
-0.833111
-0.84298
-0.852902
-0.862862
-0.872849
-0.882849
-0.892848
-0.90283
-0.912779
-0.922681
-0.932516
-0.94226
-0.951893
-0.961391
-0.970729
-0.979877
-0.988806
-0.997483
-1.00587
-1.01394
-1.02165
-1.02896
-1.03584
-1.04225
-1.04817
-1.05356
-1.05841
-1.06271
-1.06646
-1.06967
-1.07235
-1.07452
-1.07622
-1.07748
-1.07834
-1.07883
-1.079
-1.07887
-1.0785
-1.07791
-1.07713
-1.07619
-1.07512
-1.07394
-1.07267
-1.07133
-1.06993
-1.0685
-1.06704
-1.06557
-1.06409
-1.06262
-1.06115
-1.05971
-1.05829
-1.05689
-1.05553
-1.0542
-1.05291
-1.05166
-1.05046
-1.0493
-1.04818
-1.04712
-1.0461
-1.04513
-1.0442
-1.04332
-1.0425
-1.04171
-1.04097
-1.04028
-1.03964
-1.03903
-1.03847
-1.03795
-1.03746
-1.03702
-1.0366
-1.03623
-1.03588
-1.03557
-1.03529
-1.03503
-1.0348
-1.03459
-1.0344
-1.03423
-1.03408
-1.03395
-1.03383
-1.03372
-1.03363
-1.03354
-1.03345
-1.03337
-1.0333
-1.03322
-1.03314
-1.03305
-1.03297
-1.03287
-1.03277
-1.03265
-1.03253
-1.03239
-1.03223
-1.03206
-1.03186
-1.03165
-1.03141
-1.03115
-1.03087
-1.03055
-1.03021
-1.02984
-1.02944
-1.02901
-1.02854
-1.02804
-1.0275
-1.02692
-1.02631
-1.02565
-1.02496
-1.02422
-1.02344
-1.02262
-1.02175
-1.02084
-1.01988
-1.01887
-1.01782
-1.01672
-1.01556
-1.01436
-1.01311
-1.0118
-1.01044
-1.00903
-1.00757
-1.00605
-1.00448
-1.00286
-1.00118
-1.26608
-1.26187
-1.25761
-1.25331
-1.24895
-1.24454
-1.24008
-1.23557
-1.23101
-1.2264
-1.22172
-1.217
-1.21222
-1.20738
-1.20249
-1.19754
-1.19253
-1.18746
-1.18233
-1.17714
-1.17189
-1.16657
-1.16119
-1.15575
-1.15024
-1.14466
-1.13902
-1.13331
-1.12754
-1.12169
-1.11577
-1.10979
-1.10373
-1.0976
-1.0914
-1.08513
-1.07878
-1.07237
-1.06588
-1.05932
-1.05269
-1.04598
-1.03921
-1.03236
-1.02544
-1.01846
-1.01141
-1.00428
-0.997098
-0.989844
-0.982528
-0.97515
-0.967713
-0.960217
-0.952665
-0.945058
-0.937401
-0.929695
-0.921941
-0.914147
-0.906313
-0.898443
-0.89054
-0.88261
-0.874655
-0.866676
-0.858684
-0.85068
-0.842669
-0.834657
-0.826647
-0.818648
-0.81066
-0.802694
-0.794752
-0.786846
-0.778974
-0.771147
-0.76337
-0.755651
-0.747996
-0.740412
-0.732907
-0.725486
-0.718161
-0.710938
-0.703824
-0.696826
-0.689954
-0.683216
-0.676619
-0.670171
-0.663884
-0.657764
-0.651819
-0.64606
-0.640496
-0.635132
-0.629981
-0.625049
-0.620346
-0.615882
-0.611663
-0.607697
-0.603995
-0.600563
-0.597408
-0.59454
-0.591964
-0.58969
-0.587721
-0.586065
-0.584727
-0.58371
-0.583022
-0.582664
-0.582643
-0.582959
-0.583614
-0.584609
-0.585946
-0.587624
-0.589643
-0.592001
-0.594695
-0.597722
-0.60108
-0.604765
-0.608771
-0.613091
-0.617722
-0.622657
-0.627887
-0.633407
-0.639207
-0.645282
-0.651623
-0.658218
-0.665063
-0.672146
-0.679458
-0.68699
-0.694738
-0.702684
-0.710822
-0.719142
-0.727635
-0.73629
-0.745098
-0.754048
-0.763131
-0.772336
-0.781652
-0.791071
-0.80058
-0.810169
-0.819826
-0.82954
-0.839299
-0.849091
-0.858902
-0.868719
-0.878527
-0.888311
-0.898053
-0.907738
-0.917345
-0.926854
-0.936241
-0.945489
-0.954569
-0.963457
-0.972118
-0.980532
-0.98866
-0.996472
-1.00394
-1.01103
-1.0177
-1.02395
-1.02973
-1.03503
-1.03983
-1.04413
-1.04793
-1.05123
-1.05405
-1.05641
-1.05832
-1.05983
-1.06095
-1.06173
-1.06219
-1.06237
-1.0623
-1.06201
-1.06153
-1.06089
-1.0601
-1.0592
-1.0582
-1.05711
-1.05596
-1.05477
-1.05353
-1.05227
-1.051
-1.04972
-1.04844
-1.04717
-1.04592
-1.04468
-1.04347
-1.04228
-1.04113
-1.04001
-1.03893
-1.03788
-1.03688
-1.03591
-1.03499
-1.03411
-1.03327
-1.03248
-1.03172
-1.03101
-1.03034
-1.02971
-1.02912
-1.02857
-1.02806
-1.02758
-1.02714
-1.02673
-1.02635
-1.02601
-1.02569
-1.0254
-1.02513
-1.02489
-1.02467
-1.02447
-1.02429
-1.02413
-1.02398
-1.02384
-1.02372
-1.0236
-1.02349
-1.02339
-1.02329
-1.02319
-1.02309
-1.02298
-1.02288
-1.02277
-1.02265
-1.02252
-1.02238
-1.02222
-1.02206
-1.02187
-1.02167
-1.02145
-1.02121
-1.02094
-1.02065
-1.02034
-1.01999
-1.01962
-1.01922
-1.01879
-1.01832
-1.01783
-1.01729
-1.01672
-1.01612
-1.01547
-1.01478
-1.01405
-1.01328
-1.01247
-1.01161
-1.01071
-1.00976
-1.00877
-1.00773
-1.00664
-1.0055
-1.00431
-1.00307
-1.00178
-1.00044
-0.999047
-0.9976
-0.996101
-0.994548
-0.99294
-0.991277
-0.989561
-0.987789
-1.26621
-1.26214
-1.25802
-1.25386
-1.24964
-1.24537
-1.24106
-1.23669
-1.23227
-1.22779
-1.22326
-1.21868
-1.21404
-1.20935
-1.20459
-1.19978
-1.19491
-1.18998
-1.18498
-1.17993
-1.17481
-1.16963
-1.16438
-1.15906
-1.15368
-1.14823
-1.14271
-1.13713
-1.13147
-1.12574
-1.11993
-1.11406
-1.10811
-1.10208
-1.09598
-1.08981
-1.08356
-1.07723
-1.07083
-1.06435
-1.05779
-1.05116
-1.04445
-1.03766
-1.0308
-1.02387
-1.01686
-1.00977
-1.00262
-0.995393
-0.988097
-0.980732
-0.973301
-0.965806
-0.958247
-0.950629
-0.942953
-0.935219
-0.927434
-0.919599
-0.911718
-0.903794
-0.895829
-0.887829
-0.879798
-0.871736
-0.863654
-0.855552
-0.847437
-0.839311
-0.831182
-0.823057
-0.814937
-0.80683
-0.798745
-0.790681
-0.782649
-0.774654
-0.766703
-0.758803
-0.750961
-0.743184
-0.735477
-0.727853
-0.720316
-0.712875
-0.705537
-0.698311
-0.691204
-0.684226
-0.677384
-0.670687
-0.664145
-0.657766
-0.651559
-0.645532
-0.639695
-0.634056
-0.62863
-0.623416
-0.618429
-0.613676
-0.609167
-0.604916
-0.60092
-0.597195
-0.593748
-0.590588
-0.58772
-0.585155
-0.582897
-0.580952
-0.579327
-0.578028
-0.57706
-0.576426
-0.576132
-0.576181
-0.576573
-0.577312
-0.578397
-0.579829
-0.581607
-0.583731
-0.586197
-0.589003
-0.592148
-0.595623
-0.599428
-0.603553
-0.607996
-0.612748
-0.617802
-0.623151
-0.628786
-0.634701
-0.640885
-0.647328
-0.654024
-0.660962
-0.668133
-0.675529
-0.683139
-0.690951
-0.698957
-0.707145
-0.715506
-0.72403
-0.732705
-0.741521
-0.750469
-0.759537
-0.768715
-0.77799
-0.787353
-0.796791
-0.806293
-0.815849
-0.825443
-0.835063
-0.844695
-0.854327
-0.863943
-0.873527
-0.883062
-0.892533
-0.901918
-0.911198
-0.920353
-0.929362
-0.938197
-0.946836
-0.955252
-0.963417
-0.971309
-0.978895
-0.986146
-0.993038
-0.999543
-1.00564
-1.01131
-1.01653
-1.0213
-1.0256
-1.02945
-1.03284
-1.03579
-1.0383
-1.04041
-1.04214
-1.0435
-1.04454
-1.04527
-1.04573
-1.04594
-1.04594
-1.04574
-1.04537
-1.04486
-1.04422
-1.04348
-1.04264
-1.04174
-1.04077
-1.03976
-1.03872
-1.03765
-1.03656
-1.03547
-1.03438
-1.03329
-1.03222
-1.03116
-1.03013
-1.02911
-1.02813
-1.02717
-1.02624
-1.02535
-1.0245
-1.02368
-1.02289
-1.02215
-1.02144
-1.02076
-1.02013
-1.01953
-1.01897
-1.01844
-1.01795
-1.01749
-1.01706
-1.01666
-1.01629
-1.01595
-1.01564
-1.01535
-1.01508
-1.01484
-1.01462
-1.01442
-1.01423
-1.01406
-1.0139
-1.01375
-1.01362
-1.01349
-1.01337
-1.01325
-1.01313
-1.01302
-1.0129
-1.01278
-1.01266
-1.01253
-1.01239
-1.01224
-1.01208
-1.0119
-1.01171
-1.0115
-1.01128
-1.01103
-1.01077
-1.01048
-1.01016
-1.00982
-1.00945
-1.00905
-1.00862
-1.00816
-1.00767
-1.00714
-1.00658
-1.00598
-1.00535
-1.00467
-1.00395
-1.00319
-1.00239
-1.00155
-1.00066
-0.999725
-0.998745
-0.997718
-0.996643
-0.99552
-0.994348
-0.993126
-0.991854
-0.990531
-0.989154
-0.987726
-0.986245
-0.984709
-0.98312
-0.981477
-0.979779
-0.978026
-0.976216
-0.974352
-1.26622
-1.26229
-1.25831
-1.25429
-1.25021
-1.24609
-1.24191
-1.23769
-1.23341
-1.22908
-1.22469
-1.22025
-1.21576
-1.2112
-1.20659
-1.20192
-1.19719
-1.1924
-1.18754
-1.18262
-1.17764
-1.1726
-1.16748
-1.1623
-1.15705
-1.15173
-1.14634
-1.14088
-1.13534
-1.12973
-1.12405
-1.11828
-1.11244
-1.10653
-1.10053
-1.09446
-1.08831
-1.08207
-1.07576
-1.06936
-1.06289
-1.05633
-1.04969
-1.04297
-1.03617
-1.02929
-1.02233
-1.01529
-1.00817
-1.00098
-0.993705
-0.986358
-0.978939
-0.971448
-0.963887
-0.95626
-0.948565
-0.940811
-0.932996
-0.925125
-0.917198
-0.909223
-0.9012
-0.893133
-0.885028
-0.876885
-0.868714
-0.860517
-0.852299
-0.844064
-0.835818
-0.827567
-0.819316
-0.811074
-0.80284
-0.794624
-0.786431
-0.77827
-0.770146
-0.762067
-0.754037
-0.746067
-0.738164
-0.730334
-0.722587
-0.714928
-0.707367
-0.699912
-0.692571
-0.685353
-0.678266
-0.671318
-0.664522
-0.657883
-0.651411
-0.645118
-0.639009
-0.633093
-0.627385
-0.621888
-0.616614
-0.611575
-0.606776
-0.602227
-0.597937
-0.593917
-0.590173
-0.586715
-0.583552
-0.58069
-0.578138
-0.575899
-0.573981
-0.572393
-0.571139
-0.570225
-0.569651
-0.569423
-0.569546
-0.570019
-0.570845
-0.572023
-0.573554
-0.575435
-0.577666
-0.580244
-0.583165
-0.586426
-0.590019
-0.593945
-0.598191
-0.602754
-0.607624
-0.612795
-0.618258
-0.624005
-0.630027
-0.636313
-0.642857
-0.649643
-0.656667
-0.663919
-0.671387
-0.679059
-0.686926
-0.694977
-0.703201
-0.711588
-0.720124
-0.728802
-0.737609
-0.746535
-0.755568
-0.764696
-0.773908
-0.783193
-0.792537
-0.801928
-0.811353
-0.820799
-0.830253
-0.839699
-0.849124
-0.85851
-0.86784
-0.877102
-0.886271
-0.895331
-0.904262
-0.913042
-0.921648
-0.930056
-0.938245
-0.946188
-0.953863
-0.961241
-0.968303
-0.975022
-0.981376
-0.987347
-0.992923
-0.998084
-1.00282
-1.00714
-1.01103
-1.0145
-1.01756
-1.02022
-1.02251
-1.02443
-1.02601
-1.02728
-1.02826
-1.02898
-1.02946
-1.02972
-1.02978
-1.02968
-1.02943
-1.02905
-1.02855
-1.02796
-1.0273
-1.02656
-1.02577
-1.02493
-1.02407
-1.02318
-1.02228
-1.02137
-1.02045
-1.01954
-1.01864
-1.01776
-1.01689
-1.01604
-1.01521
-1.01441
-1.01364
-1.01289
-1.01218
-1.01149
-1.01084
-1.01022
-1.00963
-1.00908
-1.00855
-1.00806
-1.0076
-1.00717
-1.00677
-1.00639
-1.00604
-1.00571
-1.00542
-1.00514
-1.00488
-1.00465
-1.00443
-1.00423
-1.00405
-1.00387
-1.00371
-1.00357
-1.00343
-1.00329
-1.00316
-1.00304
-1.00291
-1.00279
-1.00266
-1.00253
-1.00239
-1.00225
-1.00209
-1.00193
-1.00175
-1.00156
-1.00135
-1.00113
-1.00088
-1.00062
-1.00033
-1.00002
-0.99968
-0.999317
-0.998925
-0.998506
-0.998052
-0.997568
-0.99705
-0.996498
-0.995909
-0.995283
-0.994621
-0.993917
-0.993173
-0.992387
-0.991556
-0.990684
-0.989767
-0.988804
-0.987792
-0.986736
-0.985631
-0.984476
-0.983272
-0.982019
-0.980714
-0.979359
-0.977949
-0.976487
-0.974973
-0.973403
-0.97178
-0.970102
-0.968369
-0.96658
-0.964736
-0.962836
-0.960877
-1.26611
-1.26232
-1.25848
-1.2546
-1.25067
-1.24669
-1.24266
-1.23857
-1.23444
-1.23025
-1.22601
-1.22172
-1.21736
-1.21295
-1.20849
-1.20396
-1.19937
-1.19472
-1.19001
-1.18524
-1.18039
-1.17548
-1.17051
-1.16546
-1.16035
-1.15516
-1.1499
-1.14457
-1.13916
-1.13367
-1.12811
-1.12247
-1.11675
-1.11094
-1.10506
-1.09909
-1.09304
-1.0869
-1.08068
-1.07438
-1.06799
-1.06151
-1.05495
-1.0483
-1.04156
-1.03474
-1.02783
-1.02084
-1.01376
-1.0066
-0.999356
-0.992033
-0.984629
-0.977147
-0.969588
-0.961953
-0.954248
-0.946474
-0.938631
-0.930726
-0.92276
-0.914735
-0.906655
-0.898526
-0.890349
-0.882128
-0.873871
-0.865581
-0.857261
-0.848918
-0.840557
-0.832183
-0.823805
-0.815422
-0.807044
-0.798676
-0.790326
-0.782
-0.773703
-0.765445
-0.757231
-0.749069
-0.740968
-0.732935
-0.724976
-0.7171
-0.709317
-0.701633
-0.694058
-0.6866
-0.679269
-0.672071
-0.665021
-0.658121
-0.651384
-0.644821
-0.638435
-0.632243
-0.626253
-0.620473
-0.614912
-0.609579
-0.604486
-0.599641
-0.595053
-0.590733
-0.58669
-0.582931
-0.579465
-0.576303
-0.573448
-0.570911
-0.568698
-0.566814
-0.565268
-0.564063
-0.563203
-0.562695
-0.56254
-0.562741
-0.563299
-0.564216
-0.565492
-0.567124
-0.569112
-0.571453
-0.574145
-0.577182
-0.580559
-0.584272
-0.588317
-0.592681
-0.597363
-0.602349
-0.607633
-0.613206
-0.619058
-0.625182
-0.631565
-0.638195
-0.645069
-0.652169
-0.65949
-0.667017
-0.67474
-0.682647
-0.690728
-0.698974
-0.707369
-0.715903
-0.724566
-0.733345
-0.74223
-0.751207
-0.760265
-0.769392
-0.778573
-0.787799
-0.797054
-0.806326
-0.815601
-0.824862
-0.834097
-0.843289
-0.852419
-0.861476
-0.870438
-0.879287
-0.888005
-0.896569
-0.904959
-0.913154
-0.921132
-0.928871
-0.93635
-0.943545
-0.950435
-0.957003
-0.963228
-0.969094
-0.974587
-0.979696
-0.984416
-0.988742
-0.992679
-0.996225
-0.999391
-1.00218
-1.00463
-1.00673
-1.00851
-1.01
-1.01121
-1.01216
-1.01288
-1.01339
-1.01371
-1.01386
-1.01385
-1.01372
-1.01347
-1.01311
-1.01267
-1.01216
-1.01158
-1.01096
-1.0103
-1.00961
-1.00889
-1.00816
-1.00742
-1.00668
-1.00594
-1.0052
-1.00448
-1.00377
-1.00307
-1.0024
-1.00175
-1.00112
-1.00051
-0.999931
-0.999379
-0.998852
-0.998352
-0.997879
-0.997435
-0.997015
-0.996622
-0.996256
-0.995911
-0.995591
-0.995293
-0.995017
-0.994761
-0.994524
-0.994304
-0.994101
-0.993912
-0.993737
-0.993574
-0.993421
-0.993277
-0.993139
-0.993006
-0.992877
-0.992749
-0.992621
-0.992491
-0.992358
-0.992221
-0.992076
-0.991923
-0.99176
-0.991589
-0.9914
-0.991196
-0.990975
-0.990737
-0.990478
-0.990199
-0.989896
-0.989568
-0.989212
-0.988831
-0.988421
-0.987981
-0.987511
-0.987007
-0.986467
-0.985892
-0.985282
-0.984632
-0.983944
-0.983218
-0.98245
-0.981639
-0.980783
-0.979884
-0.97894
-0.977951
-0.976914
-0.975828
-0.974695
-0.973512
-0.972279
-0.970994
-0.969659
-0.968273
-0.966833
-0.96534
-0.963793
-0.962191
-0.960535
-0.958823
-0.957056
-0.955234
-0.953355
-0.95142
-0.949428
-0.947378
-1.26589
-1.26224
-1.25855
-1.2548
-1.25101
-1.24718
-1.24329
-1.23935
-1.23536
-1.23132
-1.22722
-1.22308
-1.21887
-1.21461
-1.21029
-1.20591
-1.20146
-1.19696
-1.19239
-1.18776
-1.18306
-1.1783
-1.17346
-1.16855
-1.16358
-1.15853
-1.1534
-1.1482
-1.14292
-1.13757
-1.13213
-1.12661
-1.12101
-1.11532
-1.10955
-1.10369
-1.09775
-1.09172
-1.0856
-1.07939
-1.07308
-1.06669
-1.06021
-1.05364
-1.04697
-1.04021
-1.03336
-1.02642
-1.01939
-1.01227
-1.00506
-0.997761
-0.990376
-0.982907
-0.975354
-0.967717
-0.960003
-0.952213
-0.944348
-0.936411
-0.928405
-0.920335
-0.912202
-0.904012
-0.895765
-0.887467
-0.879128
-0.870747
-0.862328
-0.853878
-0.845406
-0.836911
-0.828401
-0.819883
-0.811361
-0.802843
-0.794334
-0.785844
-0.777377
-0.768941
-0.760543
-0.752191
-0.743893
-0.735655
-0.727487
-0.719396
-0.711389
-0.703478
-0.695669
-0.687974
-0.680396
-0.672949
-0.665641
-0.658481
-0.651481
-0.644646
-0.637987
-0.631516
-0.625243
-0.619175
-0.613324
-0.607699
-0.602309
-0.597164
-0.592276
-0.587653
-0.583304
-0.579241
-0.575469
-0.572
-0.56884
-0.566
-0.563484
-0.561301
-0.559454
-0.557953
-0.556801
-0.556003
-0.555564
-0.555484
-0.555768
-0.556415
-0.557427
-0.558803
-0.56054
-0.562637
-0.565091
-0.567897
-0.57105
-0.574546
-0.578378
-0.58254
-0.587023
-0.591818
-0.596916
-0.602311
-0.607988
-0.613941
-0.620157
-0.626627
-0.633342
-0.640289
-0.647457
-0.654833
-0.662407
-0.670167
-0.678102
-0.6862
-0.694449
-0.702837
-0.711352
-0.719982
-0.728716
-0.737538
-0.746439
-0.755407
-0.764426
-0.773485
-0.782569
-0.791667
-0.800764
-0.809843
-0.818891
-0.827892
-0.83683
-0.845689
-0.85445
-0.863098
-0.871613
-0.879974
-0.888163
-0.89616
-0.903944
-0.911497
-0.918798
-0.925828
-0.932567
-0.938999
-0.945114
-0.950887
-0.956313
-0.961382
-0.966088
-0.970429
-0.974403
-0.978018
-0.981281
-0.984199
-0.986786
-0.989057
-0.991025
-0.992709
-0.994129
-0.995303
-0.996251
-0.996993
-0.997547
-0.997932
-0.998166
-0.998265
-0.998244
-0.998118
-0.997901
-0.997605
-0.997244
-0.996826
-0.996363
-0.995866
-0.995337
-0.994787
-0.99422
-0.993646
-0.993066
-0.992485
-0.991909
-0.991341
-0.990781
-0.990234
-0.989706
-0.989194
-0.988702
-0.988228
-0.987776
-0.987347
-0.986938
-0.986553
-0.986188
-0.985845
-0.985523
-0.985222
-0.984944
-0.984682
-0.984439
-0.984214
-0.984003
-0.983809
-0.983628
-0.983461
-0.983303
-0.983156
-0.983017
-0.982884
-0.982756
-0.982632
-0.982509
-0.982387
-0.982263
-0.982136
-0.982005
-0.981867
-0.981721
-0.981565
-0.981398
-0.981219
-0.981024
-0.980814
-0.980589
-0.98034
-0.980073
-0.979783
-0.979469
-0.979129
-0.978763
-0.978368
-0.977942
-0.977486
-0.976999
-0.97648
-0.975924
-0.975332
-0.974702
-0.974033
-0.973326
-0.972577
-0.971787
-0.970954
-0.970076
-0.969155
-0.968187
-0.967173
-0.966113
-0.965003
-0.963844
-0.962632
-0.961372
-0.96006
-0.958695
-0.957281
-0.955813
-0.95429
-0.952713
-0.95108
-0.949393
-0.94765
-0.94585
-0.943995
-0.942083
-0.940114
-0.938088
-0.936003
-0.933862
-1.26556
-1.26206
-1.2585
-1.2549
-1.25125
-1.24756
-1.24382
-1.24002
-1.23618
-1.23229
-1.22834
-1.22434
-1.22028
-1.21616
-1.21199
-1.20776
-1.20346
-1.19911
-1.19469
-1.1902
-1.18565
-1.18103
-1.17634
-1.17158
-1.16674
-1.16183
-1.15684
-1.15178
-1.14663
-1.14141
-1.1361
-1.13071
-1.12524
-1.11967
-1.11402
-1.10828
-1.10245
-1.09652
-1.09051
-1.08439
-1.07819
-1.07189
-1.06549
-1.05899
-1.0524
-1.04571
-1.03893
-1.03204
-1.02506
-1.01799
-1.01081
-1.00355
-0.996187
-0.988732
-0.981187
-0.973555
-0.965835
-0.958032
-0.950147
-0.942182
-0.934141
-0.926027
-0.917843
-0.909595
-0.901282
-0.89291
-0.884487
-0.876017
-0.867502
-0.85895
-0.850363
-0.841749
-0.833112
-0.824458
-0.815795
-0.807127
-0.798463
-0.789809
-0.781172
-0.772559
-0.763978
-0.755436
-0.746941
-0.7385
-0.730123
-0.721816
-0.713589
-0.705451
-0.697409
-0.689473
-0.681649
-0.673953
-0.666389
-0.658969
-0.651703
-0.644597
-0.637665
-0.630915
-0.624356
-0.618
-0.611856
-0.605936
-0.600249
-0.594803
-0.589611
-0.584682
-0.580026
-0.575652
-0.571571
-0.567792
-0.564322
-0.561171
-0.558348
-0.555857
-0.553706
-0.551902
-0.55045
-0.549356
-0.548625
-0.548257
-0.548258
-0.548629
-0.549369
-0.550479
-0.551957
-0.553802
-0.556011
-0.558577
-0.5615
-0.564771
-0.568385
-0.572335
-0.576614
-0.581211
-0.586117
-0.591324
-0.59682
-0.602596
-0.608643
-0.614947
-0.621499
-0.628286
-0.635297
-0.642518
-0.64994
-0.657549
-0.665332
-0.67328
-0.68138
-0.689617
-0.697982
-0.706459
-0.715038
-0.723706
-0.732451
-0.741257
-0.750113
-0.759005
-0.767921
-0.776847
-0.785767
-0.794668
-0.803532
-0.812348
-0.821098
-0.829767
-0.838338
-0.846794
-0.855116
-0.863287
-0.871287
-0.8791
-0.886707
-0.89409
-0.90123
-0.908111
-0.914716
-0.921033
-0.927044
-0.932741
-0.93811
-0.943145
-0.947841
-0.952199
-0.956218
-0.959902
-0.963254
-0.966285
-0.969005
-0.971427
-0.973563
-0.975432
-0.977048
-0.978428
-0.979592
-0.980553
-0.981332
-0.98194
-0.982399
-0.982723
-0.982924
-0.983018
-0.983018
-0.982935
-0.982781
-0.982566
-0.982299
-0.98199
-0.981647
-0.981278
-0.980885
-0.980477
-0.980059
-0.979633
-0.979205
-0.978779
-0.978356
-0.977941
-0.977537
-0.977147
-0.976767
-0.976405
-0.976057
-0.975726
-0.975412
-0.975114
-0.974832
-0.974568
-0.974322
-0.974092
-0.973879
-0.973679
-0.973494
-0.973321
-0.97316
-0.973011
-0.972872
-0.972742
-0.972618
-0.9725
-0.972387
-0.972277
-0.972169
-0.97206
-0.97195
-0.971836
-0.971718
-0.971595
-0.971463
-0.971322
-0.971171
-0.971005
-0.970827
-0.970632
-0.970421
-0.97019
-0.969939
-0.969669
-0.969372
-0.969051
-0.968704
-0.968329
-0.967927
-0.967492
-0.967026
-0.966527
-0.965991
-0.965424
-0.964818
-0.964174
-0.96349
-0.962766
-0.962001
-0.961193
-0.96034
-0.959442
-0.958501
-0.957513
-0.956476
-0.955393
-0.954262
-0.95308
-0.951848
-0.950563
-0.949224
-0.947835
-0.946392
-0.944896
-0.943345
-0.941739
-0.94008
-0.938363
-0.936589
-0.93476
-0.932873
-0.930929
-0.928928
-0.926868
-0.92475
-0.922575
-0.920341
-1.26514
-1.26177
-1.25836
-1.2549
-1.2514
-1.24785
-1.24425
-1.2406
-1.2369
-1.23316
-1.22936
-1.2255
-1.22159
-1.21763
-1.21361
-1.20952
-1.20538
-1.20117
-1.1969
-1.19256
-1.18816
-1.18369
-1.17914
-1.17453
-1.16984
-1.16507
-1.16022
-1.1553
-1.1503
-1.14521
-1.14004
-1.13478
-1.12943
-1.124
-1.11847
-1.11285
-1.10713
-1.10132
-1.09541
-1.0894
-1.0833
-1.07709
-1.07078
-1.06437
-1.05786
-1.05125
-1.04453
-1.03771
-1.03078
-1.02375
-1.01662
-1.00939
-1.00206
-0.994627
-0.987097
-0.979469
-0.971749
-0.963937
-0.956035
-0.948045
-0.939972
-0.931817
-0.923585
-0.91528
-0.906904
-0.89846
-0.889957
-0.881399
-0.87279
-0.864133
-0.855435
-0.846702
-0.837938
-0.82915
-0.820347
-0.811532
-0.802713
-0.793897
-0.785091
-0.776302
-0.767538
-0.758807
-0.750115
-0.741472
-0.732888
-0.724366
-0.715918
-0.707552
-0.699276
-0.691101
-0.683033
-0.675087
-0.667268
-0.659587
-0.652055
-0.64468
-0.63747
-0.630441
-0.623596
-0.616952
-0.610516
-0.604298
-0.59831
-0.59256
-0.587063
-0.581825
-0.576858
-0.572172
-0.567777
-0.563683
-0.5599
-0.556433
-0.553296
-0.550492
-0.548029
-0.545917
-0.544158
-0.542761
-0.54173
-0.541068
-0.540779
-0.540864
-0.541325
-0.542161
-0.543373
-0.544958
-0.546913
-0.549233
-0.551916
-0.554955
-0.558344
-0.562075
-0.566141
-0.570535
-0.575243
-0.580256
-0.585565
-0.59116
-0.59703
-0.603162
-0.609545
-0.616168
-0.623019
-0.630082
-0.637347
-0.644801
-0.652433
-0.660228
-0.668173
-0.676258
-0.684469
-0.692793
-0.701218
-0.709729
-0.718315
-0.726961
-0.735654
-0.744382
-0.753131
-0.761886
-0.770633
-0.779357
-0.788046
-0.796682
-0.805252
-0.813739
-0.822126
-0.830401
-0.838541
-0.846532
-0.854358
-0.862001
-0.869446
-0.876673
-0.883667
-0.890415
-0.896901
-0.903113
-0.909037
-0.914664
-0.919986
-0.924997
-0.929691
-0.934069
-0.938129
-0.941876
-0.945314
-0.94845
-0.951295
-0.953859
-0.956154
-0.958193
-0.959992
-0.961565
-0.962927
-0.964096
-0.965084
-0.965907
-0.96658
-0.96712
-0.967536
-0.967842
-0.968053
-0.968176
-0.968224
-0.968207
-0.968133
-0.968012
-0.967852
-0.967658
-0.967438
-0.967197
-0.966938
-0.966669
-0.966391
-0.966109
-0.965823
-0.965542
-0.965265
-0.964994
-0.964733
-0.96448
-0.96424
-0.96401
-0.963789
-0.963582
-0.963388
-0.963206
-0.963037
-0.962879
-0.962733
-0.962599
-0.962473
-0.962356
-0.962247
-0.962146
-0.96205
-0.961959
-0.961871
-0.961785
-0.961701
-0.961616
-0.961529
-0.961438
-0.961342
-0.96124
-0.96113
-0.961012
-0.960882
-0.96074
-0.960582
-0.96041
-0.960221
-0.960013
-0.959786
-0.959537
-0.959265
-0.958968
-0.958648
-0.958298
-0.95792
-0.957511
-0.957071
-0.956598
-0.956092
-0.955551
-0.954974
-0.954357
-0.953702
-0.953006
-0.95227
-0.95149
-0.95067
-0.949803
-0.948888
-0.947928
-0.946923
-0.945869
-0.944766
-0.943616
-0.942413
-0.941159
-0.939854
-0.938495
-0.937082
-0.935614
-0.934093
-0.932517
-0.930884
-0.929196
-0.927452
-0.925651
-0.923792
-0.921876
-0.919903
-0.917871
-0.91578
-0.91363
-0.911422
-0.909154
-0.906829
-1.26461
-1.26139
-1.25812
-1.2548
-1.25144
-1.24804
-1.24459
-1.24109
-1.23753
-1.23393
-1.23028
-1.22658
-1.22282
-1.219
-1.21513
-1.2112
-1.20721
-1.20315
-1.19903
-1.19485
-1.19059
-1.18627
-1.18188
-1.17741
-1.17287
-1.16825
-1.16355
-1.15877
-1.15391
-1.14896
-1.14393
-1.13881
-1.1336
-1.12829
-1.12289
-1.1174
-1.1118
-1.10611
-1.10032
-1.09442
-1.08842
-1.08231
-1.0761
-1.06978
-1.06335
-1.05682
-1.05017
-1.04342
-1.03655
-1.02958
-1.02249
-1.0153
-1.008
-1.0006
-0.993084
-0.985469
-0.97775
-0.969932
-0.962015
-0.954004
-0.945901
-0.937709
-0.929431
-0.921072
-0.912634
-0.904119
-0.895538
-0.886897
-0.878192
-0.869433
-0.860625
-0.851773
-0.842884
-0.833965
-0.825021
-0.81606
-0.807085
-0.798109
-0.789135
-0.780171
-0.771225
-0.762307
-0.75342
-0.744575
-0.73578
-0.727044
-0.718375
-0.709783
-0.701275
-0.692862
-0.684549
-0.676353
-0.668279
-0.66034
-0.652541
-0.644893
-0.637408
-0.630098
-0.622968
-0.616034
-0.609304
-0.602788
-0.596499
-0.590444
-0.584637
-0.579089
-0.573809
-0.568807
-0.564095
-0.559682
-0.555578
-0.551794
-0.548335
-0.545213
-0.542434
-0.540005
-0.537934
-0.536226
-0.534888
-0.533924
-0.533337
-0.533129
-0.533303
-0.533858
-0.534795
-0.536111
-0.537804
-0.53987
-0.542306
-0.545105
-0.548261
-0.551767
-0.555615
-0.559796
-0.5643
-0.569114
-0.57423
-0.579639
-0.585327
-0.591282
-0.597493
-0.603947
-0.610632
-0.617534
-0.62464
-0.631937
-0.639412
-0.647052
-0.654844
-0.662775
-0.670829
-0.678998
-0.687267
-0.695622
-0.704051
-0.712537
-0.721069
-0.729635
-0.738218
-0.746805
-0.755383
-0.763938
-0.772455
-0.780919
-0.789314
-0.797628
-0.805842
-0.813944
-0.821914
-0.829738
-0.837401
-0.844886
-0.852181
-0.859265
-0.866129
-0.872757
-0.879137
-0.885257
-0.891105
-0.896674
-0.901959
-0.906948
-0.911644
-0.916042
-0.920144
-0.923952
-0.927472
-0.930708
-0.93367
-0.936366
-0.938809
-0.941009
-0.942979
-0.944735
-0.946286
-0.947649
-0.948837
-0.949863
-0.950741
-0.951485
-0.952107
-0.952618
-0.95303
-0.953357
-0.953601
-0.953777
-0.953893
-0.953957
-0.953976
-0.953959
-0.953908
-0.95383
-0.953731
-0.953616
-0.953491
-0.953353
-0.953207
-0.95306
-0.952907
-0.95276
-0.952618
-0.952479
-0.952343
-0.952215
-0.952094
-0.951981
-0.951875
-0.951777
-0.951687
-0.951604
-0.951528
-0.95146
-0.951396
-0.951338
-0.951282
-0.951229
-0.951178
-0.951129
-0.951079
-0.951028
-0.950973
-0.950915
-0.950852
-0.950781
-0.950702
-0.950612
-0.950513
-0.9504
-0.950274
-0.950132
-0.949972
-0.949794
-0.949597
-0.949377
-0.949136
-0.94887
-0.948578
-0.948259
-0.947912
-0.947534
-0.947128
-0.946687
-0.946212
-0.945703
-0.945158
-0.944574
-0.943953
-0.943291
-0.942586
-0.941841
-0.941052
-0.940221
-0.939344
-0.938418
-0.937447
-0.936428
-0.935355
-0.934237
-0.93307
-0.931849
-0.930577
-0.929252
-0.927874
-0.926442
-0.924954
-0.92341
-0.921811
-0.920155
-0.918442
-0.916671
-0.914844
-0.912959
-0.911015
-0.909013
-0.906952
-0.904831
-0.902651
-0.900412
-0.898113
-0.895755
-0.893332
-1.264
-1.26091
-1.25779
-1.25462
-1.2514
-1.24814
-1.24483
-1.24148
-1.23808
-1.23463
-1.23112
-1.22756
-1.22396
-1.2203
-1.21657
-1.21279
-1.20895
-1.20505
-1.20109
-1.19705
-1.19295
-1.18879
-1.18455
-1.18023
-1.17584
-1.17137
-1.16682
-1.16219
-1.15748
-1.15268
-1.14779
-1.14281
-1.13773
-1.13257
-1.1273
-1.12193
-1.11647
-1.1109
-1.10522
-1.09944
-1.09355
-1.08755
-1.08144
-1.07522
-1.06888
-1.06243
-1.05586
-1.04918
-1.04238
-1.03546
-1.02843
-1.02128
-1.01402
-1.00664
-0.999152
-0.991551
-0.98384
-0.97602
-0.968094
-0.960065
-0.951933
-0.943706
-0.935384
-0.926974
-0.918476
-0.909892
-0.901239
-0.892508
-0.883711
-0.87485
-0.865934
-0.856967
-0.847955
-0.838904
-0.829821
-0.820712
-0.811586
-0.802448
-0.793308
-0.784169
-0.775041
-0.765933
-0.756852
-0.747806
-0.738803
-0.729853
-0.720964
-0.712146
-0.703406
-0.694753
-0.6862
-0.677755
-0.669427
-0.661226
-0.653161
-0.645241
-0.637481
-0.62989
-0.622476
-0.615251
-0.608226
-0.601412
-0.594819
-0.588458
-0.582342
-0.57648
-0.570882
-0.565562
-0.56053
-0.555795
-0.551367
-0.547257
-0.543475
-0.540029
-0.536927
-0.534176
-0.531786
-0.529761
-0.528109
-0.526834
-0.525941
-0.525433
-0.525311
-0.525577
-0.52623
-0.52727
-0.528693
-0.530497
-0.532678
-0.535229
-0.538145
-0.541418
-0.545041
-0.549002
-0.553296
-0.557905
-0.562824
-0.568041
-0.573542
-0.579316
-0.58535
-0.591632
-0.598149
-0.604884
-0.611827
-0.618963
-0.62628
-0.633764
-0.6414
-0.649175
-0.657077
-0.665091
-0.673204
-0.681403
-0.689673
-0.698002
-0.706376
-0.714781
-0.723201
-0.731626
-0.740041
-0.748431
-0.756782
-0.765079
-0.773308
-0.781456
-0.789507
-0.797445
-0.805256
-0.812924
-0.820436
-0.827777
-0.83493
-0.841888
-0.848633
-0.855154
-0.861439
-0.867477
-0.873262
-0.878782
-0.884032
-0.88901
-0.893708
-0.89813
-0.902274
-0.906142
-0.909738
-0.913069
-0.916142
-0.918964
-0.921545
-0.923897
-0.92603
-0.927955
-0.929685
-0.931233
-0.93261
-0.93383
-0.934905
-0.935848
-0.936667
-0.937376
-0.937984
-0.938501
-0.938937
-0.939302
-0.939604
-0.939849
-0.940048
-0.940202
-0.94032
-0.940406
-0.940466
-0.940504
-0.940525
-0.940534
-0.940528
-0.940512
-0.940495
-0.940469
-0.940441
-0.940416
-0.940391
-0.940367
-0.940346
-0.940327
-0.940311
-0.9403
-0.94029
-0.940283
-0.94028
-0.940278
-0.94028
-0.94028
-0.940279
-0.940278
-0.940275
-0.940268
-0.940259
-0.940243
-0.940221
-0.940192
-0.940153
-0.940104
-0.940043
-0.939969
-0.939881
-0.939776
-0.939655
-0.939513
-0.939353
-0.939172
-0.938967
-0.938738
-0.938483
-0.938202
-0.937892
-0.937552
-0.937181
-0.936778
-0.936339
-0.935871
-0.935363
-0.934817
-0.934234
-0.93361
-0.932946
-0.932239
-0.931489
-0.930693
-0.929853
-0.928966
-0.928034
-0.927054
-0.926024
-0.924945
-0.923814
-0.922629
-0.921396
-0.920109
-0.918768
-0.917372
-0.915922
-0.914417
-0.912855
-0.911236
-0.909558
-0.907824
-0.906031
-0.904179
-0.902268
-0.9003
-0.898271
-0.896182
-0.894034
-0.891825
-0.889555
-0.887225
-0.884831
-0.882382
-0.879871
-1.26331
-1.26036
-1.25737
-1.25434
-1.25127
-1.24815
-1.24499
-1.24178
-1.23853
-1.23523
-1.23188
-1.22847
-1.22502
-1.2215
-1.21793
-1.21431
-1.21062
-1.20687
-1.20306
-1.19919
-1.19524
-1.19123
-1.18715
-1.18299
-1.17875
-1.17444
-1.17004
-1.16557
-1.161
-1.15635
-1.15161
-1.14677
-1.14184
-1.13682
-1.13169
-1.12646
-1.12112
-1.11568
-1.11013
-1.10447
-1.0987
-1.09281
-1.08681
-1.08068
-1.07444
-1.06808
-1.0616
-1.05499
-1.04826
-1.04141
-1.03443
-1.02734
-1.02012
-1.01277
-1.00531
-0.997724
-0.990022
-0.982204
-0.974271
-0.966228
-0.958074
-0.949814
-0.94145
-0.93299
-0.924434
-0.915789
-0.907056
-0.898241
-0.889351
-0.880392
-0.871368
-0.862286
-0.85315
-0.843969
-0.834748
-0.825495
-0.816216
-0.806917
-0.797607
-0.788294
-0.778985
-0.769689
-0.760413
-0.751166
-0.741956
-0.732794
-0.723686
-0.714642
-0.705671
-0.696781
-0.687987
-0.679292
-0.670708
-0.662248
-0.653917
-0.645728
-0.637692
-0.62982
-0.622122
-0.614606
-0.607285
-0.600171
-0.593275
-0.586606
-0.580179
-0.574002
-0.568086
-0.562445
-0.557088
-0.552027
-0.547273
-0.542835
-0.538722
-0.534946
-0.531516
-0.528438
-0.525721
-0.523375
-0.521399
-0.519807
-0.518601
-0.517784
-0.517358
-0.517326
-0.517688
-0.518443
-0.519587
-0.521121
-0.523039
-0.525336
-0.528004
-0.531037
-0.534427
-0.538164
-0.542238
-0.546637
-0.551354
-0.556373
-0.561683
-0.567272
-0.573126
-0.579231
-0.585576
-0.592143
-0.598921
-0.605894
-0.613051
-0.620376
-0.627855
-0.635475
-0.643223
-0.651082
-0.659042
-0.667086
-0.675201
-0.683373
-0.69159
-0.699838
-0.708102
-0.716368
-0.724624
-0.732854
-0.741046
-0.749184
-0.757255
-0.765246
-0.773141
-0.780926
-0.788588
-0.79611
-0.803483
-0.810689
-0.817719
-0.824558
-0.831195
-0.837621
-0.843823
-0.849791
-0.855518
-0.860996
-0.86622
-0.871189
-0.875896
-0.880341
-0.884526
-0.888454
-0.892126
-0.895548
-0.898725
-0.901666
-0.90438
-0.906874
-0.909159
-0.911246
-0.913145
-0.914869
-0.916428
-0.917833
-0.919096
-0.920228
-0.921239
-0.922138
-0.922936
-0.923642
-0.924264
-0.924812
-0.925294
-0.925718
-0.926089
-0.926413
-0.926697
-0.926945
-0.927163
-0.927356
-0.927525
-0.927674
-0.927805
-0.927926
-0.928038
-0.928136
-0.92823
-0.928319
-0.928403
-0.928485
-0.928564
-0.928641
-0.928717
-0.928792
-0.928865
-0.928937
-0.929007
-0.929075
-0.929139
-0.929202
-0.929258
-0.92931
-0.929356
-0.929395
-0.929426
-0.929449
-0.92946
-0.929461
-0.929448
-0.929423
-0.929381
-0.929324
-0.929249
-0.929154
-0.92904
-0.928901
-0.928741
-0.928557
-0.928347
-0.928109
-0.927843
-0.927547
-0.92722
-0.926862
-0.926468
-0.92604
-0.925576
-0.925073
-0.924533
-0.923955
-0.923334
-0.922671
-0.921966
-0.921216
-0.92042
-0.919577
-0.918687
-0.917749
-0.916762
-0.915724
-0.914636
-0.913497
-0.912305
-0.911059
-0.909759
-0.908405
-0.906998
-0.905533
-0.904012
-0.902433
-0.900798
-0.899104
-0.897349
-0.895535
-0.893663
-0.891731
-0.889737
-0.887685
-0.885571
-0.883397
-0.881162
-0.878864
-0.876506
-0.874083
-0.871602
-0.869059
-0.866455
-1.26254
-1.25973
-1.25688
-1.254
-1.25106
-1.24809
-1.24507
-1.24201
-1.23891
-1.23575
-1.23255
-1.2293
-1.22599
-1.22264
-1.21922
-1.21575
-1.21222
-1.20863
-1.20497
-1.20125
-1.19747
-1.19361
-1.18969
-1.18568
-1.18161
-1.17745
-1.17321
-1.16889
-1.16448
-1.15998
-1.15539
-1.15071
-1.14593
-1.14105
-1.13606
-1.13097
-1.12577
-1.12047
-1.11505
-1.10951
-1.10386
-1.09809
-1.0922
-1.08619
-1.08005
-1.07378
-1.06738
-1.06086
-1.05421
-1.04742
-1.04051
-1.03347
-1.02629
-1.01899
-1.01155
-1.00399
-0.996304
-0.98849
-0.980553
-0.972497
-0.964322
-0.956032
-0.947631
-0.939124
-0.930516
-0.921801
-0.912991
-0.904096
-0.895117
-0.886059
-0.876928
-0.867731
-0.858475
-0.849164
-0.839803
-0.830404
-0.820971
-0.811513
-0.802036
-0.792549
-0.783059
-0.773575
-0.764105
-0.754658
-0.745242
-0.735866
-0.726539
-0.71727
-0.708071
-0.698944
-0.689906
-0.680963
-0.672128
-0.663406
-0.654812
-0.646352
-0.638042
-0.629891
-0.621905
-0.6141
-0.606484
-0.599071
-0.59187
-0.584893
-0.578153
-0.571658
-0.565424
-0.559459
-0.553777
-0.548387
-0.543302
-0.538531
-0.534085
-0.529974
-0.526209
-0.522799
-0.51975
-0.517071
-0.514769
-0.512852
-0.511324
-0.51019
-0.509453
-0.509115
-0.509177
-0.509639
-0.510497
-0.511752
-0.513398
-0.515431
-0.517844
-0.52063
-0.523781
-0.527285
-0.531135
-0.535319
-0.539827
-0.544644
-0.549759
-0.555157
-0.560827
-0.566753
-0.572922
-0.579319
-0.58593
-0.59274
-0.599736
-0.606902
-0.614224
-0.621689
-0.629281
-0.636988
-0.644794
-0.652686
-0.660648
-0.668669
-0.676732
-0.684825
-0.692936
-0.701049
-0.709151
-0.717228
-0.725267
-0.733253
-0.741174
-0.749017
-0.756765
-0.764406
-0.771929
-0.779317
-0.78656
-0.793645
-0.800559
-0.807292
-0.813834
-0.820173
-0.826301
-0.832207
-0.837885
-0.843329
-0.848534
-0.853497
-0.858216
-0.862689
-0.866915
-0.870899
-0.874645
-0.878154
-0.881433
-0.884488
-0.887326
-0.889955
-0.892386
-0.894627
-0.896688
-0.89858
-0.900311
-0.901893
-0.903336
-0.904651
-0.905845
-0.906928
-0.90791
-0.908799
-0.909602
-0.91033
-0.910991
-0.911588
-0.912129
-0.912621
-0.913067
-0.913475
-0.913849
-0.914192
-0.914507
-0.914796
-0.915067
-0.915321
-0.915565
-0.915789
-0.916002
-0.916206
-0.916401
-0.916589
-0.916769
-0.916942
-0.917112
-0.917275
-0.917431
-0.917583
-0.917727
-0.917865
-0.917996
-0.918121
-0.918237
-0.918343
-0.91844
-0.918525
-0.918598
-0.918659
-0.918707
-0.918738
-0.918755
-0.918754
-0.918734
-0.918694
-0.918633
-0.91855
-0.918443
-0.91831
-0.918151
-0.917966
-0.917751
-0.917506
-0.917229
-0.916921
-0.916578
-0.916201
-0.915787
-0.915335
-0.914845
-0.914314
-0.913742
-0.913128
-0.912474
-0.911772
-0.911027
-0.910234
-0.909394
-0.908503
-0.907565
-0.906578
-0.905535
-0.904443
-0.903298
-0.9021
-0.900849
-0.899542
-0.898177
-0.896758
-0.89528
-0.893746
-0.892154
-0.890503
-0.888796
-0.887026
-0.885195
-0.883305
-0.881353
-0.87934
-0.877266
-0.875129
-0.87293
-0.870671
-0.868348
-0.86596
-0.863513
-0.861004
-0.858432
-0.855797
-0.853099
-1.26171
-1.25903
-1.25632
-1.25357
-1.25078
-1.24795
-1.24508
-1.24216
-1.2392
-1.2362
-1.23315
-1.23004
-1.22689
-1.22369
-1.22043
-1.21711
-1.21374
-1.21031
-1.20681
-1.20325
-1.19962
-1.19593
-1.19216
-1.18832
-1.1844
-1.18041
-1.17633
-1.17217
-1.16792
-1.16358
-1.15915
-1.15462
-1.14999
-1.14526
-1.14042
-1.13547
-1.13042
-1.12525
-1.11997
-1.11457
-1.10905
-1.1034
-1.09763
-1.09172
-1.08569
-1.07953
-1.07323
-1.06679
-1.06022
-1.05351
-1.04666
-1.03968
-1.03256
-1.02529
-1.0179
-1.01036
-1.00269
-0.994881
-0.986945
-0.978879
-0.970685
-0.962368
-0.953931
-0.945381
-0.936713
-0.927936
-0.919056
-0.910079
-0.90101
-0.891857
-0.88262
-0.873308
-0.863927
-0.854484
-0.844986
-0.835441
-0.825856
-0.816237
-0.806593
-0.796932
-0.787262
-0.777591
-0.767927
-0.75828
-0.748658
-0.73907
-0.729524
-0.720032
-0.710599
-0.701239
-0.691959
-0.682769
-0.673682
-0.664703
-0.655844
-0.647117
-0.63853
-0.6301
-0.62183
-0.613735
-0.605825
-0.598112
-0.590606
-0.583321
-0.576267
-0.569456
-0.5629
-0.556611
-0.5506
-0.544879
-0.53946
-0.534353
-0.529569
-0.52512
-0.521015
-0.517265
-0.513878
-0.510863
-0.508227
-0.505977
-0.50412
-0.502662
-0.501605
-0.500953
-0.500706
-0.500866
-0.501429
-0.502397
-0.503764
-0.505525
-0.507675
-0.510206
-0.513109
-0.516377
-0.519996
-0.52396
-0.528253
-0.532863
-0.537777
-0.542981
-0.548462
-0.554206
-0.560199
-0.566424
-0.572866
-0.579511
-0.586345
-0.593352
-0.600518
-0.607827
-0.615267
-0.622821
-0.630476
-0.638216
-0.646029
-0.653899
-0.661815
-0.669761
-0.677723
-0.685686
-0.693641
-0.701571
-0.709464
-0.717306
-0.725084
-0.732787
-0.740398
-0.747906
-0.755298
-0.762562
-0.769685
-0.776659
-0.783469
-0.790107
-0.796561
-0.802825
-0.808885
-0.814737
-0.820376
-0.825792
-0.830984
-0.835946
-0.840679
-0.845181
-0.849451
-0.853492
-0.857307
-0.860903
-0.864278
-0.867441
-0.870398
-0.873158
-0.875728
-0.878116
-0.880331
-0.882384
-0.884281
-0.886032
-0.887648
-0.889139
-0.890509
-0.89177
-0.89293
-0.893996
-0.894977
-0.895881
-0.896713
-0.89748
-0.89819
-0.898846
-0.899454
-0.90002
-0.900547
-0.901039
-0.901498
-0.901929
-0.902338
-0.902725
-0.903094
-0.903445
-0.903775
-0.904095
-0.904403
-0.904698
-0.904982
-0.905254
-0.905514
-0.905767
-0.906008
-0.906238
-0.906459
-0.906669
-0.906868
-0.907055
-0.907231
-0.907393
-0.907541
-0.907675
-0.907793
-0.907894
-0.907977
-0.908043
-0.908088
-0.908112
-0.908115
-0.908094
-0.908049
-0.907978
-0.907879
-0.907754
-0.907599
-0.907413
-0.907195
-0.906943
-0.906658
-0.906338
-0.905981
-0.905586
-0.905153
-0.904679
-0.904163
-0.903605
-0.903003
-0.902356
-0.901664
-0.900928
-0.900144
-0.899309
-0.898423
-0.897488
-0.896502
-0.895463
-0.894372
-0.893224
-0.892022
-0.890767
-0.889456
-0.888087
-0.886661
-0.885175
-0.883632
-0.882028
-0.880366
-0.878645
-0.876863
-0.875018
-0.873112
-0.871143
-0.869113
-0.867021
-0.864865
-0.862647
-0.860365
-0.858015
-0.855605
-0.853133
-0.850598
-0.847999
-0.845335
-0.842608
-0.839817
-1.2608
-1.25827
-1.25569
-1.25308
-1.25043
-1.24774
-1.24501
-1.24224
-1.23943
-1.23657
-1.23367
-1.23072
-1.22772
-1.22467
-1.22157
-1.21841
-1.21519
-1.21192
-1.20858
-1.20518
-1.20171
-1.19818
-1.19457
-1.1909
-1.18714
-1.18331
-1.1794
-1.1754
-1.17131
-1.16713
-1.16286
-1.15849
-1.15402
-1.14945
-1.14476
-1.13997
-1.13506
-1.13004
-1.1249
-1.11964
-1.11425
-1.10873
-1.10308
-1.0973
-1.09138
-1.08532
-1.07912
-1.07278
-1.0663
-1.05967
-1.0529
-1.04597
-1.03891
-1.03169
-1.02433
-1.01683
-1.00918
-1.00138
-0.99345
-0.985377
-0.977168
-0.968825
-0.960356
-0.951759
-0.943039
-0.934201
-0.925253
-0.916194
-0.907036
-0.897782
-0.88844
-0.879014
-0.869509
-0.859936
-0.8503
-0.840609
-0.83087
-0.821091
-0.811281
-0.801445
-0.791594
-0.781735
-0.771878
-0.762031
-0.752203
-0.742404
-0.732641
-0.722924
-0.713261
-0.703666
-0.694146
-0.68471
-0.67537
-0.666135
-0.657013
-0.648017
-0.63916
-0.630451
-0.621897
-0.613513
-0.605309
-0.597296
-0.589487
-0.581892
-0.574525
-0.567397
-0.560519
-0.553904
-0.547563
-0.541509
-0.535753
-0.530307
-0.525182
-0.52039
-0.515941
-0.511846
-0.508115
-0.504757
-0.50178
-0.499191
-0.496998
-0.495208
-0.493823
-0.492847
-0.492284
-0.492133
-0.492393
-0.493065
-0.494144
-0.495626
-0.497505
-0.499771
-0.502422
-0.505445
-0.508828
-0.512564
-0.516636
-0.521033
-0.525744
-0.530751
-0.536042
-0.541601
-0.547414
-0.553463
-0.559736
-0.566216
-0.572888
-0.579737
-0.586747
-0.593903
-0.601191
-0.608595
-0.616101
-0.623694
-0.63136
-0.639084
-0.646855
-0.654656
-0.662475
-0.670299
-0.678111
-0.685899
-0.693655
-0.70136
-0.709005
-0.716575
-0.724058
-0.73144
-0.738712
-0.745862
-0.752877
-0.759748
-0.766465
-0.773015
-0.779392
-0.785588
-0.791592
-0.797398
-0.803001
-0.808397
-0.81358
-0.818547
-0.823297
-0.827829
-0.832144
-0.836243
-0.840127
-0.843803
-0.847271
-0.850541
-0.853614
-0.856498
-0.859201
-0.861731
-0.864094
-0.8663
-0.868356
-0.870271
-0.872054
-0.873713
-0.875254
-0.876687
-0.87802
-0.879258
-0.880411
-0.881486
-0.882486
-0.883421
-0.884295
-0.885113
-0.885879
-0.886599
-0.887276
-0.887918
-0.888523
-0.889094
-0.889639
-0.890159
-0.890655
-0.891128
-0.891579
-0.892015
-0.892432
-0.892832
-0.893217
-0.893589
-0.893945
-0.894287
-0.894612
-0.894925
-0.895222
-0.895505
-0.895772
-0.896024
-0.896261
-0.896479
-0.89668
-0.896863
-0.897026
-0.897169
-0.897289
-0.897388
-0.897465
-0.897515
-0.897542
-0.897541
-0.897513
-0.897456
-0.897367
-0.897249
-0.897098
-0.896913
-0.896693
-0.896437
-0.896144
-0.895813
-0.895443
-0.895032
-0.894579
-0.894084
-0.893544
-0.892959
-0.892329
-0.89165
-0.890925
-0.89015
-0.889325
-0.888453
-0.887525
-0.886545
-0.885512
-0.884424
-0.883282
-0.882083
-0.880825
-0.879513
-0.878142
-0.876712
-0.875223
-0.873674
-0.872064
-0.870394
-0.868663
-0.86687
-0.865014
-0.863096
-0.861115
-0.859069
-0.856961
-0.854788
-0.85255
-0.850246
-0.84788
-0.845451
-0.842956
-0.840394
-0.837771
-0.835081
-0.832326
-0.829507
-0.826623
-1.25984
-1.25744
-1.255
-1.25253
-1.25002
-1.24747
-1.24488
-1.24226
-1.23959
-1.23688
-1.23413
-1.23133
-1.22848
-1.22558
-1.22264
-1.21963
-1.21657
-1.21346
-1.21028
-1.20704
-1.20374
-1.20037
-1.19693
-1.19342
-1.18983
-1.18616
-1.18242
-1.17858
-1.17466
-1.17065
-1.16654
-1.16233
-1.15803
-1.15361
-1.14909
-1.14445
-1.1397
-1.13483
-1.12984
-1.12472
-1.11947
-1.11408
-1.10857
-1.10291
-1.09711
-1.09117
-1.08508
-1.07884
-1.07244
-1.0659
-1.05921
-1.05236
-1.04535
-1.03819
-1.03087
-1.0234
-1.01578
-1.008
-1.00007
-0.991994
-0.983769
-0.975407
-0.966903
-0.958266
-0.949495
-0.940594
-0.931574
-0.922436
-0.913189
-0.903838
-0.894388
-0.884845
-0.875219
-0.865516
-0.855742
-0.845905
-0.836012
-0.826072
-0.816094
-0.806085
-0.796054
-0.786007
-0.775957
-0.765911
-0.755878
-0.745866
-0.735885
-0.725946
-0.716054
-0.706225
-0.696465
-0.686785
-0.677194
-0.667701
-0.658318
-0.649057
-0.639928
-0.63094
-0.622105
-0.613434
-0.604937
-0.596626
-0.588512
-0.58061
-0.57293
-0.565484
-0.558283
-0.551341
-0.54467
-0.538281
-0.532187
-0.526399
-0.52093
-0.515792
-0.510995
-0.506551
-0.50247
-0.498763
-0.495437
-0.492503
-0.489967
-0.487836
-0.486114
-0.484808
-0.483919
-0.483448
-0.483397
-0.483765
-0.484547
-0.48574
-0.487341
-0.489337
-0.491726
-0.494497
-0.497636
-0.501137
-0.504986
-0.509167
-0.513668
-0.518475
-0.523571
-0.528943
-0.534575
-0.54045
-0.546551
-0.552866
-0.559376
-0.566067
-0.572922
-0.579927
-0.587065
-0.594322
-0.601682
-0.609131
-0.616655
-0.624238
-0.631868
-0.639531
-0.647212
-0.654898
-0.662576
-0.670233
-0.677857
-0.685435
-0.692952
-0.700399
-0.707761
-0.715028
-0.72219
-0.729234
-0.73615
-0.742929
-0.749559
-0.756033
-0.762341
-0.768477
-0.774432
-0.780199
-0.785775
-0.791155
-0.796334
-0.80131
-0.806079
-0.810645
-0.815007
-0.819162
-0.823117
-0.826871
-0.830431
-0.8338
-0.836986
-0.839991
-0.842823
-0.845488
-0.847994
-0.850348
-0.852557
-0.85463
-0.856574
-0.858395
-0.860103
-0.861702
-0.863202
-0.864609
-0.865929
-0.867168
-0.868334
-0.869431
-0.870467
-0.871444
-0.872364
-0.873236
-0.874066
-0.874852
-0.8756
-0.87631
-0.876991
-0.877641
-0.878266
-0.878863
-0.879436
-0.879982
-0.880509
-0.881017
-0.881505
-0.881973
-0.882421
-0.882855
-0.883266
-0.88366
-0.884034
-0.88439
-0.884726
-0.885043
-0.885341
-0.885619
-0.885873
-0.886106
-0.886315
-0.886499
-0.886659
-0.886793
-0.886901
-0.886981
-0.887031
-0.887052
-0.887041
-0.886997
-0.886921
-0.886811
-0.886665
-0.886482
-0.886262
-0.886002
-0.885703
-0.885362
-0.884979
-0.884553
-0.884082
-0.883567
-0.883004
-0.882395
-0.881736
-0.881028
-0.880268
-0.879457
-0.878596
-0.87768
-0.876714
-0.875689
-0.874611
-0.873474
-0.872282
-0.87103
-0.86972
-0.868352
-0.86692
-0.86543
-0.86388
-0.862268
-0.860593
-0.858856
-0.857057
-0.855194
-0.853265
-0.851273
-0.849218
-0.847097
-0.844909
-0.842658
-0.840335
-0.837952
-0.835503
-0.832987
-0.830406
-0.82776
-0.825045
-0.822265
-0.819421
-0.81651
-0.813533
-1.25883
-1.25656
-1.25425
-1.25192
-1.24954
-1.24714
-1.24469
-1.24221
-1.23969
-1.23712
-1.23452
-1.23187
-1.22917
-1.22643
-1.22364
-1.22079
-1.21789
-1.21494
-1.21192
-1.20885
-1.20571
-1.2025
-1.19923
-1.19589
-1.19246
-1.18897
-1.18539
-1.18172
-1.17797
-1.17412
-1.17018
-1.16615
-1.162
-1.15776
-1.1534
-1.14892
-1.14433
-1.13962
-1.13478
-1.12981
-1.12471
-1.11947
-1.11409
-1.10856
-1.10289
-1.09707
-1.09109
-1.08496
-1.07866
-1.07221
-1.0656
-1.05883
-1.05189
-1.04478
-1.03752
-1.03008
-1.02249
-1.01473
-1.00681
-0.998731
-0.990504
-0.982118
-0.973582
-0.964901
-0.956079
-0.947116
-0.938026
-0.92881
-0.919473
-0.910024
-0.900468
-0.890812
-0.881062
-0.871227
-0.861311
-0.851327
-0.84128
-0.831181
-0.821033
-0.810848
-0.800635
-0.790402
-0.78016
-0.769914
-0.759674
-0.749451
-0.739254
-0.729092
-0.718973
-0.70891
-0.698911
-0.688986
-0.679146
-0.6694
-0.659757
-0.650232
-0.640832
-0.63157
-0.622452
-0.613495
-0.604706
-0.5961
-0.587683
-0.579475
-0.571482
-0.563719
-0.556196
-0.548928
-0.541925
-0.5352
-0.528766
-0.522635
-0.516819
-0.511332
-0.506183
-0.501386
-0.496951
-0.492889
-0.489209
-0.48592
-0.483034
-0.480556
-0.47849
-0.476844
-0.475622
-0.474823
-0.474451
-0.474504
-0.474982
-0.475879
-0.477189
-0.478909
-0.481029
-0.483538
-0.48643
-0.489691
-0.49331
-0.497269
-0.501557
-0.506158
-0.511059
-0.516241
-0.521691
-0.527389
-0.53332
-0.539469
-0.545818
-0.552352
-0.559055
-0.56591
-0.5729
-0.580012
-0.587231
-0.59454
-0.601926
-0.609373
-0.616868
-0.624398
-0.631948
-0.639504
-0.647055
-0.654586
-0.662085
-0.669542
-0.67694
-0.684274
-0.691525
-0.698686
-0.705746
-0.712694
-0.719521
-0.726215
-0.732769
-0.739174
-0.745423
-0.751506
-0.757419
-0.763156
-0.768711
-0.774079
-0.779259
-0.784247
-0.789041
-0.793642
-0.79805
-0.802264
-0.806287
-0.810121
-0.813769
-0.817238
-0.82053
-0.823653
-0.826609
-0.829406
-0.83205
-0.834547
-0.836904
-0.839129
-0.841228
-0.843207
-0.845075
-0.846836
-0.848499
-0.850069
-0.851552
-0.852953
-0.85428
-0.855537
-0.856728
-0.85786
-0.858936
-0.85996
-0.860934
-0.861865
-0.862754
-0.863602
-0.864416
-0.865196
-0.865947
-0.866666
-0.867357
-0.868018
-0.868656
-0.869271
-0.86986
-0.870426
-0.870967
-0.871488
-0.871986
-0.872464
-0.872917
-0.873346
-0.873751
-0.874134
-0.874493
-0.874829
-0.875138
-0.87542
-0.875676
-0.875905
-0.876105
-0.876275
-0.876414
-0.876523
-0.876599
-0.876642
-0.87665
-0.876622
-0.876558
-0.876456
-0.876317
-0.876138
-0.875916
-0.875654
-0.875349
-0.875
-0.874606
-0.874165
-0.873678
-0.873143
-0.872559
-0.871924
-0.871238
-0.8705
-0.869709
-0.868863
-0.867966
-0.867011
-0.866
-0.864932
-0.863813
-0.862629
-0.861386
-0.860083
-0.858721
-0.857297
-0.855809
-0.854258
-0.852647
-0.850972
-0.849233
-0.847431
-0.845563
-0.84363
-0.841631
-0.839567
-0.837435
-0.835238
-0.83297
-0.83064
-0.828242
-0.825775
-0.823243
-0.820644
-0.817978
-0.815243
-0.812441
-0.80957
-0.806634
-0.80363
-0.80056
-1.25777
-1.25563
-1.25346
-1.25126
-1.24902
-1.24675
-1.24444
-1.2421
-1.23972
-1.23731
-1.23485
-1.23235
-1.2298
-1.22722
-1.22458
-1.22189
-1.21915
-1.21635
-1.2135
-1.21059
-1.20762
-1.20458
-1.20147
-1.1983
-1.19504
-1.19172
-1.18831
-1.18482
-1.18124
-1.17756
-1.1738
-1.16993
-1.16596
-1.16188
-1.15769
-1.15338
-1.14896
-1.14441
-1.13973
-1.13492
-1.12997
-1.12487
-1.11964
-1.11425
-1.10871
-1.10301
-1.09716
-1.09114
-1.08496
-1.0786
-1.07208
-1.06539
-1.05852
-1.05148
-1.04427
-1.03688
-1.02931
-1.02158
-1.01367
-1.0056
-0.99736
-0.988954
-0.980389
-0.971669
-0.962794
-0.953773
-0.944612
-0.935317
-0.92589
-0.916342
-0.906678
-0.896906
-0.887032
-0.877065
-0.867011
-0.856878
-0.846674
-0.83641
-0.826094
-0.815734
-0.80534
-0.79492
-0.784481
-0.774036
-0.763591
-0.753157
-0.742743
-0.732357
-0.722013
-0.711717
-0.701481
-0.691315
-0.681226
-0.671226
-0.661328
-0.651538
-0.64187
-0.632334
-0.622939
-0.613696
-0.604619
-0.595715
-0.586999
-0.578485
-0.570182
-0.562102
-0.554259
-0.546665
-0.53933
-0.532269
-0.525494
-0.519019
-0.512855
-0.507015
-0.501512
-0.496358
-0.491565
-0.487142
-0.483104
-0.479456
-0.476211
-0.473377
-0.47096
-0.468966
-0.467399
-0.466264
-0.465563
-0.465294
-0.465456
-0.466045
-0.467061
-0.468494
-0.470338
-0.472581
-0.475216
-0.478232
-0.481613
-0.485347
-0.489419
-0.493812
-0.498512
-0.503504
-0.50877
-0.514291
-0.520051
-0.526035
-0.532224
-0.538603
-0.545155
-0.551861
-0.558708
-0.565681
-0.572761
-0.579935
-0.587187
-0.594505
-0.60187
-0.609273
-0.616698
-0.624132
-0.631561
-0.638974
-0.646358
-0.653701
-0.660991
-0.668216
-0.675367
-0.68243
-0.689397
-0.696258
-0.703003
-0.709623
-0.716109
-0.722454
-0.72865
-0.73469
-0.740569
-0.74628
-0.75182
-0.757184
-0.762368
-0.767372
-0.772193
-0.776832
-0.781287
-0.78556
-0.789652
-0.793565
-0.797301
-0.800867
-0.804265
-0.807499
-0.810577
-0.813501
-0.816278
-0.818914
-0.821416
-0.823787
-0.826036
-0.828169
-0.830193
-0.832112
-0.833932
-0.83566
-0.837302
-0.838862
-0.840344
-0.841757
-0.843104
-0.844389
-0.845615
-0.846786
-0.847905
-0.848977
-0.850007
-0.850989
-0.851936
-0.852846
-0.85372
-0.854561
-0.855369
-0.856147
-0.856891
-0.857611
-0.858303
-0.858966
-0.859603
-0.860213
-0.860797
-0.861355
-0.861884
-0.86239
-0.862866
-0.863316
-0.863737
-0.864128
-0.864493
-0.864826
-0.86513
-0.865402
-0.865641
-0.865848
-0.866021
-0.866159
-0.866262
-0.866328
-0.866356
-0.866344
-0.866294
-0.866203
-0.86607
-0.865894
-0.865674
-0.865409
-0.865099
-0.864743
-0.864338
-0.863885
-0.863382
-0.862827
-0.862221
-0.861564
-0.860852
-0.860084
-0.859263
-0.858385
-0.857449
-0.856457
-0.855407
-0.854298
-0.853128
-0.851902
-0.850611
-0.849259
-0.847843
-0.846364
-0.844821
-0.843213
-0.841539
-0.839802
-0.838
-0.836133
-0.834197
-0.832195
-0.830126
-0.827989
-0.825781
-0.823508
-0.821167
-0.818758
-0.816279
-0.813733
-0.811117
-0.808434
-0.805682
-0.80286
-0.79997
-0.797012
-0.793984
-0.790887
-0.787723
-1.25668
-1.25466
-1.25262
-1.25055
-1.24845
-1.24631
-1.24415
-1.24194
-1.23971
-1.23743
-1.23512
-1.23277
-1.23038
-1.22794
-1.22546
-1.22293
-1.22034
-1.21771
-1.21502
-1.21227
-1.20946
-1.20659
-1.20366
-1.20065
-1.19757
-1.19442
-1.19119
-1.18787
-1.18446
-1.18097
-1.17737
-1.17368
-1.16989
-1.16598
-1.16197
-1.15783
-1.15358
-1.1492
-1.14468
-1.14003
-1.13525
-1.13031
-1.12523
-1.11998
-1.11458
-1.10902
-1.10329
-1.09739
-1.09132
-1.08508
-1.07865
-1.07204
-1.06525
-1.05828
-1.05113
-1.04379
-1.03626
-1.02855
-1.02067
-1.01259
-1.00435
-0.995923
-0.987329
-0.97857
-0.969646
-0.960564
-0.951333
-0.941957
-0.93244
-0.922792
-0.91302
-0.903131
-0.893131
-0.883028
-0.872832
-0.86255
-0.852192
-0.841764
-0.831276
-0.82074
-0.810162
-0.799552
-0.788919
-0.778272
-0.767621
-0.756978
-0.746348
-0.735741
-0.72517
-0.714643
-0.704172
-0.693764
-0.683429
-0.673177
-0.663023
-0.652972
-0.643037
-0.63323
-0.623559
-0.614035
-0.604669
-0.595474
-0.586461
-0.577642
-0.56903
-0.560636
-0.552473
-0.544552
-0.536887
-0.52949
-0.522376
-0.515555
-0.509042
-0.502848
-0.496988
-0.491474
-0.486318
-0.481531
-0.477128
-0.473116
-0.469506
-0.466309
-0.463531
-0.461182
-0.459264
-0.457781
-0.45674
-0.45614
-0.455977
-0.456253
-0.456964
-0.458102
-0.45966
-0.46163
-0.464002
-0.466765
-0.469904
-0.473408
-0.477258
-0.481441
-0.485939
-0.490736
-0.495818
-0.501161
-0.506751
-0.51257
-0.518602
-0.524828
-0.53123
-0.537793
-0.544502
-0.551337
-0.558284
-0.565328
-0.572452
-0.579644
-0.586888
-0.59417
-0.601476
-0.608794
-0.616111
-0.623413
-0.63069
-0.637928
-0.645115
-0.652244
-0.6593
-0.666275
-0.673159
-0.679942
-0.686613
-0.693167
-0.699594
-0.705886
-0.712039
-0.718042
-0.723893
-0.729586
-0.735116
-0.740481
-0.745675
-0.750699
-0.755549
-0.760227
-0.764732
-0.769065
-0.773228
-0.777218
-0.781043
-0.784702
-0.788203
-0.791548
-0.794742
-0.79779
-0.800698
-0.803469
-0.80611
-0.808624
-0.81102
-0.813302
-0.815478
-0.817549
-0.819523
-0.821406
-0.823201
-0.824914
-0.826552
-0.828119
-0.829617
-0.83105
-0.832423
-0.833738
-0.835001
-0.836214
-0.837379
-0.838497
-0.839573
-0.84061
-0.841607
-0.842569
-0.843495
-0.844384
-0.845237
-0.846061
-0.846853
-0.847614
-0.848346
-0.849045
-0.849715
-0.850354
-0.850962
-0.85154
-0.852086
-0.852602
-0.853087
-0.853539
-0.853957
-0.854342
-0.854693
-0.855009
-0.85529
-0.855534
-0.85574
-0.855908
-0.856037
-0.856127
-0.856174
-0.85618
-0.856144
-0.856063
-0.855938
-0.855768
-0.85555
-0.855285
-0.854971
-0.854606
-0.854192
-0.853726
-0.853208
-0.852636
-0.85201
-0.851329
-0.85059
-0.849797
-0.848945
-0.848034
-0.847065
-0.846035
-0.844946
-0.843796
-0.842583
-0.841307
-0.839968
-0.838569
-0.837102
-0.835569
-0.833971
-0.832305
-0.830574
-0.828774
-0.82691
-0.824977
-0.822975
-0.820904
-0.818761
-0.816553
-0.814276
-0.811929
-0.809513
-0.807023
-0.804466
-0.801839
-0.799143
-0.796374
-0.793536
-0.790629
-0.78765
-0.784602
-0.781485
-0.778297
-0.775038
-1.25555
-1.25366
-1.25174
-1.2498
-1.24783
-1.24583
-1.2438
-1.24174
-1.23964
-1.23751
-1.23535
-1.23314
-1.23089
-1.22861
-1.22628
-1.2239
-1.22148
-1.219
-1.21648
-1.21389
-1.21125
-1.20855
-1.20578
-1.20295
-1.20005
-1.19707
-1.19401
-1.19087
-1.18765
-1.18433
-1.18092
-1.1774
-1.17379
-1.17006
-1.16623
-1.16227
-1.15819
-1.15398
-1.14964
-1.14516
-1.14054
-1.13577
-1.13084
-1.12575
-1.1205
-1.11508
-1.10949
-1.10372
-1.09777
-1.09163
-1.08531
-1.07879
-1.07209
-1.06519
-1.0581
-1.05081
-1.04333
-1.03565
-1.02778
-1.01972
-1.01146
-1.00302
-0.994404
-0.985605
-0.976633
-0.967491
-0.95819
-0.948732
-0.939124
-0.929374
-0.91949
-0.909483
-0.899355
-0.889117
-0.878777
-0.868343
-0.857825
-0.847234
-0.836575
-0.82586
-0.815098
-0.804296
-0.793467
-0.78262
-0.771763
-0.760907
-0.75006
-0.739232
-0.728439
-0.717682
-0.706976
-0.696327
-0.685748
-0.675248
-0.664839
-0.65453
-0.644331
-0.634255
-0.62431
-0.614506
-0.604857
-0.595372
-0.586064
-0.576943
-0.568025
-0.559319
-0.550838
-0.542594
-0.5346
-0.526868
-0.519413
-0.512247
-0.505383
-0.498835
-0.492617
-0.48674
-0.481219
-0.476064
-0.47129
-0.466908
-0.462927
-0.459361
-0.456216
-0.453501
-0.451222
-0.449386
-0.447995
-0.447051
-0.446558
-0.44651
-0.446905
-0.44774
-0.449005
-0.450693
-0.452795
-0.455297
-0.45819
-0.461458
-0.465083
-0.46905
-0.473345
-0.477947
-0.482841
-0.488008
-0.493428
-0.499084
-0.504959
-0.511035
-0.517292
-0.523717
-0.530289
-0.536992
-0.543811
-0.55073
-0.557733
-0.564805
-0.571933
-0.579101
-0.586297
-0.593507
-0.600719
-0.607918
-0.615096
-0.622237
-0.629332
-0.636372
-0.643344
-0.650238
-0.657047
-0.663759
-0.670369
-0.676864
-0.683238
-0.689486
-0.695602
-0.701577
-0.707408
-0.713088
-0.718615
-0.723984
-0.729193
-0.734241
-0.739125
-0.743845
-0.748401
-0.752793
-0.757027
-0.761096
-0.765007
-0.768762
-0.772362
-0.775816
-0.779125
-0.782294
-0.785326
-0.788231
-0.791006
-0.79366
-0.796198
-0.798626
-0.800948
-0.803169
-0.805292
-0.807326
-0.809273
-0.811137
-0.812926
-0.814641
-0.816286
-0.817866
-0.819384
-0.820842
-0.822245
-0.823595
-0.824891
-0.826143
-0.827349
-0.828511
-0.82963
-0.830712
-0.831751
-0.832752
-0.833717
-0.834641
-0.835534
-0.836392
-0.837216
-0.838005
-0.838759
-0.83948
-0.840166
-0.840817
-0.841434
-0.842016
-0.842563
-0.843073
-0.843549
-0.843987
-0.844385
-0.844744
-0.845066
-0.845347
-0.845588
-0.845787
-0.845943
-0.846056
-0.846124
-0.846148
-0.846126
-0.846057
-0.84594
-0.845776
-0.84556
-0.845294
-0.844977
-0.844607
-0.844184
-0.843706
-0.843173
-0.842584
-0.841938
-0.841234
-0.840473
-0.839652
-0.838771
-0.837829
-0.836827
-0.835761
-0.834633
-0.833442
-0.832186
-0.830866
-0.82948
-0.828029
-0.826514
-0.824928
-0.823275
-0.821554
-0.819763
-0.817906
-0.815979
-0.81398
-0.811909
-0.809771
-0.807562
-0.805283
-0.802933
-0.800512
-0.79802
-0.795455
-0.792818
-0.79011
-0.787332
-0.784482
-0.781558
-0.778565
-0.775499
-0.772361
-0.769153
-0.765874
-0.762525
-1.25439
-1.25263
-1.25084
-1.24902
-1.24718
-1.24531
-1.24342
-1.24149
-1.23953
-1.23754
-1.23552
-1.23346
-1.23136
-1.22922
-1.22705
-1.22483
-1.22256
-1.22025
-1.21788
-1.21546
-1.21299
-1.21045
-1.20786
-1.20519
-1.20247
-1.19966
-1.19679
-1.19383
-1.19078
-1.18764
-1.18442
-1.18109
-1.17766
-1.17412
-1.17047
-1.16669
-1.16279
-1.15877
-1.15461
-1.1503
-1.14585
-1.14125
-1.13648
-1.13156
-1.12646
-1.12119
-1.11574
-1.11011
-1.10428
-1.09827
-1.09206
-1.08565
-1.07903
-1.07221
-1.06519
-1.05796
-1.05052
-1.04288
-1.03503
-1.02697
-1.01872
-1.01026
-1.00162
-0.99278
-0.983757
-0.974554
-0.96518
-0.955638
-0.945938
-0.936085
-0.926089
-0.91596
-0.905702
-0.895325
-0.884839
-0.874253
-0.863574
-0.852814
-0.841981
-0.831086
-0.820138
-0.809146
-0.798121
-0.787071
-0.776007
-0.764939
-0.753875
-0.74283
-0.731809
-0.720823
-0.709884
-0.698998
-0.688177
-0.677431
-0.66677
-0.656204
-0.645745
-0.635403
-0.625185
-0.615107
-0.605176
-0.595405
-0.585806
-0.576389
-0.567166
-0.558151
-0.549354
-0.540789
-0.532468
-0.524403
-0.516609
-0.509099
-0.501885
-0.494982
-0.488403
-0.482162
-0.476272
-0.470747
-0.465599
-0.460843
-0.456485
-0.452541
-0.449022
-0.445934
-0.443286
-0.441086
-0.439337
-0.438041
-0.437203
-0.436823
-0.436895
-0.437415
-0.438377
-0.439776
-0.4416
-0.443837
-0.446476
-0.449501
-0.452898
-0.456648
-0.460734
-0.46514
-0.469848
-0.474836
-0.480088
-0.485582
-0.491305
-0.497233
-0.503351
-0.509638
-0.516079
-0.522657
-0.529354
-0.536154
-0.543041
-0.550001
-0.557021
-0.564082
-0.571175
-0.578284
-0.585398
-0.592506
-0.59959
-0.606645
-0.613657
-0.620616
-0.627512
-0.634336
-0.641077
-0.647729
-0.654282
-0.660729
-0.667061
-0.673273
-0.679356
-0.68531
-0.691126
-0.696801
-0.702329
-0.707709
-0.712938
-0.718013
-0.722933
-0.727698
-0.732308
-0.736763
-0.741063
-0.745213
-0.74921
-0.753059
-0.756762
-0.760321
-0.763742
-0.767029
-0.770187
-0.773216
-0.776125
-0.778915
-0.781593
-0.784161
-0.786627
-0.788992
-0.791263
-0.793443
-0.795538
-0.797552
-0.799485
-0.801348
-0.803138
-0.80486
-0.806519
-0.808117
-0.809658
-0.811142
-0.812571
-0.813952
-0.815285
-0.816571
-0.817811
-0.819009
-0.820162
-0.821274
-0.822345
-0.823373
-0.824366
-0.825319
-0.826234
-0.827111
-0.82795
-0.828753
-0.829516
-0.830241
-0.830927
-0.831576
-0.832185
-0.832753
-0.833283
-0.833771
-0.834222
-0.834627
-0.834989
-0.835307
-0.835582
-0.835812
-0.835996
-0.836133
-0.836222
-0.836265
-0.836258
-0.836201
-0.836094
-0.835935
-0.835722
-0.835456
-0.835135
-0.83476
-0.834328
-0.83384
-0.833293
-0.832687
-0.832023
-0.831298
-0.830515
-0.829667
-0.828758
-0.827786
-0.826751
-0.82565
-0.824485
-0.823253
-0.821955
-0.820592
-0.81916
-0.81766
-0.816092
-0.814454
-0.81275
-0.810973
-0.809126
-0.807209
-0.805217
-0.803157
-0.801022
-0.798818
-0.796541
-0.794191
-0.791769
-0.789275
-0.786707
-0.784067
-0.781352
-0.778565
-0.775706
-0.772772
-0.769764
-0.766685
-0.763532
-0.760307
-0.757009
-0.753638
-0.750195
-1.25321
-1.25157
-1.2499
-1.24821
-1.2465
-1.24476
-1.24299
-1.2412
-1.23938
-1.23753
-1.23565
-1.23373
-1.23178
-1.22979
-1.22777
-1.2257
-1.22359
-1.22143
-1.21923
-1.21697
-1.21466
-1.2123
-1.20987
-1.20738
-1.20483
-1.20221
-1.19951
-1.19673
-1.19387
-1.19092
-1.18787
-1.18474
-1.18149
-1.17814
-1.17468
-1.1711
-1.16739
-1.16354
-1.15957
-1.15545
-1.15118
-1.14675
-1.14216
-1.1374
-1.13247
-1.12736
-1.12206
-1.11657
-1.11088
-1.105
-1.0989
-1.09259
-1.08608
-1.07934
-1.0724
-1.06523
-1.05784
-1.05023
-1.04241
-1.03436
-1.02611
-1.01764
-1.00897
-1.00009
-0.99102
-0.981754
-0.972305
-0.96268
-0.952884
-0.942925
-0.932814
-0.92256
-0.912168
-0.90165
-0.891015
-0.880271
-0.869429
-0.858499
-0.84749
-0.836413
-0.825278
-0.814093
-0.802869
-0.791617
-0.780347
-0.769066
-0.757787
-0.746522
-0.735277
-0.724064
-0.712892
-0.701769
-0.690707
-0.679716
-0.668806
-0.657988
-0.647272
-0.636666
-0.626182
-0.615831
-0.605624
-0.59557
-0.585683
-0.575973
-0.566449
-0.557128
-0.548019
-0.539136
-0.530491
-0.522097
-0.513965
-0.506112
-0.49855
-0.491292
-0.484353
-0.477746
-0.471487
-0.465588
-0.460061
-0.454922
-0.450185
-0.445859
-0.441959
-0.43849
-0.435465
-0.432891
-0.430773
-0.429118
-0.427927
-0.427201
-0.426939
-0.427137
-0.427788
-0.428888
-0.430426
-0.43239
-0.434768
-0.437547
-0.44071
-0.444238
-0.448115
-0.452323
-0.456843
-0.461655
-0.466738
-0.472076
-0.477646
-0.483432
-0.489412
-0.495569
-0.501884
-0.508341
-0.514921
-0.521609
-0.528389
-0.535245
-0.542161
-0.549125
-0.556122
-0.56314
-0.570165
-0.577187
-0.58419
-0.591166
-0.598103
-0.604992
-0.611821
-0.618582
-0.625266
-0.631865
-0.638371
-0.644775
-0.651072
-0.657258
-0.663322
-0.669259
-0.675066
-0.680739
-0.686276
-0.691671
-0.696924
-0.702032
-0.706991
-0.711805
-0.71647
-0.720988
-0.72536
-0.729588
-0.73367
-0.737613
-0.741415
-0.745081
-0.748612
-0.752015
-0.755294
-0.758449
-0.761486
-0.764408
-0.767221
-0.769929
-0.772535
-0.775042
-0.777456
-0.779782
-0.782021
-0.784178
-0.786255
-0.788259
-0.79019
-0.792053
-0.793851
-0.795586
-0.797261
-0.798879
-0.800438
-0.801946
-0.803405
-0.804812
-0.80617
-0.807483
-0.808749
-0.809969
-0.811146
-0.81228
-0.813367
-0.814415
-0.815422
-0.816386
-0.817309
-0.818191
-0.819031
-0.819829
-0.820585
-0.821299
-0.82197
-0.822598
-0.823182
-0.823722
-0.824219
-0.824669
-0.825074
-0.825432
-0.825741
-0.826002
-0.826214
-0.826374
-0.826485
-0.826547
-0.826556
-0.826511
-0.826413
-0.826259
-0.826051
-0.825785
-0.825463
-0.825083
-0.824644
-0.824145
-0.823584
-0.822964
-0.822282
-0.821538
-0.820729
-0.819859
-0.818922
-0.817919
-0.816852
-0.815716
-0.814516
-0.813245
-0.811906
-0.810499
-0.809022
-0.807476
-0.805858
-0.804169
-0.802409
-0.800581
-0.798678
-0.796697
-0.794649
-0.792526
-0.79033
-0.788057
-0.785713
-0.783294
-0.780801
-0.778234
-0.775593
-0.772877
-0.770087
-0.767221
-0.76428
-0.761263
-0.758174
-0.755007
-0.751768
-0.748456
-0.745068
-0.741606
-0.738071
-1.25202
-1.2505
-1.24895
-1.24738
-1.24579
-1.24418
-1.24254
-1.24088
-1.23919
-1.23748
-1.23574
-1.23396
-1.23215
-1.23031
-1.22844
-1.22652
-1.22456
-1.22256
-1.22052
-1.21843
-1.21628
-1.21409
-1.21183
-1.20952
-1.20714
-1.2047
-1.20218
-1.19958
-1.19691
-1.19414
-1.19129
-1.18834
-1.18529
-1.18213
-1.17886
-1.17547
-1.17196
-1.16831
-1.16453
-1.16059
-1.15651
-1.15226
-1.14786
-1.14328
-1.13852
-1.13358
-1.12844
-1.1231
-1.11755
-1.1118
-1.10583
-1.09964
-1.09323
-1.08659
-1.07972
-1.07262
-1.06529
-1.05772
-1.04992
-1.04189
-1.03364
-1.02516
-1.01646
-1.00755
-0.998421
-0.98909
-0.979566
-0.969853
-0.959959
-0.949893
-0.939661
-0.929279
-0.918751
-0.908088
-0.897299
-0.886395
-0.875386
-0.864282
-0.853094
-0.841832
-0.830507
-0.819127
-0.807705
-0.796249
-0.784771
-0.773281
-0.761786
-0.7503
-0.738831
-0.727391
-0.715989
-0.704633
-0.693333
-0.682099
-0.670943
-0.659874
-0.648902
-0.638038
-0.627291
-0.616673
-0.606193
-0.59586
-0.585689
-0.575689
-0.565872
-0.556248
-0.546832
-0.537634
-0.528668
-0.519947
-0.511482
-0.503288
-0.495379
-0.487768
-0.480469
-0.473498
-0.466867
-0.460591
-0.454685
-0.449163
-0.444039
-0.439325
-0.435035
-0.431178
-0.427768
-0.424811
-0.422318
-0.420291
-0.418736
-0.417656
-0.417048
-0.416913
-0.417243
-0.418035
-0.419278
-0.420961
-0.423073
-0.425597
-0.428522
-0.431825
-0.43549
-0.439499
-0.443832
-0.448466
-0.453384
-0.458565
-0.46399
-0.469635
-0.475484
-0.481515
-0.487711
-0.494053
-0.500525
-0.507108
-0.513787
-0.520547
-0.527371
-0.534245
-0.541157
-0.548092
-0.555037
-0.561981
-0.568913
-0.575819
-0.58269
-0.589517
-0.596288
-0.602996
-0.609631
-0.616186
-0.622654
-0.629026
-0.635296
-0.641458
-0.647507
-0.653438
-0.659245
-0.664925
-0.670473
-0.675889
-0.68117
-0.686312
-0.691315
-0.696179
-0.700903
-0.705487
-0.709931
-0.714237
-0.718407
-0.722441
-0.726342
-0.730113
-0.733755
-0.737273
-0.740668
-0.743947
-0.747109
-0.750162
-0.753107
-0.755951
-0.758695
-0.76134
-0.763895
-0.766361
-0.76874
-0.771037
-0.773254
-0.775397
-0.777467
-0.779468
-0.781402
-0.783271
-0.785079
-0.786826
-0.788514
-0.790148
-0.791727
-0.793254
-0.794729
-0.796156
-0.797532
-0.79886
-0.80014
-0.801374
-0.802559
-0.803701
-0.804798
-0.805849
-0.806854
-0.807816
-0.808731
-0.809602
-0.810427
-0.811205
-0.811938
-0.812624
-0.813263
-0.813855
-0.814398
-0.814893
-0.815338
-0.815734
-0.816078
-0.816373
-0.816613
-0.816797
-0.816931
-0.81701
-0.817035
-0.817004
-0.816915
-0.816768
-0.816564
-0.8163
-0.815976
-0.815592
-0.815146
-0.814636
-0.814065
-0.81343
-0.81273
-0.811966
-0.811137
-0.81024
-0.809278
-0.808247
-0.807148
-0.805979
-0.804742
-0.803434
-0.802055
-0.800605
-0.799084
-0.797491
-0.795825
-0.794087
-0.792275
-0.790386
-0.788431
-0.786397
-0.784287
-0.782103
-0.779844
-0.777509
-0.775097
-0.77261
-0.770047
-0.767407
-0.764693
-0.761903
-0.759036
-0.756092
-0.753071
-0.749975
-0.746801
-0.743552
-0.740226
-0.736826
-0.73335
-0.729797
-0.72617
-1.25083
-1.24941
-1.24798
-1.24653
-1.24507
-1.24358
-1.24207
-1.24053
-1.23897
-1.23739
-1.23579
-1.23415
-1.23248
-1.23079
-1.22906
-1.22729
-1.22549
-1.22364
-1.22176
-1.21983
-1.21785
-1.21582
-1.21374
-1.2116
-1.2094
-1.20713
-1.20479
-1.20238
-1.19989
-1.19732
-1.19466
-1.1919
-1.18904
-1.18608
-1.18301
-1.17982
-1.17651
-1.17306
-1.16947
-1.16574
-1.16185
-1.1578
-1.15358
-1.14919
-1.14461
-1.13984
-1.13487
-1.12969
-1.1243
-1.11869
-1.11285
-1.10678
-1.10049
-1.09395
-1.08716
-1.08014
-1.07286
-1.06534
-1.05757
-1.04956
-1.04131
-1.03282
-1.02409
-1.01514
-1.00596
-0.996564
-0.98696
-0.977156
-0.96716
-0.956981
-0.946625
-0.936111
-0.925442
-0.914629
-0.903683
-0.892615
-0.881435
-0.870155
-0.858784
-0.847334
-0.835816
-0.824241
-0.812618
-0.800958
-0.789272
-0.777569
-0.765859
-0.754154
-0.742464
-0.730799
-0.719164
-0.707576
-0.69604
-0.684567
-0.673169
-0.661854
-0.650631
-0.639513
-0.628506
-0.617623
-0.606874
-0.596267
-0.585817
-0.575534
-0.565427
-0.555507
-0.545787
-0.536281
-0.526998
-0.517954
-0.509159
-0.500628
-0.492374
-0.484413
-0.476756
-0.469419
-0.462416
-0.455764
-0.449476
-0.443567
-0.438053
-0.432946
-0.428262
-0.42401
-0.420205
-0.416858
-0.413977
-0.411569
-0.409638
-0.408193
-0.407231
-0.406751
-0.406749
-0.407223
-0.408161
-0.409556
-0.411394
-0.413661
-0.416341
-0.419417
-0.422868
-0.426675
-0.43082
-0.43528
-0.440035
-0.445062
-0.450343
-0.455854
-0.461576
-0.467487
-0.47357
-0.479806
-0.486176
-0.492663
-0.499251
-0.505922
-0.512662
-0.519457
-0.526291
-0.533151
-0.540027
-0.546904
-0.553772
-0.560618
-0.567433
-0.574207
-0.580931
-0.587594
-0.59419
-0.60071
-0.607147
-0.613494
-0.619745
-0.625894
-0.631935
-0.637864
-0.643677
-0.64937
-0.654938
-0.660381
-0.665692
-0.670874
-0.675924
-0.680841
-0.685625
-0.690276
-0.694794
-0.699181
-0.703436
-0.707564
-0.711562
-0.715436
-0.719189
-0.722819
-0.726331
-0.72973
-0.733018
-0.736199
-0.739274
-0.742247
-0.745126
-0.747909
-0.750599
-0.753201
-0.755718
-0.758152
-0.760507
-0.762786
-0.764992
-0.767127
-0.769194
-0.771195
-0.773132
-0.775008
-0.77682
-0.778576
-0.780275
-0.781919
-0.78351
-0.785048
-0.786533
-0.787966
-0.789349
-0.790682
-0.791962
-0.793196
-0.794382
-0.795519
-0.796606
-0.797645
-0.798637
-0.799579
-0.80047
-0.801314
-0.802108
-0.802852
-0.803545
-0.804188
-0.804779
-0.805317
-0.805803
-0.806236
-0.806615
-0.806939
-0.807206
-0.807421
-0.807577
-0.807674
-0.807714
-0.807696
-0.807618
-0.807478
-0.807279
-0.807017
-0.806691
-0.806303
-0.805849
-0.805332
-0.804749
-0.8041
-0.803385
-0.802602
-0.801751
-0.800831
-0.799842
-0.798783
-0.797654
-0.796454
-0.795181
-0.793836
-0.792418
-0.790926
-0.789362
-0.787723
-0.786011
-0.78422
-0.782357
-0.780419
-0.778405
-0.776314
-0.774151
-0.771906
-0.769585
-0.767186
-0.76471
-0.762155
-0.759523
-0.756812
-0.754027
-0.751162
-0.748219
-0.745199
-0.7421
-0.738923
-0.735668
-0.732336
-0.728925
-0.725436
-0.721872
-0.71823
-0.714511
-1.24962
-1.24832
-1.24701
-1.24567
-1.24432
-1.24296
-1.24157
-1.24016
-1.23873
-1.23728
-1.2358
-1.2343
-1.23278
-1.23122
-1.22964
-1.22802
-1.22636
-1.22467
-1.22294
-1.22117
-1.21936
-1.2175
-1.21558
-1.21362
-1.21159
-1.2095
-1.20735
-1.20512
-1.20282
-1.20044
-1.19797
-1.19541
-1.19275
-1.18999
-1.18713
-1.18414
-1.18103
-1.17778
-1.17441
-1.17087
-1.16719
-1.16334
-1.15932
-1.15512
-1.15073
-1.14614
-1.14135
-1.13634
-1.13111
-1.12566
-1.11997
-1.11404
-1.10785
-1.10142
-1.09473
-1.08778
-1.08057
-1.0731
-1.06537
-1.05738
-1.04913
-1.04062
-1.03187
-1.02287
-1.01364
-1.00417
-0.994486
-0.984586
-0.974483
-0.964187
-0.953703
-0.94305
-0.932234
-0.921267
-0.910159
-0.898922
-0.887567
-0.876105
-0.864549
-0.85291
-0.841197
-0.829422
-0.817597
-0.805731
-0.793835
-0.781918
-0.769995
-0.758072
-0.74616
-0.734271
-0.722412
-0.710592
-0.698822
-0.687112
-0.675474
-0.663914
-0.652444
-0.641076
-0.629816
-0.618674
-0.607661
-0.596786
-0.586062
-0.575499
-0.565107
-0.554897
-0.544879
-0.535071
-0.525476
-0.516113
-0.506993
-0.49813
-0.489536
-0.481226
-0.473214
-0.465514
-0.458142
-0.451114
-0.444443
-0.438145
-0.432238
-0.426734
-0.42165
-0.416996
-0.412791
-0.409044
-0.405766
-0.402966
-0.400651
-0.398826
-0.397496
-0.39666
-0.396317
-0.396462
-0.397086
-0.398184
-0.39974
-0.401741
-0.404173
-0.407016
-0.410249
-0.413855
-0.417814
-0.4221
-0.426693
-0.431571
-0.436711
-0.442092
-0.447694
-0.453494
-0.459472
-0.465609
-0.471886
-0.478286
-0.48479
-0.491383
-0.498049
-0.504772
-0.511539
-0.518337
-0.525152
-0.531972
-0.538786
-0.545583
-0.55235
-0.559082
-0.565766
-0.572394
-0.57896
-0.585454
-0.59187
-0.5982
-0.604441
-0.610584
-0.616625
-0.622559
-0.628383
-0.634094
-0.639688
-0.645162
-0.650512
-0.655737
-0.660837
-0.665809
-0.670656
-0.675377
-0.67997
-0.684438
-0.68878
-0.693
-0.697097
-0.701073
-0.704931
-0.708674
-0.712304
-0.715823
-0.719232
-0.722536
-0.725739
-0.728844
-0.731851
-0.734765
-0.737591
-0.740326
-0.742977
-0.745546
-0.748034
-0.750447
-0.752786
-0.755053
-0.75725
-0.75938
-0.761444
-0.763443
-0.765378
-0.767255
-0.769072
-0.770831
-0.772534
-0.774181
-0.775772
-0.777309
-0.778792
-0.780222
-0.781599
-0.782922
-0.784195
-0.785416
-0.786584
-0.787701
-0.788764
-0.789778
-0.790737
-0.791644
-0.792499
-0.793299
-0.794046
-0.794738
-0.795376
-0.795958
-0.796485
-0.796955
-0.797368
-0.797724
-0.798019
-0.798257
-0.798435
-0.798554
-0.798611
-0.798604
-0.798538
-0.798405
-0.79821
-0.797951
-0.797624
-0.797232
-0.796774
-0.796249
-0.795654
-0.794992
-0.794261
-0.79346
-0.792588
-0.791645
-0.790631
-0.789545
-0.788386
-0.787155
-0.785848
-0.784468
-0.783012
-0.781479
-0.779872
-0.778186
-0.776428
-0.774592
-0.77268
-0.77069
-0.768621
-0.766475
-0.764251
-0.76195
-0.759568
-0.757107
-0.754567
-0.751947
-0.749249
-0.746468
-0.74361
-0.740672
-0.737655
-0.734558
-0.731381
-0.728125
-0.72479
-0.721375
-0.717881
-0.714307
-0.710654
-0.706923
-0.703114
-1.24842
-1.24723
-1.24603
-1.24481
-1.24357
-1.24232
-1.24105
-1.23976
-1.23846
-1.23714
-1.23579
-1.23442
-1.23303
-1.23161
-1.23017
-1.2287
-1.22719
-1.22565
-1.22408
-1.22247
-1.22081
-1.21911
-1.21737
-1.21558
-1.21373
-1.21182
-1.20984
-1.2078
-1.20569
-1.2035
-1.20123
-1.19887
-1.19641
-1.19386
-1.19119
-1.18842
-1.18552
-1.18249
-1.17931
-1.17599
-1.17252
-1.16888
-1.16507
-1.16107
-1.15688
-1.15249
-1.14788
-1.14305
-1.138
-1.13271
-1.12717
-1.12138
-1.11532
-1.10901
-1.10242
-1.09555
-1.08841
-1.08099
-1.0733
-1.06533
-1.05709
-1.04857
-1.03979
-1.03075
-1.02145
-1.01191
-1.00214
-0.992139
-0.981924
-0.971502
-0.960887
-0.950088
-0.939119
-0.927992
-0.916716
-0.905304
-0.893769
-0.882123
-0.870378
-0.858544
-0.846633
-0.834657
-0.822627
-0.810554
-0.798448
-0.786318
-0.774179
-0.762039
-0.749908
-0.737796
-0.725711
-0.713664
-0.701665
-0.689724
-0.677847
-0.66605
-0.654339
-0.642724
-0.631214
-0.619818
-0.608547
-0.59741
-0.586418
-0.575582
-0.56491
-0.554415
-0.544108
-0.533998
-0.524101
-0.514425
-0.504986
-0.495795
-0.486865
-0.478211
-0.469848
-0.461789
-0.454049
-0.446645
-0.439592
-0.432904
-0.426602
-0.420698
-0.415207
-0.410147
-0.405534
-0.401378
-0.397694
-0.394492
-0.391781
-0.389567
-0.387857
-0.386651
-0.385954
-0.385759
-0.386059
-0.386848
-0.388115
-0.389844
-0.392021
-0.394624
-0.397641
-0.401043
-0.404814
-0.408929
-0.413364
-0.418095
-0.423101
-0.428359
-0.433847
-0.439543
-0.445425
-0.451472
-0.457666
-0.463986
-0.470418
-0.476943
-0.483545
-0.490207
-0.496918
-0.503663
-0.510428
-0.517202
-0.523972
-0.530728
-0.537461
-0.544159
-0.550815
-0.557417
-0.563961
-0.570438
-0.576842
-0.583164
-0.589402
-0.595547
-0.601595
-0.607542
-0.613385
-0.61912
-0.624743
-0.630252
-0.635645
-0.640919
-0.646072
-0.651106
-0.656018
-0.660809
-0.665479
-0.670029
-0.674458
-0.67877
-0.682964
-0.687044
-0.691008
-0.694863
-0.698607
-0.702241
-0.705772
-0.709201
-0.712527
-0.715757
-0.718893
-0.721937
-0.72489
-0.727759
-0.730541
-0.733241
-0.735861
-0.738404
-0.740872
-0.743268
-0.745593
-0.747848
-0.750035
-0.752156
-0.754211
-0.756205
-0.758137
-0.760009
-0.761821
-0.763575
-0.765272
-0.76691
-0.768491
-0.770017
-0.771486
-0.772898
-0.774256
-0.775559
-0.776807
-0.778
-0.779137
-0.780218
-0.781243
-0.782213
-0.783127
-0.783984
-0.784784
-0.785525
-0.78621
-0.786835
-0.787402
-0.787909
-0.788357
-0.788743
-0.789066
-0.789328
-0.789528
-0.789665
-0.789738
-0.789745
-0.789691
-0.789566
-0.789376
-0.789117
-0.788792
-0.788398
-0.787934
-0.787401
-0.786797
-0.786122
-0.785376
-0.784558
-0.783665
-0.7827
-0.781662
-0.780548
-0.779362
-0.778099
-0.77676
-0.775344
-0.773851
-0.772278
-0.770629
-0.768903
-0.7671
-0.765217
-0.763256
-0.761214
-0.759093
-0.756893
-0.754613
-0.752251
-0.749809
-0.747291
-0.744687
-0.742003
-0.739237
-0.736391
-0.733461
-0.73045
-0.727359
-0.724188
-0.720936
-0.717601
-0.714186
-0.71069
-0.707113
-0.703455
-0.699716
-0.695896
-0.691999
-1.24723
-1.24615
-1.24505
-1.24394
-1.24281
-1.24167
-1.24052
-1.23936
-1.23817
-1.23697
-1.23575
-1.23451
-1.23326
-1.23197
-1.23067
-1.22934
-1.22798
-1.22659
-1.22517
-1.22371
-1.22221
-1.22068
-1.2191
-1.21748
-1.2158
-1.21407
-1.21227
-1.21042
-1.2085
-1.2065
-1.20443
-1.20226
-1.20002
-1.19767
-1.19522
-1.19265
-1.18996
-1.18714
-1.18419
-1.18109
-1.17783
-1.17441
-1.17081
-1.16703
-1.16305
-1.15886
-1.15446
-1.14982
-1.14495
-1.13983
-1.13446
-1.12882
-1.1229
-1.11671
-1.11023
-1.10346
-1.09639
-1.08903
-1.08138
-1.07343
-1.06518
-1.05666
-1.04785
-1.03876
-1.0294
-1.01978
-1.00992
-0.999811
-0.989476
-0.978924
-0.968167
-0.957217
-0.946089
-0.934794
-0.923345
-0.911754
-0.900034
-0.888198
-0.876258
-0.864226
-0.852114
-0.839934
-0.827698
-0.815415
-0.803098
-0.790755
-0.778401
-0.766044
-0.753694
-0.741362
-0.729055
-0.716782
-0.704557
-0.692385
-0.680279
-0.668248
-0.656299
-0.644443
-0.632688
-0.621045
-0.60952
-0.598127
-0.586874
-0.575771
-0.564827
-0.554054
-0.543464
-0.533064
-0.522868
-0.512887
-0.503132
-0.493619
-0.484359
-0.475367
-0.466658
-0.458242
-0.450138
-0.442361
-0.434926
-0.42785
-0.421151
-0.414845
-0.408943
-0.403473
-0.398444
-0.393873
-0.389773
-0.386158
-0.383039
-0.380425
-0.378323
-0.376736
-0.37567
-0.375122
-0.375087
-0.375557
-0.376523
-0.377971
-0.379886
-0.382249
-0.385043
-0.388242
-0.391826
-0.39577
-0.40005
-0.40464
-0.409518
-0.41466
-0.420043
-0.425642
-0.431438
-0.437405
-0.443525
-0.449779
-0.456149
-0.462616
-0.469164
-0.475779
-0.482445
-0.489147
-0.495873
-0.502612
-0.50935
-0.516077
-0.522784
-0.52946
-0.536096
-0.542683
-0.549215
-0.555684
-0.562083
-0.568408
-0.57465
-0.580804
-0.586867
-0.592835
-0.598702
-0.604467
-0.610125
-0.615675
-0.621114
-0.626441
-0.631652
-0.636748
-0.641729
-0.646594
-0.651343
-0.655974
-0.660493
-0.664897
-0.66919
-0.673371
-0.677442
-0.681404
-0.68526
-0.689011
-0.692661
-0.696209
-0.699659
-0.703012
-0.706273
-0.709445
-0.712526
-0.71552
-0.718432
-0.72126
-0.724009
-0.726678
-0.729273
-0.731794
-0.734243
-0.73662
-0.738928
-0.741166
-0.74334
-0.745449
-0.747494
-0.749476
-0.751395
-0.753254
-0.755052
-0.75679
-0.758467
-0.760085
-0.761645
-0.763146
-0.764585
-0.765968
-0.767294
-0.768561
-0.769769
-0.770919
-0.772009
-0.773041
-0.774012
-0.774924
-0.775777
-0.776568
-0.777298
-0.777965
-0.778571
-0.779116
-0.779596
-0.780011
-0.780363
-0.780651
-0.780873
-0.781028
-0.781117
-0.781139
-0.781091
-0.780975
-0.780792
-0.780536
-0.780211
-0.779814
-0.779346
-0.778806
-0.778192
-0.777506
-0.776745
-0.775909
-0.774999
-0.774013
-0.772951
-0.771811
-0.770597
-0.769304
-0.767932
-0.766479
-0.764951
-0.763342
-0.761655
-0.759886
-0.758039
-0.756111
-0.754101
-0.752011
-0.749839
-0.747586
-0.745251
-0.742833
-0.740332
-0.737749
-0.735087
-0.732339
-0.729509
-0.726596
-0.723599
-0.720516
-0.717354
-0.714109
-0.710781
-0.707369
-0.703875
-0.700299
-0.69664
-0.6929
-0.689078
-0.685171
-0.681184
-1.24606
-1.24507
-1.24408
-1.24307
-1.24205
-1.24103
-1.23998
-1.23893
-1.23787
-1.23679
-1.23569
-1.23458
-1.23345
-1.2323
-1.23113
-1.22994
-1.22872
-1.22747
-1.2262
-1.2249
-1.22356
-1.22218
-1.22077
-1.21931
-1.21781
-1.21625
-1.21464
-1.21297
-1.21124
-1.20944
-1.20756
-1.2056
-1.20355
-1.20141
-1.19917
-1.19682
-1.19435
-1.19176
-1.18903
-1.18615
-1.18312
-1.17993
-1.17655
-1.17299
-1.16923
-1.16526
-1.16107
-1.15664
-1.15197
-1.14703
-1.14183
-1.13635
-1.13058
-1.12452
-1.11816
-1.11149
-1.10451
-1.09721
-1.0896
-1.08167
-1.07343
-1.06489
-1.05604
-1.04691
-1.03748
-1.02778
-1.01781
-1.00759
-0.997133
-0.986442
-0.975536
-0.964428
-0.953131
-0.941663
-0.930033
-0.918255
-0.906344
-0.894312
-0.882173
-0.869939
-0.857622
-0.845235
-0.83279
-0.820298
-0.807766
-0.795212
-0.782644
-0.77007
-0.757505
-0.744952
-0.732425
-0.719932
-0.707482
-0.695086
-0.682753
-0.670492
-0.658311
-0.646221
-0.634229
-0.622343
-0.610572
-0.59893
-0.587422
-0.576059
-0.564852
-0.553809
-0.54294
-0.532257
-0.521769
-0.511491
-0.501432
-0.491604
-0.482021
-0.472696
-0.463644
-0.454878
-0.446413
-0.438266
-0.430454
-0.422991
-0.415894
-0.409182
-0.402871
-0.396983
-0.391534
-0.386539
-0.382015
-0.377978
-0.374439
-0.371411
-0.368905
-0.366924
-0.365476
-0.36456
-0.364175
-0.364317
-0.364972
-0.36613
-0.367777
-0.369894
-0.372461
-0.375454
-0.378852
-0.382627
-0.386756
-0.391212
-0.395969
-0.401003
-0.406289
-0.411802
-0.417518
-0.423419
-0.429478
-0.435676
-0.441996
-0.448417
-0.454925
-0.461502
-0.468136
-0.474808
-0.481507
-0.488222
-0.494939
-0.501649
-0.508339
-0.515004
-0.521632
-0.528214
-0.534744
-0.541214
-0.547618
-0.553952
-0.560207
-0.56638
-0.572465
-0.578459
-0.584358
-0.590159
-0.595858
-0.601454
-0.606944
-0.612325
-0.617597
-0.622761
-0.627813
-0.632752
-0.637582
-0.6423
-0.646908
-0.651404
-0.655795
-0.660078
-0.664254
-0.668323
-0.672289
-0.676155
-0.67992
-0.683586
-0.687156
-0.690633
-0.694017
-0.697311
-0.700517
-0.703636
-0.706671
-0.709624
-0.7125
-0.715294
-0.718012
-0.720654
-0.723223
-0.72572
-0.728146
-0.7305
-0.732788
-0.735008
-0.737163
-0.739251
-0.741275
-0.743235
-0.745135
-0.746968
-0.748739
-0.750448
-0.752095
-0.753681
-0.755202
-0.756664
-0.758065
-0.759405
-0.760683
-0.761899
-0.763053
-0.764145
-0.765174
-0.76614
-0.767043
-0.767881
-0.768656
-0.769367
-0.770012
-0.770591
-0.771105
-0.771549
-0.771929
-0.77224
-0.772484
-0.772658
-0.772763
-0.772798
-0.772761
-0.772652
-0.772473
-0.772222
-0.771899
-0.771499
-0.771026
-0.770479
-0.769856
-0.769158
-0.768383
-0.767532
-0.766603
-0.765597
-0.764512
-0.763348
-0.762107
-0.760786
-0.75938
-0.757896
-0.756333
-0.754688
-0.752962
-0.751154
-0.749263
-0.747291
-0.745235
-0.743096
-0.740874
-0.738569
-0.73618
-0.733707
-0.73115
-0.728507
-0.725782
-0.722972
-0.720082
-0.717102
-0.714039
-0.710891
-0.707654
-0.704337
-0.700935
-0.697449
-0.693878
-0.690223
-0.686484
-0.682662
-0.678755
-0.674766
-0.670692
-1.24491
-1.24402
-1.24312
-1.24221
-1.2413
-1.24038
-1.23945
-1.2385
-1.23755
-1.23659
-1.23561
-1.23462
-1.23362
-1.23259
-1.23155
-1.2305
-1.22942
-1.22831
-1.22718
-1.22603
-1.22484
-1.22363
-1.22238
-1.22108
-1.21975
-1.21837
-1.21694
-1.21545
-1.21391
-1.2123
-1.21062
-1.20886
-1.20702
-1.20509
-1.20307
-1.20093
-1.19868
-1.19632
-1.19381
-1.19117
-1.18838
-1.18541
-1.18228
-1.17895
-1.17542
-1.17167
-1.1677
-1.16349
-1.15903
-1.15429
-1.14928
-1.14398
-1.13837
-1.13245
-1.12621
-1.11965
-1.11275
-1.10553
-1.09796
-1.09006
-1.08183
-1.07327
-1.06439
-1.05519
-1.04569
-1.0359
-1.02582
-1.01548
-1.00489
-0.994047
-0.982982
-0.971708
-0.960234
-0.948583
-0.936764
-0.924793
-0.912684
-0.90045
-0.888106
-0.875666
-0.863141
-0.850545
-0.837888
-0.825183
-0.81244
-0.799673
-0.78689
-0.774103
-0.761321
-0.748552
-0.735807
-0.723097
-0.710428
-0.697812
-0.685256
-0.672771
-0.660364
-0.648044
-0.63582
-0.6237
-0.611692
-0.599806
-0.588052
-0.576438
-0.564973
-0.553667
-0.54253
-0.531572
-0.520802
-0.510234
-0.499877
-0.489743
-0.479843
-0.470195
-0.460808
-0.451698
-0.442879
-0.434367
-0.426178
-0.41833
-0.410836
-0.403721
-0.397
-0.390692
-0.384817
-0.379392
-0.374435
-0.369963
-0.365993
-0.362539
-0.359612
-0.357224
-0.35538
-0.354082
-0.353335
-0.353132
-0.353466
-0.354326
-0.355695
-0.357558
-0.359895
-0.362684
-0.365895
-0.369505
-0.373487
-0.377813
-0.382457
-0.387392
-0.392591
-0.39803
-0.403682
-0.409524
-0.415536
-0.421692
-0.427973
-0.434363
-0.440844
-0.447399
-0.454011
-0.460666
-0.467352
-0.474055
-0.480763
-0.487466
-0.494153
-0.500817
-0.507446
-0.514033
-0.520571
-0.527052
-0.533471
-0.539824
-0.546099
-0.552297
-0.558412
-0.56444
-0.570377
-0.57622
-0.581966
-0.587612
-0.593157
-0.598599
-0.603936
-0.609166
-0.614292
-0.619311
-0.624222
-0.629026
-0.633724
-0.638318
-0.642805
-0.647186
-0.651465
-0.655644
-0.659719
-0.663696
-0.667574
-0.671357
-0.675044
-0.67864
-0.682144
-0.68556
-0.688886
-0.692128
-0.695285
-0.698361
-0.701356
-0.704272
-0.707109
-0.70987
-0.712557
-0.71517
-0.71771
-0.720177
-0.722575
-0.724904
-0.727165
-0.729358
-0.731483
-0.733542
-0.735537
-0.737466
-0.739328
-0.741125
-0.742857
-0.744526
-0.74613
-0.747667
-0.749141
-0.750551
-0.751897
-0.753178
-0.754394
-0.755544
-0.756629
-0.757648
-0.7586
-0.759485
-0.760304
-0.761055
-0.761739
-0.762354
-0.762898
-0.763374
-0.763779
-0.764115
-0.764379
-0.764572
-0.764692
-0.764739
-0.764713
-0.764613
-0.764439
-0.764192
-0.763867
-0.763467
-0.762993
-0.762437
-0.761806
-0.761096
-0.760309
-0.759442
-0.758496
-0.75747
-0.756363
-0.755176
-0.753906
-0.752555
-0.751124
-0.749609
-0.748012
-0.746332
-0.744568
-0.74272
-0.740789
-0.738771
-0.736671
-0.734485
-0.732215
-0.72986
-0.727419
-0.724892
-0.722279
-0.71958
-0.716796
-0.713925
-0.710968
-0.707929
-0.7048
-0.701585
-0.698284
-0.694894
-0.691418
-0.687858
-0.684212
-0.680481
-0.676664
-0.67276
-0.668772
-0.664699
-0.660542
-1.24379
-1.24298
-1.24218
-1.24137
-1.24055
-1.23973
-1.23891
-1.23807
-1.23723
-1.23637
-1.23551
-1.23464
-1.23376
-1.23286
-1.23195
-1.23102
-1.23007
-1.22911
-1.22812
-1.22711
-1.22607
-1.22501
-1.22392
-1.22279
-1.22162
-1.22041
-1.21916
-1.21786
-1.2165
-1.21508
-1.21359
-1.21204
-1.21041
-1.20869
-1.20688
-1.20497
-1.20295
-1.20081
-1.19854
-1.19614
-1.19358
-1.19086
-1.18797
-1.18488
-1.1816
-1.17809
-1.17436
-1.17038
-1.16613
-1.16161
-1.1568
-1.15168
-1.14625
-1.14049
-1.13439
-1.12794
-1.12114
-1.11399
-1.10647
-1.0986
-1.09037
-1.08179
-1.07287
-1.06361
-1.05403
-1.04413
-1.03394
-1.02347
-1.01272
-1.00172
-0.990491
-0.979041
-0.967381
-0.955538
-0.943521
-0.931348
-0.919034
-0.906593
-0.89404
-0.881388
-0.868651
-0.855842
-0.842972
-0.830054
-0.817098
-0.804117
-0.791121
-0.778122
-0.765126
-0.752144
-0.739185
-0.72626
-0.713377
-0.700546
-0.687772
-0.675069
-0.662441
-0.6499
-0.637451
-0.625104
-0.612865
-0.600746
-0.588753
-0.576894
-0.565181
-0.553621
-0.542225
-0.531001
-0.519959
-0.509109
-0.498464
-0.488033
-0.477828
-0.467861
-0.458148
-0.448701
-0.439534
-0.430665
-0.422106
-0.413875
-0.405991
-0.398473
-0.391339
-0.384607
-0.378302
-0.372441
-0.367046
-0.362131
-0.357718
-0.353825
-0.350464
-0.347651
-0.345395
-0.343701
-0.342574
-0.342013
-0.34201
-0.342558
-0.343644
-0.345246
-0.347349
-0.349927
-0.352956
-0.356404
-0.360245
-0.364451
-0.36899
-0.373836
-0.378961
-0.384336
-0.389936
-0.395736
-0.401711
-0.407839
-0.4141
-0.420474
-0.426941
-0.433486
-0.440092
-0.446743
-0.453428
-0.460132
-0.466844
-0.473553
-0.480248
-0.486922
-0.493565
-0.500168
-0.506723
-0.513226
-0.51967
-0.526047
-0.532353
-0.538585
-0.544736
-0.550804
-0.556785
-0.562676
-0.568474
-0.574176
-0.579781
-0.585285
-0.59069
-0.595993
-0.601194
-0.606292
-0.611287
-0.616179
-0.620969
-0.625657
-0.63024
-0.634722
-0.639106
-0.643387
-0.647571
-0.651657
-0.655648
-0.659544
-0.663346
-0.667058
-0.670681
-0.674215
-0.67766
-0.681019
-0.684296
-0.687489
-0.690603
-0.693633
-0.696589
-0.699465
-0.702266
-0.704991
-0.707642
-0.710217
-0.712723
-0.715158
-0.717522
-0.719816
-0.722039
-0.724195
-0.726283
-0.728303
-0.730253
-0.732136
-0.733952
-0.735701
-0.737382
-0.738993
-0.740539
-0.742019
-0.74343
-0.744774
-0.746049
-0.747256
-0.748395
-0.749465
-0.750466
-0.751397
-0.752258
-0.75305
-0.753769
-0.754419
-0.754994
-0.755499
-0.755932
-0.75629
-0.756574
-0.756785
-0.75692
-0.756981
-0.756965
-0.756874
-0.756705
-0.75646
-0.756138
-0.755736
-0.755255
-0.754695
-0.754056
-0.753337
-0.752537
-0.751655
-0.750692
-0.749647
-0.748516
-0.747308
-0.746015
-0.744638
-0.743177
-0.741632
-0.740002
-0.738287
-0.736487
-0.734601
-0.732631
-0.730572
-0.728427
-0.726196
-0.723879
-0.721475
-0.718983
-0.716403
-0.713737
-0.710983
-0.708142
-0.705212
-0.702196
-0.69909
-0.695898
-0.692621
-0.689252
-0.685796
-0.682251
-0.678617
-0.674899
-0.671091
-0.667197
-0.663216
-0.659148
-0.654993
-0.650752
-1.24269
-1.24198
-1.24126
-1.24054
-1.23982
-1.2391
-1.23837
-1.23764
-1.2369
-1.23615
-1.2354
-1.23464
-1.23387
-1.2331
-1.23231
-1.2315
-1.23069
-1.22986
-1.22901
-1.22814
-1.22725
-1.22634
-1.2254
-1.22443
-1.22342
-1.22238
-1.2213
-1.22018
-1.219
-1.21777
-1.21648
-1.21513
-1.2137
-1.21219
-1.2106
-1.20892
-1.20713
-1.20523
-1.2032
-1.20104
-1.19873
-1.19626
-1.19362
-1.19079
-1.18776
-1.18451
-1.18102
-1.17728
-1.17327
-1.16898
-1.16438
-1.15947
-1.15422
-1.14863
-1.14268
-1.13636
-1.12967
-1.12259
-1.11513
-1.10728
-1.09906
-1.09045
-1.08148
-1.07216
-1.06248
-1.05248
-1.04215
-1.03153
-1.02063
-1.00946
-0.998051
-0.986408
-0.974553
-0.962507
-0.950285
-0.937902
-0.925375
-0.91272
-0.899952
-0.887084
-0.874132
-0.861107
-0.848022
-0.834888
-0.82172
-0.808527
-0.79532
-0.78211
-0.768902
-0.755711
-0.74254
-0.729406
-0.716314
-0.703272
-0.690288
-0.677372
-0.664531
-0.651775
-0.639109
-0.626541
-0.614079
-0.601734
-0.589511
-0.577419
-0.565468
-0.553664
-0.542016
-0.530536
-0.51923
-0.50811
-0.497186
-0.486468
-0.475967
-0.465695
-0.455666
-0.445889
-0.436383
-0.427161
-0.418237
-0.409632
-0.401362
-0.393443
-0.385898
-0.378745
-0.372007
-0.365706
-0.35986
-0.354494
-0.349628
-0.345282
-0.341474
-0.33822
-0.335534
-0.333427
-0.331903
-0.330967
-0.330615
-0.330838
-0.331626
-0.332961
-0.334827
-0.337193
-0.340037
-0.343327
-0.347033
-0.351125
-0.355572
-0.36034
-0.365404
-0.370732
-0.376295
-0.382068
-0.388023
-0.394139
-0.400394
-0.406767
-0.413238
-0.419788
-0.426402
-0.433065
-0.439763
-0.446482
-0.453211
-0.459938
-0.466654
-0.47335
-0.480017
-0.486647
-0.49323
-0.499763
-0.506239
-0.512652
-0.518997
-0.525269
-0.531465
-0.53758
-0.543611
-0.549556
-0.55541
-0.561171
-0.56684
-0.572413
-0.577888
-0.583266
-0.588545
-0.593725
-0.598805
-0.603785
-0.608667
-0.613447
-0.618129
-0.62271
-0.627194
-0.631582
-0.635871
-0.640065
-0.644165
-0.648173
-0.652088
-0.655913
-0.659648
-0.663298
-0.666859
-0.670336
-0.673727
-0.677034
-0.680261
-0.683405
-0.68647
-0.689459
-0.692372
-0.695206
-0.697964
-0.700645
-0.703255
-0.705791
-0.708255
-0.710646
-0.712966
-0.715214
-0.717393
-0.719499
-0.721537
-0.723502
-0.725398
-0.727225
-0.728981
-0.730663
-0.732278
-0.733824
-0.735299
-0.736703
-0.738037
-0.739299
-0.74049
-0.741609
-0.742658
-0.743632
-0.744536
-0.745365
-0.746121
-0.746803
-0.747409
-0.747942
-0.7484
-0.748782
-0.749087
-0.749314
-0.749464
-0.749537
-0.749533
-0.749449
-0.749286
-0.749044
-0.748722
-0.74832
-0.747836
-0.74727
-0.746623
-0.745894
-0.745082
-0.744188
-0.743205
-0.742142
-0.740994
-0.739763
-0.738446
-0.737043
-0.735554
-0.733981
-0.732319
-0.730571
-0.728736
-0.726814
-0.724805
-0.722706
-0.720519
-0.718245
-0.715882
-0.713431
-0.71089
-0.70826
-0.705541
-0.702735
-0.699838
-0.696852
-0.693776
-0.690611
-0.687357
-0.684012
-0.680583
-0.67706
-0.67345
-0.669747
-0.665954
-0.662073
-0.658105
-0.654048
-0.649902
-0.645668
-0.641346
-1.24163
-1.241
-1.24037
-1.23974
-1.23911
-1.23848
-1.23785
-1.23721
-1.23657
-1.23593
-1.23528
-1.23463
-1.23397
-1.23331
-1.23264
-1.23196
-1.23127
-1.23056
-1.22985
-1.22912
-1.22837
-1.2276
-1.22681
-1.22599
-1.22515
-1.22427
-1.22336
-1.22241
-1.22141
-1.22037
-1.21928
-1.21812
-1.21689
-1.2156
-1.21423
-1.21277
-1.21121
-1.20955
-1.20777
-1.20585
-1.2038
-1.20159
-1.19921
-1.19664
-1.19388
-1.19089
-1.18767
-1.18419
-1.18043
-1.17639
-1.17202
-1.16733
-1.16229
-1.15688
-1.15109
-1.14491
-1.13833
-1.13134
-1.12393
-1.11612
-1.10789
-1.09926
-1.09023
-1.08083
-1.07105
-1.06092
-1.05046
-1.03968
-1.0286
-1.01725
-1.00564
-0.993795
-0.981733
-0.96947
-0.957031
-0.944429
-0.931683
-0.918807
-0.905818
-0.892731
-0.879559
-0.866316
-0.853015
-0.839666
-0.826286
-0.812881
-0.799464
-0.786044
-0.772629
-0.75923
-0.745856
-0.732517
-0.71922
-0.705974
-0.692785
-0.679664
-0.666617
-0.653653
-0.640778
-0.627998
-0.615322
-0.602759
-0.590316
-0.578
-0.565819
-0.553782
-0.541895
-0.530169
-0.518611
-0.507231
-0.496038
-0.485044
-0.474257
-0.46369
-0.453354
-0.443261
-0.433424
-0.423858
-0.414582
-0.405608
-0.396956
-0.388641
-0.380688
-0.373114
-0.365943
-0.359198
-0.3529
-0.347074
-0.341744
-0.336931
-0.332658
-0.328945
-0.32581
-0.323271
-0.321334
-0.320004
-0.319284
-0.319169
-0.319648
-0.320708
-0.322326
-0.324479
-0.327141
-0.330276
-0.333856
-0.337843
-0.342209
-0.346916
-0.351934
-0.35723
-0.362774
-0.368535
-0.374489
-0.380611
-0.386876
-0.393265
-0.399756
-0.406329
-0.412967
-0.419657
-0.426383
-0.433133
-0.439892
-0.446652
-0.453401
-0.460131
-0.466833
-0.473499
-0.480121
-0.486694
-0.493213
-0.499671
-0.506062
-0.512383
-0.518629
-0.524798
-0.530885
-0.536887
-0.542803
-0.54863
-0.554367
-0.56001
-0.56556
-0.571015
-0.576374
-0.581637
-0.586802
-0.591872
-0.596842
-0.601719
-0.606495
-0.611175
-0.61576
-0.620248
-0.624644
-0.628945
-0.633153
-0.637268
-0.641293
-0.645229
-0.649074
-0.652835
-0.656508
-0.660095
-0.663598
-0.667018
-0.670354
-0.673608
-0.676783
-0.679878
-0.682895
-0.685836
-0.688698
-0.691481
-0.694191
-0.696826
-0.699385
-0.70187
-0.704282
-0.706619
-0.708885
-0.711076
-0.713195
-0.715241
-0.717215
-0.719116
-0.720943
-0.722698
-0.724377
-0.725986
-0.727523
-0.728985
-0.730375
-0.73169
-0.732932
-0.734099
-0.735192
-0.73621
-0.737152
-0.738019
-0.73881
-0.739522
-0.740159
-0.740719
-0.741202
-0.741606
-0.741929
-0.742174
-0.742341
-0.742426
-0.742431
-0.742354
-0.742197
-0.741958
-0.741638
-0.741234
-0.740749
-0.740179
-0.739524
-0.738785
-0.737958
-0.737049
-0.736055
-0.734975
-0.733808
-0.732557
-0.731217
-0.729789
-0.728273
-0.726671
-0.724979
-0.723199
-0.721331
-0.719373
-0.717326
-0.71519
-0.712964
-0.710646
-0.70824
-0.705744
-0.703156
-0.700478
-0.69771
-0.694851
-0.691901
-0.68886
-0.685728
-0.682505
-0.679191
-0.675786
-0.67229
-0.668708
-0.66503
-0.661259
-0.6574
-0.653448
-0.649406
-0.645276
-0.641054
-0.636743
-0.632343
-1.24061
-1.24006
-1.23951
-1.23897
-1.23842
-1.23788
-1.23733
-1.23679
-1.23624
-1.2357
-1.23515
-1.2346
-1.23405
-1.2335
-1.23294
-1.23237
-1.23181
-1.23123
-1.23064
-1.23004
-1.22942
-1.22879
-1.22815
-1.22748
-1.22679
-1.22607
-1.22533
-1.22455
-1.22373
-1.22287
-1.22197
-1.22101
-1.21998
-1.2189
-1.21775
-1.21651
-1.21519
-1.21376
-1.21223
-1.21057
-1.20877
-1.20683
-1.20472
-1.20243
-1.19994
-1.19724
-1.19429
-1.19109
-1.1876
-1.18382
-1.17971
-1.17525
-1.17043
-1.16522
-1.15961
-1.15358
-1.14712
-1.14023
-1.13288
-1.12509
-1.11686
-1.1082
-1.09911
-1.08961
-1.07972
-1.06945
-1.05883
-1.04787
-1.03661
-1.02506
-1.01324
-1.00118
-0.988891
-0.976403
-0.963737
-0.950906
-0.93793
-0.924827
-0.911612
-0.898301
-0.884907
-0.871445
-0.857927
-0.844364
-0.83077
-0.817157
-0.803531
-0.789906
-0.776287
-0.762686
-0.749113
-0.735574
-0.722079
-0.708634
-0.695249
-0.681929
-0.668684
-0.655521
-0.642444
-0.62946
-0.61658
-0.60381
-0.591156
-0.578625
-0.566225
-0.553964
-0.54185
-0.52989
-0.518091
-0.506464
-0.495013
-0.483754
-0.472694
-0.461842
-0.451211
-0.440813
-0.430659
-0.420761
-0.411139
-0.401806
-0.392781
-0.384078
-0.375721
-0.367731
-0.360126
-0.352934
-0.346179
-0.339887
-0.334082
-0.328788
-0.324037
-0.31985
-0.316248
-0.313253
-0.310878
-0.309135
-0.308026
-0.307556
-0.307714
-0.308483
-0.309849
-0.311785
-0.314267
-0.317253
-0.320712
-0.324609
-0.328908
-0.333569
-0.33856
-0.343843
-0.349386
-0.355159
-0.361132
-0.36728
-0.373577
-0.38
-0.386527
-0.39314
-0.399821
-0.406554
-0.413323
-0.420116
-0.42692
-0.433724
-0.44052
-0.447297
-0.454046
-0.460759
-0.467432
-0.474056
-0.480626
-0.487136
-0.493581
-0.499958
-0.506262
-0.512488
-0.518637
-0.524704
-0.530687
-0.536583
-0.542391
-0.548108
-0.553734
-0.559268
-0.564709
-0.570055
-0.575307
-0.580467
-0.585528
-0.590495
-0.595366
-0.600145
-0.604829
-0.609419
-0.613917
-0.618321
-0.622634
-0.626856
-0.630986
-0.635027
-0.638982
-0.642848
-0.64663
-0.650324
-0.653936
-0.657462
-0.660907
-0.664267
-0.667545
-0.670744
-0.673863
-0.676902
-0.679863
-0.682746
-0.685552
-0.688281
-0.690932
-0.693507
-0.696006
-0.69843
-0.700779
-0.703052
-0.70525
-0.707372
-0.70942
-0.711391
-0.713287
-0.715109
-0.716852
-0.718523
-0.720118
-0.721637
-0.72308
-0.724447
-0.725736
-0.726949
-0.728086
-0.729144
-0.730125
-0.731027
-0.731851
-0.732594
-0.733261
-0.733846
-0.734352
-0.734775
-0.735119
-0.735382
-0.735561
-0.735659
-0.735674
-0.735606
-0.735456
-0.735219
-0.7349
-0.734496
-0.734006
-0.733431
-0.732767
-0.732019
-0.731184
-0.730264
-0.729254
-0.728158
-0.726974
-0.725699
-0.724339
-0.722888
-0.721347
-0.719717
-0.717997
-0.716186
-0.714287
-0.712295
-0.710212
-0.708039
-0.705774
-0.703418
-0.700968
-0.698428
-0.695797
-0.693074
-0.690257
-0.687349
-0.684348
-0.681254
-0.678068
-0.674789
-0.671418
-0.667955
-0.664399
-0.660751
-0.65701
-0.65318
-0.649253
-0.645234
-0.641123
-0.636918
-0.632625
-0.628239
-0.623763
-1.23963
-1.23916
-1.23869
-1.23822
-1.23776
-1.23729
-1.23683
-1.23638
-1.23592
-1.23547
-1.23502
-1.23457
-1.23412
-1.23367
-1.23322
-1.23277
-1.23231
-1.23185
-1.23138
-1.2309
-1.23042
-1.22992
-1.22942
-1.22889
-1.22835
-1.22779
-1.2272
-1.22659
-1.22594
-1.22526
-1.22454
-1.22377
-1.22296
-1.22208
-1.22114
-1.22013
-1.21904
-1.21785
-1.21657
-1.21516
-1.21363
-1.21196
-1.21013
-1.20813
-1.20593
-1.20351
-1.20086
-1.19795
-1.19475
-1.19125
-1.18742
-1.18322
-1.17864
-1.17365
-1.16824
-1.16238
-1.15606
-1.14926
-1.14198
-1.13422
-1.12598
-1.11728
-1.10811
-1.09851
-1.08848
-1.07806
-1.06726
-1.05611
-1.04463
-1.03286
-1.02082
-1.00852
-0.996002
-0.983276
-0.970369
-0.957302
-0.94409
-0.930753
-0.917307
-0.903767
-0.890149
-0.876466
-0.862731
-0.848954
-0.835151
-0.821329
-0.8075
-0.793672
-0.779855
-0.766058
-0.75229
-0.738559
-0.724872
-0.711237
-0.697661
-0.684151
-0.670715
-0.657361
-0.644092
-0.630915
-0.61784
-0.604872
-0.592017
-0.579283
-0.566676
-0.554203
-0.541871
-0.529688
-0.517662
-0.505798
-0.494107
-0.482594
-0.471272
-0.460148
-0.449236
-0.438543
-0.428082
-0.417869
-0.407912
-0.398232
-0.388842
-0.379759
-0.371007
-0.362604
-0.35457
-0.346933
-0.33972
-0.332955
-0.326666
-0.320883
-0.315637
-0.310954
-0.306864
-0.303391
-0.300556
-0.298374
-0.296856
-0.296006
-0.295822
-0.29629
-0.297395
-0.299113
-0.301411
-0.304256
-0.307608
-0.311428
-0.315676
-0.320312
-0.325295
-0.330586
-0.336153
-0.34196
-0.347975
-0.354171
-0.36052
-0.366999
-0.373583
-0.380256
-0.386996
-0.393789
-0.400619
-0.407471
-0.414335
-0.4212
-0.428054
-0.43489
-0.441696
-0.448468
-0.4552
-0.461884
-0.468512
-0.475082
-0.481589
-0.488027
-0.494395
-0.500688
-0.506904
-0.513039
-0.519093
-0.525061
-0.530944
-0.536738
-0.542442
-0.548056
-0.553579
-0.55901
-0.564352
-0.569597
-0.574749
-0.579808
-0.584774
-0.589646
-0.594427
-0.599115
-0.603712
-0.608218
-0.612633
-0.616957
-0.621191
-0.625338
-0.629396
-0.633365
-0.63725
-0.641049
-0.644762
-0.648392
-0.651939
-0.655401
-0.658778
-0.662076
-0.665293
-0.668429
-0.671482
-0.674459
-0.677358
-0.680176
-0.682916
-0.685577
-0.68816
-0.690666
-0.693093
-0.695445
-0.697717
-0.699912
-0.70203
-0.70407
-0.706032
-0.707917
-0.709724
-0.711451
-0.713102
-0.714675
-0.716169
-0.717584
-0.71892
-0.720177
-0.721354
-0.722452
-0.723469
-0.724406
-0.725259
-0.726034
-0.726727
-0.727336
-0.727864
-0.728309
-0.728672
-0.72895
-0.729145
-0.729254
-0.729279
-0.729218
-0.729072
-0.72884
-0.728522
-0.728116
-0.727621
-0.727041
-0.726374
-0.725618
-0.724773
-0.72384
-0.722817
-0.721705
-0.720504
-0.719212
-0.717829
-0.716354
-0.714791
-0.713135
-0.711387
-0.70955
-0.707618
-0.705595
-0.703478
-0.70127
-0.698968
-0.696573
-0.694085
-0.691503
-0.688829
-0.686061
-0.683199
-0.680243
-0.677194
-0.67405
-0.670812
-0.66748
-0.664056
-0.660536
-0.656923
-0.653215
-0.649413
-0.645517
-0.641531
-0.637446
-0.633269
-0.628999
-0.624632
-0.620175
-0.615626
-1.2387
-1.2383
-1.2379
-1.23751
-1.23712
-1.23674
-1.23636
-1.23598
-1.23561
-1.23525
-1.23489
-1.23453
-1.23418
-1.23382
-1.23347
-1.23312
-1.23277
-1.23242
-1.23207
-1.23171
-1.23135
-1.23099
-1.23061
-1.23022
-1.22982
-1.22941
-1.22897
-1.22852
-1.22804
-1.22754
-1.22699
-1.22642
-1.2258
-1.22513
-1.2244
-1.22361
-1.22275
-1.2218
-1.22076
-1.21962
-1.21835
-1.21696
-1.21542
-1.21371
-1.2118
-1.20969
-1.20735
-1.20475
-1.20187
-1.19867
-1.19513
-1.19122
-1.18691
-1.18217
-1.17697
-1.17129
-1.16512
-1.15843
-1.15122
-1.14349
-1.13524
-1.12648
-1.11723
-1.1075
-1.09732
-1.08672
-1.07572
-1.06435
-1.05265
-1.04064
-1.02835
-1.0158
-1.00303
-0.990057
-0.976899
-0.963584
-0.950129
-0.936552
-0.92287
-0.9091
-0.895256
-0.881351
-0.867397
-0.853411
-0.8394
-0.825376
-0.811347
-0.797322
-0.783312
-0.769324
-0.755369
-0.741452
-0.72758
-0.713762
-0.700004
-0.686312
-0.672695
-0.659159
-0.645708
-0.632348
-0.619088
-0.605933
-0.592889
-0.579962
-0.567159
-0.554486
-0.54195
-0.529556
-0.517313
-0.505227
-0.493305
-0.481554
-0.469985
-0.458605
-0.447423
-0.43645
-0.425699
-0.415179
-0.404904
-0.394887
-0.385145
-0.375695
-0.366556
-0.357748
-0.349291
-0.341213
-0.33354
-0.326299
-0.319523
-0.313238
-0.307483
-0.302287
-0.297685
-0.293709
-0.290385
-0.287736
-0.285783
-0.284533
-0.283985
-0.284135
-0.284968
-0.286459
-0.288578
-0.291287
-0.294544
-0.298306
-0.302523
-0.307154
-0.312155
-0.317483
-0.323098
-0.328965
-0.335047
-0.341316
-0.347742
-0.354298
-0.360962
-0.367713
-0.374534
-0.381404
-0.38831
-0.39524
-0.40218
-0.409117
-0.416043
-0.422948
-0.429825
-0.436666
-0.443465
-0.450217
-0.456914
-0.463551
-0.470127
-0.476635
-0.483072
-0.489435
-0.495723
-0.50193
-0.508057
-0.5141
-0.520058
-0.525932
-0.531715
-0.53741
-0.543017
-0.548535
-0.553959
-0.559292
-0.564532
-0.569683
-0.574741
-0.579708
-0.584583
-0.589366
-0.594061
-0.598663
-0.603177
-0.607602
-0.611935
-0.616181
-0.620339
-0.624409
-0.628393
-0.632289
-0.636102
-0.63983
-0.643472
-0.647032
-0.650506
-0.653898
-0.657207
-0.660434
-0.663579
-0.666644
-0.669628
-0.672533
-0.675356
-0.678099
-0.680762
-0.683345
-0.685848
-0.688272
-0.690616
-0.69288
-0.695066
-0.69717
-0.699195
-0.70114
-0.703004
-0.704787
-0.706491
-0.708115
-0.709657
-0.711119
-0.712499
-0.713797
-0.715014
-0.716148
-0.7172
-0.718169
-0.719053
-0.719855
-0.720573
-0.721208
-0.721758
-0.722223
-0.722601
-0.722894
-0.723102
-0.723222
-0.723256
-0.723202
-0.723063
-0.722834
-0.722514
-0.722109
-0.721614
-0.721028
-0.720355
-0.719591
-0.718737
-0.717793
-0.716758
-0.715631
-0.714413
-0.713103
-0.711701
-0.710206
-0.708619
-0.706937
-0.705166
-0.7033
-0.70134
-0.699286
-0.697138
-0.694896
-0.69256
-0.690128
-0.687603
-0.684981
-0.682267
-0.679457
-0.676552
-0.673551
-0.670455
-0.667264
-0.663978
-0.660596
-0.657118
-0.653546
-0.649877
-0.646113
-0.642254
-0.638299
-0.634249
-0.630103
-0.625865
-0.621529
-0.617099
-0.612572
-0.607951
-1.23782
-1.23749
-1.23716
-1.23683
-1.23652
-1.23621
-1.23591
-1.2356
-1.23532
-1.23503
-1.23476
-1.23448
-1.23422
-1.23396
-1.2337
-1.23344
-1.2332
-1.23295
-1.23271
-1.23247
-1.23222
-1.23198
-1.23173
-1.23147
-1.23121
-1.23093
-1.23065
-1.23035
-1.23003
-1.22968
-1.22932
-1.22892
-1.22849
-1.22802
-1.2275
-1.22693
-1.22629
-1.22558
-1.22479
-1.22391
-1.22292
-1.2218
-1.22055
-1.21914
-1.21755
-1.21576
-1.21374
-1.21147
-1.20892
-1.20605
-1.20283
-1.19923
-1.19521
-1.19074
-1.18579
-1.18032
-1.17431
-1.16774
-1.16061
-1.15291
-1.14464
-1.13582
-1.12645
-1.11658
-1.10623
-1.09542
-1.08419
-1.07258
-1.06063
-1.04835
-1.0358
-1.02298
-1.00994
-0.996706
-0.983286
-0.969716
-0.95601
-0.942188
-0.928269
-0.914266
-0.900196
-0.886071
-0.871903
-0.857708
-0.843493
-0.829269
-0.815044
-0.80083
-0.786634
-0.772464
-0.758327
-0.744232
-0.730184
-0.716192
-0.702261
-0.688397
-0.674608
-0.6609
-0.647277
-0.633744
-0.62031
-0.60698
-0.593758
-0.580651
-0.567664
-0.554803
-0.542074
-0.529484
-0.517037
-0.504742
-0.492603
-0.48063
-0.468827
-0.457204
-0.44577
-0.434533
-0.423505
-0.412694
-0.402114
-0.391779
-0.381698
-0.371893
-0.362379
-0.353176
-0.344306
-0.335793
-0.327664
-0.319949
-0.312676
-0.305884
-0.299605
-0.293878
-0.288743
-0.284236
-0.280393
-0.277248
-0.274825
-0.273141
-0.272206
-0.272017
-0.272565
-0.273827
-0.275769
-0.27835
-0.281526
-0.285245
-0.28946
-0.294112
-0.29916
-0.304556
-0.310251
-0.316206
-0.322385
-0.328753
-0.335283
-0.341942
-0.348709
-0.355561
-0.36248
-0.369449
-0.37645
-0.38347
-0.390499
-0.397523
-0.404533
-0.411521
-0.418477
-0.425397
-0.432274
-0.439099
-0.445873
-0.452585
-0.459235
-0.465817
-0.472329
-0.478767
-0.485129
-0.491413
-0.497616
-0.503737
-0.509774
-0.515725
-0.521587
-0.527366
-0.533055
-0.538656
-0.544165
-0.549585
-0.554913
-0.560152
-0.5653
-0.570357
-0.575324
-0.5802
-0.584987
-0.589683
-0.594294
-0.598811
-0.60324
-0.607582
-0.611835
-0.616
-0.62008
-0.624071
-0.627977
-0.631796
-0.635531
-0.639181
-0.642747
-0.646228
-0.649626
-0.65294
-0.656169
-0.659318
-0.662384
-0.665369
-0.66827
-0.671092
-0.673829
-0.676485
-0.67906
-0.681553
-0.683964
-0.686292
-0.688541
-0.690708
-0.692791
-0.694792
-0.696712
-0.698549
-0.700301
-0.701973
-0.703561
-0.705066
-0.706487
-0.707824
-0.709078
-0.710248
-0.711333
-0.712333
-0.713247
-0.714073
-0.714815
-0.715473
-0.716042
-0.716525
-0.71692
-0.717227
-0.717448
-0.717579
-0.717622
-0.717576
-0.71744
-0.717211
-0.716895
-0.716489
-0.715993
-0.715404
-0.714725
-0.713955
-0.713091
-0.712136
-0.711088
-0.709949
-0.708715
-0.707389
-0.705967
-0.704453
-0.702844
-0.701142
-0.699345
-0.697451
-0.695464
-0.693384
-0.691206
-0.688933
-0.686563
-0.684098
-0.681538
-0.678881
-0.676126
-0.673277
-0.67033
-0.667287
-0.664148
-0.660913
-0.65758
-0.65415
-0.650623
-0.647
-0.643279
-0.639463
-0.635549
-0.631538
-0.627431
-0.623227
-0.618926
-0.61453
-0.610038
-0.605446
-0.600758
-1.237
-1.23673
-1.23646
-1.2362
-1.23595
-1.23571
-1.23548
-1.23526
-1.23503
-1.23482
-1.23462
-1.23443
-1.23425
-1.23407
-1.2339
-1.23374
-1.23359
-1.23345
-1.2333
-1.23317
-1.23303
-1.2329
-1.23276
-1.23263
-1.2325
-1.23236
-1.23221
-1.23206
-1.23188
-1.2317
-1.2315
-1.23128
-1.23104
-1.23076
-1.23044
-1.23008
-1.22966
-1.22919
-1.22864
-1.22801
-1.22729
-1.22645
-1.22549
-1.22439
-1.22312
-1.22166
-1.21998
-1.21806
-1.21586
-1.21335
-1.21048
-1.20722
-1.20353
-1.19937
-1.19468
-1.18945
-1.18363
-1.1772
-1.17015
-1.16247
-1.15417
-1.14527
-1.13577
-1.12573
-1.11517
-1.10412
-1.09264
-1.08076
-1.06852
-1.05596
-1.04312
-1.03002
-1.0167
-1.00318
-0.989487
-0.975653
-0.961693
-0.947624
-0.933464
-0.91923
-0.904935
-0.890594
-0.876215
-0.861816
-0.847402
-0.832984
-0.818573
-0.804176
-0.789799
-0.775454
-0.761146
-0.746881
-0.732667
-0.71851
-0.704416
-0.69039
-0.676439
-0.66257
-0.648786
-0.635092
-0.621495
-0.608
-0.594612
-0.581337
-0.568178
-0.555143
-0.542234
-0.52946
-0.516824
-0.504334
-0.491993
-0.47981
-0.467791
-0.455941
-0.44427
-0.432787
-0.421499
-0.410416
-0.399548
-0.388907
-0.378506
-0.36836
-0.358486
-0.348902
-0.339632
-0.330693
-0.322116
-0.313928
-0.30616
-0.298852
-0.29204
-0.285764
-0.280072
-0.275006
-0.270612
-0.266933
-0.264003
-0.261851
-0.260497
-0.259945
-0.260191
-0.261213
-0.262979
-0.265444
-0.268559
-0.272263
-0.276499
-0.281211
-0.286343
-0.291837
-0.297646
-0.303725
-0.310032
-0.316533
-0.323192
-0.329981
-0.336875
-0.343851
-0.35089
-0.357973
-0.365087
-0.372214
-0.379345
-0.386469
-0.393575
-0.400655
-0.407702
-0.414709
-0.421671
-0.428581
-0.435436
-0.44223
-0.448958
-0.455619
-0.462209
-0.468724
-0.475164
-0.481523
-0.487806
-0.494005
-0.500121
-0.506152
-0.512098
-0.517955
-0.523727
-0.529409
-0.535002
-0.540506
-0.54592
-0.551245
-0.55648
-0.561624
-0.566679
-0.571645
-0.576521
-0.581307
-0.586004
-0.590613
-0.595133
-0.599564
-0.603907
-0.608163
-0.612332
-0.616412
-0.620406
-0.624314
-0.628136
-0.631871
-0.63552
-0.639086
-0.642568
-0.645965
-0.649273
-0.6525
-0.655644
-0.658703
-0.661678
-0.66457
-0.66738
-0.670104
-0.672745
-0.675304
-0.677776
-0.680167
-0.682474
-0.684697
-0.686836
-0.688891
-0.690861
-0.692748
-0.694546
-0.696263
-0.697894
-0.69944
-0.7009
-0.702276
-0.703564
-0.704766
-0.705881
-0.706907
-0.707847
-0.708701
-0.709466
-0.710143
-0.710732
-0.711232
-0.711642
-0.711963
-0.712195
-0.712336
-0.712386
-0.712344
-0.712213
-0.71199
-0.711676
-0.711269
-0.710771
-0.71018
-0.709495
-0.708717
-0.707847
-0.706882
-0.705822
-0.70467
-0.703423
-0.70208
-0.700642
-0.699109
-0.697481
-0.695758
-0.693938
-0.692021
-0.690009
-0.687899
-0.685693
-0.683393
-0.680993
-0.678496
-0.675903
-0.673211
-0.670422
-0.667533
-0.664549
-0.661468
-0.658287
-0.655009
-0.651632
-0.648158
-0.644586
-0.640915
-0.637146
-0.633279
-0.629314
-0.62525
-0.621089
-0.616831
-0.612474
-0.608017
-0.603463
-0.598816
-0.594068
-1.23624
-1.23602
-1.23582
-1.23561
-1.23543
-1.23525
-1.23508
-1.23492
-1.23477
-1.23462
-1.2345
-1.23438
-1.23427
-1.23417
-1.23409
-1.23401
-1.23394
-1.23389
-1.23384
-1.23381
-1.23377
-1.23374
-1.23372
-1.2337
-1.23369
-1.23367
-1.23366
-1.23363
-1.23361
-1.23358
-1.23354
-1.23349
-1.23341
-1.23332
-1.23319
-1.23303
-1.23283
-1.23258
-1.23228
-1.2319
-1.23144
-1.23088
-1.23022
-1.22943
-1.22848
-1.22736
-1.22604
-1.22448
-1.22266
-1.22053
-1.21804
-1.21516
-1.21184
-1.20801
-1.20364
-1.19867
-1.19306
-1.18679
-1.17983
-1.17218
-1.16384
-1.15482
-1.14517
-1.13492
-1.12411
-1.11279
-1.10102
-1.08883
-1.07628
-1.06341
-1.05026
-1.03685
-1.02323
-1.00943
-0.99546
-0.981353
-0.967134
-0.952817
-0.938418
-0.923954
-0.909438
-0.894882
-0.880301
-0.865703
-0.851097
-0.836495
-0.821904
-0.807332
-0.792785
-0.778273
-0.763802
-0.749378
-0.735007
-0.720696
-0.70645
-0.692272
-0.67817
-0.664152
-0.650218
-0.636374
-0.622627
-0.60898
-0.595439
-0.582007
-0.56869
-0.555493
-0.542419
-0.529476
-0.516666
-0.503996
-0.49147
-0.479094
-0.466873
-0.454814
-0.442924
-0.43121
-0.41968
-0.408341
-0.397203
-0.386277
-0.375574
-0.365107
-0.354893
-0.344943
-0.335285
-0.325934
-0.31692
-0.308268
-0.300008
-0.292181
-0.284827
-0.277989
-0.271718
-0.266065
-0.261085
-0.25683
-0.253349
-0.250685
-0.248871
-0.247923
-0.247844
-0.248617
-0.250209
-0.252571
-0.255646
-0.259367
-0.263666
-0.268475
-0.27373
-0.27937
-0.285334
-0.291573
-0.298044
-0.304711
-0.31153
-0.318476
-0.325522
-0.332646
-0.339825
-0.347042
-0.354282
-0.361532
-0.36878
-0.376014
-0.383224
-0.390409
-0.397555
-0.404657
-0.411711
-0.418711
-0.425651
-0.432528
-0.439341
-0.446083
-0.452753
-0.459349
-0.465868
-0.472308
-0.478668
-0.484945
-0.491141
-0.497252
-0.503275
-0.509214
-0.515065
-0.520827
-0.526501
-0.532086
-0.537583
-0.54299
-0.548308
-0.553536
-0.558675
-0.563725
-0.568686
-0.573556
-0.578338
-0.583032
-0.587636
-0.592153
-0.596581
-0.60092
-0.605173
-0.609337
-0.613414
-0.617404
-0.621307
-0.625123
-0.628851
-0.632493
-0.636052
-0.639525
-0.642909
-0.646208
-0.649423
-0.652552
-0.655596
-0.658554
-0.661428
-0.664219
-0.666922
-0.66954
-0.672071
-0.674518
-0.67688
-0.679156
-0.681346
-0.68345
-0.685468
-0.6874
-0.689242
-0.691001
-0.692671
-0.694255
-0.695751
-0.69716
-0.69848
-0.699712
-0.700853
-0.701908
-0.702874
-0.70375
-0.704536
-0.705232
-0.705838
-0.706353
-0.706779
-0.707113
-0.707356
-0.707503
-0.707561
-0.707527
-0.7074
-0.707181
-0.706868
-0.706461
-0.705961
-0.705367
-0.704678
-0.703893
-0.703015
-0.702042
-0.700973
-0.699809
-0.698547
-0.69719
-0.695737
-0.694187
-0.69254
-0.690798
-0.688957
-0.687018
-0.684982
-0.682849
-0.680617
-0.678286
-0.675858
-0.673335
-0.67071
-0.667986
-0.665164
-0.662243
-0.659222
-0.656103
-0.652885
-0.649567
-0.646151
-0.642635
-0.63902
-0.635306
-0.631491
-0.627578
-0.623565
-0.619453
-0.615242
-0.610931
-0.606521
-0.602013
-0.597401
-0.592694
-0.587892
-1.23555
-1.23538
-1.23522
-1.23508
-1.23494
-1.23482
-1.23471
-1.23461
-1.23452
-1.23444
-1.23437
-1.23432
-1.23429
-1.23426
-1.23425
-1.23425
-1.23427
-1.23429
-1.23433
-1.23439
-1.23445
-1.23452
-1.2346
-1.23468
-1.23478
-1.23488
-1.23498
-1.23509
-1.2352
-1.23531
-1.23542
-1.23552
-1.23561
-1.23569
-1.23574
-1.23578
-1.23578
-1.23575
-1.23567
-1.23554
-1.23534
-1.23506
-1.23469
-1.23421
-1.23359
-1.23282
-1.23186
-1.23069
-1.22926
-1.22753
-1.22547
-1.223
-1.22008
-1.21664
-1.21263
-1.20797
-1.20261
-1.19652
-1.18966
-1.18203
-1.17363
-1.16448
-1.15462
-1.14412
-1.13302
-1.12139
-1.10928
-1.09675
-1.08385
-1.07064
-1.05715
-1.04343
-1.0295
-1.0154
-1.00115
-0.986769
-0.972288
-0.957723
-0.943088
-0.9284
-0.913669
-0.898908
-0.884129
-0.869339
-0.854552
-0.839773
-0.825012
-0.810275
-0.795569
-0.780901
-0.766278
-0.751705
-0.737189
-0.722734
-0.708346
-0.694028
-0.679789
-0.665633
-0.65156
-0.637579
-0.623694
-0.609907
-0.596225
-0.582651
-0.569189
-0.555844
-0.542621
-0.529523
-0.516555
-0.50372
-0.491024
-0.478471
-0.466066
-0.453814
-0.441722
-0.429797
-0.418042
-0.406468
-0.395081
-0.383889
-0.372905
-0.362139
-0.351603
-0.341311
-0.331283
-0.321538
-0.3121
-0.302996
-0.294255
-0.285914
-0.278014
-0.270603
-0.263733
-0.257465
-0.251859
-0.246982
-0.242899
-0.23967
-0.237347
-0.235961
-0.235527
-0.236036
-0.237457
-0.239733
-0.2428
-0.24658
-0.250989
-0.255946
-0.261374
-0.267203
-0.273369
-0.279815
-0.286491
-0.293357
-0.300371
-0.307503
-0.314725
-0.322017
-0.329354
-0.336722
-0.344105
-0.351491
-0.358866
-0.366221
-0.373549
-0.380842
-0.388092
-0.395296
-0.402446
-0.409538
-0.416569
-0.423534
-0.430432
-0.437258
-0.44401
-0.450687
-0.457285
-0.463804
-0.470242
-0.476598
-0.48287
-0.489057
-0.495158
-0.501174
-0.507101
-0.512941
-0.518692
-0.524355
-0.529931
-0.535416
-0.540813
-0.546121
-0.551339
-0.556467
-0.561506
-0.566457
-0.571318
-0.57609
-0.580775
-0.585369
-0.589875
-0.594294
-0.598624
-0.602866
-0.607019
-0.611085
-0.615062
-0.618952
-0.622756
-0.626471
-0.630099
-0.633639
-0.637091
-0.64046
-0.643741
-0.646934
-0.650041
-0.653061
-0.655994
-0.658841
-0.6616
-0.664275
-0.666861
-0.66936
-0.671772
-0.674097
-0.676334
-0.678484
-0.680545
-0.682518
-0.684403
-0.686197
-0.687904
-0.689522
-0.691051
-0.692492
-0.693841
-0.695099
-0.696269
-0.697348
-0.698336
-0.699232
-0.700038
-0.700752
-0.701374
-0.701904
-0.702342
-0.702686
-0.702938
-0.703097
-0.703162
-0.703133
-0.70301
-0.702793
-0.702482
-0.702075
-0.701573
-0.700977
-0.700284
-0.699494
-0.698608
-0.697626
-0.696549
-0.695374
-0.694101
-0.692731
-0.691264
-0.689697
-0.688035
-0.686273
-0.684413
-0.682454
-0.680397
-0.678241
-0.675985
-0.673631
-0.671178
-0.668623
-0.665971
-0.663218
-0.660368
-0.657415
-0.654362
-0.651208
-0.647955
-0.644602
-0.641149
-0.637595
-0.63394
-0.630185
-0.626329
-0.622373
-0.618316
-0.61416
-0.609902
-0.605544
-0.601086
-0.596526
-0.591867
-0.587106
-0.582247
-1.23492
-1.23479
-1.23468
-1.23458
-1.2345
-1.23443
-1.23437
-1.23432
-1.23429
-1.23427
-1.23426
-1.23427
-1.2343
-1.23434
-1.2344
-1.23447
-1.23456
-1.23466
-1.23478
-1.23491
-1.23506
-1.23522
-1.23539
-1.23557
-1.23577
-1.23597
-1.23618
-1.23641
-1.23664
-1.23688
-1.23713
-1.23737
-1.23761
-1.23785
-1.23808
-1.23829
-1.2385
-1.23867
-1.23881
-1.23891
-1.23896
-1.23895
-1.23886
-1.23868
-1.23839
-1.23797
-1.23738
-1.23661
-1.23559
-1.23431
-1.23269
-1.23068
-1.22822
-1.22522
-1.22162
-1.21732
-1.21226
-1.20638
-1.19964
-1.19202
-1.18353
-1.1742
-1.1641
-1.15329
-1.14184
-1.12984
-1.11735
-1.10443
-1.09116
-1.07758
-1.06374
-1.04968
-1.03543
-1.02103
-1.00649
-0.991841
-0.977107
-0.962299
-0.947433
-0.932527
-0.917589
-0.902632
-0.887663
-0.872696
-0.857737
-0.842794
-0.827874
-0.812982
-0.798129
-0.783318
-0.768555
-0.753845
-0.739194
-0.724609
-0.710091
-0.695648
-0.681281
-0.666997
-0.6528
-0.638695
-0.624684
-0.610772
-0.596963
-0.58326
-0.569667
-0.556189
-0.54283
-0.529592
-0.516479
-0.503496
-0.490646
-0.477933
-0.465362
-0.452937
-0.440661
-0.428542
-0.416586
-0.404797
-0.393182
-0.381748
-0.370504
-0.359461
-0.348627
-0.338016
-0.327645
-0.317526
-0.307686
-0.298147
-0.288939
-0.280094
-0.271652
-0.263664
-0.256183
-0.249271
-0.243002
-0.237453
-0.232709
-0.228851
-0.225954
-0.224073
-0.223244
-0.22347
-0.224718
-0.226934
-0.230035
-0.233927
-0.238506
-0.243674
-0.249339
-0.255418
-0.261838
-0.268537
-0.275462
-0.28256
-0.289798
-0.297144
-0.304568
-0.312049
-0.319564
-0.327097
-0.334632
-0.342162
-0.349673
-0.357158
-0.364608
-0.372019
-0.379378
-0.386685
-0.393935
-0.401122
-0.408244
-0.415298
-0.422282
-0.429192
-0.436026
-0.442781
-0.449458
-0.456053
-0.462568
-0.468999
-0.475344
-0.481606
-0.487782
-0.493869
-0.49987
-0.505783
-0.511607
-0.517344
-0.522992
-0.528551
-0.534021
-0.539402
-0.544694
-0.549895
-0.555008
-0.560032
-0.564966
-0.569811
-0.574567
-0.579236
-0.583814
-0.588303
-0.592704
-0.597017
-0.60124
-0.605376
-0.609423
-0.613379
-0.617249
-0.621029
-0.624722
-0.628326
-0.631842
-0.635269
-0.638611
-0.641864
-0.645027
-0.648103
-0.651091
-0.65399
-0.656801
-0.659525
-0.662162
-0.664709
-0.667166
-0.669534
-0.671813
-0.674003
-0.676104
-0.678115
-0.680037
-0.681864
-0.683605
-0.685254
-0.686813
-0.688281
-0.689655
-0.690941
-0.692133
-0.693234
-0.694242
-0.695159
-0.695983
-0.696713
-0.69735
-0.697892
-0.698341
-0.698696
-0.698959
-0.699125
-0.699196
-0.699173
-0.699054
-0.698839
-0.698528
-0.698121
-0.697619
-0.69702
-0.696323
-0.695529
-0.694637
-0.693647
-0.692562
-0.691377
-0.690093
-0.688711
-0.687231
-0.685652
-0.683974
-0.682195
-0.680318
-0.678341
-0.676264
-0.674087
-0.67181
-0.669433
-0.666957
-0.664379
-0.661701
-0.658921
-0.656041
-0.65306
-0.649979
-0.646794
-0.64351
-0.640124
-0.636637
-0.633049
-0.629359
-0.625567
-0.621674
-0.617678
-0.613582
-0.609384
-0.605085
-0.600684
-0.59618
-0.591576
-0.586871
-0.582063
-0.577154
-1.23435
-1.23427
-1.2342
-1.23414
-1.2341
-1.23407
-1.23406
-1.23406
-1.23408
-1.23412
-1.23417
-1.23422
-1.23431
-1.23441
-1.23452
-1.23466
-1.23481
-1.23498
-1.23517
-1.23537
-1.2356
-1.23584
-1.23609
-1.23636
-1.23664
-1.23694
-1.23726
-1.23759
-1.23794
-1.2383
-1.23866
-1.23904
-1.23942
-1.2398
-1.24019
-1.24057
-1.24095
-1.24131
-1.24165
-1.24197
-1.24226
-1.2425
-1.24269
-1.24281
-1.24284
-1.24276
-1.24255
-1.24217
-1.24159
-1.24076
-1.23962
-1.23812
-1.23616
-1.23368
-1.23055
-1.22669
-1.22199
-1.21637
-1.20976
-1.20214
-1.19353
-1.18397
-1.17355
-1.16236
-1.1505
-1.13806
-1.12513
-1.1118
-1.09811
-1.08415
-1.06994
-1.05553
-1.04096
-1.02625
-1.01143
-0.996517
-0.981531
-0.966492
-0.95141
-0.936296
-0.921162
-0.906018
-0.890877
-0.875743
-0.860625
-0.84553
-0.830464
-0.815433
-0.800444
-0.785502
-0.770611
-0.755778
-0.741006
-0.726302
-0.711668
-0.69711
-0.68263
-0.668236
-0.653925
-0.639708
-0.625586
-0.611562
-0.597639
-0.583822
-0.570113
-0.556516
-0.543035
-0.529673
-0.516433
-0.503318
-0.49033
-0.477475
-0.464755
-0.452175
-0.439737
-0.427446
-0.415308
-0.403326
-0.391506
-0.379853
-0.368376
-0.35708
-0.345976
-0.335072
-0.324384
-0.313925
-0.303708
-0.29376
-0.284104
-0.274773
-0.265802
-0.257241
-0.249142
-0.241569
-0.234601
-0.22833
-0.222858
-0.218291
-0.214736
-0.212284
-0.211003
-0.210913
-0.211996
-0.214182
-0.217374
-0.221447
-0.226275
-0.231734
-0.237711
-0.244109
-0.250843
-0.257845
-0.265058
-0.272431
-0.279922
-0.287504
-0.295149
-0.302835
-0.310538
-0.318249
-0.32595
-0.333634
-0.341286
-0.348905
-0.35648
-0.364005
-0.371475
-0.378887
-0.386235
-0.393519
-0.400732
-0.407872
-0.414939
-0.421932
-0.428843
-0.435676
-0.442429
-0.449097
-0.455684
-0.462185
-0.468602
-0.474932
-0.481177
-0.487333
-0.493402
-0.499383
-0.505276
-0.51108
-0.516795
-0.522422
-0.527959
-0.533407
-0.538766
-0.544034
-0.549213
-0.554304
-0.559305
-0.564216
-0.569038
-0.573772
-0.578415
-0.582969
-0.587433
-0.591809
-0.596098
-0.600294
-0.604402
-0.608419
-0.612349
-0.616188
-0.619939
-0.623599
-0.627172
-0.630655
-0.634049
-0.637353
-0.64057
-0.643695
-0.646732
-0.649679
-0.652536
-0.655305
-0.657983
-0.660572
-0.663071
-0.665479
-0.667796
-0.670023
-0.672159
-0.674204
-0.676156
-0.678017
-0.679784
-0.681462
-0.683047
-0.684539
-0.685939
-0.687246
-0.688459
-0.68958
-0.690607
-0.691541
-0.69238
-0.693123
-0.693773
-0.694328
-0.694789
-0.695153
-0.695422
-0.695596
-0.695674
-0.695654
-0.695539
-0.695327
-0.695018
-0.694611
-0.694107
-0.693506
-0.692806
-0.692008
-0.691111
-0.690114
-0.68902
-0.687827
-0.686533
-0.685141
-0.683649
-0.682058
-0.680366
-0.678574
-0.676682
-0.674687
-0.672592
-0.670397
-0.668102
-0.665706
-0.663208
-0.66061
-0.657908
-0.655105
-0.652201
-0.649192
-0.646083
-0.642873
-0.639561
-0.636146
-0.632629
-0.629009
-0.625287
-0.621463
-0.617536
-0.613505
-0.609374
-0.605139
-0.600802
-0.596362
-0.59182
-0.587175
-0.582428
-0.577579
-0.572626
-1.23386
-1.23381
-1.23378
-1.23376
-1.23375
-1.23377
-1.23379
-1.23384
-1.2339
-1.23398
-1.23407
-1.23419
-1.23431
-1.23446
-1.23463
-1.23482
-1.23503
-1.23525
-1.2355
-1.23577
-1.23607
-1.23637
-1.2367
-1.23704
-1.23741
-1.2378
-1.2382
-1.23863
-1.23907
-1.23953
-1.24001
-1.2405
-1.241
-1.24152
-1.24205
-1.24258
-1.24312
-1.24366
-1.24419
-1.24471
-1.24521
-1.24569
-1.24614
-1.24654
-1.24687
-1.24712
-1.24728
-1.2473
-1.24715
-1.24679
-1.24616
-1.2452
-1.24382
-1.24191
-1.23936
-1.23603
-1.23177
-1.22647
-1.22002
-1.21239
-1.20361
-1.19374
-1.18291
-1.17124
-1.15888
-1.14594
-1.13252
-1.11872
-1.1046
-1.09023
-1.07564
-1.06089
-1.04599
-1.03099
-1.0159
-1.00073
-0.985512
-0.970254
-0.954967
-0.939663
-0.924351
-0.909038
-0.893737
-0.878452
-0.863189
-0.847958
-0.832761
-0.817605
-0.802493
-0.787434
-0.772431
-0.757489
-0.742611
-0.727802
-0.713066
-0.698406
-0.683827
-0.669334
-0.654926
-0.64061
-0.626389
-0.612267
-0.598245
-0.584328
-0.570517
-0.556818
-0.543231
-0.529761
-0.516408
-0.503177
-0.49007
-0.477091
-0.464243
-0.451527
-0.438947
-0.426505
-0.414207
-0.402056
-0.390053
-0.378208
-0.366524
-0.355004
-0.343658
-0.332494
-0.321518
-0.310746
-0.300189
-0.289863
-0.279795
-0.270006
-0.260531
-0.251412
-0.242699
-0.234457
-0.226766
-0.219725
-0.213451
-0.208081
-0.203762
-0.200635
-0.198815
-0.198368
-0.199286
-0.201491
-0.204851
-0.209208
-0.21439
-0.220235
-0.226613
-0.233405
-0.240518
-0.247876
-0.255417
-0.263095
-0.270867
-0.278707
-0.286586
-0.294486
-0.302389
-0.310281
-0.31815
-0.325985
-0.333782
-0.341533
-0.349231
-0.356874
-0.364452
-0.371965
-0.379409
-0.386782
-0.394083
-0.401308
-0.408454
-0.415523
-0.422509
-0.429415
-0.436236
-0.442975
-0.449627
-0.456194
-0.462676
-0.469071
-0.475378
-0.481597
-0.487728
-0.493771
-0.499724
-0.505591
-0.511367
-0.517054
-0.522651
-0.528159
-0.533577
-0.538906
-0.544145
-0.549294
-0.554353
-0.559323
-0.564203
-0.568994
-0.573696
-0.578308
-0.582829
-0.587261
-0.591603
-0.595854
-0.600017
-0.60409
-0.608071
-0.611961
-0.615763
-0.619473
-0.623095
-0.626627
-0.630069
-0.63342
-0.636681
-0.63985
-0.642927
-0.645917
-0.648814
-0.651621
-0.654339
-0.656966
-0.659499
-0.661942
-0.664292
-0.666551
-0.668716
-0.670791
-0.672772
-0.67466
-0.676453
-0.678153
-0.679763
-0.681278
-0.682699
-0.684024
-0.685257
-0.686395
-0.687438
-0.688384
-0.689238
-0.689995
-0.690657
-0.691223
-0.691692
-0.692065
-0.69234
-0.69252
-0.692603
-0.692588
-0.692476
-0.692266
-0.691957
-0.69155
-0.691045
-0.69044
-0.689738
-0.688937
-0.688035
-0.687034
-0.685932
-0.684731
-0.683431
-0.682029
-0.680528
-0.678925
-0.677221
-0.675417
-0.673511
-0.671503
-0.669393
-0.667182
-0.66487
-0.662455
-0.65994
-0.657322
-0.654601
-0.651777
-0.648851
-0.645822
-0.64269
-0.639454
-0.636116
-0.632675
-0.629131
-0.625486
-0.621736
-0.617883
-0.613926
-0.609867
-0.605702
-0.601435
-0.597065
-0.592591
-0.588014
-0.583334
-0.578551
-0.573664
-0.568672
-1.23344
-1.23342
-1.23341
-1.23343
-1.23346
-1.2335
-1.23356
-1.23364
-1.23374
-1.23386
-1.23399
-1.23415
-1.23432
-1.2345
-1.23472
-1.23495
-1.23521
-1.23549
-1.23579
-1.23612
-1.23646
-1.23683
-1.23721
-1.23763
-1.23806
-1.23852
-1.23901
-1.23951
-1.24004
-1.24059
-1.24116
-1.24175
-1.24237
-1.243
-1.24365
-1.24432
-1.24499
-1.24568
-1.24638
-1.24708
-1.24778
-1.24847
-1.24915
-1.2498
-1.25042
-1.25099
-1.25148
-1.25189
-1.25217
-1.25228
-1.25218
-1.2518
-1.25104
-1.2498
-1.24793
-1.24524
-1.24156
-1.23667
-1.23043
-1.22277
-1.21372
-1.20342
-1.19205
-1.1798
-1.16684
-1.15332
-1.13937
-1.12507
-1.1105
-1.09571
-1.08075
-1.06566
-1.05046
-1.03518
-1.01983
-1.00443
-0.988994
-0.973537
-0.958066
-0.942591
-0.927117
-0.911656
-0.896214
-0.880794
-0.865406
-0.850053
-0.834742
-0.819476
-0.804261
-0.789102
-0.774001
-0.758964
-0.743994
-0.729095
-0.714271
-0.699525
-0.684859
-0.670282
-0.65579
-0.641391
-0.627086
-0.612879
-0.598773
-0.584771
-0.570874
-0.557086
-0.543409
-0.529846
-0.516398
-0.503069
-0.489861
-0.476777
-0.463818
-0.450986
-0.438284
-0.425713
-0.413279
-0.400983
-0.388826
-0.376815
-0.364949
-0.353237
-0.341682
-0.330289
-0.319064
-0.308017
-0.297157
-0.286496
-0.276053
-0.265848
-0.255906
-0.246262
-0.23696
-0.22806
-0.219635
-0.211786
-0.204641
-0.198364
-0.193145
-0.189194
-0.186712
-0.185829
-0.186585
-0.188882
-0.192535
-0.197315
-0.202986
-0.209348
-0.216227
-0.223493
-0.231044
-0.238804
-0.246707
-0.254712
-0.262778
-0.270885
-0.279006
-0.287122
-0.295222
-0.303293
-0.311325
-0.319312
-0.327247
-0.335124
-0.342939
-0.350688
-0.35837
-0.365979
-0.373513
-0.380973
-0.388353
-0.395653
-0.402873
-0.410011
-0.417066
-0.424036
-0.430921
-0.437721
-0.444434
-0.45106
-0.457601
-0.464052
-0.470415
-0.476689
-0.482875
-0.488972
-0.494981
-0.500899
-0.506729
-0.512469
-0.518119
-0.523679
-0.52915
-0.53453
-0.539821
-0.545022
-0.550132
-0.555152
-0.560083
-0.564923
-0.569674
-0.574335
-0.578904
-0.583385
-0.587774
-0.592073
-0.596281
-0.6004
-0.604428
-0.608363
-0.612208
-0.615961
-0.619625
-0.623198
-0.626679
-0.63007
-0.633369
-0.636576
-0.639694
-0.642717
-0.645648
-0.648489
-0.651239
-0.653896
-0.65646
-0.658931
-0.661311
-0.663596
-0.665788
-0.667887
-0.669893
-0.671804
-0.673617
-0.675341
-0.676969
-0.678503
-0.679943
-0.681284
-0.682533
-0.683683
-0.68474
-0.685702
-0.686567
-0.687335
-0.688007
-0.688581
-0.689059
-0.689439
-0.689721
-0.689905
-0.689992
-0.689981
-0.689871
-0.689663
-0.689355
-0.688948
-0.688442
-0.687836
-0.687131
-0.686325
-0.68542
-0.684415
-0.683308
-0.6821
-0.680791
-0.679383
-0.677872
-0.67626
-0.674546
-0.672731
-0.670813
-0.668793
-0.666671
-0.664447
-0.66212
-0.659692
-0.65716
-0.654526
-0.651788
-0.648946
-0.646002
-0.642953
-0.639801
-0.636547
-0.633188
-0.629724
-0.626157
-0.622486
-0.618713
-0.614836
-0.610854
-0.606769
-0.602579
-0.598284
-0.593885
-0.589383
-0.584776
-0.580066
-0.575251
-0.570331
-0.565308
-1.23309
-1.23309
-1.23312
-1.23316
-1.23321
-1.23328
-1.23337
-1.23348
-1.23361
-1.23376
-1.23392
-1.23411
-1.23432
-1.23455
-1.23479
-1.23507
-1.23536
-1.23568
-1.23603
-1.2364
-1.23679
-1.23721
-1.23764
-1.23811
-1.2386
-1.23912
-1.23967
-1.24024
-1.24084
-1.24146
-1.24212
-1.24279
-1.2435
-1.24423
-1.24498
-1.24575
-1.24655
-1.24737
-1.24821
-1.24906
-1.24993
-1.25081
-1.25169
-1.25256
-1.25343
-1.25428
-1.25509
-1.25584
-1.25652
-1.25709
-1.25751
-1.25772
-1.25763
-1.25712
-1.25605
-1.25418
-1.25124
-1.24693
-1.24097
-1.23324
-1.2238
-1.21288
-1.20079
-1.18781
-1.17415
-1.16
-1.14547
-1.13067
-1.11565
-1.10047
-1.08516
-1.06975
-1.05427
-1.03874
-1.02316
-1.00755
-0.99193
-0.976296
-0.960666
-0.945038
-0.92943
-0.913841
-0.898279
-0.882748
-0.867253
-0.851799
-0.836392
-0.821035
-0.805731
-0.790487
-0.775306
-0.760189
-0.745142
-0.730169
-0.715271
-0.700454
-0.685718
-0.67107
-0.656509
-0.642041
-0.627668
-0.613392
-0.599216
-0.585143
-0.571175
-0.557314
-0.543563
-0.529923
-0.516398
-0.502989
-0.489697
-0.476526
-0.463476
-0.450549
-0.437747
-0.425072
-0.412523
-0.400107
-0.387822
-0.375673
-0.363659
-0.351787
-0.340055
-0.328471
-0.317035
-0.305756
-0.294637
-0.283688
-0.272924
-0.262351
-0.251995
-0.241879
-0.232038
-0.222517
-0.213376
-0.204711
-0.196646
-0.189354
-0.183068
-0.178089
-0.174743
-0.173308
-0.173903
-0.176413
-0.180551
-0.185956
-0.192301
-0.199317
-0.206803
-0.214616
-0.222653
-0.230839
-0.23912
-0.247458
-0.255821
-0.264186
-0.27254
-0.280866
-0.289151
-0.297389
-0.305572
-0.313699
-0.32176
-0.329753
-0.337674
-0.345522
-0.353294
-0.360988
-0.368603
-0.376136
-0.383586
-0.390954
-0.398239
-0.405439
-0.412551
-0.41958
-0.426519
-0.433371
-0.440135
-0.446812
-0.453402
-0.459903
-0.466314
-0.472635
-0.478869
-0.485012
-0.491065
-0.497029
-0.502904
-0.508688
-0.514382
-0.519987
-0.525501
-0.530925
-0.536259
-0.541502
-0.546655
-0.551718
-0.55669
-0.561572
-0.566363
-0.571065
-0.575675
-0.580195
-0.584625
-0.588963
-0.593211
-0.597366
-0.60143
-0.605403
-0.609283
-0.613071
-0.61677
-0.620378
-0.623893
-0.627316
-0.630646
-0.633885
-0.637031
-0.640085
-0.643047
-0.645913
-0.648689
-0.651373
-0.653962
-0.656457
-0.658859
-0.661166
-0.663382
-0.665501
-0.667527
-0.669457
-0.671292
-0.67303
-0.674674
-0.676224
-0.677675
-0.67903
-0.680292
-0.681458
-0.682526
-0.683498
-0.684372
-0.68515
-0.68583
-0.686412
-0.686896
-0.687281
-0.687569
-0.687758
-0.687847
-0.687838
-0.687731
-0.687524
-0.687217
-0.68681
-0.686303
-0.685696
-0.684989
-0.68418
-0.683272
-0.682263
-0.681152
-0.679939
-0.678624
-0.677208
-0.675692
-0.674072
-0.672349
-0.670524
-0.668596
-0.666566
-0.664435
-0.6622
-0.659861
-0.65742
-0.654875
-0.652227
-0.649474
-0.646618
-0.643659
-0.640595
-0.637428
-0.634156
-0.63078
-0.627299
-0.623715
-0.620023
-0.616229
-0.612331
-0.608329
-0.604223
-0.600012
-0.595693
-0.591271
-0.586745
-0.582114
-0.577377
-0.572537
-0.567591
-0.562541
-1.23281
-1.23284
-1.23289
-1.23294
-1.23302
-1.23311
-1.23322
-1.23336
-1.23351
-1.23368
-1.23387
-1.23408
-1.23432
-1.23458
-1.23486
-1.23515
-1.23548
-1.23583
-1.23621
-1.23662
-1.23705
-1.23749
-1.23798
-1.23848
-1.23902
-1.23959
-1.24019
-1.24081
-1.24147
-1.24215
-1.24286
-1.24361
-1.24439
-1.24519
-1.24602
-1.24689
-1.24778
-1.2487
-1.24965
-1.25063
-1.25164
-1.25266
-1.25371
-1.25477
-1.25584
-1.25692
-1.258
-1.25906
-1.26009
-1.26107
-1.26197
-1.26273
-1.26331
-1.26359
-1.26342
-1.26256
-1.26065
-1.25719
-1.25166
-1.24377
-1.23368
-1.22186
-1.20882
-1.19496
-1.18053
-1.16571
-1.15062
-1.13533
-1.1199
-1.10436
-1.08874
-1.07306
-1.05734
-1.04159
-1.02582
-1.01004
-0.994265
-0.97849
-0.962729
-0.946983
-0.931263
-0.915571
-0.899913
-0.884291
-0.868711
-0.853177
-0.837692
-0.822263
-0.806891
-0.791579
-0.776332
-0.761154
-0.746047
-0.731014
-0.71606
-0.701185
-0.686394
-0.67169
-0.657076
-0.642555
-0.628128
-0.613798
-0.599567
-0.585438
-0.571415
-0.557498
-0.543689
-0.52999
-0.516404
-0.502932
-0.489575
-0.476335
-0.463214
-0.450212
-0.437332
-0.424574
-0.411938
-0.399428
-0.387042
-0.374783
-0.362654
-0.350653
-0.338784
-0.327047
-0.315443
-0.303978
-0.292651
-0.28147
-0.270439
-0.259568
-0.248866
-0.238352
-0.228044
-0.217974
-0.208187
-0.198749
-0.189762
-0.181384
-0.173866
-0.167576
-0.163037
-0.160814
-0.161249
-0.164202
-0.169143
-0.17547
-0.182701
-0.190512
-0.198685
-0.207083
-0.21562
-0.224231
-0.232877
-0.241528
-0.250164
-0.258769
-0.267328
-0.275837
-0.284286
-0.292671
-0.300986
-0.30923
-0.3174
-0.32549
-0.333502
-0.341433
-0.349282
-0.357047
-0.364727
-0.372322
-0.379831
-0.387255
-0.394591
-0.401839
-0.409
-0.416076
-0.42306
-0.429956
-0.436762
-0.443481
-0.45011
-0.456649
-0.463098
-0.469458
-0.475728
-0.481909
-0.487999
-0.493999
-0.499909
-0.505728
-0.511458
-0.517097
-0.522646
-0.528105
-0.533473
-0.53875
-0.543937
-0.549033
-0.554038
-0.558953
-0.563777
-0.56851
-0.573153
-0.577704
-0.582164
-0.586533
-0.59081
-0.594995
-0.599089
-0.603091
-0.606999
-0.610815
-0.614541
-0.618175
-0.621716
-0.625164
-0.62852
-0.631783
-0.634953
-0.63803
-0.641013
-0.643905
-0.646702
-0.649404
-0.652012
-0.654526
-0.656946
-0.659271
-0.661502
-0.663639
-0.665678
-0.667625
-0.669474
-0.671225
-0.672882
-0.674442
-0.675905
-0.677273
-0.678546
-0.67972
-0.680798
-0.681778
-0.68266
-0.683444
-0.68413
-0.684718
-0.685207
-0.685598
-0.685889
-0.686081
-0.686174
-0.686167
-0.686061
-0.685854
-0.685548
-0.685141
-0.684633
-0.684024
-0.683315
-0.682505
-0.681595
-0.680582
-0.679467
-0.678251
-0.676932
-0.675511
-0.673988
-0.672362
-0.670634
-0.668802
-0.666867
-0.664829
-0.66269
-0.660446
-0.658098
-0.655647
-0.653092
-0.650434
-0.647671
-0.644804
-0.641832
-0.638756
-0.635576
-0.63229
-0.628901
-0.625406
-0.621807
-0.618102
-0.614292
-0.610377
-0.606358
-0.602234
-0.598003
-0.593668
-0.58923
-0.584684
-0.580034
-0.575278
-0.570417
-0.56545
-0.560379
-1.23262
-1.23266
-1.23272
-1.23279
-1.23288
-1.23299
-1.23312
-1.23326
-1.23343
-1.23362
-1.23383
-1.23406
-1.23432
-1.2346
-1.2349
-1.23522
-1.23556
-1.23594
-1.23634
-1.23677
-1.23722
-1.2377
-1.23822
-1.23876
-1.23933
-1.23993
-1.24056
-1.24122
-1.24191
-1.24264
-1.2434
-1.2442
-1.24502
-1.24588
-1.24678
-1.24771
-1.24867
-1.24967
-1.2507
-1.25177
-1.25287
-1.25401
-1.25518
-1.25638
-1.25761
-1.25887
-1.26015
-1.26144
-1.26275
-1.26406
-1.26535
-1.26659
-1.26776
-1.26879
-1.26956
-1.26987
-1.26934
-1.26724
-1.26247
-1.25424
-1.243
-1.22984
-1.21561
-1.20078
-1.18558
-1.17014
-1.15455
-1.13885
-1.12308
-1.10725
-1.09139
-1.0755
-1.05959
-1.04368
-1.02777
-1.01186
-0.995964
-0.980082
-0.964225
-0.948392
-0.932591
-0.916823
-0.901094
-0.885407
-0.869766
-0.854173
-0.838633
-0.82315
-0.807727
-0.792367
-0.777074
-0.76185
-0.746699
-0.731624
-0.716627
-0.701713
-0.686883
-0.672139
-0.657486
-0.642925
-0.62846
-0.61409
-0.599821
-0.585653
-0.57159
-0.557632
-0.543781
-0.53004
-0.51641
-0.502893
-0.489489
-0.476201
-0.463029
-0.449974
-0.437038
-0.42422
-0.411521
-0.398942
-0.386485
-0.374148
-0.361935
-0.349841
-0.33787
-0.326024
-0.314299
-0.302697
-0.291218
-0.279866
-0.268639
-0.257545
-0.246585
-0.235764
-0.225095
-0.21459
-0.204273
-0.19418
-0.184368
-0.174947
-0.166104
-0.158198
-0.15192
-0.148391
-0.148666
-0.152561
-0.158858
-0.166474
-0.174783
-0.183453
-0.19232
-0.201273
-0.210261
-0.219245
-0.228202
-0.237115
-0.245974
-0.25477
-0.263496
-0.272151
-0.280728
-0.289225
-0.297644
-0.305979
-0.31423
-0.322395
-0.330478
-0.338473
-0.346379
-0.354197
-0.361927
-0.369571
-0.377124
-0.384588
-0.391963
-0.399249
-0.406445
-0.413552
-0.420571
-0.427498
-0.434337
-0.441085
-0.447743
-0.454311
-0.46079
-0.467177
-0.473473
-0.47968
-0.485796
-0.491823
-0.497758
-0.503605
-0.50936
-0.515024
-0.520599
-0.526082
-0.531475
-0.536776
-0.541988
-0.547109
-0.552138
-0.557076
-0.561923
-0.566679
-0.571344
-0.575918
-0.5804
-0.584792
-0.589091
-0.593297
-0.597411
-0.601434
-0.60536
-0.609197
-0.612942
-0.616596
-0.620156
-0.623622
-0.626996
-0.630277
-0.633464
-0.636557
-0.639558
-0.642463
-0.645276
-0.647994
-0.650617
-0.653143
-0.655576
-0.657913
-0.660155
-0.662303
-0.664355
-0.666313
-0.668171
-0.669933
-0.671599
-0.673166
-0.67464
-0.676017
-0.677295
-0.678476
-0.67956
-0.680545
-0.681433
-0.682221
-0.682912
-0.683504
-0.683997
-0.684391
-0.684685
-0.68488
-0.684975
-0.684969
-0.684863
-0.684658
-0.684352
-0.683946
-0.683437
-0.682828
-0.682118
-0.681307
-0.680395
-0.679379
-0.678262
-0.677042
-0.675722
-0.674296
-0.672769
-0.67114
-0.669405
-0.667569
-0.66563
-0.663588
-0.661441
-0.65919
-0.656836
-0.654377
-0.651816
-0.64915
-0.646379
-0.643504
-0.640524
-0.637439
-0.63425
-0.630954
-0.627555
-0.624051
-0.620441
-0.616726
-0.612904
-0.608979
-0.604948
-0.600809
-0.596567
-0.592219
-0.587766
-0.583207
-0.578545
-0.573774
-0.568899
-0.563916
-0.558829
-1.2325
-1.23255
-1.23262
-1.2327
-1.2328
-1.23291
-1.23305
-1.23321
-1.23339
-1.23358
-1.2338
-1.23405
-1.23432
-1.23461
-1.23492
-1.23526
-1.23562
-1.236
-1.23642
-1.23686
-1.23733
-1.23783
-1.23836
-1.23892
-1.23951
-1.24013
-1.24078
-1.24147
-1.24219
-1.24294
-1.24373
-1.24455
-1.24541
-1.2463
-1.24723
-1.2482
-1.2492
-1.25025
-1.25133
-1.25246
-1.25362
-1.25483
-1.25607
-1.25736
-1.25868
-1.26005
-1.26146
-1.26291
-1.26439
-1.26591
-1.26747
-1.26904
-1.27063
-1.27222
-1.27376
-1.27517
-1.27625
-1.27637
-1.2734
-1.26417
-1.25069
-1.23578
-1.22034
-1.20467
-1.18886
-1.17297
-1.15703
-1.14105
-1.12505
-1.10904
-1.09302
-1.07699
-1.06097
-1.04496
-1.02895
-1.01296
-0.996995
-0.981051
-0.96513
-0.949245
-0.933393
-0.91758
-0.901808
-0.886081
-0.870402
-0.854773
-0.8392
-0.823686
-0.808232
-0.792843
-0.777522
-0.762272
-0.747094
-0.731993
-0.716971
-0.702033
-0.687179
-0.672411
-0.657733
-0.643149
-0.62866
-0.614268
-0.599975
-0.585783
-0.571695
-0.557712
-0.543837
-0.530071
-0.516415
-0.502871
-0.489439
-0.476122
-0.462919
-0.449831
-0.436861
-0.424007
-0.411271
-0.39865
-0.386148
-0.373766
-0.361501
-0.349353
-0.337323
-0.325408
-0.31361
-0.301925
-0.290354
-0.278896
-0.267549
-0.256316
-0.245195
-0.234185
-0.223286
-0.212498
-0.20183
-0.191288
-0.180889
-0.170667
-0.160687
-0.151116
-0.142434
-0.136269
-0.136375
-0.14253
-0.150946
-0.160055
-0.169395
-0.178803
-0.188211
-0.197579
-0.206889
-0.216132
-0.2253
-0.234388
-0.243395
-0.252317
-0.261152
-0.269898
-0.278557
-0.287128
-0.295611
-0.304004
-0.312308
-0.320521
-0.328645
-0.33668
-0.344622
-0.352474
-0.360236
-0.367907
-0.375488
-0.382977
-0.390377
-0.397685
-0.404903
-0.412031
-0.419068
-0.426017
-0.432874
-0.439641
-0.446317
-0.452902
-0.459398
-0.465801
-0.472115
-0.478339
-0.484472
-0.490514
-0.496466
-0.502327
-0.508098
-0.513778
-0.519368
-0.524868
-0.530275
-0.535592
-0.540817
-0.545952
-0.550996
-0.555948
-0.560808
-0.565578
-0.570256
-0.574845
-0.579342
-0.583745
-0.588056
-0.592275
-0.596402
-0.600437
-0.604376
-0.608226
-0.611982
-0.615647
-0.619218
-0.622696
-0.62608
-0.629371
-0.632569
-0.635672
-0.638682
-0.641597
-0.644421
-0.647147
-0.649779
-0.652314
-0.654755
-0.657098
-0.659346
-0.6615
-0.663559
-0.665518
-0.667386
-0.669156
-0.670827
-0.672401
-0.673879
-0.675259
-0.676542
-0.677727
-0.678814
-0.679804
-0.680695
-0.681487
-0.682181
-0.682775
-0.683271
-0.683666
-0.683962
-0.684158
-0.684254
-0.68425
-0.684146
-0.68394
-0.683634
-0.683226
-0.682719
-0.682109
-0.681399
-0.680587
-0.679673
-0.678656
-0.677538
-0.676317
-0.674993
-0.673566
-0.672036
-0.670403
-0.668668
-0.666829
-0.664887
-0.66284
-0.66069
-0.658435
-0.656077
-0.653614
-0.651048
-0.648378
-0.645602
-0.642722
-0.639737
-0.636647
-0.633452
-0.630152
-0.626747
-0.623235
-0.61962
-0.615898
-0.612071
-0.608138
-0.604099
-0.599954
-0.595705
-0.591348
-0.586887
-0.58232
-0.577648
-0.572867
-0.567983
-0.562994
-0.557898
-1.23246
-1.23252
-1.23258
-1.23267
-1.23277
-1.23289
-1.23303
-1.23319
-1.23337
-1.23357
-1.2338
-1.23404
-1.23432
-1.23461
-1.23493
-1.23527
-1.23564
-1.23603
-1.23643
-1.23689
-1.23737
-1.23787
-1.23841
-1.23897
-1.23957
-1.2402
-1.24085
-1.24155
-1.24228
-1.24304
-1.24384
-1.24467
-1.24553
-1.24644
-1.24738
-1.24836
-1.24938
-1.25044
-1.25154
-1.25269
-1.25387
-1.2551
-1.25637
-1.25769
-1.25904
-1.26045
-1.2619
-1.2634
-1.26495
-1.26654
-1.26819
-1.26988
-1.27163
-1.27342
-1.27527
-1.27717
-1.27912
-1.28113
-1.28319
-1.27002
-1.25406
-1.23808
-1.22207
-1.20605
-1.19
-1.17394
-1.15788
-1.1418
-1.12572
-1.10964
-1.09356
-1.07749
-1.06143
-1.04538
-1.02935
-1.01333
-0.997341
-0.981375
-0.965432
-0.94953
-0.933662
-0.917834
-0.902047
-0.886306
-0.870614
-0.854973
-0.839389
-0.823864
-0.808401
-0.793003
-0.777672
-0.762411
-0.747225
-0.732117
-0.717087
-0.70214
-0.687277
-0.6725
-0.657816
-0.643224
-0.628728
-0.614328
-0.600028
-0.585829
-0.571731
-0.557741
-0.543856
-0.530081
-0.516416
-0.502863
-0.489422
-0.476095
-0.462882
-0.449784
-0.436802
-0.423937
-0.411188
-0.398554
-0.386037
-0.373639
-0.361357
-0.349191
-0.33714
-0.325204
-0.313381
-0.301666
-0.290066
-0.278574
-0.267185
-0.255906
-0.244729
-0.233653
-0.222675
-0.211793
-0.200999
-0.190297
-0.179685
-0.169155
-0.158703
-0.148325
-0.138021
-0.127784
-0.127701
-0.137779
-0.147765
-0.157659
-0.167459
-0.17717
-0.186785
-0.196309
-0.205738
-0.215074
-0.224316
-0.233467
-0.242526
-0.251491
-0.260363
-0.269141
-0.277829
-0.286425
-0.29493
-0.303342
-0.311665
-0.319895
-0.328031
-0.336079
-0.344037
-0.351899
-0.359671
-0.367351
-0.37494
-0.38244
-0.389847
-0.397163
-0.404389
-0.411523
-0.418567
-0.425523
-0.432385
-0.43916
-0.445842
-0.452432
-0.458934
-0.465342
-0.471661
-0.47789
-0.484028
-0.490076
-0.496034
-0.501903
-0.507679
-0.513364
-0.518958
-0.524461
-0.529873
-0.535195
-0.540425
-0.545567
-0.550615
-0.555572
-0.560438
-0.565212
-0.569895
-0.574486
-0.578989
-0.583397
-0.587712
-0.591935
-0.596067
-0.600106
-0.604049
-0.607903
-0.611664
-0.61533
-0.618905
-0.622385
-0.625775
-0.629069
-0.632269
-0.635376
-0.638389
-0.641307
-0.644133
-0.646862
-0.649496
-0.652038
-0.654479
-0.656826
-0.659079
-0.661232
-0.663291
-0.665255
-0.667123
-0.668898
-0.670573
-0.672145
-0.673625
-0.675007
-0.676291
-0.677478
-0.678566
-0.679557
-0.680449
-0.681242
-0.681937
-0.682532
-0.683028
-0.683424
-0.683721
-0.683918
-0.684014
-0.68401
-0.683906
-0.683701
-0.683393
-0.682987
-0.682479
-0.68187
-0.681159
-0.680347
-0.679433
-0.678416
-0.677296
-0.676075
-0.67475
-0.673322
-0.671792
-0.670159
-0.668421
-0.666583
-0.664638
-0.66259
-0.660439
-0.658183
-0.655824
-0.65336
-0.650792
-0.64812
-0.645343
-0.642461
-0.639475
-0.636383
-0.633186
-0.629885
-0.626477
-0.622965
-0.619346
-0.615623
-0.611792
-0.607858
-0.603815
-0.599669
-0.595417
-0.591059
-0.586596
-0.582023
-0.577346
-0.572565
-0.567678
-0.562685
-0.557586
-1.2325
-1.23255
-1.23262
-1.2327
-1.2328
-1.23292
-1.23305
-1.23321
-1.23339
-1.23359
-1.23381
-1.23405
-1.23432
-1.23461
-1.23492
-1.23526
-1.23562
-1.236
-1.23642
-1.23686
-1.23733
-1.23783
-1.23836
-1.23892
-1.23951
-1.24013
-1.24078
-1.24147
-1.24219
-1.24294
-1.24373
-1.24455
-1.24541
-1.2463
-1.24723
-1.2482
-1.2492
-1.25025
-1.25133
-1.25245
-1.25362
-1.25482
-1.25607
-1.25736
-1.25868
-1.26005
-1.26146
-1.2629
-1.26439
-1.26591
-1.26746
-1.26904
-1.27063
-1.27221
-1.27375
-1.27516
-1.27623
-1.27634
-1.27336
-1.26414
-1.25067
-1.23577
-1.22033
-1.20466
-1.18885
-1.17296
-1.15702
-1.14105
-1.12505
-1.10903
-1.09301
-1.07699
-1.06097
-1.04495
-1.02895
-1.01296
-0.996993
-0.981049
-0.965128
-0.949243
-0.933392
-0.917579
-0.901807
-0.88608
-0.870401
-0.854772
-0.839199
-0.823685
-0.808232
-0.792842
-0.777521
-0.762271
-0.747094
-0.731992
-0.716971
-0.702032
-0.687178
-0.672411
-0.657733
-0.643149
-0.62866
-0.614268
-0.599975
-0.585783
-0.571696
-0.557712
-0.543837
-0.530071
-0.516415
-0.502871
-0.48944
-0.476122
-0.46292
-0.449832
-0.436861
-0.424008
-0.411272
-0.398651
-0.386149
-0.373767
-0.361502
-0.349355
-0.337324
-0.325409
-0.313612
-0.301927
-0.290356
-0.278899
-0.267551
-0.256319
-0.245198
-0.234188
-0.22329
-0.212502
-0.201835
-0.191294
-0.180896
-0.170676
-0.160699
-0.151131
-0.142456
-0.136302
-0.136408
-0.142554
-0.150963
-0.160068
-0.169405
-0.178812
-0.188219
-0.197586
-0.206896
-0.216138
-0.225305
-0.234393
-0.2434
-0.252321
-0.261156
-0.269902
-0.278561
-0.287132
-0.295614
-0.304008
-0.312311
-0.320524
-0.328648
-0.336683
-0.344625
-0.352477
-0.360239
-0.36791
-0.37549
-0.38298
-0.390379
-0.397688
-0.404906
-0.412033
-0.41907
-0.426019
-0.432877
-0.439643
-0.446319
-0.452904
-0.4594
-0.465803
-0.472117
-0.478341
-0.484474
-0.490516
-0.496467
-0.502328
-0.508099
-0.513779
-0.519369
-0.52487
-0.530277
-0.535593
-0.540819
-0.545953
-0.550997
-0.555949
-0.560809
-0.565579
-0.570257
-0.574846
-0.579343
-0.583746
-0.588057
-0.592276
-0.596403
-0.600438
-0.604376
-0.608226
-0.611983
-0.615647
-0.619218
-0.622696
-0.626081
-0.629371
-0.632569
-0.635673
-0.638682
-0.641598
-0.644421
-0.647147
-0.649779
-0.652314
-0.654755
-0.657098
-0.659347
-0.6615
-0.663559
-0.665519
-0.667386
-0.669157
-0.670827
-0.672401
-0.673879
-0.67526
-0.676542
-0.677727
-0.678815
-0.679804
-0.680695
-0.681487
-0.682181
-0.682775
-0.683271
-0.683666
-0.683962
-0.684158
-0.684254
-0.68425
-0.684145
-0.683939
-0.683634
-0.683226
-0.682719
-0.682109
-0.681399
-0.680587
-0.679673
-0.678656
-0.677538
-0.676317
-0.674993
-0.673566
-0.672036
-0.670403
-0.668667
-0.666829
-0.664887
-0.66284
-0.660689
-0.658435
-0.656077
-0.653614
-0.651048
-0.648378
-0.645602
-0.642722
-0.639737
-0.636647
-0.633452
-0.630152
-0.626747
-0.623235
-0.619619
-0.615898
-0.612071
-0.608137
-0.604099
-0.599954
-0.595705
-0.591348
-0.586887
-0.58232
-0.577647
-0.572866
-0.567982
-0.562994
-0.557898
-1.23262
-1.23266
-1.23272
-1.23279
-1.23288
-1.23299
-1.23312
-1.23326
-1.23343
-1.23362
-1.23383
-1.23406
-1.23432
-1.2346
-1.2349
-1.23522
-1.23556
-1.23594
-1.23634
-1.23677
-1.23722
-1.2377
-1.23822
-1.23876
-1.23933
-1.23993
-1.24056
-1.24122
-1.24191
-1.24264
-1.2434
-1.2442
-1.24502
-1.24588
-1.24678
-1.2477
-1.24867
-1.24966
-1.2507
-1.25177
-1.25287
-1.254
-1.25517
-1.25637
-1.2576
-1.25886
-1.26014
-1.26144
-1.26274
-1.26405
-1.26534
-1.26658
-1.26775
-1.26877
-1.26954
-1.26985
-1.26932
-1.26721
-1.26244
-1.25421
-1.24297
-1.22982
-1.21559
-1.20076
-1.18556
-1.17013
-1.15454
-1.13884
-1.12307
-1.10724
-1.09138
-1.07549
-1.05959
-1.04368
-1.02776
-1.01186
-0.99596
-0.980078
-0.964222
-0.948389
-0.932588
-0.91682
-0.901092
-0.885405
-0.869763
-0.854171
-0.838631
-0.823148
-0.807725
-0.792365
-0.777072
-0.761849
-0.746698
-0.731623
-0.716626
-0.701712
-0.686882
-0.672139
-0.657486
-0.642925
-0.628459
-0.61409
-0.599821
-0.585654
-0.57159
-0.557632
-0.543781
-0.530041
-0.516411
-0.502893
-0.48949
-0.476202
-0.46303
-0.449975
-0.437039
-0.424222
-0.411523
-0.398944
-0.386487
-0.374151
-0.361937
-0.349844
-0.337873
-0.326027
-0.314302
-0.3027
-0.291221
-0.27987
-0.268644
-0.25755
-0.246591
-0.235771
-0.225103
-0.214598
-0.204283
-0.194191
-0.184381
-0.174964
-0.166124
-0.158223
-0.151951
-0.148426
-0.148701
-0.152593
-0.158885
-0.166496
-0.174802
-0.18347
-0.192335
-0.201287
-0.210274
-0.219256
-0.228213
-0.237125
-0.245983
-0.254779
-0.263505
-0.272159
-0.280735
-0.289233
-0.297652
-0.305986
-0.314237
-0.322402
-0.330484
-0.338479
-0.346385
-0.354203
-0.361933
-0.369577
-0.37713
-0.384593
-0.391968
-0.399254
-0.40645
-0.413556
-0.420576
-0.427503
-0.434341
-0.44109
-0.447747
-0.454315
-0.460794
-0.467181
-0.473477
-0.479683
-0.4858
-0.491826
-0.497761
-0.503608
-0.509363
-0.515027
-0.520602
-0.526085
-0.531478
-0.536779
-0.541991
-0.547112
-0.552141
-0.557079
-0.561925
-0.566681
-0.571346
-0.57592
-0.580402
-0.584794
-0.589092
-0.593299
-0.597413
-0.601435
-0.605361
-0.609198
-0.612944
-0.616597
-0.620157
-0.623623
-0.626997
-0.630278
-0.633465
-0.636558
-0.639559
-0.642464
-0.645277
-0.647995
-0.650618
-0.653144
-0.655576
-0.657914
-0.660156
-0.662303
-0.664355
-0.666313
-0.668172
-0.669933
-0.671599
-0.673167
-0.674641
-0.676017
-0.677295
-0.678476
-0.67956
-0.680546
-0.681433
-0.682221
-0.682912
-0.683504
-0.683997
-0.684391
-0.684685
-0.68488
-0.684975
-0.684969
-0.684863
-0.684658
-0.684352
-0.683945
-0.683437
-0.682828
-0.682118
-0.681307
-0.680394
-0.679379
-0.678262
-0.677042
-0.675722
-0.674296
-0.672769
-0.671139
-0.669405
-0.667568
-0.66563
-0.663587
-0.661441
-0.65919
-0.656835
-0.654377
-0.651815
-0.649149
-0.646379
-0.643503
-0.640523
-0.637439
-0.634249
-0.630954
-0.627555
-0.62405
-0.62044
-0.616725
-0.612904
-0.608978
-0.604948
-0.600808
-0.596566
-0.592218
-0.587765
-0.583206
-0.578544
-0.573773
-0.568898
-0.563915
-0.558828
-1.23282
-1.23284
-1.23289
-1.23295
-1.23302
-1.23311
-1.23323
-1.23336
-1.23351
-1.23368
-1.23387
-1.23408
-1.23432
-1.23458
-1.23486
-1.23515
-1.23548
-1.23583
-1.23621
-1.23662
-1.23705
-1.23749
-1.23798
-1.23848
-1.23902
-1.23959
-1.24019
-1.24081
-1.24146
-1.24215
-1.24286
-1.24361
-1.24438
-1.24519
-1.24602
-1.24689
-1.24778
-1.2487
-1.24965
-1.25063
-1.25163
-1.25266
-1.2537
-1.25476
-1.25584
-1.25692
-1.25799
-1.25905
-1.26008
-1.26106
-1.26195
-1.26272
-1.26329
-1.26357
-1.2634
-1.26254
-1.26062
-1.25715
-1.25162
-1.24373
-1.23365
-1.22184
-1.2088
-1.19494
-1.18051
-1.16569
-1.1506
-1.13532
-1.11988
-1.10435
-1.08873
-1.07305
-1.05733
-1.04158
-1.02581
-1.01004
-0.994259
-0.978485
-0.962724
-0.946979
-0.931259
-0.915567
-0.899909
-0.884288
-0.868707
-0.853174
-0.83769
-0.82226
-0.806888
-0.791577
-0.77633
-0.761152
-0.746045
-0.731013
-0.716058
-0.701184
-0.686393
-0.67169
-0.657076
-0.642554
-0.628127
-0.613798
-0.599567
-0.585439
-0.571415
-0.557498
-0.54369
-0.529991
-0.516405
-0.502933
-0.489576
-0.476336
-0.463215
-0.450214
-0.437334
-0.424576
-0.41194
-0.39943
-0.387045
-0.374787
-0.362657
-0.350657
-0.338788
-0.327052
-0.315448
-0.303983
-0.292657
-0.281476
-0.270446
-0.259576
-0.248875
-0.238362
-0.228055
-0.217986
-0.208201
-0.198765
-0.189781
-0.181405
-0.173891
-0.167605
-0.16307
-0.16085
-0.161285
-0.164236
-0.169174
-0.175498
-0.182727
-0.190535
-0.198706
-0.207102
-0.215637
-0.224248
-0.232892
-0.241542
-0.250178
-0.258782
-0.267341
-0.275849
-0.284298
-0.292682
-0.300997
-0.30924
-0.31741
-0.3255
-0.333512
-0.341442
-0.34929
-0.357056
-0.364736
-0.37233
-0.379839
-0.387263
-0.394598
-0.401846
-0.409007
-0.416083
-0.423067
-0.429963
-0.436769
-0.443488
-0.450116
-0.456655
-0.463104
-0.469464
-0.475734
-0.481915
-0.488004
-0.494004
-0.499914
-0.505733
-0.511463
-0.517102
-0.522651
-0.528109
-0.533477
-0.538754
-0.543941
-0.549037
-0.554042
-0.558956
-0.56378
-0.568514
-0.573156
-0.577707
-0.582167
-0.586535
-0.590813
-0.594998
-0.599091
-0.603094
-0.607001
-0.610817
-0.614543
-0.618177
-0.621718
-0.625166
-0.628521
-0.631784
-0.634954
-0.638031
-0.641015
-0.643907
-0.646703
-0.649405
-0.652013
-0.654527
-0.656946
-0.659272
-0.661503
-0.663639
-0.665679
-0.667625
-0.669475
-0.671225
-0.672883
-0.674443
-0.675905
-0.677274
-0.678547
-0.679721
-0.680798
-0.681778
-0.68266
-0.683444
-0.68413
-0.684718
-0.685207
-0.685598
-0.685889
-0.686081
-0.686174
-0.686167
-0.686061
-0.685854
-0.685548
-0.685141
-0.684633
-0.684024
-0.683315
-0.682505
-0.681594
-0.680582
-0.679467
-0.678251
-0.676932
-0.675511
-0.673987
-0.672362
-0.670633
-0.668801
-0.666867
-0.664829
-0.66269
-0.660445
-0.658098
-0.655646
-0.653092
-0.650433
-0.64767
-0.644803
-0.641832
-0.638755
-0.635575
-0.632289
-0.6289
-0.625405
-0.621806
-0.618101
-0.614291
-0.610376
-0.606357
-0.602232
-0.598002
-0.593667
-0.589229
-0.584683
-0.580033
-0.575277
-0.570415
-0.565449
-0.560377
-1.23309
-1.2331
-1.23312
-1.23316
-1.23321
-1.23329
-1.23338
-1.23348
-1.23361
-1.23376
-1.23393
-1.23411
-1.23432
-1.23455
-1.23479
-1.23507
-1.23536
-1.23568
-1.23603
-1.2364
-1.23679
-1.23721
-1.23764
-1.23811
-1.2386
-1.23912
-1.23967
-1.24024
-1.24084
-1.24146
-1.24211
-1.24279
-1.2435
-1.24422
-1.24498
-1.24575
-1.24655
-1.24737
-1.2482
-1.24906
-1.24992
-1.2508
-1.25168
-1.25256
-1.25342
-1.25427
-1.25508
-1.25583
-1.25651
-1.25708
-1.25749
-1.2577
-1.25761
-1.2571
-1.25602
-1.25415
-1.25121
-1.2469
-1.24094
-1.2332
-1.22377
-1.21285
-1.20077
-1.18778
-1.17413
-1.15998
-1.14545
-1.13065
-1.11563
-1.10045
-1.08514
-1.06974
-1.05426
-1.03873
-1.02315
-1.00754
-0.991922
-0.976289
-0.96066
-0.945033
-0.929424
-0.913836
-0.898274
-0.882744
-0.867249
-0.851796
-0.836388
-0.821031
-0.805728
-0.790485
-0.775303
-0.760187
-0.74514
-0.730167
-0.71527
-0.700452
-0.685717
-0.671069
-0.656508
-0.642041
-0.627668
-0.613392
-0.599216
-0.585143
-0.571175
-0.557314
-0.543564
-0.529924
-0.516399
-0.50299
-0.489699
-0.476528
-0.463478
-0.450552
-0.43775
-0.425075
-0.412526
-0.400111
-0.387826
-0.375677
-0.363664
-0.351792
-0.340061
-0.328477
-0.317041
-0.305763
-0.294645
-0.283697
-0.272934
-0.262361
-0.252007
-0.241892
-0.232052
-0.222532
-0.213393
-0.204731
-0.196669
-0.18938
-0.183097
-0.17812
-0.174777
-0.173344
-0.173939
-0.176449
-0.180585
-0.185988
-0.19233
-0.199344
-0.206828
-0.214639
-0.222675
-0.23086
-0.23914
-0.247476
-0.255839
-0.264203
-0.272556
-0.280881
-0.289166
-0.297403
-0.305586
-0.313713
-0.321773
-0.329765
-0.337686
-0.345534
-0.353306
-0.361
-0.368614
-0.376147
-0.383597
-0.390964
-0.398249
-0.405449
-0.412561
-0.419589
-0.426528
-0.43338
-0.440144
-0.446821
-0.453411
-0.459911
-0.466322
-0.472643
-0.478876
-0.485019
-0.491072
-0.497036
-0.50291
-0.508694
-0.514388
-0.519993
-0.525507
-0.53093
-0.536264
-0.541507
-0.54666
-0.551723
-0.556695
-0.561577
-0.566368
-0.571069
-0.575679
-0.580199
-0.584628
-0.588967
-0.593214
-0.597369
-0.601433
-0.605406
-0.609286
-0.613074
-0.616773
-0.62038
-0.623895
-0.627318
-0.630648
-0.633887
-0.637033
-0.640087
-0.643049
-0.645914
-0.648691
-0.651375
-0.653964
-0.656458
-0.65886
-0.661168
-0.663383
-0.665502
-0.667528
-0.669457
-0.671293
-0.67303
-0.674675
-0.676224
-0.677676
-0.679031
-0.680292
-0.681458
-0.682526
-0.683498
-0.684372
-0.68515
-0.68583
-0.686412
-0.686896
-0.687281
-0.687569
-0.687758
-0.687847
-0.687838
-0.687731
-0.687523
-0.687216
-0.68681
-0.686303
-0.685695
-0.684988
-0.68418
-0.683271
-0.682263
-0.681151
-0.679939
-0.678623
-0.677208
-0.675691
-0.674071
-0.672349
-0.670523
-0.668595
-0.666565
-0.664434
-0.662199
-0.65986
-0.657419
-0.654874
-0.652226
-0.649473
-0.646617
-0.643658
-0.640594
-0.637427
-0.634155
-0.630779
-0.627298
-0.623713
-0.620021
-0.616227
-0.61233
-0.608327
-0.604222
-0.60001
-0.595691
-0.59127
-0.586744
-0.582112
-0.577376
-0.572535
-0.567589
-0.562539
-1.23344
-1.23342
-1.23342
-1.23343
-1.23346
-1.2335
-1.23357
-1.23365
-1.23374
-1.23386
-1.23399
-1.23415
-1.23432
-1.2345
-1.23472
-1.23496
-1.23521
-1.23549
-1.23579
-1.23612
-1.23646
-1.23683
-1.23721
-1.23763
-1.23806
-1.23852
-1.23901
-1.23951
-1.24004
-1.24059
-1.24116
-1.24175
-1.24236
-1.243
-1.24365
-1.24431
-1.24499
-1.24568
-1.24637
-1.24708
-1.24777
-1.24847
-1.24914
-1.24979
-1.25041
-1.25097
-1.25147
-1.25187
-1.25215
-1.25227
-1.25216
-1.25178
-1.25102
-1.24977
-1.2479
-1.24521
-1.24152
-1.23664
-1.23039
-1.22273
-1.21369
-1.20339
-1.19202
-1.17977
-1.16681
-1.1533
-1.13935
-1.12505
-1.11048
-1.09569
-1.08074
-1.06565
-1.05045
-1.03517
-1.01982
-1.00442
-0.988985
-0.973529
-0.958058
-0.942584
-0.92711
-0.91165
-0.896208
-0.880789
-0.865401
-0.850049
-0.834738
-0.819472
-0.804258
-0.789098
-0.773998
-0.758961
-0.743991
-0.729093
-0.714269
-0.699523
-0.684858
-0.670281
-0.655789
-0.64139
-0.627086
-0.612879
-0.598773
-0.584771
-0.570874
-0.557086
-0.54341
-0.529847
-0.516399
-0.503071
-0.489864
-0.476779
-0.46382
-0.450989
-0.438288
-0.425717
-0.413284
-0.400988
-0.388831
-0.37682
-0.364955
-0.353244
-0.341689
-0.330297
-0.319072
-0.308026
-0.297167
-0.286507
-0.276065
-0.26586
-0.25592
-0.246278
-0.236977
-0.228079
-0.219656
-0.211809
-0.204667
-0.198392
-0.193176
-0.189227
-0.186747
-0.185866
-0.186622
-0.188918
-0.19257
-0.197348
-0.203018
-0.209378
-0.216256
-0.22352
-0.23107
-0.238828
-0.24673
-0.254734
-0.2628
-0.270905
-0.279025
-0.287141
-0.29524
-0.303312
-0.311342
-0.319329
-0.327263
-0.335139
-0.342954
-0.350703
-0.358385
-0.365993
-0.373527
-0.380986
-0.388366
-0.395665
-0.402885
-0.410023
-0.417078
-0.424047
-0.430932
-0.437732
-0.444445
-0.451071
-0.457611
-0.464062
-0.470425
-0.476699
-0.482884
-0.488981
-0.494989
-0.500908
-0.506737
-0.512477
-0.518127
-0.523687
-0.529157
-0.534537
-0.539828
-0.545028
-0.550138
-0.555158
-0.560089
-0.564929
-0.569679
-0.57434
-0.57891
-0.58339
-0.587779
-0.592078
-0.596286
-0.600404
-0.604432
-0.608366
-0.612212
-0.615964
-0.619628
-0.623201
-0.626682
-0.630072
-0.633371
-0.636578
-0.639697
-0.642719
-0.64565
-0.648491
-0.651241
-0.653898
-0.656461
-0.658933
-0.661312
-0.663598
-0.66579
-0.667889
-0.669894
-0.671805
-0.673618
-0.675342
-0.67697
-0.678504
-0.679943
-0.681285
-0.682533
-0.683684
-0.684741
-0.685702
-0.686567
-0.687335
-0.688007
-0.688581
-0.689059
-0.689439
-0.689721
-0.689905
-0.689992
-0.689981
-0.689871
-0.689662
-0.689355
-0.688948
-0.688441
-0.687835
-0.68713
-0.686324
-0.68542
-0.684414
-0.683307
-0.682099
-0.680791
-0.679382
-0.677871
-0.676259
-0.674545
-0.67273
-0.670812
-0.668792
-0.66667
-0.664446
-0.662119
-0.659691
-0.657158
-0.654525
-0.651786
-0.648945
-0.646
-0.642951
-0.6398
-0.636545
-0.633186
-0.629722
-0.626155
-0.622485
-0.618711
-0.614834
-0.610853
-0.606767
-0.602577
-0.598282
-0.593883
-0.58938
-0.584774
-0.580063
-0.575249
-0.570329
-0.565305
-1.23386
-1.23381
-1.23378
-1.23376
-1.23376
-1.23377
-1.2338
-1.23384
-1.2339
-1.23398
-1.23408
-1.23419
-1.23431
-1.23446
-1.23463
-1.23482
-1.23503
-1.23526
-1.23551
-1.23577
-1.23607
-1.23637
-1.2367
-1.23704
-1.23741
-1.2378
-1.2382
-1.23863
-1.23907
-1.23953
-1.24001
-1.2405
-1.241
-1.24152
-1.24205
-1.24258
-1.24312
-1.24365
-1.24418
-1.2447
-1.24521
-1.24568
-1.24613
-1.24652
-1.24686
-1.24711
-1.24726
-1.24728
-1.24713
-1.24677
-1.24614
-1.24518
-1.2438
-1.24189
-1.23933
-1.236
-1.23174
-1.22643
-1.21999
-1.21236
-1.20357
-1.19371
-1.18288
-1.17122
-1.15886
-1.14592
-1.1325
-1.1187
-1.10458
-1.09021
-1.07562
-1.06087
-1.04598
-1.03098
-1.01588
-1.00072
-0.985502
-0.970244
-0.954958
-0.939654
-0.924343
-0.909031
-0.89373
-0.878445
-0.863183
-0.847952
-0.832756
-0.8176
-0.802489
-0.78743
-0.772428
-0.757485
-0.742608
-0.727799
-0.713063
-0.698404
-0.683825
-0.669333
-0.654925
-0.64061
-0.626389
-0.612266
-0.598245
-0.584328
-0.570518
-0.556819
-0.543232
-0.529762
-0.51641
-0.503179
-0.490073
-0.477094
-0.464246
-0.45153
-0.438951
-0.426509
-0.414212
-0.402061
-0.390059
-0.378214
-0.366531
-0.355012
-0.343667
-0.332503
-0.321528
-0.310757
-0.3002
-0.289875
-0.279809
-0.270021
-0.260548
-0.25143
-0.242719
-0.234479
-0.22679
-0.21975
-0.213479
-0.208111
-0.203795
-0.20067
-0.198851
-0.198405
-0.199323
-0.201528
-0.204888
-0.209243
-0.214424
-0.220268
-0.226644
-0.233435
-0.240546
-0.247904
-0.255444
-0.26312
-0.270892
-0.278731
-0.286609
-0.294507
-0.302411
-0.310301
-0.31817
-0.326005
-0.3338
-0.341552
-0.349249
-0.356891
-0.364469
-0.371982
-0.379426
-0.386798
-0.394098
-0.401323
-0.408468
-0.415538
-0.422523
-0.429429
-0.43625
-0.442988
-0.44964
-0.456207
-0.462688
-0.469083
-0.47539
-0.481608
-0.487739
-0.493781
-0.499735
-0.505601
-0.511376
-0.517063
-0.52266
-0.528168
-0.533586
-0.538914
-0.544153
-0.549302
-0.554361
-0.559331
-0.56421
-0.569001
-0.573702
-0.578314
-0.582835
-0.587267
-0.591609
-0.59586
-0.600022
-0.604095
-0.608076
-0.611965
-0.615767
-0.619477
-0.623099
-0.62663
-0.630072
-0.633423
-0.636684
-0.639853
-0.64293
-0.645919
-0.648817
-0.651624
-0.654342
-0.656968
-0.659501
-0.661944
-0.664294
-0.666552
-0.668718
-0.670793
-0.672773
-0.674661
-0.676454
-0.678154
-0.679764
-0.681279
-0.6827
-0.684025
-0.685257
-0.686395
-0.687438
-0.688384
-0.689238
-0.689995
-0.690657
-0.691223
-0.691692
-0.692065
-0.69234
-0.69252
-0.692603
-0.692588
-0.692476
-0.692265
-0.691957
-0.69155
-0.691044
-0.69044
-0.689737
-0.688936
-0.688034
-0.687034
-0.685931
-0.68473
-0.683431
-0.682028
-0.680527
-0.678924
-0.67722
-0.675416
-0.673509
-0.671502
-0.669392
-0.667181
-0.664868
-0.662454
-0.659939
-0.657321
-0.654599
-0.651775
-0.648849
-0.64582
-0.642688
-0.639452
-0.636115
-0.632673
-0.629129
-0.625484
-0.621734
-0.617881
-0.613924
-0.609864
-0.605699
-0.601433
-0.597063
-0.592588
-0.588012
-0.583331
-0.578548
-0.573661
-0.568669
-1.23436
-1.23427
-1.2342
-1.23415
-1.23411
-1.23408
-1.23407
-1.23407
-1.23409
-1.23412
-1.23417
-1.23423
-1.23431
-1.23441
-1.23452
-1.23466
-1.23481
-1.23498
-1.23517
-1.23537
-1.2356
-1.23584
-1.23609
-1.23636
-1.23664
-1.23694
-1.23726
-1.23759
-1.23794
-1.23829
-1.23866
-1.23903
-1.23941
-1.2398
-1.24018
-1.24057
-1.24094
-1.24131
-1.24165
-1.24197
-1.24225
-1.24249
-1.24268
-1.2428
-1.24283
-1.24275
-1.24253
-1.24215
-1.24157
-1.24074
-1.2396
-1.23809
-1.23614
-1.23365
-1.23052
-1.22666
-1.22196
-1.21633
-1.20973
-1.20211
-1.1935
-1.18394
-1.17352
-1.16233
-1.15047
-1.13803
-1.12511
-1.11177
-1.09809
-1.08413
-1.06992
-1.05551
-1.04094
-1.02623
-1.01141
-0.996504
-0.981519
-0.966481
-0.951399
-0.936286
-0.921153
-0.90601
-0.890869
-0.875736
-0.860619
-0.845524
-0.830458
-0.815428
-0.800439
-0.785497
-0.770607
-0.755774
-0.741003
-0.726299
-0.711666
-0.697108
-0.682628
-0.668234
-0.653924
-0.639707
-0.625585
-0.611561
-0.597639
-0.583822
-0.570114
-0.556517
-0.543037
-0.529675
-0.516435
-0.50332
-0.490333
-0.477478
-0.464759
-0.45218
-0.439742
-0.427452
-0.415313
-0.403332
-0.391512
-0.37986
-0.368384
-0.357089
-0.345985
-0.335082
-0.324395
-0.313937
-0.303721
-0.293774
-0.28412
-0.27479
-0.265821
-0.257261
-0.249163
-0.241592
-0.234626
-0.228358
-0.222887
-0.218323
-0.21477
-0.21232
-0.211039
-0.21095
-0.212034
-0.21422
-0.217411
-0.221483
-0.226311
-0.231768
-0.237744
-0.24414
-0.250874
-0.257875
-0.265087
-0.272459
-0.279949
-0.28753
-0.295174
-0.302859
-0.310562
-0.318272
-0.325972
-0.333656
-0.341308
-0.348925
-0.3565
-0.364025
-0.371494
-0.378906
-0.386254
-0.393537
-0.400749
-0.407889
-0.414956
-0.421948
-0.42886
-0.435692
-0.442444
-0.449112
-0.455698
-0.4622
-0.468615
-0.474946
-0.48119
-0.487346
-0.493415
-0.499395
-0.505288
-0.511091
-0.516806
-0.522433
-0.52797
-0.533417
-0.538776
-0.544044
-0.549223
-0.554313
-0.559313
-0.564224
-0.569046
-0.573779
-0.578422
-0.582976
-0.58744
-0.591816
-0.596104
-0.600301
-0.604408
-0.608425
-0.612355
-0.616193
-0.619944
-0.623604
-0.627176
-0.630659
-0.634053
-0.637357
-0.640574
-0.643698
-0.646736
-0.649682
-0.652539
-0.655308
-0.657986
-0.660575
-0.663074
-0.665481
-0.667799
-0.670025
-0.672161
-0.674205
-0.676158
-0.678018
-0.679785
-0.681463
-0.683048
-0.68454
-0.68594
-0.687246
-0.68846
-0.689581
-0.690608
-0.691541
-0.69238
-0.693123
-0.693773
-0.694329
-0.694789
-0.695153
-0.695421
-0.695596
-0.695673
-0.695654
-0.695539
-0.695327
-0.695017
-0.69461
-0.694106
-0.693505
-0.692805
-0.692007
-0.69111
-0.690113
-0.689019
-0.687826
-0.686532
-0.68514
-0.683648
-0.682057
-0.680365
-0.678572
-0.67668
-0.674686
-0.672591
-0.670396
-0.6681
-0.665704
-0.663206
-0.660607
-0.657907
-0.655104
-0.652199
-0.64919
-0.646081
-0.64287
-0.639559
-0.636144
-0.632626
-0.629007
-0.625285
-0.621461
-0.617533
-0.613503
-0.609371
-0.605136
-0.600799
-0.596359
-0.591817
-0.587172
-0.582425
-0.577576
-0.572623
-1.23492
-1.2348
-1.23469
-1.23459
-1.2345
-1.23443
-1.23437
-1.23433
-1.2343
-1.23428
-1.23427
-1.23428
-1.2343
-1.23434
-1.2344
-1.23447
-1.23456
-1.23466
-1.23478
-1.23491
-1.23506
-1.23522
-1.23539
-1.23557
-1.23577
-1.23597
-1.23618
-1.23641
-1.23664
-1.23688
-1.23712
-1.23737
-1.23761
-1.23785
-1.23807
-1.23829
-1.23849
-1.23866
-1.2388
-1.2389
-1.23895
-1.23894
-1.23885
-1.23867
-1.23838
-1.23795
-1.23737
-1.23659
-1.23557
-1.23429
-1.23267
-1.23066
-1.22819
-1.22519
-1.22159
-1.21729
-1.21223
-1.20635
-1.19961
-1.19199
-1.1835
-1.17417
-1.16407
-1.15326
-1.14182
-1.12981
-1.11732
-1.10441
-1.09114
-1.07756
-1.06372
-1.04966
-1.03542
-1.02101
-1.00647
-0.991827
-0.977094
-0.962287
-0.947421
-0.932516
-0.917579
-0.902623
-0.887655
-0.872688
-0.857729
-0.842787
-0.827867
-0.812976
-0.798123
-0.783313
-0.76855
-0.753841
-0.739191
-0.724605
-0.710088
-0.695645
-0.681279
-0.666996
-0.652798
-0.638694
-0.624683
-0.610772
-0.596963
-0.58326
-0.569668
-0.556191
-0.542831
-0.529594
-0.516481
-0.503499
-0.49065
-0.477936
-0.465366
-0.452942
-0.440666
-0.428548
-0.416592
-0.404804
-0.39319
-0.381756
-0.370513
-0.359471
-0.348638
-0.338028
-0.327658
-0.31754
-0.307701
-0.298163
-0.288956
-0.280113
-0.271673
-0.263686
-0.256207
-0.249296
-0.243029
-0.237482
-0.23274
-0.228884
-0.225988
-0.224109
-0.223281
-0.223507
-0.224756
-0.226972
-0.230073
-0.233964
-0.238542
-0.243709
-0.249373
-0.255452
-0.261871
-0.268569
-0.275493
-0.28259
-0.289827
-0.297173
-0.304596
-0.312076
-0.31959
-0.327122
-0.334657
-0.342186
-0.349697
-0.357182
-0.364631
-0.372041
-0.379399
-0.386706
-0.393956
-0.401142
-0.408264
-0.415317
-0.422301
-0.42921
-0.436044
-0.442799
-0.449475
-0.45607
-0.462585
-0.469015
-0.47536
-0.481621
-0.487797
-0.493884
-0.499884
-0.505796
-0.511621
-0.517357
-0.523004
-0.528563
-0.534033
-0.539414
-0.544705
-0.549906
-0.555018
-0.560042
-0.564976
-0.569821
-0.574577
-0.579244
-0.583822
-0.588311
-0.592712
-0.597025
-0.601248
-0.605383
-0.609429
-0.613386
-0.617255
-0.621035
-0.624728
-0.628331
-0.631848
-0.635274
-0.638616
-0.641868
-0.645031
-0.648107
-0.651094
-0.653994
-0.656804
-0.659528
-0.662165
-0.664712
-0.667169
-0.669537
-0.671816
-0.674005
-0.676106
-0.678117
-0.680039
-0.681866
-0.683606
-0.685255
-0.686814
-0.688282
-0.689656
-0.690942
-0.692134
-0.693235
-0.694243
-0.69516
-0.695983
-0.696714
-0.69735
-0.697892
-0.698341
-0.698696
-0.698958
-0.699125
-0.699196
-0.699172
-0.699053
-0.698839
-0.698528
-0.698121
-0.697618
-0.697019
-0.696323
-0.695528
-0.694636
-0.693646
-0.692561
-0.691375
-0.690092
-0.68871
-0.68723
-0.685651
-0.683972
-0.682193
-0.680316
-0.678339
-0.676263
-0.674085
-0.671808
-0.669431
-0.666955
-0.664377
-0.661699
-0.658919
-0.656039
-0.653057
-0.649977
-0.646792
-0.643507
-0.640122
-0.636635
-0.633046
-0.629356
-0.625564
-0.621671
-0.617675
-0.613579
-0.609381
-0.605082
-0.600681
-0.596177
-0.591573
-0.586868
-0.58206
-0.57715
-1.23556
-1.23539
-1.23523
-1.23508
-1.23495
-1.23482
-1.23471
-1.23462
-1.23453
-1.23445
-1.23438
-1.23433
-1.23429
-1.23426
-1.23425
-1.23425
-1.23427
-1.2343
-1.23433
-1.23439
-1.23445
-1.23452
-1.2346
-1.23468
-1.23478
-1.23488
-1.23498
-1.23509
-1.2352
-1.23531
-1.23541
-1.23551
-1.2356
-1.23568
-1.23574
-1.23577
-1.23577
-1.23574
-1.23566
-1.23553
-1.23533
-1.23505
-1.23468
-1.23419
-1.23357
-1.2328
-1.23184
-1.23067
-1.22924
-1.22751
-1.22544
-1.22298
-1.22005
-1.21662
-1.2126
-1.20794
-1.20258
-1.19649
-1.18963
-1.182
-1.17359
-1.16445
-1.1546
-1.14409
-1.133
-1.12136
-1.10925
-1.09673
-1.08383
-1.07062
-1.05713
-1.04341
-1.02948
-1.01538
-1.00113
-0.986754
-0.972274
-0.95771
-0.943076
-0.928389
-0.913658
-0.898898
-0.88412
-0.86933
-0.854544
-0.839766
-0.825005
-0.810269
-0.795563
-0.780895
-0.766273
-0.751701
-0.737185
-0.722731
-0.708342
-0.694026
-0.679787
-0.665631
-0.651559
-0.637578
-0.623693
-0.609907
-0.596225
-0.582652
-0.569191
-0.555845
-0.542623
-0.529526
-0.516558
-0.503723
-0.491028
-0.478475
-0.466071
-0.453819
-0.441728
-0.429803
-0.418049
-0.406476
-0.39509
-0.383899
-0.372916
-0.36215
-0.351615
-0.341324
-0.331297
-0.321553
-0.312117
-0.303014
-0.294273
-0.285934
-0.278036
-0.270627
-0.263759
-0.257492
-0.251887
-0.247013
-0.242931
-0.239704
-0.237382
-0.235997
-0.235565
-0.236074
-0.237495
-0.239771
-0.242838
-0.246618
-0.251026
-0.255983
-0.26141
-0.267238
-0.273403
-0.279849
-0.286524
-0.293388
-0.300402
-0.307533
-0.314755
-0.322045
-0.329382
-0.33675
-0.344132
-0.351517
-0.358892
-0.366246
-0.373573
-0.380866
-0.388116
-0.395319
-0.402469
-0.40956
-0.41659
-0.423555
-0.430453
-0.437278
-0.44403
-0.450706
-0.457304
-0.463823
-0.47026
-0.476616
-0.482887
-0.489074
-0.495174
-0.50119
-0.507116
-0.512956
-0.518707
-0.52437
-0.529945
-0.53543
-0.540826
-0.546134
-0.551351
-0.556479
-0.561518
-0.566468
-0.571329
-0.576101
-0.580785
-0.585379
-0.589885
-0.594303
-0.598633
-0.602874
-0.607027
-0.611093
-0.61507
-0.618959
-0.622763
-0.626477
-0.630105
-0.633645
-0.637097
-0.640466
-0.643746
-0.646939
-0.650045
-0.653065
-0.655998
-0.658845
-0.661604
-0.664279
-0.666864
-0.669364
-0.671775
-0.674099
-0.676337
-0.678486
-0.680547
-0.68252
-0.684405
-0.686198
-0.687906
-0.689523
-0.691052
-0.692493
-0.693842
-0.6951
-0.69627
-0.697348
-0.698337
-0.699233
-0.700038
-0.700753
-0.701375
-0.701904
-0.702342
-0.702686
-0.702938
-0.703096
-0.703161
-0.703133
-0.70301
-0.702792
-0.702481
-0.702074
-0.701572
-0.700976
-0.700283
-0.699493
-0.698607
-0.697625
-0.696548
-0.695372
-0.6941
-0.69273
-0.691262
-0.689696
-0.688033
-0.686271
-0.684411
-0.682453
-0.680395
-0.678239
-0.675983
-0.673629
-0.671176
-0.668621
-0.665968
-0.663215
-0.660366
-0.657413
-0.65436
-0.651205
-0.647952
-0.644599
-0.641146
-0.637592
-0.633937
-0.630182
-0.626326
-0.62237
-0.618313
-0.614156
-0.609898
-0.60554
-0.601082
-0.596522
-0.591863
-0.587102
-0.582243
-1.23625
-1.23603
-1.23582
-1.23562
-1.23543
-1.23525
-1.23508
-1.23493
-1.23478
-1.23463
-1.2345
-1.23438
-1.23427
-1.23418
-1.23409
-1.23401
-1.23394
-1.23389
-1.23385
-1.23381
-1.23377
-1.23375
-1.23372
-1.2337
-1.23369
-1.23367
-1.23366
-1.23363
-1.23361
-1.23358
-1.23354
-1.23348
-1.23341
-1.23331
-1.23318
-1.23302
-1.23282
-1.23257
-1.23227
-1.23189
-1.23143
-1.23087
-1.23021
-1.22941
-1.22846
-1.22734
-1.22602
-1.22446
-1.22264
-1.2205
-1.21802
-1.21514
-1.21181
-1.20798
-1.20361
-1.19864
-1.19303
-1.18676
-1.1798
-1.17215
-1.16381
-1.15479
-1.14514
-1.13489
-1.12408
-1.11277
-1.10099
-1.08881
-1.07626
-1.06339
-1.05023
-1.03683
-1.02322
-1.00941
-0.995443
-0.981338
-0.96712
-0.952803
-0.938405
-0.923942
-0.909427
-0.894871
-0.880291
-0.865694
-0.851088
-0.836487
-0.821896
-0.807325
-0.792779
-0.778268
-0.763797
-0.749373
-0.735003
-0.720692
-0.706446
-0.692269
-0.678168
-0.66415
-0.650217
-0.636373
-0.622626
-0.60898
-0.595439
-0.582008
-0.568692
-0.555495
-0.542422
-0.529479
-0.51667
-0.504
-0.491474
-0.479099
-0.466878
-0.45482
-0.442931
-0.431217
-0.419688
-0.40835
-0.397213
-0.386288
-0.375585
-0.365119
-0.354906
-0.344958
-0.335301
-0.325951
-0.316938
-0.308287
-0.300028
-0.292203
-0.284851
-0.278014
-0.271744
-0.266093
-0.261115
-0.256861
-0.253382
-0.25072
-0.248907
-0.24796
-0.247881
-0.248655
-0.250247
-0.25261
-0.255685
-0.259405
-0.263704
-0.268513
-0.273767
-0.279406
-0.285369
-0.291608
-0.298078
-0.304744
-0.311563
-0.318508
-0.325553
-0.332676
-0.339855
-0.347071
-0.354311
-0.361561
-0.368808
-0.376041
-0.383251
-0.390435
-0.39758
-0.404682
-0.411735
-0.418735
-0.425675
-0.432552
-0.439363
-0.446105
-0.452775
-0.45937
-0.465889
-0.472328
-0.478688
-0.484965
-0.49116
-0.49727
-0.503293
-0.509231
-0.515082
-0.520844
-0.526517
-0.532102
-0.537598
-0.543005
-0.548322
-0.553551
-0.558688
-0.563739
-0.568698
-0.573568
-0.57835
-0.583044
-0.587648
-0.592164
-0.596591
-0.60093
-0.605183
-0.609346
-0.613423
-0.617412
-0.621315
-0.625131
-0.628858
-0.6325
-0.636059
-0.639532
-0.642915
-0.646214
-0.649428
-0.652557
-0.655601
-0.658559
-0.661432
-0.664223
-0.666926
-0.669544
-0.672075
-0.674521
-0.676883
-0.679159
-0.681349
-0.683453
-0.68547
-0.687402
-0.689244
-0.691003
-0.692673
-0.694257
-0.695753
-0.697161
-0.698481
-0.699713
-0.700854
-0.701909
-0.702875
-0.703751
-0.704536
-0.705233
-0.705838
-0.706353
-0.706779
-0.707113
-0.707356
-0.707502
-0.707561
-0.707526
-0.707399
-0.70718
-0.706867
-0.70646
-0.70596
-0.705366
-0.704677
-0.703892
-0.703013
-0.702041
-0.700971
-0.699807
-0.698545
-0.697188
-0.695735
-0.694185
-0.692538
-0.690796
-0.688955
-0.687016
-0.68498
-0.682847
-0.680615
-0.678284
-0.675855
-0.673332
-0.670708
-0.667984
-0.665161
-0.66224
-0.659219
-0.6561
-0.652882
-0.649564
-0.646148
-0.642632
-0.639017
-0.635302
-0.631487
-0.627574
-0.623561
-0.619449
-0.615238
-0.610927
-0.606517
-0.602008
-0.597396
-0.59269
-0.587888
-1.23701
-1.23673
-1.23647
-1.23621
-1.23596
-1.23572
-1.23549
-1.23526
-1.23504
-1.23483
-1.23463
-1.23444
-1.23425
-1.23408
-1.23391
-1.23374
-1.23359
-1.23345
-1.2333
-1.23317
-1.23303
-1.2329
-1.23277
-1.23263
-1.23249
-1.23235
-1.23221
-1.23205
-1.23188
-1.2317
-1.2315
-1.23128
-1.23103
-1.23075
-1.23043
-1.23007
-1.22965
-1.22918
-1.22863
-1.228
-1.22727
-1.22644
-1.22548
-1.22437
-1.2231
-1.22164
-1.21996
-1.21804
-1.21584
-1.21332
-1.21046
-1.2072
-1.20351
-1.19934
-1.19465
-1.18942
-1.1836
-1.17717
-1.17012
-1.16244
-1.15414
-1.14524
-1.13575
-1.1257
-1.11514
-1.1041
-1.09261
-1.08074
-1.0685
-1.05594
-1.0431
-1.03
-1.01668
-1.00316
-0.98947
-0.975637
-0.961678
-0.94761
-0.933451
-0.919217
-0.904923
-0.890582
-0.876205
-0.861806
-0.847393
-0.832975
-0.818566
-0.804169
-0.789793
-0.775448
-0.76114
-0.746876
-0.732663
-0.718506
-0.704412
-0.690387
-0.676437
-0.662568
-0.648784
-0.635091
-0.621495
-0.608
-0.594613
-0.581338
-0.56818
-0.555145
-0.542237
-0.529463
-0.516828
-0.504338
-0.491998
-0.479816
-0.467797
-0.455948
-0.444278
-0.432796
-0.421508
-0.410426
-0.399558
-0.388918
-0.378519
-0.368373
-0.3585
-0.348918
-0.339648
-0.33071
-0.322135
-0.313948
-0.306182
-0.298876
-0.292065
-0.28579
-0.280099
-0.275036
-0.270643
-0.266965
-0.264037
-0.261886
-0.260533
-0.259982
-0.260229
-0.261251
-0.263018
-0.265483
-0.268598
-0.272302
-0.276538
-0.28125
-0.286381
-0.291874
-0.297682
-0.303761
-0.310068
-0.316568
-0.323226
-0.330015
-0.336908
-0.343884
-0.350922
-0.358005
-0.365117
-0.372244
-0.379375
-0.386497
-0.393603
-0.400683
-0.407729
-0.414736
-0.421697
-0.428607
-0.435461
-0.442254
-0.448983
-0.455643
-0.462232
-0.468747
-0.475186
-0.481545
-0.487827
-0.494026
-0.500141
-0.506172
-0.512117
-0.517974
-0.523746
-0.529427
-0.53502
-0.540523
-0.545937
-0.551261
-0.556495
-0.561639
-0.566694
-0.571659
-0.576535
-0.581321
-0.586017
-0.590625
-0.595145
-0.599576
-0.603919
-0.608174
-0.612342
-0.616422
-0.620415
-0.624324
-0.628145
-0.631879
-0.635528
-0.639094
-0.642575
-0.645972
-0.64928
-0.652507
-0.65565
-0.658709
-0.661684
-0.664576
-0.667385
-0.670109
-0.67275
-0.675309
-0.67778
-0.68017
-0.682477
-0.6847
-0.686839
-0.688894
-0.690864
-0.69275
-0.694549
-0.696265
-0.697896
-0.699442
-0.700902
-0.702277
-0.703565
-0.704767
-0.705882
-0.706908
-0.707848
-0.708701
-0.709466
-0.710143
-0.710732
-0.711232
-0.711642
-0.711963
-0.712195
-0.712336
-0.712386
-0.712344
-0.712212
-0.71199
-0.711675
-0.711268
-0.71077
-0.710178
-0.709493
-0.708716
-0.707846
-0.706881
-0.705821
-0.704669
-0.703421
-0.702078
-0.70064
-0.699107
-0.697479
-0.695756
-0.693936
-0.692019
-0.690006
-0.687896
-0.68569
-0.68339
-0.68099
-0.678493
-0.6759
-0.673208
-0.670419
-0.66753
-0.664546
-0.661464
-0.658284
-0.655005
-0.651629
-0.648155
-0.644582
-0.640911
-0.637142
-0.633275
-0.62931
-0.625246
-0.621085
-0.616826
-0.612469
-0.608012
-0.603459
-0.598811
-0.594063
-1.23783
-1.2375
-1.23717
-1.23684
-1.23652
-1.23621
-1.23591
-1.23561
-1.23532
-1.23504
-1.23476
-1.23449
-1.23422
-1.23396
-1.2337
-1.23345
-1.2332
-1.23296
-1.23271
-1.23247
-1.23222
-1.23198
-1.23173
-1.23147
-1.2312
-1.23093
-1.23064
-1.23034
-1.23003
-1.22968
-1.22931
-1.22892
-1.22849
-1.22801
-1.22749
-1.22692
-1.22628
-1.22557
-1.22478
-1.2239
-1.2229
-1.22179
-1.22053
-1.21912
-1.21753
-1.21574
-1.21372
-1.21145
-1.20889
-1.20602
-1.20281
-1.19921
-1.19519
-1.19072
-1.18576
-1.18029
-1.17428
-1.16771
-1.16058
-1.15288
-1.14461
-1.13579
-1.12643
-1.11655
-1.1062
-1.09539
-1.08417
-1.07256
-1.06061
-1.04833
-1.03577
-1.02296
-1.00993
-0.996687
-0.983269
-0.969699
-0.955995
-0.942173
-0.928255
-0.914253
-0.900184
-0.88606
-0.871893
-0.857698
-0.843483
-0.82926
-0.815036
-0.800822
-0.786627
-0.772457
-0.758322
-0.744227
-0.73018
-0.716188
-0.702257
-0.688394
-0.674605
-0.660898
-0.647276
-0.633743
-0.62031
-0.60698
-0.593759
-0.580652
-0.567666
-0.554805
-0.542077
-0.529487
-0.517042
-0.504746
-0.492608
-0.480636
-0.468834
-0.457212
-0.445778
-0.434542
-0.423515
-0.412705
-0.402126
-0.391791
-0.381711
-0.371908
-0.362394
-0.353193
-0.344323
-0.335812
-0.327684
-0.319971
-0.312699
-0.305908
-0.299631
-0.293905
-0.288772
-0.284266
-0.280425
-0.277281
-0.274859
-0.273176
-0.272243
-0.272055
-0.272604
-0.273866
-0.275809
-0.278389
-0.281566
-0.285284
-0.289499
-0.294151
-0.299199
-0.304594
-0.310288
-0.316243
-0.322421
-0.328789
-0.335318
-0.341977
-0.348743
-0.355595
-0.362513
-0.369482
-0.376482
-0.383502
-0.39053
-0.397553
-0.404563
-0.41155
-0.418506
-0.425425
-0.432302
-0.439127
-0.4459
-0.452612
-0.459261
-0.465842
-0.472354
-0.478791
-0.485153
-0.491436
-0.497639
-0.50376
-0.509796
-0.515747
-0.521608
-0.527387
-0.533075
-0.538675
-0.544184
-0.549603
-0.554931
-0.560169
-0.565316
-0.570373
-0.57534
-0.580216
-0.585002
-0.589698
-0.594308
-0.598825
-0.603253
-0.607595
-0.611847
-0.616012
-0.620091
-0.624082
-0.627987
-0.631806
-0.635541
-0.639191
-0.642755
-0.646237
-0.649634
-0.652948
-0.656176
-0.659325
-0.662391
-0.665375
-0.668276
-0.671097
-0.673835
-0.67649
-0.679064
-0.681558
-0.683968
-0.686296
-0.688544
-0.690711
-0.692794
-0.694795
-0.696715
-0.698552
-0.700303
-0.701975
-0.703563
-0.705067
-0.706489
-0.707826
-0.709079
-0.710249
-0.711334
-0.712334
-0.713247
-0.714074
-0.714815
-0.715473
-0.716042
-0.716525
-0.71692
-0.717227
-0.717448
-0.717578
-0.717621
-0.717575
-0.717439
-0.71721
-0.716894
-0.716488
-0.715992
-0.715403
-0.714724
-0.713953
-0.713089
-0.712134
-0.711087
-0.709947
-0.708713
-0.707387
-0.705965
-0.704451
-0.702842
-0.701139
-0.699343
-0.697449
-0.695462
-0.693381
-0.691203
-0.68893
-0.68656
-0.684095
-0.681535
-0.678878
-0.676123
-0.673273
-0.670327
-0.667284
-0.664144
-0.660909
-0.657576
-0.654146
-0.650619
-0.646995
-0.643275
-0.639458
-0.635544
-0.631533
-0.627426
-0.623222
-0.618921
-0.614525
-0.610032
-0.605441
-0.600752
-1.23871
-1.23831
-1.23791
-1.23752
-1.23713
-1.23675
-1.23636
-1.23599
-1.23562
-1.23525
-1.2349
-1.23454
-1.23418
-1.23383
-1.23348
-1.23313
-1.23278
-1.23242
-1.23207
-1.23172
-1.23135
-1.23099
-1.23061
-1.23022
-1.22982
-1.22941
-1.22897
-1.22852
-1.22804
-1.22753
-1.22699
-1.22641
-1.22579
-1.22512
-1.22439
-1.2236
-1.22274
-1.22179
-1.22075
-1.21961
-1.21834
-1.21695
-1.2154
-1.21369
-1.21179
-1.20968
-1.20733
-1.20473
-1.20185
-1.19865
-1.19511
-1.1912
-1.18688
-1.18214
-1.17694
-1.17126
-1.16509
-1.1584
-1.15119
-1.14346
-1.13521
-1.12645
-1.1172
-1.10748
-1.0973
-1.08669
-1.0757
-1.06433
-1.05263
-1.04062
-1.02833
-1.01578
-1.00301
-0.990039
-0.976881
-0.963567
-0.950113
-0.936537
-0.922856
-0.909087
-0.895243
-0.881339
-0.867386
-0.8534
-0.83939
-0.825367
-0.811339
-0.797314
-0.783305
-0.769318
-0.755363
-0.741446
-0.727576
-0.713758
-0.700001
-0.686309
-0.672692
-0.659157
-0.645707
-0.632347
-0.619088
-0.605933
-0.59289
-0.579964
-0.567162
-0.554489
-0.541953
-0.529561
-0.517318
-0.505233
-0.493311
-0.481561
-0.469993
-0.458613
-0.447432
-0.43646
-0.42571
-0.415191
-0.404917
-0.3949
-0.385159
-0.375711
-0.366572
-0.357766
-0.34931
-0.341233
-0.333562
-0.326322
-0.319547
-0.313264
-0.30751
-0.302316
-0.297715
-0.29374
-0.290417
-0.28777
-0.285818
-0.284569
-0.284022
-0.284173
-0.285007
-0.286498
-0.288618
-0.291327
-0.294583
-0.298345
-0.302563
-0.307193
-0.312194
-0.317522
-0.323137
-0.329003
-0.335085
-0.341353
-0.347779
-0.354334
-0.360998
-0.367748
-0.374568
-0.381438
-0.388343
-0.395273
-0.402212
-0.409149
-0.416074
-0.422979
-0.429856
-0.436695
-0.443494
-0.450246
-0.456943
-0.463579
-0.470154
-0.476662
-0.483098
-0.489461
-0.495748
-0.501955
-0.508082
-0.514124
-0.520082
-0.525955
-0.531737
-0.537432
-0.543038
-0.548555
-0.553979
-0.559312
-0.564552
-0.569702
-0.574759
-0.579725
-0.5846
-0.589383
-0.594077
-0.598679
-0.603192
-0.607616
-0.611949
-0.616194
-0.620351
-0.624422
-0.628405
-0.632301
-0.636113
-0.63984
-0.643482
-0.647042
-0.650515
-0.653907
-0.657215
-0.660443
-0.663587
-0.666651
-0.669635
-0.67254
-0.675362
-0.678105
-0.680768
-0.68335
-0.685853
-0.688277
-0.690621
-0.692884
-0.69507
-0.697174
-0.699198
-0.701143
-0.703007
-0.70479
-0.706494
-0.708117
-0.70966
-0.711121
-0.7125
-0.713799
-0.715015
-0.716149
-0.717201
-0.71817
-0.719054
-0.719856
-0.720574
-0.721208
-0.721758
-0.722223
-0.722601
-0.722894
-0.723101
-0.723222
-0.723256
-0.723202
-0.723062
-0.722833
-0.722513
-0.722108
-0.721612
-0.721027
-0.720354
-0.71959
-0.718736
-0.717791
-0.716756
-0.715629
-0.714411
-0.713101
-0.711699
-0.710204
-0.708616
-0.706934
-0.705164
-0.703298
-0.701337
-0.699283
-0.697135
-0.694893
-0.692557
-0.690125
-0.687599
-0.684978
-0.682263
-0.679453
-0.676548
-0.673547
-0.670451
-0.66726
-0.663974
-0.660592
-0.657114
-0.653541
-0.649873
-0.646109
-0.642249
-0.638294
-0.634244
-0.630098
-0.62586
-0.621524
-0.617093
-0.612566
-0.607945
-1.23964
-1.23917
-1.2387
-1.23823
-1.23777
-1.2373
-1.23684
-1.23639
-1.23593
-1.23548
-1.23503
-1.23458
-1.23412
-1.23368
-1.23323
-1.23277
-1.23231
-1.23185
-1.23138
-1.23091
-1.23042
-1.22993
-1.22942
-1.22889
-1.22835
-1.22778
-1.2272
-1.22658
-1.22594
-1.22526
-1.22454
-1.22377
-1.22295
-1.22208
-1.22114
-1.22012
-1.21903
-1.21784
-1.21655
-1.21515
-1.21362
-1.21195
-1.21012
-1.20811
-1.20591
-1.20349
-1.20084
-1.19793
-1.19473
-1.19123
-1.18739
-1.1832
-1.17862
-1.17363
-1.16821
-1.16235
-1.15603
-1.14923
-1.14195
-1.13419
-1.12596
-1.11725
-1.10809
-1.09848
-1.08846
-1.07803
-1.06723
-1.05608
-1.04461
-1.03284
-1.0208
-1.0085
-0.995982
-0.983257
-0.970352
-0.957285
-0.944074
-0.930738
-0.917292
-0.903754
-0.890136
-0.876454
-0.86272
-0.848943
-0.835141
-0.82132
-0.807492
-0.793664
-0.779848
-0.766051
-0.752284
-0.738554
-0.724867
-0.711233
-0.697658
-0.684148
-0.670713
-0.657359
-0.64409
-0.630915
-0.61784
-0.604873
-0.592019
-0.579285
-0.566679
-0.554206
-0.541875
-0.529693
-0.517667
-0.505804
-0.494113
-0.482602
-0.47128
-0.460157
-0.449245
-0.438554
-0.428094
-0.417881
-0.407926
-0.398246
-0.388858
-0.379776
-0.371025
-0.362623
-0.35459
-0.346955
-0.339742
-0.332979
-0.326692
-0.320909
-0.315665
-0.310984
-0.306895
-0.303423
-0.300589
-0.298409
-0.296892
-0.296043
-0.29586
-0.296329
-0.297434
-0.299153
-0.301451
-0.304296
-0.307648
-0.311468
-0.315716
-0.320352
-0.325335
-0.330625
-0.336192
-0.341998
-0.348013
-0.354209
-0.360557
-0.367036
-0.37362
-0.380292
-0.387031
-0.393824
-0.400653
-0.407505
-0.414369
-0.421233
-0.428086
-0.434922
-0.441728
-0.448499
-0.455231
-0.461914
-0.468542
-0.475112
-0.481618
-0.488056
-0.494423
-0.500715
-0.50693
-0.513065
-0.519118
-0.525086
-0.530969
-0.536762
-0.542466
-0.548079
-0.553601
-0.559032
-0.564373
-0.569617
-0.574769
-0.579827
-0.584793
-0.589665
-0.594445
-0.599133
-0.603729
-0.608235
-0.612648
-0.616972
-0.621205
-0.625352
-0.62941
-0.633379
-0.637263
-0.641061
-0.644774
-0.648403
-0.65195
-0.655412
-0.658788
-0.662085
-0.665302
-0.668438
-0.671491
-0.674467
-0.677366
-0.680183
-0.682922
-0.685583
-0.688166
-0.690672
-0.693099
-0.69545
-0.697722
-0.699916
-0.702034
-0.704074
-0.706036
-0.707921
-0.709727
-0.711454
-0.713105
-0.714677
-0.716171
-0.717586
-0.718922
-0.720179
-0.721356
-0.722453
-0.72347
-0.724406
-0.72526
-0.726035
-0.726728
-0.727336
-0.727864
-0.728309
-0.728672
-0.72895
-0.729144
-0.729254
-0.729278
-0.729217
-0.729071
-0.728839
-0.728521
-0.728115
-0.72762
-0.72704
-0.726372
-0.725616
-0.724771
-0.723838
-0.722815
-0.721703
-0.720502
-0.719209
-0.717827
-0.716351
-0.714789
-0.713132
-0.711385
-0.709547
-0.707615
-0.705591
-0.703475
-0.701267
-0.698965
-0.69657
-0.694082
-0.691499
-0.688826
-0.686057
-0.683195
-0.680239
-0.677189
-0.674046
-0.670808
-0.667476
-0.664051
-0.660532
-0.656918
-0.65321
-0.649408
-0.645512
-0.641526
-0.637441
-0.633263
-0.628993
-0.624626
-0.620169
-0.61562
-1.24062
-1.24007
-1.23952
-1.23898
-1.23843
-1.23788
-1.23734
-1.2368
-1.23625
-1.23571
-1.23516
-1.23461
-1.23406
-1.2335
-1.23295
-1.23238
-1.23181
-1.23123
-1.23064
-1.23004
-1.22942
-1.22879
-1.22815
-1.22748
-1.22679
-1.22607
-1.22532
-1.22454
-1.22373
-1.22287
-1.22196
-1.221
-1.21998
-1.2189
-1.21774
-1.21651
-1.21518
-1.21375
-1.21222
-1.21056
-1.20876
-1.20681
-1.2047
-1.20242
-1.19993
-1.19722
-1.19427
-1.19107
-1.18758
-1.18379
-1.17968
-1.17523
-1.17041
-1.1652
-1.15959
-1.15356
-1.1471
-1.1402
-1.13285
-1.12507
-1.11684
-1.10817
-1.09908
-1.08959
-1.07969
-1.06943
-1.0588
-1.04785
-1.03659
-1.02503
-1.01322
-1.00116
-0.988871
-0.976385
-0.963719
-0.950889
-0.937914
-0.924812
-0.911597
-0.898287
-0.884894
-0.871433
-0.857915
-0.844353
-0.83076
-0.817147
-0.803523
-0.789898
-0.776279
-0.762679
-0.749107
-0.735569
-0.722074
-0.70863
-0.695245
-0.681927
-0.668682
-0.655519
-0.642443
-0.62946
-0.61658
-0.603811
-0.591157
-0.578628
-0.566228
-0.553968
-0.541855
-0.529895
-0.518097
-0.50647
-0.495021
-0.483762
-0.472703
-0.461852
-0.451221
-0.440824
-0.430671
-0.420774
-0.411154
-0.401822
-0.392797
-0.384095
-0.37574
-0.36775
-0.360147
-0.352956
-0.346203
-0.339912
-0.334108
-0.328816
-0.324066
-0.319881
-0.31628
-0.313286
-0.310912
-0.30917
-0.308063
-0.307593
-0.307752
-0.308522
-0.309888
-0.311825
-0.314307
-0.317293
-0.320752
-0.324649
-0.328949
-0.33361
-0.3386
-0.343883
-0.349425
-0.355198
-0.361171
-0.367319
-0.373615
-0.380038
-0.386565
-0.393177
-0.399858
-0.40659
-0.413359
-0.420151
-0.426955
-0.433759
-0.440555
-0.447331
-0.454079
-0.460792
-0.467464
-0.474088
-0.480657
-0.487167
-0.493611
-0.499987
-0.506291
-0.512517
-0.518665
-0.524731
-0.530714
-0.536609
-0.542417
-0.548134
-0.553758
-0.559292
-0.564732
-0.570078
-0.575329
-0.580488
-0.585549
-0.590515
-0.595386
-0.600164
-0.604847
-0.609437
-0.613934
-0.618338
-0.62265
-0.626872
-0.631002
-0.635042
-0.638997
-0.642862
-0.646643
-0.650337
-0.653948
-0.657474
-0.660918
-0.664278
-0.667555
-0.670754
-0.673872
-0.676911
-0.679872
-0.682755
-0.68556
-0.688288
-0.690939
-0.693514
-0.696013
-0.698436
-0.700785
-0.703057
-0.705254
-0.707377
-0.709424
-0.711395
-0.713291
-0.715112
-0.716855
-0.718526
-0.72012
-0.721639
-0.723082
-0.724449
-0.725738
-0.726951
-0.728087
-0.729145
-0.730126
-0.731028
-0.731852
-0.732595
-0.733261
-0.733847
-0.734352
-0.734775
-0.735119
-0.735381
-0.735561
-0.735659
-0.735673
-0.735605
-0.735455
-0.735218
-0.734899
-0.734494
-0.734004
-0.73343
-0.732765
-0.732017
-0.731182
-0.730261
-0.729252
-0.728155
-0.726972
-0.725697
-0.724337
-0.722885
-0.721345
-0.719714
-0.717994
-0.716183
-0.714283
-0.712292
-0.710209
-0.708036
-0.705771
-0.703414
-0.700964
-0.698424
-0.695793
-0.693069
-0.690253
-0.687344
-0.684343
-0.68125
-0.678063
-0.674784
-0.671413
-0.66795
-0.664394
-0.660745
-0.657004
-0.653174
-0.649247
-0.645228
-0.641117
-0.636912
-0.632618
-0.628233
-0.623756
-1.24164
-1.24101
-1.24038
-1.23975
-1.23912
-1.23849
-1.23786
-1.23722
-1.23658
-1.23593
-1.23529
-1.23464
-1.23398
-1.23331
-1.23264
-1.23196
-1.23127
-1.23056
-1.22985
-1.22912
-1.22837
-1.2276
-1.22681
-1.22599
-1.22514
-1.22427
-1.22335
-1.2224
-1.22141
-1.22037
-1.21927
-1.21812
-1.21689
-1.2156
-1.21422
-1.21276
-1.2112
-1.20954
-1.20775
-1.20584
-1.20379
-1.20157
-1.19919
-1.19663
-1.19386
-1.19088
-1.18765
-1.18417
-1.18041
-1.17636
-1.172
-1.16731
-1.16226
-1.15685
-1.15107
-1.14488
-1.1383
-1.13131
-1.12391
-1.11609
-1.10786
-1.09923
-1.09021
-1.0808
-1.07103
-1.06089
-1.05043
-1.03965
-1.02858
-1.01723
-1.00562
-0.993775
-0.981713
-0.969452
-0.957013
-0.944412
-0.931667
-0.918792
-0.905803
-0.892717
-0.879546
-0.866304
-0.853004
-0.839655
-0.826275
-0.812871
-0.799456
-0.786036
-0.772622
-0.759223
-0.74585
-0.732512
-0.719215
-0.70597
-0.692782
-0.679661
-0.666615
-0.653652
-0.640777
-0.627998
-0.615323
-0.60276
-0.590318
-0.578002
-0.565823
-0.553786
-0.5419
-0.530175
-0.518617
-0.507238
-0.496046
-0.485053
-0.474266
-0.4637
-0.453365
-0.443274
-0.433437
-0.423873
-0.414597
-0.405625
-0.396974
-0.38866
-0.380708
-0.373135
-0.365965
-0.359221
-0.352925
-0.3471
-0.341771
-0.33696
-0.332688
-0.328977
-0.325842
-0.323305
-0.321369
-0.32004
-0.319321
-0.319207
-0.319687
-0.320747
-0.322365
-0.32452
-0.327181
-0.330316
-0.333896
-0.337884
-0.34225
-0.346957
-0.351974
-0.35727
-0.362814
-0.368575
-0.374529
-0.380651
-0.386916
-0.393304
-0.399794
-0.406367
-0.413005
-0.419694
-0.42642
-0.433169
-0.439928
-0.446687
-0.453436
-0.460166
-0.466867
-0.473533
-0.480155
-0.486727
-0.493245
-0.499702
-0.506094
-0.512414
-0.51866
-0.524828
-0.530914
-0.536916
-0.542831
-0.548657
-0.554394
-0.560037
-0.565585
-0.57104
-0.576398
-0.581661
-0.586826
-0.591895
-0.596865
-0.60174
-0.606516
-0.611195
-0.615779
-0.620268
-0.624663
-0.628963
-0.63317
-0.637284
-0.641309
-0.645244
-0.649089
-0.65285
-0.656522
-0.660109
-0.663611
-0.66703
-0.670366
-0.67362
-0.676794
-0.679888
-0.682905
-0.685845
-0.688707
-0.69149
-0.694199
-0.696833
-0.699392
-0.701877
-0.704288
-0.706625
-0.708891
-0.711082
-0.7132
-0.715246
-0.71722
-0.71912
-0.720946
-0.722701
-0.72438
-0.725989
-0.727525
-0.728988
-0.730377
-0.731692
-0.732934
-0.734101
-0.735193
-0.736211
-0.737153
-0.73802
-0.73881
-0.739523
-0.740159
-0.740719
-0.741202
-0.741605
-0.741928
-0.742174
-0.74234
-0.742425
-0.74243
-0.742353
-0.742196
-0.741957
-0.741636
-0.741233
-0.740747
-0.740177
-0.739522
-0.738783
-0.737956
-0.737047
-0.736052
-0.734972
-0.733805
-0.732554
-0.731214
-0.729786
-0.72827
-0.726668
-0.724976
-0.723195
-0.721327
-0.719369
-0.717322
-0.715186
-0.71296
-0.710642
-0.708235
-0.705739
-0.703151
-0.700473
-0.697706
-0.694847
-0.691896
-0.688855
-0.685723
-0.6825
-0.679186
-0.67578
-0.672285
-0.668702
-0.665024
-0.661253
-0.657394
-0.653442
-0.6494
-0.645269
-0.641048
-0.636737
-0.632336
-1.2427
-1.24199
-1.24127
-1.24055
-1.23983
-1.23911
-1.23838
-1.23765
-1.23691
-1.23616
-1.23541
-1.23465
-1.23388
-1.2331
-1.23231
-1.23151
-1.23069
-1.22986
-1.22901
-1.22814
-1.22725
-1.22634
-1.2254
-1.22443
-1.22342
-1.22238
-1.2213
-1.22017
-1.219
-1.21777
-1.21648
-1.21512
-1.2137
-1.21219
-1.21059
-1.20891
-1.20712
-1.20521
-1.20319
-1.20102
-1.19872
-1.19625
-1.1936
-1.19077
-1.18774
-1.18449
-1.181
-1.17726
-1.17325
-1.16896
-1.16436
-1.15945
-1.1542
-1.14861
-1.14266
-1.13634
-1.12964
-1.12257
-1.1151
-1.10726
-1.09903
-1.09043
-1.08146
-1.07213
-1.06246
-1.05245
-1.04213
-1.03151
-1.02061
-1.00944
-0.99803
-0.986388
-0.974533
-0.962489
-0.950267
-0.937885
-0.925359
-0.912705
-0.899937
-0.88707
-0.874118
-0.861094
-0.848011
-0.834877
-0.82171
-0.808517
-0.795311
-0.782102
-0.768895
-0.755704
-0.742535
-0.729401
-0.716309
-0.703268
-0.690285
-0.677369
-0.664529
-0.651774
-0.639109
-0.626542
-0.61408
-0.601735
-0.589513
-0.577423
-0.565471
-0.553667
-0.542022
-0.530542
-0.519237
-0.508117
-0.497194
-0.486478
-0.475977
-0.465707
-0.455678
-0.445902
-0.436397
-0.427176
-0.418254
-0.409649
-0.40138
-0.393462
-0.385919
-0.378767
-0.37203
-0.36573
-0.359886
-0.354521
-0.349656
-0.345311
-0.341504
-0.338252
-0.335567
-0.333461
-0.331938
-0.331003
-0.330652
-0.330876
-0.331665
-0.333001
-0.334867
-0.337233
-0.340078
-0.343368
-0.347075
-0.351167
-0.355613
-0.360382
-0.365446
-0.370773
-0.376336
-0.382108
-0.388063
-0.394179
-0.400434
-0.406806
-0.413278
-0.419827
-0.426441
-0.433103
-0.439801
-0.446519
-0.453248
-0.459975
-0.46669
-0.473386
-0.480052
-0.486681
-0.493264
-0.499797
-0.506272
-0.512685
-0.51903
-0.525301
-0.531496
-0.537611
-0.543641
-0.549585
-0.555439
-0.5612
-0.566868
-0.57244
-0.577915
-0.583292
-0.588571
-0.59375
-0.598829
-0.603808
-0.608691
-0.613469
-0.61815
-0.622731
-0.627214
-0.631601
-0.635891
-0.640083
-0.644183
-0.64819
-0.652105
-0.655929
-0.659664
-0.663313
-0.666873
-0.670349
-0.67374
-0.677047
-0.680273
-0.683417
-0.686482
-0.68947
-0.692382
-0.695215
-0.697974
-0.700654
-0.703263
-0.705799
-0.708263
-0.710654
-0.712973
-0.71522
-0.717399
-0.719505
-0.721542
-0.723507
-0.725403
-0.727229
-0.728985
-0.730667
-0.732282
-0.733827
-0.735302
-0.736706
-0.738039
-0.739301
-0.740492
-0.741611
-0.742659
-0.743633
-0.744536
-0.745366
-0.746122
-0.746804
-0.747409
-0.747942
-0.7484
-0.748781
-0.749086
-0.749313
-0.749463
-0.749537
-0.749532
-0.749447
-0.749285
-0.749042
-0.74872
-0.748318
-0.747834
-0.747268
-0.746621
-0.745892
-0.745079
-0.744185
-0.743203
-0.74214
-0.740992
-0.739761
-0.738443
-0.73704
-0.735551
-0.733977
-0.732316
-0.730568
-0.728732
-0.726811
-0.724801
-0.722702
-0.720515
-0.71824
-0.715877
-0.713426
-0.710885
-0.708255
-0.705536
-0.70273
-0.699833
-0.696846
-0.693771
-0.690606
-0.687351
-0.684007
-0.680577
-0.677054
-0.673443
-0.66974
-0.665947
-0.662067
-0.658098
-0.654041
-0.649895
-0.645661
-0.641339
-1.2438
-1.24299
-1.24219
-1.24138
-1.24056
-1.23974
-1.23892
-1.23808
-1.23724
-1.23638
-1.23552
-1.23465
-1.23376
-1.23286
-1.23195
-1.23102
-1.23008
-1.22911
-1.22812
-1.22711
-1.22608
-1.22501
-1.22392
-1.22279
-1.22162
-1.22041
-1.21916
-1.21785
-1.21649
-1.21507
-1.21359
-1.21203
-1.2104
-1.20868
-1.20687
-1.20496
-1.20294
-1.2008
-1.19853
-1.19613
-1.19357
-1.19085
-1.18795
-1.18487
-1.18158
-1.17808
-1.17434
-1.17036
-1.16611
-1.16159
-1.15678
-1.15166
-1.14623
-1.14046
-1.13436
-1.12792
-1.12112
-1.11396
-1.10645
-1.09857
-1.09034
-1.08176
-1.07284
-1.06359
-1.054
-1.04411
-1.03392
-1.02344
-1.0127
-1.0017
-0.990471
-0.979021
-0.967362
-0.95552
-0.943504
-0.931331
-0.919018
-0.906578
-0.894025
-0.881374
-0.868638
-0.85583
-0.842961
-0.830044
-0.817088
-0.804108
-0.791113
-0.778114
-0.765119
-0.752138
-0.73918
-0.726255
-0.713373
-0.700542
-0.68777
-0.675066
-0.66244
-0.649899
-0.637451
-0.625104
-0.612867
-0.600748
-0.588756
-0.576898
-0.565186
-0.553626
-0.542231
-0.531007
-0.519966
-0.509117
-0.498473
-0.488043
-0.477839
-0.467873
-0.458161
-0.448715
-0.439549
-0.430681
-0.422123
-0.413893
-0.40601
-0.398494
-0.39136
-0.38463
-0.378326
-0.372467
-0.367072
-0.362158
-0.357747
-0.353855
-0.350495
-0.347684
-0.345429
-0.343736
-0.34261
-0.34205
-0.342048
-0.342596
-0.343683
-0.345286
-0.347389
-0.349968
-0.352997
-0.356445
-0.360287
-0.364492
-0.369032
-0.373878
-0.379002
-0.384378
-0.389978
-0.395777
-0.401753
-0.40788
-0.414141
-0.420514
-0.426981
-0.433526
-0.440131
-0.446783
-0.453467
-0.460171
-0.466882
-0.473591
-0.480286
-0.486959
-0.493602
-0.500204
-0.506759
-0.513261
-0.519704
-0.526081
-0.532387
-0.538618
-0.544769
-0.550836
-0.556816
-0.562707
-0.568504
-0.574206
-0.57981
-0.585314
-0.590717
-0.59602
-0.60122
-0.606317
-0.611313
-0.616204
-0.620993
-0.62568
-0.630262
-0.634744
-0.639128
-0.643408
-0.647591
-0.651677
-0.655667
-0.659562
-0.663364
-0.667075
-0.670697
-0.67423
-0.677675
-0.681033
-0.68431
-0.687503
-0.690616
-0.693646
-0.6966
-0.699476
-0.702276
-0.705001
-0.707652
-0.710227
-0.712732
-0.715166
-0.71753
-0.719823
-0.722046
-0.724201
-0.726289
-0.728309
-0.730259
-0.732141
-0.733957
-0.735706
-0.737386
-0.738997
-0.740542
-0.742022
-0.743433
-0.744776
-0.746051
-0.747258
-0.748397
-0.749467
-0.750467
-0.751398
-0.752259
-0.75305
-0.75377
-0.754419
-0.754994
-0.755499
-0.755931
-0.75629
-0.756574
-0.756784
-0.756919
-0.75698
-0.756964
-0.756873
-0.756704
-0.756458
-0.756136
-0.755734
-0.755253
-0.754693
-0.754053
-0.753334
-0.752534
-0.751652
-0.750689
-0.749644
-0.748513
-0.747305
-0.746012
-0.744634
-0.743174
-0.741629
-0.739999
-0.738283
-0.736483
-0.734597
-0.732627
-0.730567
-0.728423
-0.726191
-0.723874
-0.72147
-0.718978
-0.716398
-0.713732
-0.710978
-0.708136
-0.705207
-0.70219
-0.699084
-0.695892
-0.692615
-0.689246
-0.68579
-0.682244
-0.67861
-0.674892
-0.671084
-0.66719
-0.663208
-0.65914
-0.654986
-0.650745
-1.24492
-1.24403
-1.24313
-1.24222
-1.24131
-1.24039
-1.23946
-1.23851
-1.23756
-1.2366
-1.23562
-1.23463
-1.23362
-1.2326
-1.23156
-1.2305
-1.22942
-1.22832
-1.22719
-1.22603
-1.22484
-1.22363
-1.22238
-1.22108
-1.21975
-1.21836
-1.21693
-1.21545
-1.2139
-1.21229
-1.21061
-1.20885
-1.20701
-1.20508
-1.20306
-1.20092
-1.19867
-1.1963
-1.1938
-1.19116
-1.18836
-1.1854
-1.18226
-1.17893
-1.1754
-1.17166
-1.16768
-1.16347
-1.15901
-1.15427
-1.14926
-1.14395
-1.13835
-1.13242
-1.12619
-1.11962
-1.11273
-1.1055
-1.09794
-1.09004
-1.0818
-1.07324
-1.06436
-1.05517
-1.04567
-1.03588
-1.0258
-1.01546
-1.00486
-0.994026
-0.982962
-0.971688
-0.960215
-0.948565
-0.936747
-0.924776
-0.912668
-0.900435
-0.888092
-0.875652
-0.863128
-0.850532
-0.837877
-0.825173
-0.81243
-0.799663
-0.786881
-0.774096
-0.761314
-0.748546
-0.735802
-0.723092
-0.710424
-0.697809
-0.685254
-0.672769
-0.660362
-0.648044
-0.63582
-0.623701
-0.611694
-0.599808
-0.588056
-0.576442
-0.564978
-0.553672
-0.542536
-0.531579
-0.52081
-0.510243
-0.499887
-0.489754
-0.479855
-0.470208
-0.460822
-0.451713
-0.442895
-0.434384
-0.426196
-0.418349
-0.410857
-0.403743
-0.397023
-0.390715
-0.384842
-0.379418
-0.374462
-0.369991
-0.366023
-0.36257
-0.359644
-0.357257
-0.355415
-0.354118
-0.353371
-0.353169
-0.353504
-0.354365
-0.355734
-0.357598
-0.359935
-0.362725
-0.365937
-0.369547
-0.373529
-0.377855
-0.382499
-0.387434
-0.392634
-0.398072
-0.403724
-0.409566
-0.415577
-0.421733
-0.428014
-0.434404
-0.440885
-0.44744
-0.454051
-0.460706
-0.467391
-0.474094
-0.480802
-0.487504
-0.494191
-0.500855
-0.507483
-0.51407
-0.520608
-0.527088
-0.533507
-0.539859
-0.546134
-0.552331
-0.558446
-0.564473
-0.570409
-0.576252
-0.581997
-0.587642
-0.593187
-0.598629
-0.603965
-0.609194
-0.61432
-0.619337
-0.624248
-0.629052
-0.633749
-0.638342
-0.642829
-0.647208
-0.651488
-0.655665
-0.65974
-0.663716
-0.667594
-0.671375
-0.675062
-0.678657
-0.682161
-0.685576
-0.688902
-0.692143
-0.6953
-0.698374
-0.701369
-0.704284
-0.707121
-0.709882
-0.712568
-0.71518
-0.71772
-0.720186
-0.722584
-0.724913
-0.727173
-0.729366
-0.73149
-0.733549
-0.735543
-0.737472
-0.739333
-0.74113
-0.742862
-0.744531
-0.746134
-0.74767
-0.749144
-0.750555
-0.7519
-0.753181
-0.754396
-0.755546
-0.756631
-0.757649
-0.758601
-0.759486
-0.760305
-0.761056
-0.76174
-0.762354
-0.762898
-0.763374
-0.763778
-0.764114
-0.764378
-0.764571
-0.764691
-0.764738
-0.764711
-0.764612
-0.764438
-0.76419
-0.763865
-0.763465
-0.76299
-0.762435
-0.761803
-0.761094
-0.760306
-0.759439
-0.758493
-0.757467
-0.75636
-0.755172
-0.753902
-0.752552
-0.75112
-0.749605
-0.748009
-0.746328
-0.744564
-0.742715
-0.740784
-0.738767
-0.736666
-0.73448
-0.73221
-0.729855
-0.727414
-0.724887
-0.722274
-0.719575
-0.71679
-0.713919
-0.710962
-0.707923
-0.704794
-0.701579
-0.698277
-0.694888
-0.691411
-0.687851
-0.684205
-0.680474
-0.676656
-0.672752
-0.668764
-0.664691
-0.660533
-1.24607
-1.24508
-1.24409
-1.24308
-1.24206
-1.24104
-1.23999
-1.23894
-1.23788
-1.2368
-1.2357
-1.23459
-1.23346
-1.2323
-1.23113
-1.22994
-1.22872
-1.22748
-1.2262
-1.2249
-1.22356
-1.22218
-1.22077
-1.21931
-1.21781
-1.21625
-1.21464
-1.21297
-1.21123
-1.20943
-1.20756
-1.20559
-1.20355
-1.20141
-1.19916
-1.19681
-1.19434
-1.19174
-1.18901
-1.18614
-1.18311
-1.17991
-1.17654
-1.17298
-1.16922
-1.16524
-1.16105
-1.15662
-1.15194
-1.14701
-1.14181
-1.13633
-1.13056
-1.1245
-1.11813
-1.11146
-1.10448
-1.09719
-1.08957
-1.08165
-1.07341
-1.06487
-1.05602
-1.04688
-1.03746
-1.02776
-1.01779
-1.00757
-0.997112
-0.986422
-0.975517
-0.964409
-0.953113
-0.941645
-0.930015
-0.918239
-0.906328
-0.894297
-0.882159
-0.869926
-0.85761
-0.845223
-0.832779
-0.820287
-0.807756
-0.795203
-0.782635
-0.770063
-0.757498
-0.744946
-0.73242
-0.719927
-0.707478
-0.695083
-0.682751
-0.670491
-0.658311
-0.646221
-0.63423
-0.622344
-0.610575
-0.598933
-0.587426
-0.576064
-0.564857
-0.553815
-0.542947
-0.532265
-0.521778
-0.511501
-0.501443
-0.491615
-0.482034
-0.472709
-0.463658
-0.454893
-0.44643
-0.438284
-0.430473
-0.423011
-0.415915
-0.409204
-0.402895
-0.397008
-0.39156
-0.386566
-0.382044
-0.378007
-0.374469
-0.371443
-0.368937
-0.366958
-0.365511
-0.364595
-0.364212
-0.364355
-0.36501
-0.366169
-0.367816
-0.369934
-0.372501
-0.375495
-0.378894
-0.382669
-0.386798
-0.391255
-0.396011
-0.401045
-0.406332
-0.411844
-0.417561
-0.423461
-0.42952
-0.435718
-0.442038
-0.448458
-0.454967
-0.461544
-0.468177
-0.474849
-0.481548
-0.488262
-0.494979
-0.501688
-0.508378
-0.515043
-0.52167
-0.528251
-0.534781
-0.541251
-0.547654
-0.553988
-0.560242
-0.566414
-0.572499
-0.578493
-0.584391
-0.590192
-0.595891
-0.601485
-0.606974
-0.612355
-0.617627
-0.62279
-0.627841
-0.63278
-0.637609
-0.642326
-0.646933
-0.651429
-0.655819
-0.660102
-0.664276
-0.668345
-0.672311
-0.676176
-0.67994
-0.683606
-0.687175
-0.690651
-0.694035
-0.697327
-0.700533
-0.703651
-0.706686
-0.709639
-0.712514
-0.715307
-0.718024
-0.720666
-0.723234
-0.72573
-0.728156
-0.730509
-0.732797
-0.735017
-0.737171
-0.739259
-0.741283
-0.743242
-0.745141
-0.746974
-0.748744
-0.750453
-0.7521
-0.753686
-0.755206
-0.756668
-0.758069
-0.759408
-0.760685
-0.761902
-0.763055
-0.764147
-0.765176
-0.766142
-0.767044
-0.767882
-0.768657
-0.769368
-0.770013
-0.770591
-0.771105
-0.771549
-0.771928
-0.77224
-0.772483
-0.772657
-0.772762
-0.772797
-0.77276
-0.77265
-0.772472
-0.77222
-0.771897
-0.771497
-0.771024
-0.770476
-0.769854
-0.769155
-0.76838
-0.767529
-0.7666
-0.765594
-0.764509
-0.763345
-0.762103
-0.760782
-0.759376
-0.757892
-0.756328
-0.754684
-0.752957
-0.751149
-0.749259
-0.747286
-0.74523
-0.743091
-0.740869
-0.738564
-0.736175
-0.733701
-0.731144
-0.728501
-0.725776
-0.722966
-0.720075
-0.717096
-0.714032
-0.710884
-0.707647
-0.70433
-0.700928
-0.697442
-0.69387
-0.690215
-0.686476
-0.682654
-0.678747
-0.674757
-0.670683
-1.24725
-1.24616
-1.24506
-1.24395
-1.24282
-1.24168
-1.24053
-1.23937
-1.23818
-1.23698
-1.23576
-1.23452
-1.23326
-1.23198
-1.23067
-1.22934
-1.22798
-1.22659
-1.22517
-1.22371
-1.22221
-1.22068
-1.2191
-1.21748
-1.2158
-1.21406
-1.21227
-1.21042
-1.20849
-1.2065
-1.20442
-1.20226
-1.20001
-1.19766
-1.19521
-1.19264
-1.18995
-1.18713
-1.18418
-1.18108
-1.17782
-1.17439
-1.1708
-1.16701
-1.16303
-1.15884
-1.15444
-1.1498
-1.14493
-1.13981
-1.13444
-1.12879
-1.12288
-1.11668
-1.1102
-1.10343
-1.09637
-1.08901
-1.08135
-1.0734
-1.06516
-1.05663
-1.04782
-1.03874
-1.02938
-1.01976
-1.0099
-0.99979
-0.989455
-0.978904
-0.968148
-0.957198
-0.946071
-0.934777
-0.923328
-0.911738
-0.900019
-0.888183
-0.876244
-0.864213
-0.852102
-0.839923
-0.827687
-0.815405
-0.803088
-0.790747
-0.778393
-0.766036
-0.753688
-0.741356
-0.72905
-0.716778
-0.704554
-0.692382
-0.680277
-0.668246
-0.656298
-0.644443
-0.63269
-0.621047
-0.609523
-0.598131
-0.586878
-0.575776
-0.564833
-0.554061
-0.543471
-0.533073
-0.522878
-0.512898
-0.503144
-0.493631
-0.484373
-0.475381
-0.466673
-0.458259
-0.450156
-0.442379
-0.434947
-0.427871
-0.421173
-0.414868
-0.408967
-0.403499
-0.398471
-0.393901
-0.389802
-0.386188
-0.38307
-0.380457
-0.378357
-0.37677
-0.375706
-0.375158
-0.375124
-0.375595
-0.376562
-0.37801
-0.379926
-0.38229
-0.385084
-0.388284
-0.391868
-0.395812
-0.400092
-0.404683
-0.409561
-0.414703
-0.420086
-0.425685
-0.43148
-0.437448
-0.443568
-0.449821
-0.456191
-0.462659
-0.469206
-0.47582
-0.482486
-0.489188
-0.495914
-0.502653
-0.50939
-0.516117
-0.522824
-0.529499
-0.536135
-0.542722
-0.549253
-0.555722
-0.56212
-0.568444
-0.574686
-0.58084
-0.586903
-0.592869
-0.598737
-0.604501
-0.610158
-0.615707
-0.621146
-0.626472
-0.631682
-0.636778
-0.641758
-0.646622
-0.651371
-0.656001
-0.660519
-0.664922
-0.669215
-0.673395
-0.677466
-0.681427
-0.685282
-0.689032
-0.692682
-0.696229
-0.699679
-0.703031
-0.706291
-0.709462
-0.712542
-0.715536
-0.718447
-0.721275
-0.724023
-0.726691
-0.729286
-0.731806
-0.734254
-0.736631
-0.738938
-0.741176
-0.743349
-0.745458
-0.747502
-0.749483
-0.751402
-0.753261
-0.755059
-0.756795
-0.758472
-0.76009
-0.76165
-0.763151
-0.76459
-0.765972
-0.767297
-0.768564
-0.769772
-0.770921
-0.772011
-0.773042
-0.774014
-0.774926
-0.775778
-0.776569
-0.777299
-0.777966
-0.778572
-0.779116
-0.779596
-0.780011
-0.780363
-0.78065
-0.780872
-0.781027
-0.781116
-0.781137
-0.781089
-0.780973
-0.78079
-0.780534
-0.780208
-0.779812
-0.779343
-0.778803
-0.77819
-0.777503
-0.776742
-0.775906
-0.774995
-0.774009
-0.772947
-0.771807
-0.770593
-0.7693
-0.767928
-0.766475
-0.764946
-0.763338
-0.76165
-0.759881
-0.758034
-0.756106
-0.754096
-0.752006
-0.749833
-0.747581
-0.745245
-0.742827
-0.740326
-0.737742
-0.735081
-0.732333
-0.729503
-0.726589
-0.723593
-0.720509
-0.717347
-0.714101
-0.710773
-0.707361
-0.703868
-0.700291
-0.696632
-0.692891
-0.689069
-0.685162
-0.681175
-1.24844
-1.24725
-1.24604
-1.24482
-1.24358
-1.24233
-1.24106
-1.23977
-1.23847
-1.23715
-1.2358
-1.23443
-1.23304
-1.23162
-1.23017
-1.2287
-1.2272
-1.22566
-1.22408
-1.22247
-1.22081
-1.21912
-1.21737
-1.21558
-1.21372
-1.21181
-1.20984
-1.2078
-1.20569
-1.2035
-1.20122
-1.19886
-1.19641
-1.19385
-1.19118
-1.18841
-1.18551
-1.18247
-1.1793
-1.17598
-1.1725
-1.16887
-1.16505
-1.16105
-1.15686
-1.15247
-1.14786
-1.14304
-1.13798
-1.13269
-1.12715
-1.12136
-1.1153
-1.10898
-1.10239
-1.09553
-1.08839
-1.08097
-1.07328
-1.06531
-1.05706
-1.04855
-1.03976
-1.03072
-1.02143
-1.01189
-1.00212
-0.992119
-0.981904
-0.971483
-0.960868
-0.950069
-0.939102
-0.927975
-0.9167
-0.905288
-0.893754
-0.882109
-0.870364
-0.858531
-0.846621
-0.834646
-0.822617
-0.810544
-0.798439
-0.78631
-0.774171
-0.762032
-0.749901
-0.737791
-0.725707
-0.71366
-0.701662
-0.689721
-0.677845
-0.666049
-0.654339
-0.642725
-0.631215
-0.61982
-0.60855
-0.597414
-0.586423
-0.575587
-0.564917
-0.554423
-0.544116
-0.534008
-0.524111
-0.514436
-0.504998
-0.495808
-0.486879
-0.478226
-0.469864
-0.461806
-0.454067
-0.446664
-0.439612
-0.432926
-0.426624
-0.420722
-0.415232
-0.410174
-0.405561
-0.401407
-0.397724
-0.394523
-0.391813
-0.3896
-0.387891
-0.386686
-0.38599
-0.385796
-0.386096
-0.386886
-0.388154
-0.389884
-0.392061
-0.394665
-0.397682
-0.401085
-0.404856
-0.408971
-0.413407
-0.418138
-0.423144
-0.428402
-0.433891
-0.439586
-0.445468
-0.451515
-0.457709
-0.464029
-0.470461
-0.476986
-0.483587
-0.490249
-0.49696
-0.503705
-0.51047
-0.517243
-0.524013
-0.530769
-0.537501
-0.544199
-0.550854
-0.557457
-0.564
-0.570477
-0.57688
-0.583202
-0.589439
-0.595583
-0.601631
-0.607578
-0.61342
-0.619154
-0.624776
-0.630286
-0.635677
-0.64095
-0.646103
-0.651136
-0.656048
-0.660838
-0.665507
-0.670056
-0.674485
-0.678796
-0.682989
-0.687069
-0.691032
-0.694886
-0.69863
-0.702263
-0.705793
-0.709222
-0.712547
-0.715776
-0.718911
-0.721955
-0.724907
-0.727775
-0.730557
-0.733255
-0.735875
-0.738417
-0.740885
-0.74328
-0.745604
-0.747859
-0.750045
-0.752166
-0.75422
-0.756214
-0.758146
-0.760017
-0.761829
-0.763582
-0.765278
-0.766916
-0.768497
-0.770022
-0.771491
-0.772902
-0.77426
-0.775562
-0.77681
-0.778003
-0.77914
-0.78022
-0.781245
-0.782215
-0.783128
-0.783985
-0.784785
-0.785526
-0.78621
-0.786835
-0.787402
-0.787909
-0.788356
-0.788742
-0.789065
-0.789327
-0.789527
-0.789664
-0.789736
-0.789743
-0.789689
-0.789564
-0.789373
-0.789115
-0.788789
-0.788395
-0.787932
-0.787398
-0.786794
-0.786119
-0.785373
-0.784554
-0.783662
-0.782697
-0.781658
-0.780544
-0.779357
-0.778095
-0.776756
-0.775339
-0.773846
-0.772273
-0.770624
-0.768898
-0.767095
-0.765211
-0.76325
-0.761209
-0.759088
-0.756887
-0.754607
-0.752245
-0.749803
-0.747285
-0.74468
-0.741996
-0.73923
-0.736384
-0.733454
-0.730443
-0.727352
-0.72418
-0.720928
-0.717593
-0.714178
-0.710681
-0.707104
-0.703447
-0.699707
-0.695887
-0.691989
-1.24964
-1.24834
-1.24702
-1.24569
-1.24433
-1.24297
-1.24158
-1.24017
-1.23874
-1.23729
-1.23581
-1.23431
-1.23278
-1.23122
-1.22964
-1.22802
-1.22637
-1.22468
-1.22295
-1.22118
-1.21936
-1.2175
-1.21558
-1.21362
-1.21159
-1.2095
-1.20734
-1.20512
-1.20282
-1.20043
-1.19796
-1.1954
-1.19275
-1.18999
-1.18712
-1.18413
-1.18102
-1.17777
-1.1744
-1.17086
-1.16717
-1.16333
-1.15931
-1.1551
-1.15071
-1.14612
-1.14133
-1.13632
-1.1311
-1.12564
-1.11995
-1.11402
-1.10783
-1.1014
-1.09471
-1.08776
-1.08055
-1.07308
-1.06535
-1.05735
-1.0491
-1.0406
-1.03185
-1.02285
-1.01362
-1.00415
-0.994465
-0.984566
-0.974464
-0.964168
-0.953685
-0.943032
-0.932217
-0.92125
-0.910143
-0.898906
-0.887552
-0.876091
-0.864536
-0.852897
-0.841185
-0.829411
-0.817587
-0.805722
-0.793826
-0.78191
-0.769987
-0.758065
-0.746154
-0.734265
-0.722407
-0.710588
-0.698819
-0.68711
-0.675472
-0.663913
-0.652445
-0.641077
-0.629818
-0.618677
-0.607665
-0.596791
-0.586068
-0.575505
-0.565114
-0.554905
-0.544888
-0.53508
-0.525487
-0.516125
-0.507005
-0.498144
-0.489551
-0.481242
-0.47323
-0.465532
-0.458161
-0.451134
-0.444464
-0.438167
-0.432261
-0.426758
-0.421676
-0.417023
-0.412819
-0.409073
-0.405796
-0.402997
-0.400684
-0.398859
-0.39753
-0.396695
-0.396353
-0.396499
-0.397124
-0.398223
-0.39978
-0.401782
-0.404213
-0.407057
-0.410291
-0.413897
-0.417856
-0.422143
-0.426736
-0.431614
-0.436754
-0.442136
-0.447738
-0.453537
-0.459516
-0.465653
-0.47193
-0.478329
-0.484833
-0.491426
-0.498092
-0.504815
-0.511581
-0.51838
-0.525194
-0.532014
-0.538827
-0.545624
-0.552392
-0.559123
-0.565806
-0.572434
-0.579
-0.585493
-0.591909
-0.598238
-0.604479
-0.610621
-0.616662
-0.622595
-0.628419
-0.634129
-0.639723
-0.645195
-0.650545
-0.65577
-0.660868
-0.665841
-0.670687
-0.675407
-0.679999
-0.684466
-0.688807
-0.693026
-0.697123
-0.701098
-0.704955
-0.708698
-0.712327
-0.715845
-0.719254
-0.722557
-0.725759
-0.728863
-0.731869
-0.734783
-0.737608
-0.740343
-0.742993
-0.745561
-0.748048
-0.750461
-0.752799
-0.755065
-0.757262
-0.759391
-0.761454
-0.763453
-0.765388
-0.767264
-0.76908
-0.770839
-0.772541
-0.774188
-0.775779
-0.777315
-0.778798
-0.780227
-0.781604
-0.782926
-0.784199
-0.785419
-0.786587
-0.787704
-0.788767
-0.78978
-0.790739
-0.791646
-0.7925
-0.7933
-0.794047
-0.794739
-0.795376
-0.795958
-0.796485
-0.796955
-0.797368
-0.797723
-0.798018
-0.798256
-0.798433
-0.798553
-0.798609
-0.798602
-0.798535
-0.798403
-0.798208
-0.797948
-0.797621
-0.797229
-0.796771
-0.796246
-0.795651
-0.794989
-0.794257
-0.793456
-0.792584
-0.791641
-0.790627
-0.789541
-0.788381
-0.78715
-0.785844
-0.784463
-0.783007
-0.781474
-0.779867
-0.778181
-0.776422
-0.774586
-0.772674
-0.770684
-0.768615
-0.766469
-0.764245
-0.761944
-0.759562
-0.7571
-0.75456
-0.751939
-0.749241
-0.74646
-0.743602
-0.740664
-0.737647
-0.73455
-0.731372
-0.728117
-0.724781
-0.721366
-0.717872
-0.714298
-0.710644
-0.706914
-0.703104
-1.25084
-1.24943
-1.24799
-1.24655
-1.24508
-1.24359
-1.24208
-1.24054
-1.23898
-1.2374
-1.23579
-1.23416
-1.23249
-1.23079
-1.22906
-1.22729
-1.22549
-1.22365
-1.22176
-1.21983
-1.21785
-1.21582
-1.21374
-1.2116
-1.2094
-1.20713
-1.20479
-1.20238
-1.19989
-1.19731
-1.19465
-1.19189
-1.18904
-1.18608
-1.183
-1.17981
-1.1765
-1.17305
-1.16946
-1.16573
-1.16183
-1.15779
-1.15357
-1.14917
-1.14459
-1.13982
-1.13485
-1.12967
-1.12428
-1.11867
-1.11283
-1.10676
-1.10047
-1.09393
-1.08714
-1.08012
-1.07284
-1.06532
-1.05755
-1.04954
-1.04129
-1.0328
-1.02407
-1.01512
-1.00594
-0.996544
-0.986941
-0.977137
-0.967141
-0.956963
-0.946608
-0.936094
-0.925425
-0.914613
-0.903667
-0.8926
-0.881421
-0.870141
-0.858772
-0.847322
-0.835805
-0.82423
-0.812608
-0.800949
-0.789263
-0.777561
-0.765852
-0.754148
-0.742458
-0.730794
-0.719161
-0.707573
-0.696038
-0.684566
-0.673168
-0.661854
-0.650632
-0.639514
-0.628509
-0.617627
-0.606878
-0.596273
-0.585823
-0.575541
-0.565435
-0.555516
-0.545796
-0.536291
-0.52701
-0.517966
-0.509172
-0.500642
-0.49239
-0.484429
-0.476774
-0.469438
-0.462437
-0.455785
-0.449498
-0.44359
-0.438077
-0.432971
-0.428288
-0.424038
-0.420234
-0.416888
-0.414007
-0.411601
-0.409671
-0.408227
-0.407266
-0.406787
-0.406785
-0.407261
-0.408199
-0.409595
-0.411434
-0.413702
-0.416382
-0.419458
-0.42291
-0.426718
-0.430863
-0.435323
-0.440078
-0.445105
-0.450386
-0.455898
-0.461619
-0.467531
-0.473614
-0.47985
-0.48622
-0.492707
-0.499294
-0.505966
-0.512705
-0.5195
-0.526334
-0.533194
-0.54007
-0.546946
-0.553815
-0.56066
-0.567475
-0.574249
-0.580972
-0.587635
-0.59423
-0.60075
-0.607187
-0.613533
-0.619784
-0.625932
-0.631973
-0.637901
-0.643714
-0.649406
-0.654973
-0.660415
-0.665726
-0.670907
-0.675956
-0.680873
-0.685656
-0.690307
-0.694824
-0.69921
-0.703464
-0.707591
-0.711589
-0.715461
-0.719214
-0.722843
-0.726354
-0.729753
-0.73304
-0.73622
-0.739294
-0.742267
-0.745145
-0.747927
-0.750617
-0.753218
-0.755734
-0.758167
-0.760521
-0.7628
-0.765005
-0.76714
-0.769206
-0.771206
-0.773143
-0.775018
-0.776829
-0.778585
-0.780284
-0.781927
-0.783517
-0.785055
-0.786539
-0.787972
-0.789354
-0.790687
-0.791966
-0.7932
-0.794386
-0.795523
-0.796609
-0.797648
-0.798639
-0.799581
-0.800471
-0.801315
-0.802109
-0.802853
-0.803546
-0.804188
-0.804779
-0.805317
-0.805803
-0.806235
-0.806614
-0.806938
-0.807205
-0.807419
-0.807575
-0.807672
-0.807712
-0.807694
-0.807616
-0.807476
-0.807276
-0.807014
-0.806688
-0.8063
-0.805846
-0.805329
-0.804746
-0.804096
-0.803381
-0.802598
-0.801746
-0.800827
-0.799838
-0.798778
-0.797649
-0.796449
-0.795176
-0.793831
-0.792413
-0.790921
-0.789356
-0.787718
-0.786005
-0.784214
-0.782351
-0.780413
-0.778399
-0.776307
-0.774144
-0.771899
-0.769578
-0.767179
-0.764703
-0.762147
-0.759515
-0.756804
-0.754019
-0.751154
-0.748211
-0.74519
-0.742091
-0.738914
-0.735659
-0.732327
-0.728916
-0.725427
-0.721862
-0.71822
-0.714501
-1.25204
-1.25051
-1.24896
-1.2474
-1.24581
-1.24419
-1.24255
-1.24089
-1.2392
-1.23749
-1.23574
-1.23397
-1.23216
-1.23032
-1.22844
-1.22652
-1.22457
-1.22257
-1.22052
-1.21843
-1.21629
-1.21409
-1.21183
-1.20952
-1.20714
-1.2047
-1.20218
-1.19958
-1.1969
-1.19414
-1.19128
-1.18833
-1.18528
-1.18212
-1.17885
-1.17546
-1.17195
-1.1683
-1.16451
-1.16058
-1.15649
-1.15225
-1.14784
-1.14327
-1.1385
-1.13356
-1.12842
-1.12308
-1.11754
-1.11178
-1.10581
-1.09962
-1.09321
-1.08657
-1.0797
-1.0726
-1.06526
-1.0577
-1.0499
-1.04187
-1.03362
-1.02514
-1.01644
-1.00753
-0.998401
-0.989071
-0.979547
-0.969835
-0.959941
-0.949875
-0.939644
-0.929262
-0.918735
-0.908073
-0.897284
-0.886381
-0.875372
-0.864269
-0.853082
-0.841821
-0.830496
-0.819117
-0.807695
-0.79624
-0.784763
-0.773273
-0.761779
-0.750294
-0.738826
-0.727387
-0.715985
-0.704631
-0.693331
-0.682098
-0.670943
-0.659875
-0.648904
-0.63804
-0.627294
-0.616677
-0.606197
-0.595866
-0.585695
-0.575697
-0.565881
-0.556257
-0.546842
-0.537645
-0.528681
-0.51996
-0.511496
-0.503303
-0.495395
-0.487785
-0.480487
-0.473517
-0.466888
-0.460613
-0.454707
-0.449187
-0.444064
-0.439351
-0.435062
-0.431206
-0.427797
-0.424842
-0.422349
-0.420324
-0.41877
-0.417691
-0.417084
-0.416949
-0.41728
-0.418073
-0.419316
-0.421
-0.423113
-0.425638
-0.428563
-0.431866
-0.435532
-0.439541
-0.443875
-0.448509
-0.453428
-0.458609
-0.464034
-0.469679
-0.475527
-0.481559
-0.487755
-0.494097
-0.500569
-0.507152
-0.513831
-0.520591
-0.527415
-0.534289
-0.5412
-0.548135
-0.55508
-0.562024
-0.568955
-0.575861
-0.582732
-0.589559
-0.59633
-0.603037
-0.609672
-0.616227
-0.622694
-0.629065
-0.635335
-0.641497
-0.647545
-0.653475
-0.659282
-0.664961
-0.670508
-0.675924
-0.681204
-0.686346
-0.691348
-0.696211
-0.700935
-0.705518
-0.709961
-0.714266
-0.718436
-0.722468
-0.726369
-0.730139
-0.73378
-0.737298
-0.740692
-0.743969
-0.747131
-0.750183
-0.753128
-0.755971
-0.758714
-0.761359
-0.763913
-0.766377
-0.768756
-0.771052
-0.773269
-0.775411
-0.77748
-0.779481
-0.781414
-0.783283
-0.785089
-0.786836
-0.788524
-0.790156
-0.791735
-0.793262
-0.794736
-0.796162
-0.797538
-0.798866
-0.800146
-0.801379
-0.802563
-0.803705
-0.804801
-0.805852
-0.806857
-0.807819
-0.808733
-0.809604
-0.810428
-0.811207
-0.811939
-0.812625
-0.813264
-0.813855
-0.814398
-0.814893
-0.815338
-0.815733
-0.816077
-0.816372
-0.816612
-0.816796
-0.81693
-0.817008
-0.817033
-0.817002
-0.816912
-0.816765
-0.816561
-0.816297
-0.815973
-0.815588
-0.815142
-0.814632
-0.814061
-0.813426
-0.812726
-0.811962
-0.811132
-0.810236
-0.809273
-0.808242
-0.807143
-0.805974
-0.804737
-0.803428
-0.802049
-0.8006
-0.799078
-0.797485
-0.795819
-0.79408
-0.792269
-0.79038
-0.788424
-0.78639
-0.78428
-0.782096
-0.779837
-0.777502
-0.775089
-0.772603
-0.770039
-0.767399
-0.764685
-0.761895
-0.759028
-0.756083
-0.753063
-0.749966
-0.746791
-0.743543
-0.740217
-0.736817
-0.73334
-0.729787
-0.72616
-1.25323
-1.25158
-1.24992
-1.24823
-1.24651
-1.24477
-1.24301
-1.24121
-1.23939
-1.23754
-1.23566
-1.23374
-1.23179
-1.2298
-1.22777
-1.2257
-1.22359
-1.22143
-1.21923
-1.21697
-1.21466
-1.2123
-1.20987
-1.20738
-1.20483
-1.20221
-1.19951
-1.19673
-1.19386
-1.19091
-1.18787
-1.18473
-1.18149
-1.17813
-1.17467
-1.17109
-1.16738
-1.16353
-1.15956
-1.15543
-1.15116
-1.14673
-1.14214
-1.13739
-1.13245
-1.12734
-1.12205
-1.11656
-1.11087
-1.10498
-1.09888
-1.09257
-1.08606
-1.07932
-1.07238
-1.06521
-1.05782
-1.05021
-1.04239
-1.03434
-1.02609
-1.01762
-1.00895
-1.00007
-0.991001
-0.981735
-0.972286
-0.962662
-0.952867
-0.942908
-0.932797
-0.922544
-0.912152
-0.901635
-0.891001
-0.880257
-0.869416
-0.858486
-0.847478
-0.836402
-0.825267
-0.814084
-0.80286
-0.791609
-0.780339
-0.76906
-0.757781
-0.746517
-0.735273
-0.72406
-0.712889
-0.701767
-0.690706
-0.679716
-0.668807
-0.657989
-0.647274
-0.636668
-0.626186
-0.615836
-0.605629
-0.595576
-0.58569
-0.575981
-0.566458
-0.557138
-0.54803
-0.539148
-0.530504
-0.522111
-0.51398
-0.506128
-0.498567
-0.49131
-0.484372
-0.477767
-0.471508
-0.46561
-0.460084
-0.454947
-0.450211
-0.445886
-0.441986
-0.438519
-0.435495
-0.432922
-0.430805
-0.429151
-0.427961
-0.427236
-0.426974
-0.427174
-0.427825
-0.428926
-0.430465
-0.432429
-0.434808
-0.437587
-0.440751
-0.444279
-0.448157
-0.452365
-0.456886
-0.461698
-0.466781
-0.472119
-0.47769
-0.483476
-0.489456
-0.495613
-0.501928
-0.508385
-0.514966
-0.521653
-0.528433
-0.535289
-0.542205
-0.549169
-0.556166
-0.563184
-0.570209
-0.57723
-0.584233
-0.591209
-0.598146
-0.605034
-0.611863
-0.618624
-0.625308
-0.631907
-0.638411
-0.644815
-0.651112
-0.657297
-0.66336
-0.669297
-0.675104
-0.680776
-0.686312
-0.691707
-0.696959
-0.702066
-0.707025
-0.711838
-0.716502
-0.72102
-0.725391
-0.729618
-0.733699
-0.737641
-0.741442
-0.745107
-0.748638
-0.75204
-0.755318
-0.758472
-0.761508
-0.76443
-0.767242
-0.769949
-0.772554
-0.775061
-0.777474
-0.779799
-0.782037
-0.784193
-0.786269
-0.788273
-0.790203
-0.792066
-0.793863
-0.795598
-0.797272
-0.798889
-0.800447
-0.801955
-0.803413
-0.804819
-0.806177
-0.80749
-0.808755
-0.809975
-0.811152
-0.812285
-0.813371
-0.814419
-0.815426
-0.816389
-0.817312
-0.818193
-0.819033
-0.819831
-0.820587
-0.8213
-0.82197
-0.822598
-0.823182
-0.823722
-0.824218
-0.824668
-0.825074
-0.825431
-0.82574
-0.826
-0.826212
-0.826373
-0.826483
-0.826544
-0.826553
-0.826508
-0.82641
-0.826256
-0.826048
-0.825782
-0.825459
-0.825079
-0.82464
-0.824141
-0.82358
-0.82296
-0.822278
-0.821533
-0.820725
-0.819854
-0.818917
-0.817914
-0.816846
-0.815711
-0.814511
-0.813239
-0.8119
-0.810493
-0.809016
-0.807469
-0.805851
-0.804163
-0.802402
-0.800574
-0.798671
-0.79669
-0.794642
-0.792518
-0.790322
-0.78805
-0.785706
-0.783286
-0.780793
-0.778226
-0.775584
-0.772868
-0.770078
-0.767212
-0.764271
-0.761254
-0.758164
-0.754998
-0.751758
-0.748445
-0.745057
-0.741595
-0.73806
-1.2544
-1.25264
-1.25085
-1.24904
-1.24719
-1.24532
-1.24343
-1.2415
-1.23954
-1.23755
-1.23553
-1.23347
-1.23137
-1.22923
-1.22706
-1.22483
-1.22257
-1.22025
-1.21788
-1.21546
-1.21299
-1.21045
-1.20786
-1.20519
-1.20247
-1.19966
-1.19678
-1.19382
-1.19078
-1.18764
-1.18441
-1.18108
-1.17765
-1.17411
-1.17046
-1.16668
-1.16278
-1.15876
-1.15459
-1.15029
-1.14584
-1.14123
-1.13647
-1.13154
-1.12645
-1.12118
-1.11573
-1.11009
-1.10427
-1.09825
-1.09204
-1.08563
-1.07901
-1.07219
-1.06517
-1.05794
-1.0505
-1.04286
-1.03501
-1.02695
-1.0187
-1.01025
-1.0016
-0.992761
-0.983739
-0.974536
-0.965162
-0.955621
-0.945921
-0.936068
-0.926073
-0.915944
-0.905687
-0.895311
-0.884825
-0.874239
-0.863562
-0.852802
-0.84197
-0.831075
-0.820128
-0.809137
-0.798112
-0.787063
-0.776
-0.764933
-0.75387
-0.742825
-0.731805
-0.72082
-0.709881
-0.698996
-0.688176
-0.677431
-0.666771
-0.656206
-0.645747
-0.635406
-0.625189
-0.615112
-0.605182
-0.595412
-0.585814
-0.576398
-0.567176
-0.558161
-0.549366
-0.540802
-0.532481
-0.524418
-0.516625
-0.509115
-0.501903
-0.495001
-0.488423
-0.482183
-0.476294
-0.47077
-0.465623
-0.460868
-0.456511
-0.452569
-0.44905
-0.445964
-0.443316
-0.441117
-0.439369
-0.438074
-0.437238
-0.436858
-0.436931
-0.437452
-0.438415
-0.439815
-0.44164
-0.443877
-0.446517
-0.449542
-0.45294
-0.456689
-0.460777
-0.465182
-0.469891
-0.474879
-0.480132
-0.485626
-0.491349
-0.497277
-0.503395
-0.509683
-0.516124
-0.522701
-0.529398
-0.536198
-0.543086
-0.550045
-0.557065
-0.564127
-0.571219
-0.578328
-0.585442
-0.592549
-0.599634
-0.606689
-0.6137
-0.620659
-0.627555
-0.634378
-0.641119
-0.647771
-0.654323
-0.660769
-0.667101
-0.673313
-0.679396
-0.685348
-0.691164
-0.696839
-0.702366
-0.707745
-0.712973
-0.718048
-0.722967
-0.727732
-0.732341
-0.736795
-0.741095
-0.745244
-0.74924
-0.753087
-0.756789
-0.760348
-0.763768
-0.767054
-0.770211
-0.773239
-0.776148
-0.778937
-0.781614
-0.784182
-0.786646
-0.789011
-0.791281
-0.79346
-0.795554
-0.797567
-0.7995
-0.801362
-0.803151
-0.804872
-0.806531
-0.808128
-0.809668
-0.811152
-0.812581
-0.813961
-0.815293
-0.816579
-0.817818
-0.819015
-0.820168
-0.82128
-0.82235
-0.823378
-0.82437
-0.825323
-0.826238
-0.827114
-0.827953
-0.828755
-0.829518
-0.830242
-0.830929
-0.831576
-0.832185
-0.832754
-0.833283
-0.833771
-0.834221
-0.834626
-0.834988
-0.835306
-0.83558
-0.835811
-0.835995
-0.836131
-0.83622
-0.836262
-0.836255
-0.836198
-0.836091
-0.835932
-0.835718
-0.835452
-0.835132
-0.834756
-0.834324
-0.833835
-0.833289
-0.832683
-0.832018
-0.831294
-0.83051
-0.829662
-0.828753
-0.827781
-0.826745
-0.825644
-0.824479
-0.823247
-0.821949
-0.820585
-0.819153
-0.817654
-0.816085
-0.814447
-0.812743
-0.810966
-0.809119
-0.807201
-0.80521
-0.803149
-0.801014
-0.79881
-0.796533
-0.794183
-0.791761
-0.789266
-0.786698
-0.784058
-0.781343
-0.778556
-0.775696
-0.772763
-0.769754
-0.766675
-0.763522
-0.760296
-0.756998
-0.753627
-0.750184
-1.25556
-1.25367
-1.25176
-1.24982
-1.24784
-1.24584
-1.24381
-1.24175
-1.23965
-1.23752
-1.23535
-1.23315
-1.2309
-1.22861
-1.22629
-1.22391
-1.22148
-1.21901
-1.21648
-1.2139
-1.21126
-1.20855
-1.20578
-1.20295
-1.20005
-1.19707
-1.19401
-1.19087
-1.18764
-1.18432
-1.18091
-1.1774
-1.17378
-1.17005
-1.16622
-1.16226
-1.15818
-1.15397
-1.14963
-1.14515
-1.14053
-1.13575
-1.13083
-1.12574
-1.12048
-1.11506
-1.10947
-1.1037
-1.09775
-1.09161
-1.08529
-1.07878
-1.07208
-1.06518
-1.05808
-1.05079
-1.04331
-1.03563
-1.02776
-1.0197
-1.01144
-1.00301
-0.994386
-0.985587
-0.976615
-0.967474
-0.958172
-0.948715
-0.939108
-0.929358
-0.919475
-0.909468
-0.89934
-0.889103
-0.878763
-0.86833
-0.857813
-0.847222
-0.836564
-0.82585
-0.815088
-0.804287
-0.793459
-0.782612
-0.771757
-0.760901
-0.750055
-0.739228
-0.728435
-0.717679
-0.706974
-0.696326
-0.685748
-0.675249
-0.66484
-0.654532
-0.644334
-0.634259
-0.624314
-0.614511
-0.604864
-0.59538
-0.586073
-0.576953
-0.568036
-0.559331
-0.55085
-0.542607
-0.534614
-0.526884
-0.519429
-0.512264
-0.505402
-0.498855
-0.492638
-0.486762
-0.481241
-0.476087
-0.471315
-0.466934
-0.462954
-0.459388
-0.456244
-0.453531
-0.451253
-0.449418
-0.448028
-0.447085
-0.446592
-0.446545
-0.446942
-0.447777
-0.449043
-0.450731
-0.452834
-0.455337
-0.45823
-0.461499
-0.465124
-0.469092
-0.473387
-0.477989
-0.482884
-0.488051
-0.493471
-0.499128
-0.505003
-0.511079
-0.517337
-0.523762
-0.530333
-0.537037
-0.543856
-0.550775
-0.557778
-0.56485
-0.571978
-0.579146
-0.586342
-0.593551
-0.600763
-0.607962
-0.61514
-0.622281
-0.629376
-0.636415
-0.643387
-0.650281
-0.657089
-0.663802
-0.67041
-0.676905
-0.683279
-0.689527
-0.695642
-0.701616
-0.707447
-0.713126
-0.718652
-0.724021
-0.72923
-0.734277
-0.73916
-0.743879
-0.748434
-0.752826
-0.757058
-0.761127
-0.765037
-0.768791
-0.77239
-0.775843
-0.779151
-0.782319
-0.785351
-0.788255
-0.791029
-0.793682
-0.796219
-0.798646
-0.800968
-0.803187
-0.80531
-0.807343
-0.809289
-0.811152
-0.812941
-0.814655
-0.8163
-0.817878
-0.819396
-0.820854
-0.822256
-0.823604
-0.8249
-0.826152
-0.827357
-0.828518
-0.829637
-0.830718
-0.831757
-0.832758
-0.833722
-0.834645
-0.835538
-0.836396
-0.837219
-0.838008
-0.838762
-0.839482
-0.840168
-0.840819
-0.841435
-0.842017
-0.842563
-0.843073
-0.843549
-0.843986
-0.844384
-0.844743
-0.845065
-0.845346
-0.845586
-0.845785
-0.845941
-0.846054
-0.846122
-0.846146
-0.846123
-0.846054
-0.845937
-0.845772
-0.845556
-0.84529
-0.844973
-0.844603
-0.84418
-0.843702
-0.843169
-0.84258
-0.841933
-0.841229
-0.840468
-0.839647
-0.838765
-0.837823
-0.836821
-0.835755
-0.834627
-0.833436
-0.83218
-0.830859
-0.829474
-0.828022
-0.826507
-0.824921
-0.823268
-0.821547
-0.819756
-0.817899
-0.815972
-0.813972
-0.811901
-0.809763
-0.807553
-0.805274
-0.802924
-0.800503
-0.798011
-0.795446
-0.792808
-0.790101
-0.787322
-0.784472
-0.781548
-0.778554
-0.775488
-0.772351
-0.769142
-0.765863
-0.762513
-1.25669
-1.25468
-1.25263
-1.25056
-1.24846
-1.24632
-1.24416
-1.24195
-1.23972
-1.23744
-1.23513
-1.23278
-1.23038
-1.22795
-1.22546
-1.22293
-1.22035
-1.21771
-1.21502
-1.21227
-1.20947
-1.20659
-1.20366
-1.20065
-1.19757
-1.19442
-1.19118
-1.18787
-1.18446
-1.18096
-1.17737
-1.17368
-1.16988
-1.16598
-1.16196
-1.15783
-1.15357
-1.14919
-1.14467
-1.14002
-1.13523
-1.1303
-1.12521
-1.11997
-1.11456
-1.109
-1.10328
-1.09738
-1.09131
-1.08506
-1.07863
-1.07203
-1.06524
-1.05826
-1.05111
-1.04377
-1.03624
-1.02853
-1.02065
-1.01258
-1.00433
-0.995905
-0.987311
-0.978553
-0.969629
-0.960547
-0.951317
-0.941941
-0.932424
-0.922776
-0.913005
-0.903117
-0.893117
-0.883015
-0.872819
-0.862538
-0.85218
-0.841754
-0.831266
-0.820731
-0.810153
-0.799543
-0.788911
-0.778265
-0.767615
-0.756972
-0.746344
-0.735737
-0.725167
-0.714641
-0.70417
-0.693763
-0.683429
-0.673179
-0.663025
-0.652975
-0.643041
-0.633235
-0.623564
-0.614042
-0.604677
-0.595483
-0.58647
-0.577652
-0.569041
-0.560648
-0.552486
-0.544566
-0.536902
-0.529506
-0.522393
-0.515573
-0.509061
-0.502868
-0.497009
-0.491496
-0.486341
-0.481556
-0.477153
-0.473143
-0.469533
-0.466337
-0.463561
-0.461213
-0.459295
-0.457814
-0.456773
-0.456174
-0.456012
-0.456289
-0.457
-0.45814
-0.459698
-0.461668
-0.464042
-0.466805
-0.469944
-0.473449
-0.4773
-0.481483
-0.485982
-0.490779
-0.495861
-0.501205
-0.506795
-0.512614
-0.518646
-0.524873
-0.531275
-0.537838
-0.544547
-0.551382
-0.558329
-0.565373
-0.572497
-0.579689
-0.586933
-0.594214
-0.601521
-0.608839
-0.616155
-0.623458
-0.630734
-0.637972
-0.645159
-0.652288
-0.659344
-0.666318
-0.673202
-0.679985
-0.686655
-0.693209
-0.699635
-0.705927
-0.712079
-0.718082
-0.723932
-0.729624
-0.735154
-0.740518
-0.745712
-0.750735
-0.755585
-0.760262
-0.764765
-0.769097
-0.77326
-0.77725
-0.781073
-0.784731
-0.788232
-0.791576
-0.794769
-0.797815
-0.800723
-0.803493
-0.806133
-0.808647
-0.811041
-0.813322
-0.815497
-0.817568
-0.819541
-0.821423
-0.823218
-0.82493
-0.826567
-0.828133
-0.82963
-0.831062
-0.832435
-0.833749
-0.835012
-0.836224
-0.837389
-0.838505
-0.839581
-0.840617
-0.841614
-0.842575
-0.8435
-0.844389
-0.845242
-0.846065
-0.846857
-0.847618
-0.848349
-0.849048
-0.849717
-0.850356
-0.850964
-0.851541
-0.852087
-0.852603
-0.853087
-0.853539
-0.853956
-0.854341
-0.854692
-0.855008
-0.855288
-0.855532
-0.855738
-0.855906
-0.856035
-0.856124
-0.856171
-0.856177
-0.85614
-0.85606
-0.855934
-0.855765
-0.855546
-0.85528
-0.854967
-0.854602
-0.854188
-0.853722
-0.853203
-0.852631
-0.852005
-0.851324
-0.850585
-0.849791
-0.848939
-0.848028
-0.847059
-0.846029
-0.844939
-0.84379
-0.842576
-0.8413
-0.839961
-0.838562
-0.837094
-0.835562
-0.833963
-0.832298
-0.830566
-0.828766
-0.826901
-0.824969
-0.822967
-0.820895
-0.818752
-0.816544
-0.814267
-0.81192
-0.809503
-0.807014
-0.804456
-0.801829
-0.799133
-0.796364
-0.793526
-0.790618
-0.78764
-0.784591
-0.781473
-0.778286
-0.775027
-1.25779
-1.25565
-1.25347
-1.25127
-1.24903
-1.24676
-1.24445
-1.24211
-1.23973
-1.23732
-1.23486
-1.23236
-1.22981
-1.22722
-1.22458
-1.22189
-1.21915
-1.21636
-1.2135
-1.21059
-1.20762
-1.20458
-1.20147
-1.19829
-1.19504
-1.19172
-1.18831
-1.18481
-1.18123
-1.17756
-1.17379
-1.16992
-1.16595
-1.16187
-1.15768
-1.15337
-1.14895
-1.1444
-1.13972
-1.13491
-1.12996
-1.12486
-1.11962
-1.11424
-1.1087
-1.103
-1.09714
-1.09112
-1.08494
-1.07859
-1.07207
-1.06537
-1.0585
-1.05146
-1.04425
-1.03686
-1.0293
-1.02156
-1.01366
-1.00558
-0.997342
-0.988937
-0.980371
-0.971652
-0.962778
-0.953756
-0.944596
-0.935301
-0.925874
-0.916327
-0.906664
-0.896892
-0.887019
-0.877052
-0.866998
-0.856866
-0.846663
-0.8364
-0.826084
-0.815725
-0.805331
-0.794912
-0.784474
-0.774029
-0.763586
-0.753152
-0.742739
-0.732354
-0.722011
-0.711715
-0.70148
-0.691315
-0.681227
-0.671228
-0.66133
-0.651542
-0.641874
-0.632339
-0.622945
-0.613703
-0.604626
-0.595724
-0.587009
-0.578495
-0.570193
-0.562115
-0.554272
-0.546679
-0.539345
-0.532285
-0.525512
-0.519037
-0.512874
-0.507036
-0.501534
-0.496381
-0.491589
-0.487167
-0.48313
-0.479483
-0.476239
-0.473406
-0.47099
-0.468996
-0.467431
-0.466297
-0.465596
-0.465328
-0.465491
-0.466082
-0.467097
-0.468532
-0.470376
-0.47262
-0.475256
-0.478272
-0.481654
-0.485389
-0.48946
-0.493854
-0.498555
-0.503547
-0.508813
-0.514334
-0.520095
-0.526079
-0.532268
-0.538647
-0.5452
-0.551906
-0.558753
-0.565726
-0.572806
-0.579981
-0.587233
-0.59455
-0.601916
-0.609318
-0.616743
-0.624177
-0.631606
-0.639019
-0.646402
-0.653745
-0.661035
-0.66826
-0.675411
-0.682474
-0.68944
-0.696301
-0.703046
-0.709665
-0.716151
-0.722495
-0.728691
-0.73473
-0.740608
-0.746319
-0.751858
-0.757222
-0.762405
-0.767409
-0.772228
-0.776867
-0.781321
-0.785594
-0.789685
-0.793597
-0.797332
-0.800896
-0.804294
-0.807527
-0.810604
-0.813527
-0.816303
-0.818938
-0.821439
-0.82381
-0.826058
-0.82819
-0.830212
-0.832131
-0.83395
-0.835677
-0.837318
-0.838877
-0.840359
-0.841771
-0.843117
-0.844402
-0.845626
-0.846797
-0.847915
-0.848986
-0.850016
-0.850998
-0.851944
-0.852853
-0.853727
-0.854567
-0.855374
-0.856152
-0.856896
-0.857615
-0.858306
-0.858969
-0.859606
-0.860216
-0.860799
-0.861356
-0.861885
-0.86239
-0.862867
-0.863316
-0.863737
-0.864128
-0.864493
-0.864825
-0.865128
-0.8654
-0.86564
-0.865846
-0.866019
-0.866157
-0.866259
-0.866325
-0.866353
-0.866341
-0.86629
-0.866199
-0.866066
-0.86589
-0.86567
-0.865405
-0.865095
-0.864738
-0.864333
-0.86388
-0.863376
-0.862822
-0.862216
-0.861558
-0.860846
-0.860078
-0.859256
-0.858379
-0.857443
-0.856451
-0.8554
-0.854292
-0.853122
-0.851895
-0.850603
-0.849251
-0.847835
-0.846356
-0.844813
-0.843205
-0.841531
-0.839794
-0.837991
-0.836125
-0.834188
-0.832186
-0.830117
-0.82798
-0.825772
-0.823498
-0.821158
-0.818748
-0.816269
-0.813723
-0.811106
-0.808424
-0.805671
-0.802849
-0.799959
-0.797
-0.793972
-0.790875
-0.787711
-1.25885
-1.25657
-1.25427
-1.25193
-1.24955
-1.24715
-1.2447
-1.24222
-1.2397
-1.23713
-1.23452
-1.23188
-1.22918
-1.22644
-1.22364
-1.2208
-1.2179
-1.21494
-1.21192
-1.20885
-1.20571
-1.2025
-1.19923
-1.19588
-1.19246
-1.18896
-1.18538
-1.18172
-1.17796
-1.17412
-1.17018
-1.16614
-1.162
-1.15775
-1.15339
-1.14891
-1.14432
-1.13961
-1.13477
-1.1298
-1.12469
-1.11945
-1.11407
-1.10855
-1.10287
-1.09705
-1.09107
-1.08494
-1.07865
-1.0722
-1.06559
-1.05881
-1.05187
-1.04477
-1.0375
-1.03007
-1.02247
-1.01471
-1.00679
-0.998714
-0.990487
-0.982101
-0.973565
-0.964885
-0.956063
-0.9471
-0.938011
-0.928795
-0.919458
-0.91001
-0.900454
-0.890798
-0.88105
-0.871215
-0.8613
-0.851316
-0.84127
-0.831171
-0.821024
-0.81084
-0.800627
-0.790395
-0.780154
-0.769908
-0.759669
-0.749447
-0.73925
-0.729089
-0.718971
-0.708909
-0.698911
-0.688987
-0.679147
-0.669402
-0.65976
-0.650236
-0.640837
-0.631576
-0.622459
-0.613502
-0.604715
-0.596109
-0.587693
-0.579486
-0.571495
-0.563732
-0.556211
-0.548943
-0.541941
-0.535217
-0.528784
-0.522654
-0.51684
-0.511353
-0.506206
-0.50141
-0.496976
-0.492915
-0.489236
-0.485947
-0.483062
-0.480586
-0.478521
-0.476875
-0.475654
-0.474856
-0.474485
-0.474539
-0.475017
-0.475915
-0.477226
-0.478946
-0.481067
-0.483577
-0.48647
-0.489732
-0.49335
-0.49731
-0.501599
-0.5062
-0.511102
-0.516284
-0.521734
-0.527433
-0.533364
-0.539513
-0.545863
-0.552397
-0.5591
-0.565955
-0.572945
-0.580057
-0.587277
-0.594586
-0.601971
-0.609418
-0.616914
-0.624443
-0.631993
-0.63955
-0.6471
-0.654631
-0.66213
-0.669587
-0.676985
-0.684318
-0.691569
-0.69873
-0.705789
-0.712738
-0.719564
-0.726258
-0.732811
-0.739216
-0.745464
-0.751547
-0.757459
-0.763195
-0.76875
-0.774118
-0.779296
-0.784283
-0.789077
-0.793677
-0.798085
-0.802297
-0.80632
-0.810153
-0.8138
-0.817268
-0.820559
-0.823682
-0.826636
-0.829432
-0.832075
-0.834571
-0.836927
-0.839152
-0.841249
-0.843227
-0.845095
-0.846855
-0.848517
-0.850086
-0.851568
-0.852968
-0.854295
-0.855551
-0.856741
-0.857872
-0.858948
-0.859971
-0.860944
-0.861874
-0.862762
-0.86361
-0.864424
-0.865203
-0.865953
-0.866672
-0.867363
-0.868022
-0.86866
-0.869274
-0.869863
-0.870429
-0.87097
-0.87149
-0.871988
-0.872466
-0.872918
-0.873347
-0.873752
-0.874134
-0.874493
-0.874828
-0.875137
-0.875419
-0.875674
-0.875903
-0.876102
-0.876273
-0.876411
-0.87652
-0.876596
-0.876639
-0.876647
-0.876618
-0.876554
-0.876452
-0.876313
-0.876133
-0.875912
-0.87565
-0.875344
-0.874995
-0.874601
-0.87416
-0.873672
-0.873137
-0.872553
-0.871918
-0.871232
-0.870494
-0.869702
-0.868857
-0.867959
-0.867005
-0.865993
-0.864925
-0.863806
-0.862622
-0.861379
-0.860076
-0.858713
-0.857289
-0.855801
-0.85425
-0.852638
-0.850964
-0.849225
-0.847422
-0.845554
-0.843621
-0.841622
-0.839558
-0.837426
-0.835228
-0.83296
-0.83063
-0.828232
-0.825764
-0.823232
-0.820633
-0.817967
-0.815231
-0.812429
-0.809558
-0.806622
-0.803618
-0.800547
-1.25986
-1.25745
-1.25501
-1.25254
-1.25003
-1.24748
-1.24489
-1.24227
-1.2396
-1.23689
-1.23413
-1.23133
-1.22848
-1.22559
-1.22264
-1.21964
-1.21658
-1.21346
-1.21028
-1.20705
-1.20374
-1.20037
-1.19693
-1.19341
-1.18983
-1.18616
-1.18241
-1.17858
-1.17466
-1.17064
-1.16653
-1.16232
-1.15802
-1.1536
-1.14908
-1.14444
-1.13969
-1.13482
-1.12982
-1.1247
-1.11945
-1.11407
-1.10855
-1.1029
-1.0971
-1.09115
-1.08506
-1.07882
-1.07243
-1.06589
-1.05919
-1.05234
-1.04533
-1.03817
-1.03086
-1.02338
-1.01576
-1.00798
-1.00005
-0.991977
-0.983755
-0.975391
-0.966887
-0.95825
-0.949479
-0.940579
-0.931559
-0.922421
-0.913175
-0.903825
-0.894375
-0.884833
-0.875207
-0.865504
-0.855731
-0.845895
-0.836003
-0.826063
-0.816085
-0.806077
-0.796046
-0.786001
-0.775951
-0.765906
-0.755873
-0.745862
-0.735883
-0.725944
-0.716053
-0.706225
-0.696465
-0.686786
-0.677196
-0.667704
-0.658322
-0.649062
-0.639934
-0.630947
-0.622112
-0.613442
-0.604946
-0.596636
-0.588523
-0.580622
-0.572943
-0.565497
-0.558298
-0.551357
-0.544687
-0.538299
-0.532206
-0.526419
-0.520951
-0.515814
-0.511018
-0.506575
-0.502495
-0.498789
-0.495464
-0.492531
-0.489996
-0.487866
-0.486145
-0.48484
-0.483952
-0.483482
-0.483432
-0.4838
-0.484583
-0.485777
-0.487378
-0.489375
-0.491765
-0.494536
-0.497676
-0.501178
-0.505027
-0.509208
-0.51371
-0.518517
-0.523613
-0.528986
-0.534618
-0.540493
-0.546595
-0.55291
-0.55942
-0.566112
-0.572967
-0.579972
-0.58711
-0.594367
-0.601727
-0.609176
-0.6167
-0.624284
-0.631914
-0.639576
-0.647257
-0.654943
-0.662621
-0.670278
-0.677903
-0.68548
-0.692996
-0.700444
-0.707805
-0.715072
-0.722234
-0.729278
-0.736194
-0.742972
-0.749602
-0.756075
-0.762382
-0.768518
-0.774473
-0.780239
-0.785815
-0.791193
-0.796372
-0.801347
-0.806116
-0.810681
-0.815041
-0.819196
-0.82315
-0.826903
-0.830462
-0.83383
-0.837016
-0.84002
-0.84285
-0.845514
-0.84802
-0.850373
-0.852581
-0.854652
-0.856596
-0.858415
-0.860122
-0.861721
-0.86322
-0.864626
-0.865945
-0.867183
-0.868348
-0.869445
-0.87048
-0.871456
-0.872376
-0.873247
-0.874076
-0.874861
-0.875608
-0.876318
-0.876998
-0.877648
-0.878272
-0.878869
-0.879441
-0.879986
-0.880513
-0.88102
-0.881508
-0.881975
-0.882423
-0.882856
-0.883268
-0.883661
-0.884034
-0.88439
-0.884726
-0.885043
-0.885341
-0.885618
-0.885872
-0.886104
-0.886313
-0.886497
-0.886657
-0.886791
-0.886898
-0.886978
-0.887028
-0.887049
-0.887038
-0.886993
-0.886917
-0.886807
-0.88666
-0.886478
-0.886257
-0.885997
-0.885698
-0.885357
-0.884973
-0.884547
-0.884076
-0.883561
-0.882998
-0.882389
-0.881729
-0.881021
-0.880261
-0.87945
-0.878589
-0.877673
-0.876707
-0.875682
-0.874603
-0.873467
-0.872274
-0.871022
-0.869712
-0.868343
-0.866912
-0.865422
-0.863871
-0.862259
-0.860584
-0.858847
-0.857048
-0.855184
-0.853255
-0.851264
-0.849208
-0.847087
-0.844899
-0.842647
-0.840325
-0.837941
-0.835491
-0.832976
-0.830394
-0.827748
-0.825033
-0.822253
-0.819409
-0.816497
-0.81352
-1.26082
-1.25828
-1.2557
-1.25309
-1.25044
-1.24775
-1.24502
-1.24225
-1.23944
-1.23658
-1.23368
-1.23073
-1.22773
-1.22468
-1.22157
-1.21841
-1.21519
-1.21192
-1.20858
-1.20518
-1.20171
-1.19818
-1.19457
-1.19089
-1.18714
-1.18331
-1.17939
-1.17539
-1.1713
-1.16713
-1.16286
-1.15848
-1.15401
-1.14944
-1.14475
-1.13996
-1.13505
-1.13003
-1.12489
-1.11962
-1.11423
-1.10872
-1.10307
-1.09728
-1.09136
-1.08531
-1.07911
-1.07277
-1.06628
-1.05965
-1.05288
-1.04596
-1.03889
-1.03168
-1.02432
-1.01681
-1.00916
-1.00137
-0.993434
-0.985361
-0.977152
-0.968809
-0.96034
-0.951744
-0.943024
-0.934186
-0.925238
-0.91618
-0.907023
-0.897769
-0.888427
-0.879002
-0.869497
-0.859925
-0.85029
-0.840599
-0.830861
-0.821082
-0.811273
-0.801437
-0.791587
-0.781729
-0.771873
-0.762027
-0.752199
-0.742401
-0.732639
-0.722923
-0.713261
-0.703667
-0.694147
-0.684711
-0.675373
-0.666138
-0.657017
-0.648023
-0.639166
-0.630457
-0.621905
-0.613522
-0.605319
-0.597307
-0.589498
-0.581905
-0.574539
-0.567412
-0.560535
-0.55392
-0.547581
-0.541527
-0.535772
-0.530327
-0.525204
-0.520412
-0.515965
-0.511871
-0.50814
-0.504784
-0.501807
-0.499219
-0.497028
-0.495238
-0.493854
-0.492879
-0.492317
-0.492167
-0.492428
-0.4931
-0.49418
-0.495663
-0.497542
-0.499811
-0.502461
-0.505484
-0.508868
-0.512604
-0.516677
-0.521074
-0.525786
-0.530793
-0.536084
-0.541643
-0.547457
-0.553507
-0.55978
-0.56626
-0.572932
-0.579781
-0.586791
-0.593948
-0.601236
-0.60864
-0.616146
-0.623739
-0.631405
-0.63913
-0.6469
-0.654702
-0.66252
-0.670344
-0.678156
-0.685945
-0.6937
-0.701405
-0.70905
-0.71662
-0.724103
-0.731485
-0.738756
-0.745906
-0.752921
-0.759792
-0.766507
-0.773058
-0.779434
-0.785629
-0.791632
-0.797438
-0.803041
-0.808436
-0.813618
-0.818585
-0.823333
-0.827865
-0.832179
-0.836277
-0.840161
-0.843835
-0.847302
-0.850571
-0.853643
-0.856526
-0.859229
-0.861757
-0.864119
-0.866324
-0.86838
-0.870293
-0.872076
-0.873734
-0.875274
-0.876706
-0.878037
-0.879275
-0.880427
-0.881501
-0.882501
-0.883434
-0.884307
-0.885124
-0.88589
-0.88661
-0.887286
-0.887927
-0.888531
-0.889102
-0.889646
-0.890165
-0.890661
-0.891134
-0.891584
-0.892019
-0.892435
-0.892835
-0.89322
-0.893591
-0.893947
-0.894288
-0.894613
-0.894925
-0.895222
-0.895505
-0.895771
-0.896023
-0.89626
-0.896478
-0.896679
-0.896861
-0.897024
-0.897166
-0.897286
-0.897385
-0.897462
-0.897512
-0.897538
-0.897538
-0.897509
-0.897452
-0.897363
-0.897244
-0.897093
-0.896908
-0.896688
-0.896432
-0.896139
-0.895807
-0.895437
-0.895026
-0.894573
-0.894078
-0.893538
-0.892953
-0.892322
-0.891643
-0.890918
-0.890143
-0.889318
-0.888445
-0.887518
-0.886538
-0.885505
-0.884416
-0.883273
-0.882075
-0.880817
-0.879504
-0.878133
-0.876703
-0.875214
-0.873665
-0.872055
-0.870385
-0.868653
-0.86686
-0.865004
-0.863086
-0.861104
-0.859059
-0.85695
-0.854778
-0.852539
-0.850235
-0.847869
-0.845439
-0.842944
-0.840382
-0.837759
-0.835069
-0.832314
-0.829494
-0.82661
-1.26172
-1.25905
-1.25633
-1.25358
-1.25079
-1.24796
-1.24509
-1.24217
-1.23921
-1.23621
-1.23315
-1.23005
-1.2269
-1.22369
-1.22043
-1.21712
-1.21374
-1.21031
-1.20681
-1.20325
-1.19962
-1.19593
-1.19216
-1.18832
-1.1844
-1.1804
-1.17633
-1.17216
-1.16791
-1.16357
-1.15914
-1.15461
-1.14998
-1.14525
-1.14041
-1.13547
-1.13041
-1.12524
-1.11996
-1.11456
-1.10903
-1.10339
-1.09761
-1.09171
-1.08568
-1.07951
-1.07321
-1.06678
-1.0602
-1.0535
-1.04665
-1.03966
-1.03254
-1.02528
-1.01788
-1.01034
-1.00267
-0.994866
-0.986929
-0.978863
-0.97067
-0.962353
-0.953916
-0.945366
-0.936698
-0.927922
-0.919043
-0.910065
-0.900997
-0.891845
-0.882608
-0.873297
-0.863916
-0.854473
-0.844977
-0.835431
-0.825847
-0.816229
-0.806586
-0.796925
-0.787256
-0.777585
-0.767923
-0.758276
-0.748655
-0.739067
-0.729522
-0.720031
-0.710599
-0.701239
-0.69196
-0.682771
-0.673685
-0.664708
-0.655849
-0.647123
-0.638537
-0.630107
-0.621839
-0.613745
-0.605835
-0.598123
-0.590618
-0.583335
-0.576281
-0.569471
-0.562917
-0.556628
-0.550618
-0.544899
-0.53948
-0.534374
-0.529591
-0.525143
-0.521039
-0.51729
-0.513904
-0.51089
-0.508254
-0.506005
-0.50415
-0.502692
-0.501637
-0.500985
-0.500739
-0.5009
-0.501464
-0.502433
-0.5038
-0.505562
-0.507713
-0.510244
-0.513148
-0.516416
-0.520036
-0.524
-0.528294
-0.532904
-0.537818
-0.543023
-0.548505
-0.554249
-0.560242
-0.566467
-0.572909
-0.579555
-0.586389
-0.593396
-0.600562
-0.607872
-0.615312
-0.622866
-0.630521
-0.638262
-0.646075
-0.653944
-0.661861
-0.669806
-0.677768
-0.685731
-0.693687
-0.701617
-0.70951
-0.717351
-0.72513
-0.732832
-0.740443
-0.74795
-0.755343
-0.762606
-0.769729
-0.776703
-0.783513
-0.79015
-0.796603
-0.802866
-0.808927
-0.814778
-0.820416
-0.825831
-0.831022
-0.835984
-0.840716
-0.845217
-0.849486
-0.853526
-0.857341
-0.860935
-0.864309
-0.867471
-0.870428
-0.873187
-0.875755
-0.878142
-0.880357
-0.882408
-0.884304
-0.886054
-0.887669
-0.889159
-0.890528
-0.891788
-0.892947
-0.894013
-0.894992
-0.895895
-0.896727
-0.897493
-0.898202
-0.898857
-0.899464
-0.90003
-0.900556
-0.901048
-0.901506
-0.901936
-0.902345
-0.902731
-0.9031
-0.90345
-0.90378
-0.904098
-0.904406
-0.904701
-0.904984
-0.905255
-0.905516
-0.905768
-0.906008
-0.906239
-0.906459
-0.906669
-0.906867
-0.907054
-0.90723
-0.907392
-0.907539
-0.907673
-0.90779
-0.907891
-0.907974
-0.908039
-0.908085
-0.908108
-0.908111
-0.90809
-0.908045
-0.907974
-0.907875
-0.907749
-0.907594
-0.907408
-0.907189
-0.906937
-0.906652
-0.906332
-0.905975
-0.90558
-0.905146
-0.904672
-0.904156
-0.903598
-0.902996
-0.902349
-0.901657
-0.900921
-0.900136
-0.899302
-0.898415
-0.89748
-0.896493
-0.895455
-0.894363
-0.893215
-0.892014
-0.890758
-0.889447
-0.888078
-0.886652
-0.885165
-0.883622
-0.882019
-0.880356
-0.878635
-0.876852
-0.875007
-0.873101
-0.871132
-0.869102
-0.86701
-0.864854
-0.862636
-0.860353
-0.858003
-0.855593
-0.853121
-0.850586
-0.847986
-0.845322
-0.842595
-0.839803
-1.26256
-1.25975
-1.2569
-1.25401
-1.25107
-1.2481
-1.24508
-1.24202
-1.23891
-1.23576
-1.23256
-1.2293
-1.226
-1.22264
-1.21923
-1.21575
-1.21222
-1.20863
-1.20497
-1.20125
-1.19747
-1.19361
-1.18968
-1.18568
-1.1816
-1.17745
-1.17321
-1.16888
-1.16448
-1.15998
-1.15539
-1.1507
-1.14592
-1.14104
-1.13605
-1.13096
-1.12576
-1.12046
-1.11504
-1.1095
-1.10385
-1.09808
-1.09219
-1.08617
-1.08003
-1.07377
-1.06737
-1.06085
-1.05419
-1.04741
-1.0405
-1.03345
-1.02628
-1.01897
-1.01154
-1.00398
-0.996289
-0.988475
-0.980538
-0.972482
-0.964307
-0.956017
-0.947617
-0.93911
-0.930501
-0.921788
-0.912978
-0.904083
-0.895104
-0.886048
-0.876917
-0.86772
-0.858465
-0.849154
-0.839794
-0.830396
-0.820963
-0.811505
-0.802029
-0.792542
-0.783053
-0.77357
-0.764101
-0.754655
-0.745239
-0.735864
-0.726538
-0.71727
-0.708072
-0.698946
-0.689908
-0.680966
-0.672132
-0.663411
-0.654818
-0.646359
-0.638049
-0.629899
-0.621914
-0.61411
-0.606495
-0.599083
-0.591883
-0.584907
-0.578168
-0.571674
-0.565441
-0.559477
-0.553795
-0.548407
-0.543322
-0.538552
-0.534107
-0.529998
-0.526233
-0.522824
-0.519776
-0.517099
-0.514797
-0.512881
-0.511354
-0.510221
-0.509485
-0.509148
-0.50921
-0.509673
-0.510532
-0.511788
-0.513435
-0.515468
-0.517882
-0.520669
-0.52382
-0.527325
-0.531175
-0.53536
-0.539868
-0.544686
-0.549801
-0.555199
-0.560869
-0.566796
-0.572965
-0.579362
-0.585974
-0.592784
-0.59978
-0.606947
-0.614269
-0.621733
-0.629326
-0.637033
-0.644839
-0.652731
-0.660694
-0.668714
-0.676778
-0.68487
-0.692982
-0.701095
-0.709197
-0.717274
-0.725312
-0.733299
-0.741219
-0.749062
-0.75681
-0.764451
-0.771973
-0.779362
-0.786604
-0.793689
-0.800602
-0.807335
-0.813876
-0.820215
-0.826342
-0.832247
-0.837926
-0.843369
-0.848573
-0.853535
-0.858253
-0.862725
-0.866951
-0.870933
-0.874679
-0.878187
-0.881465
-0.884518
-0.887355
-0.889984
-0.892413
-0.894653
-0.896713
-0.898604
-0.900334
-0.901915
-0.903357
-0.904671
-0.905864
-0.906946
-0.907927
-0.908815
-0.909618
-0.910345
-0.911004
-0.911601
-0.912141
-0.912632
-0.913077
-0.913485
-0.913858
-0.9142
-0.914515
-0.914803
-0.915073
-0.915327
-0.915569
-0.915794
-0.916006
-0.916209
-0.916404
-0.916591
-0.916771
-0.916944
-0.917113
-0.917276
-0.917432
-0.917583
-0.917727
-0.917864
-0.917995
-0.91812
-0.918235
-0.918341
-0.918437
-0.918522
-0.918595
-0.918656
-0.918704
-0.918735
-0.918751
-0.91875
-0.918729
-0.918689
-0.918628
-0.918545
-0.918438
-0.918305
-0.918146
-0.91796
-0.917745
-0.9175
-0.917223
-0.916915
-0.916572
-0.916194
-0.915781
-0.915328
-0.914838
-0.914307
-0.913734
-0.913121
-0.912466
-0.911765
-0.91102
-0.910226
-0.909386
-0.908495
-0.907556
-0.906569
-0.905526
-0.904434
-0.903289
-0.902091
-0.90084
-0.899532
-0.898167
-0.896748
-0.89527
-0.893736
-0.892144
-0.890493
-0.888786
-0.887016
-0.885185
-0.883294
-0.881341
-0.879328
-0.877254
-0.875117
-0.872918
-0.870659
-0.868336
-0.865948
-0.8635
-0.860991
-0.858419
-0.855783
-0.853085
-1.26332
-1.26038
-1.25739
-1.25436
-1.25128
-1.24816
-1.245
-1.24179
-1.23854
-1.23523
-1.23188
-1.22848
-1.22502
-1.22151
-1.21794
-1.21431
-1.21062
-1.20688
-1.20306
-1.19919
-1.19524
-1.19123
-1.18715
-1.18299
-1.17875
-1.17443
-1.17004
-1.16556
-1.161
-1.15634
-1.1516
-1.14677
-1.14184
-1.13681
-1.13168
-1.12645
-1.12111
-1.11567
-1.11012
-1.10446
-1.09869
-1.0928
-1.08679
-1.08067
-1.07443
-1.06807
-1.06158
-1.05498
-1.04825
-1.0414
-1.03442
-1.02732
-1.0201
-1.01276
-1.00529
-0.997709
-0.990007
-0.982189
-0.974256
-0.966213
-0.958059
-0.9498
-0.941436
-0.932976
-0.92442
-0.915776
-0.907043
-0.898229
-0.88934
-0.880381
-0.871357
-0.862276
-0.853141
-0.84396
-0.834739
-0.825487
-0.816208
-0.80691
-0.797601
-0.788288
-0.77898
-0.769685
-0.760409
-0.751163
-0.741954
-0.732793
-0.723685
-0.714642
-0.705672
-0.696783
-0.68799
-0.679296
-0.670713
-0.662253
-0.653923
-0.645735
-0.6377
-0.629829
-0.622132
-0.614616
-0.607296
-0.600184
-0.593288
-0.586621
-0.580194
-0.574018
-0.568104
-0.562463
-0.557108
-0.552048
-0.547294
-0.542857
-0.538745
-0.53497
-0.531541
-0.528464
-0.525748
-0.523402
-0.521428
-0.519836
-0.518631
-0.517815
-0.51739
-0.517359
-0.517722
-0.518477
-0.519623
-0.521157
-0.523075
-0.525373
-0.528041
-0.531075
-0.534465
-0.538203
-0.542278
-0.546677
-0.551395
-0.556414
-0.561724
-0.567314
-0.573168
-0.579274
-0.585618
-0.592186
-0.598964
-0.605938
-0.613095
-0.62042
-0.6279
-0.63552
-0.643268
-0.651127
-0.659087
-0.667131
-0.675246
-0.683418
-0.691636
-0.699883
-0.708147
-0.716414
-0.72467
-0.7329
-0.741091
-0.749229
-0.7573
-0.765292
-0.773187
-0.780971
-0.788632
-0.796155
-0.803527
-0.810733
-0.817763
-0.824602
-0.831238
-0.837663
-0.843865
-0.849832
-0.855558
-0.861036
-0.86626
-0.871228
-0.875934
-0.880378
-0.884562
-0.888489
-0.892159
-0.89558
-0.898757
-0.901697
-0.904409
-0.906902
-0.909186
-0.911272
-0.913171
-0.914893
-0.916451
-0.917855
-0.919116
-0.920247
-0.921257
-0.922156
-0.922953
-0.923658
-0.924279
-0.924826
-0.925307
-0.925731
-0.926101
-0.926424
-0.926707
-0.926954
-0.927171
-0.927364
-0.927532
-0.92768
-0.927811
-0.927931
-0.928043
-0.92814
-0.928234
-0.928322
-0.928405
-0.928487
-0.928565
-0.928642
-0.928717
-0.928792
-0.928865
-0.928937
-0.929007
-0.929074
-0.929138
-0.9292
-0.929256
-0.929307
-0.929353
-0.929392
-0.929423
-0.929445
-0.929457
-0.929457
-0.929444
-0.929418
-0.929377
-0.929319
-0.929244
-0.929149
-0.929034
-0.928896
-0.928736
-0.928551
-0.928341
-0.928103
-0.927836
-0.92754
-0.927213
-0.926855
-0.926461
-0.926033
-0.925568
-0.925065
-0.924525
-0.923947
-0.923326
-0.922663
-0.921958
-0.921207
-0.920411
-0.919569
-0.918678
-0.91774
-0.916753
-0.915715
-0.914627
-0.913487
-0.912295
-0.91105
-0.909749
-0.908395
-0.906988
-0.905523
-0.904001
-0.902423
-0.900787
-0.899093
-0.897338
-0.895524
-0.893652
-0.891719
-0.889725
-0.887673
-0.885559
-0.883384
-0.881149
-0.878851
-0.876493
-0.874069
-0.871589
-0.869046
-0.866441
-1.26402
-1.26093
-1.2578
-1.25463
-1.25141
-1.24815
-1.24484
-1.24149
-1.23808
-1.23463
-1.23113
-1.22757
-1.22396
-1.2203
-1.21658
-1.21279
-1.20895
-1.20505
-1.20109
-1.19705
-1.19295
-1.18878
-1.18454
-1.18023
-1.17584
-1.17137
-1.16682
-1.16219
-1.15747
-1.15267
-1.14778
-1.1428
-1.13773
-1.13256
-1.12729
-1.12192
-1.11646
-1.11089
-1.10521
-1.09943
-1.09354
-1.08754
-1.08143
-1.0752
-1.06887
-1.06242
-1.05585
-1.04916
-1.04236
-1.03545
-1.02842
-1.02127
-1.014
-1.00663
-0.999138
-0.991536
-0.983826
-0.976006
-0.96808
-0.960051
-0.951919
-0.943692
-0.935371
-0.926961
-0.918463
-0.90988
-0.901227
-0.892496
-0.8837
-0.87484
-0.865924
-0.856957
-0.847945
-0.838896
-0.829813
-0.820704
-0.811579
-0.802441
-0.793302
-0.784164
-0.775037
-0.76593
-0.756849
-0.747804
-0.738802
-0.729853
-0.720965
-0.712147
-0.703408
-0.694756
-0.686204
-0.67776
-0.669432
-0.661232
-0.653168
-0.645249
-0.63749
-0.6299
-0.622487
-0.615262
-0.608238
-0.601425
-0.594833
-0.588473
-0.582358
-0.576497
-0.5709
-0.565581
-0.56055
-0.555816
-0.551389
-0.54728
-0.543498
-0.540054
-0.536952
-0.534202
-0.531813
-0.529789
-0.528138
-0.526864
-0.525972
-0.525464
-0.525343
-0.52561
-0.526264
-0.527304
-0.528729
-0.530532
-0.532714
-0.535266
-0.538183
-0.541456
-0.545079
-0.549042
-0.553335
-0.557945
-0.562865
-0.568082
-0.573583
-0.579357
-0.585392
-0.591675
-0.598191
-0.604927
-0.61187
-0.619007
-0.626323
-0.633808
-0.641444
-0.64922
-0.657121
-0.665136
-0.673249
-0.681448
-0.689718
-0.698047
-0.706421
-0.714826
-0.723247
-0.731672
-0.740086
-0.748476
-0.756827
-0.765124
-0.773353
-0.781501
-0.789552
-0.79749
-0.805301
-0.812969
-0.82048
-0.827821
-0.834974
-0.841931
-0.848676
-0.855197
-0.861481
-0.867519
-0.873303
-0.878822
-0.884072
-0.889049
-0.893746
-0.898167
-0.902309
-0.906177
-0.909772
-0.913102
-0.916174
-0.918995
-0.921575
-0.923926
-0.926057
-0.927981
-0.92971
-0.931257
-0.932633
-0.933852
-0.934926
-0.935867
-0.936686
-0.937394
-0.938
-0.938516
-0.938951
-0.939315
-0.939616
-0.939861
-0.940059
-0.940212
-0.94033
-0.940415
-0.940474
-0.940511
-0.940531
-0.940539
-0.940533
-0.940517
-0.940499
-0.940473
-0.940444
-0.940418
-0.940393
-0.940369
-0.940347
-0.940328
-0.940312
-0.9403
-0.940289
-0.940282
-0.940279
-0.940276
-0.940278
-0.940278
-0.940277
-0.940275
-0.940272
-0.940265
-0.940255
-0.940239
-0.940217
-0.940187
-0.940149
-0.940099
-0.940038
-0.939964
-0.939875
-0.93977
-0.939649
-0.939507
-0.939347
-0.939165
-0.938961
-0.938731
-0.938476
-0.938195
-0.937885
-0.937545
-0.937174
-0.93677
-0.936332
-0.935863
-0.935355
-0.934809
-0.934225
-0.933601
-0.932938
-0.932231
-0.93148
-0.930684
-0.929844
-0.928957
-0.928025
-0.927044
-0.926014
-0.924935
-0.923804
-0.922619
-0.921386
-0.920098
-0.918757
-0.917361
-0.915911
-0.914406
-0.912843
-0.911224
-0.909546
-0.907812
-0.906019
-0.904167
-0.902256
-0.900287
-0.898258
-0.896169
-0.894021
-0.891812
-0.889542
-0.887212
-0.884818
-0.882368
-0.879857
-1.26463
-1.2614
-1.25813
-1.25481
-1.25145
-1.24805
-1.2446
-1.24109
-1.23754
-1.23394
-1.23029
-1.22658
-1.22282
-1.21901
-1.21513
-1.2112
-1.20721
-1.20315
-1.19903
-1.19485
-1.19059
-1.18627
-1.18188
-1.17741
-1.17287
-1.16825
-1.16355
-1.15877
-1.1539
-1.14896
-1.14392
-1.1388
-1.13359
-1.12828
-1.12288
-1.11739
-1.11179
-1.1061
-1.1003
-1.09441
-1.08841
-1.0823
-1.07609
-1.06977
-1.06334
-1.0568
-1.05016
-1.0434
-1.03654
-1.02956
-1.02248
-1.01529
-1.00799
-1.00058
-0.99307
-0.985455
-0.977737
-0.969919
-0.962002
-0.95399
-0.945888
-0.937696
-0.929418
-0.921059
-0.912622
-0.904107
-0.895526
-0.886886
-0.878181
-0.869422
-0.860615
-0.851764
-0.842875
-0.833957
-0.825014
-0.816052
-0.807079
-0.798103
-0.78913
-0.780166
-0.771221
-0.762304
-0.753418
-0.744574
-0.73578
-0.727044
-0.718376
-0.709784
-0.701278
-0.692865
-0.684553
-0.676358
-0.668284
-0.660347
-0.652548
-0.644901
-0.637417
-0.630108
-0.622979
-0.616046
-0.609317
-0.602802
-0.596513
-0.590459
-0.584654
-0.579107
-0.573828
-0.568826
-0.564115
-0.559703
-0.5556
-0.551817
-0.548359
-0.545238
-0.542459
-0.540032
-0.537961
-0.536254
-0.534917
-0.533954
-0.533368
-0.533161
-0.533335
-0.533891
-0.534829
-0.536145
-0.537839
-0.539906
-0.542342
-0.545142
-0.548299
-0.551805
-0.555653
-0.559835
-0.56434
-0.569154
-0.574271
-0.57968
-0.585368
-0.591323
-0.597535
-0.603989
-0.610675
-0.617576
-0.624683
-0.63198
-0.639455
-0.647095
-0.654888
-0.662819
-0.670873
-0.679042
-0.687311
-0.695667
-0.704096
-0.712582
-0.721114
-0.72968
-0.738263
-0.74685
-0.755429
-0.763984
-0.7725
-0.780964
-0.789359
-0.797673
-0.805888
-0.813989
-0.821959
-0.829783
-0.837445
-0.844931
-0.852225
-0.859308
-0.866172
-0.872799
-0.879179
-0.885298
-0.891146
-0.896715
-0.901999
-0.906987
-0.911682
-0.916079
-0.92018
-0.923987
-0.927506
-0.930741
-0.933701
-0.936397
-0.938838
-0.941037
-0.943006
-0.94476
-0.946311
-0.947673
-0.948859
-0.949885
-0.950761
-0.951504
-0.952125
-0.952635
-0.953046
-0.953371
-0.953615
-0.95379
-0.953905
-0.953968
-0.953986
-0.953969
-0.953917
-0.953839
-0.953739
-0.953623
-0.953497
-0.953358
-0.953211
-0.953064
-0.952911
-0.952764
-0.952621
-0.952481
-0.952345
-0.952216
-0.952095
-0.951981
-0.951875
-0.951777
-0.951686
-0.951602
-0.951526
-0.951458
-0.951393
-0.951335
-0.951279
-0.951226
-0.951175
-0.951125
-0.951075
-0.951023
-0.950969
-0.95091
-0.950847
-0.950775
-0.950696
-0.950607
-0.950507
-0.950394
-0.950268
-0.950126
-0.949965
-0.949788
-0.94959
-0.94937
-0.949128
-0.948862
-0.948571
-0.948252
-0.947904
-0.947526
-0.94712
-0.946678
-0.946204
-0.945695
-0.945149
-0.944565
-0.943944
-0.943282
-0.942577
-0.941831
-0.941042
-0.940211
-0.939334
-0.938408
-0.937437
-0.936417
-0.935345
-0.934227
-0.933059
-0.931839
-0.930566
-0.929241
-0.927863
-0.92643
-0.924943
-0.923399
-0.921799
-0.920143
-0.918429
-0.916659
-0.914832
-0.912946
-0.911003
-0.909
-0.906939
-0.904818
-0.902637
-0.900398
-0.898099
-0.89574
-0.893317
-1.26515
-1.26178
-1.25837
-1.25491
-1.25141
-1.24786
-1.24426
-1.24061
-1.23691
-1.23316
-1.22936
-1.22551
-1.2216
-1.21763
-1.21361
-1.20952
-1.20538
-1.20117
-1.1969
-1.19256
-1.18816
-1.18369
-1.17914
-1.17452
-1.16983
-1.16506
-1.16022
-1.15529
-1.15029
-1.1452
-1.14003
-1.13477
-1.12942
-1.12399
-1.11846
-1.11284
-1.10712
-1.10131
-1.0954
-1.08939
-1.08329
-1.07708
-1.07077
-1.06436
-1.05785
-1.05123
-1.04451
-1.03769
-1.03077
-1.02374
-1.01661
-1.00938
-1.00205
-0.994613
-0.987083
-0.979456
-0.971736
-0.963923
-0.956021
-0.948032
-0.939959
-0.931805
-0.923573
-0.915268
-0.906892
-0.898448
-0.889946
-0.881388
-0.87278
-0.864124
-0.855425
-0.846693
-0.83793
-0.829142
-0.82034
-0.811526
-0.802707
-0.793891
-0.785086
-0.776298
-0.767535
-0.758804
-0.750113
-0.741471
-0.732888
-0.724367
-0.715919
-0.707554
-0.699279
-0.691105
-0.683038
-0.675092
-0.667274
-0.659594
-0.652062
-0.644689
-0.63748
-0.630451
-0.623608
-0.616964
-0.610529
-0.604312
-0.598325
-0.592577
-0.58708
-0.581843
-0.576877
-0.572192
-0.567797
-0.563705
-0.559922
-0.556457
-0.55332
-0.550518
-0.548056
-0.545944
-0.544186
-0.542789
-0.541759
-0.541098
-0.54081
-0.540896
-0.541357
-0.542195
-0.543407
-0.544993
-0.546948
-0.549269
-0.551952
-0.554992
-0.558381
-0.562113
-0.56618
-0.570574
-0.575283
-0.580296
-0.585605
-0.591201
-0.597071
-0.603203
-0.609587
-0.61621
-0.623061
-0.630124
-0.63739
-0.644844
-0.652476
-0.660272
-0.668217
-0.676302
-0.684513
-0.692837
-0.701262
-0.709773
-0.718359
-0.727006
-0.735699
-0.744427
-0.753176
-0.761931
-0.770678
-0.779403
-0.788091
-0.796728
-0.805297
-0.813784
-0.822172
-0.830446
-0.838586
-0.846577
-0.854402
-0.862046
-0.86949
-0.876717
-0.883711
-0.890458
-0.896943
-0.903155
-0.909079
-0.914705
-0.920026
-0.925036
-0.929729
-0.934106
-0.938165
-0.941911
-0.945348
-0.948483
-0.951327
-0.953889
-0.956183
-0.958222
-0.960019
-0.961591
-0.962951
-0.964119
-0.965106
-0.965928
-0.9666
-0.967139
-0.967553
-0.967859
-0.968068
-0.96819
-0.968237
-0.968219
-0.968145
-0.968023
-0.967862
-0.967667
-0.967446
-0.967204
-0.966945
-0.966676
-0.966397
-0.966114
-0.965827
-0.965546
-0.965268
-0.964997
-0.964735
-0.964482
-0.964241
-0.96401
-0.963789
-0.963582
-0.963388
-0.963205
-0.963036
-0.962878
-0.962731
-0.962597
-0.96247
-0.962353
-0.962244
-0.962142
-0.962046
-0.961955
-0.961866
-0.96178
-0.961696
-0.96161
-0.961524
-0.961433
-0.961336
-0.961234
-0.961124
-0.961005
-0.960875
-0.960733
-0.960575
-0.960403
-0.960214
-0.960006
-0.959778
-0.959529
-0.959257
-0.95896
-0.95864
-0.95829
-0.957911
-0.957502
-0.957063
-0.95659
-0.956083
-0.955542
-0.954964
-0.954348
-0.953692
-0.952997
-0.95226
-0.95148
-0.95066
-0.949793
-0.948878
-0.947918
-0.946913
-0.945858
-0.944756
-0.943605
-0.942402
-0.941148
-0.939842
-0.938483
-0.93707
-0.935602
-0.934081
-0.932504
-0.930872
-0.929184
-0.927439
-0.925638
-0.923779
-0.921863
-0.91989
-0.917857
-0.915766
-0.913616
-0.911407
-0.909139
-0.906814
-1.26558
-1.26207
-1.25851
-1.25491
-1.25126
-1.24757
-1.24383
-1.24003
-1.23619
-1.23229
-1.22834
-1.22434
-1.22028
-1.21617
-1.21199
-1.20776
-1.20347
-1.19911
-1.19469
-1.1902
-1.18565
-1.18103
-1.17634
-1.17157
-1.16673
-1.16182
-1.15683
-1.15177
-1.14663
-1.1414
-1.1361
-1.1307
-1.12523
-1.11966
-1.11401
-1.10827
-1.10244
-1.09651
-1.09049
-1.08438
-1.07818
-1.07187
-1.06548
-1.05898
-1.05239
-1.0457
-1.03891
-1.03203
-1.02505
-1.01797
-1.0108
-1.00353
-0.996173
-0.988719
-0.981173
-0.973542
-0.965822
-0.958019
-0.950134
-0.942169
-0.934128
-0.926015
-0.917831
-0.909584
-0.901271
-0.892899
-0.884477
-0.876007
-0.867493
-0.858941
-0.850355
-0.841741
-0.833104
-0.824451
-0.815789
-0.807121
-0.798458
-0.789805
-0.781168
-0.772556
-0.763976
-0.755434
-0.74694
-0.7385
-0.730123
-0.721817
-0.713591
-0.705454
-0.697413
-0.689477
-0.681654
-0.673959
-0.666396
-0.658977
-0.651711
-0.644607
-0.637675
-0.630926
-0.624368
-0.618013
-0.61187
-0.605951
-0.600265
-0.59482
-0.589628
-0.5847
-0.580045
-0.575672
-0.571593
-0.567814
-0.564345
-0.561195
-0.558373
-0.555883
-0.553733
-0.551929
-0.550478
-0.549385
-0.548654
-0.548288
-0.548289
-0.548661
-0.549402
-0.550512
-0.551991
-0.553837
-0.556046
-0.558613
-0.561536
-0.564808
-0.568423
-0.572373
-0.576652
-0.58125
-0.586156
-0.591364
-0.59686
-0.602636
-0.608684
-0.614988
-0.62154
-0.628327
-0.635339
-0.64256
-0.649982
-0.657592
-0.665375
-0.673323
-0.681423
-0.689661
-0.698025
-0.706503
-0.715082
-0.72375
-0.732495
-0.741301
-0.750157
-0.75905
-0.767966
-0.776892
-0.785812
-0.794712
-0.803577
-0.812393
-0.821143
-0.829812
-0.838383
-0.846839
-0.855161
-0.863331
-0.871332
-0.879145
-0.886752
-0.894134
-0.901274
-0.908154
-0.914759
-0.921075
-0.927085
-0.932782
-0.93815
-0.943184
-0.947879
-0.952236
-0.956254
-0.959937
-0.963288
-0.966318
-0.969037
-0.971457
-0.973592
-0.97546
-0.977074
-0.978453
-0.979616
-0.980576
-0.981353
-0.981961
-0.982418
-0.982741
-0.982941
-0.983034
-0.983033
-0.982949
-0.982794
-0.982578
-0.98231
-0.982
-0.981656
-0.981286
-0.980892
-0.980484
-0.980065
-0.979639
-0.97921
-0.978784
-0.978359
-0.977944
-0.97754
-0.977149
-0.976769
-0.976406
-0.976057
-0.975726
-0.975411
-0.975113
-0.974831
-0.974567
-0.97432
-0.974089
-0.973877
-0.973676
-0.97349
-0.973317
-0.973156
-0.973006
-0.972867
-0.972737
-0.972613
-0.972495
-0.972382
-0.972272
-0.972163
-0.972054
-0.971944
-0.97183
-0.971712
-0.971588
-0.971456
-0.971315
-0.971163
-0.970998
-0.970819
-0.970624
-0.970413
-0.970182
-0.969931
-0.969661
-0.969363
-0.969042
-0.968695
-0.96832
-0.967918
-0.967483
-0.967017
-0.966518
-0.965982
-0.965415
-0.964808
-0.964164
-0.96348
-0.962756
-0.96199
-0.961182
-0.960329
-0.959432
-0.95849
-0.957502
-0.956465
-0.955382
-0.954251
-0.953069
-0.951836
-0.950552
-0.949212
-0.947822
-0.946379
-0.944883
-0.943332
-0.941727
-0.940067
-0.938349
-0.936576
-0.934746
-0.93286
-0.930915
-0.928914
-0.926854
-0.924736
-0.92256
-0.920326
-1.2659
-1.26225
-1.25856
-1.25481
-1.25102
-1.24718
-1.2433
-1.23936
-1.23537
-1.23133
-1.22723
-1.22308
-1.21887
-1.21461
-1.21029
-1.20591
-1.20146
-1.19696
-1.19239
-1.18776
-1.18306
-1.17829
-1.17346
-1.16855
-1.16357
-1.15852
-1.15339
-1.1482
-1.14291
-1.13756
-1.13212
-1.1266
-1.121
-1.11531
-1.10954
-1.10368
-1.09774
-1.09171
-1.08558
-1.07937
-1.07307
-1.06668
-1.0602
-1.05362
-1.04696
-1.0402
-1.03335
-1.02641
-1.01938
-1.01226
-1.00504
-0.997747
-0.990363
-0.982894
-0.975341
-0.967704
-0.95999
-0.9522
-0.944335
-0.936399
-0.928393
-0.920323
-0.91219
-0.904
-0.895754
-0.887457
-0.879117
-0.870737
-0.862318
-0.853869
-0.845398
-0.836904
-0.828394
-0.819876
-0.811355
-0.802838
-0.794329
-0.785839
-0.777374
-0.768938
-0.760541
-0.75219
-0.743892
-0.735655
-0.727487
-0.719397
-0.711392
-0.703481
-0.695673
-0.687979
-0.680401
-0.672955
-0.665648
-0.658489
-0.65149
-0.644656
-0.637998
-0.631528
-0.625256
-0.619189
-0.613338
-0.607714
-0.602325
-0.597181
-0.592294
-0.587672
-0.583324
-0.579262
-0.575491
-0.572023
-0.568863
-0.566025
-0.56351
-0.561327
-0.559481
-0.557981
-0.556829
-0.556033
-0.555594
-0.555515
-0.555799
-0.556447
-0.55746
-0.558836
-0.560574
-0.562671
-0.565126
-0.567933
-0.571086
-0.574583
-0.578415
-0.582578
-0.587061
-0.591856
-0.596955
-0.60235
-0.608028
-0.613981
-0.620197
-0.626668
-0.633383
-0.64033
-0.647499
-0.654874
-0.662449
-0.670209
-0.678144
-0.686243
-0.694491
-0.70288
-0.711395
-0.720025
-0.728759
-0.737582
-0.746483
-0.755451
-0.76447
-0.773529
-0.782614
-0.791711
-0.800808
-0.809888
-0.818936
-0.827936
-0.836875
-0.845734
-0.854495
-0.863143
-0.871658
-0.880019
-0.888207
-0.896204
-0.903989
-0.911541
-0.918841
-0.925871
-0.93261
-0.939041
-0.945155
-0.950928
-0.956353
-0.961421
-0.966126
-0.970466
-0.974439
-0.978054
-0.981315
-0.984232
-0.986818
-0.989087
-0.991054
-0.992737
-0.994155
-0.995328
-0.996274
-0.997015
-0.997568
-0.997952
-0.998185
-0.998283
-0.99826
-0.998133
-0.997915
-0.997618
-0.997256
-0.996838
-0.996374
-0.995875
-0.995345
-0.994795
-0.994227
-0.993652
-0.993072
-0.99249
-0.991914
-0.991345
-0.990784
-0.990237
-0.989708
-0.989196
-0.988703
-0.988229
-0.987776
-0.987346
-0.986937
-0.986552
-0.986187
-0.985843
-0.98552
-0.985219
-0.984941
-0.984679
-0.984436
-0.98421
-0.983999
-0.983805
-0.983623
-0.983455
-0.983298
-0.98315
-0.983011
-0.982877
-0.98275
-0.982625
-0.982503
-0.98238
-0.982256
-0.982129
-0.981997
-0.981859
-0.981713
-0.981557
-0.98139
-0.98121
-0.981016
-0.980805
-0.98058
-0.980331
-0.980064
-0.979774
-0.97946
-0.97912
-0.978753
-0.978358
-0.977932
-0.977476
-0.976989
-0.976469
-0.975914
-0.975322
-0.974692
-0.974022
-0.973315
-0.972567
-0.971776
-0.970943
-0.970065
-0.969143
-0.968176
-0.967162
-0.966101
-0.964991
-0.963832
-0.962619
-0.961359
-0.960048
-0.958683
-0.957268
-0.9558
-0.954277
-0.952699
-0.951067
-0.949379
-0.947636
-0.945836
-0.943981
-0.942069
-0.940099
-0.938073
-0.935988
-0.933846
-1.26612
-1.26233
-1.25849
-1.25461
-1.25067
-1.2467
-1.24266
-1.23858
-1.23444
-1.23026
-1.22601
-1.22172
-1.21737
-1.21296
-1.20849
-1.20396
-1.19937
-1.19472
-1.19001
-1.18523
-1.18039
-1.17548
-1.17051
-1.16546
-1.16034
-1.15515
-1.14989
-1.14456
-1.13915
-1.13366
-1.1281
-1.12246
-1.11674
-1.11093
-1.10505
-1.09908
-1.09303
-1.08689
-1.08067
-1.07437
-1.06797
-1.0615
-1.05493
-1.04828
-1.04155
-1.03473
-1.02782
-1.02083
-1.01375
-1.00659
-0.999344
-0.99202
-0.984616
-0.977134
-0.969575
-0.96194
-0.954236
-0.946461
-0.938619
-0.930714
-0.922748
-0.914723
-0.906644
-0.898516
-0.890338
-0.882118
-0.873861
-0.865572
-0.857253
-0.84891
-0.840549
-0.832176
-0.823798
-0.815416
-0.807038
-0.798671
-0.790322
-0.781996
-0.773699
-0.765442
-0.757229
-0.749068
-0.740968
-0.732935
-0.724977
-0.717102
-0.70932
-0.701637
-0.694063
-0.686606
-0.679275
-0.672078
-0.665029
-0.65813
-0.651394
-0.644832
-0.638447
-0.632255
-0.626267
-0.620487
-0.614926
-0.609595
-0.604503
-0.599659
-0.595071
-0.590752
-0.58671
-0.582952
-0.579487
-0.576326
-0.573471
-0.570935
-0.568723
-0.56684
-0.565295
-0.564091
-0.563232
-0.562725
-0.562571
-0.562772
-0.563331
-0.564249
-0.565524
-0.567157
-0.569146
-0.571488
-0.57418
-0.577218
-0.580595
-0.584309
-0.588354
-0.592719
-0.597401
-0.602387
-0.607672
-0.613245
-0.619098
-0.625222
-0.631605
-0.638236
-0.645109
-0.65221
-0.659531
-0.667058
-0.674781
-0.682689
-0.69077
-0.699016
-0.707411
-0.715946
-0.724608
-0.733388
-0.742273
-0.75125
-0.760308
-0.769435
-0.778617
-0.787842
-0.797098
-0.80637
-0.815645
-0.824907
-0.834141
-0.843333
-0.852464
-0.861521
-0.870482
-0.879332
-0.88805
-0.896614
-0.905004
-0.913199
-0.921176
-0.928915
-0.936394
-0.943588
-0.950478
-0.957046
-0.96327
-0.969135
-0.974627
-0.979736
-0.984454
-0.988779
-0.992716
-0.996261
-0.999425
-1.00222
-1.00466
-1.00676
-1.00854
-1.01003
-1.01123
-1.01219
-1.0129
-1.01341
-1.01373
-1.01388
-1.01387
-1.01373
-1.01348
-1.01313
-1.01268
-1.01217
-1.01159
-1.01097
-1.01031
-1.00961
-1.0089
-1.00817
-1.00743
-1.00668
-1.00594
-1.00521
-1.00448
-1.00377
-1.00307
-1.0024
-1.00175
-1.00112
-1.00051
-0.999931
-0.999378
-0.998851
-0.998351
-0.997877
-0.997433
-0.997013
-0.996619
-0.996253
-0.995907
-0.995587
-0.995289
-0.995012
-0.994756
-0.994519
-0.994299
-0.994095
-0.993906
-0.993731
-0.993567
-0.993414
-0.99327
-0.993132
-0.992999
-0.992869
-0.992742
-0.992613
-0.992484
-0.99235
-0.992213
-0.992067
-0.991914
-0.991752
-0.99158
-0.991392
-0.991187
-0.990966
-0.990727
-0.990469
-0.990189
-0.989886
-0.989558
-0.989202
-0.988821
-0.988411
-0.98797
-0.9875
-0.986996
-0.986457
-0.985882
-0.985271
-0.984621
-0.983933
-0.983207
-0.982438
-0.981627
-0.980771
-0.979872
-0.978929
-0.977939
-0.976901
-0.975816
-0.974682
-0.973499
-0.972266
-0.970981
-0.969646
-0.96826
-0.966819
-0.965326
-0.963779
-0.962177
-0.960521
-0.958809
-0.957042
-0.955219
-0.95334
-0.951405
-0.949412
-0.947362
-1.26623
-1.2623
-1.25832
-1.2543
-1.25022
-1.24609
-1.24192
-1.23769
-1.23341
-1.22908
-1.2247
-1.22026
-1.21576
-1.2112
-1.20659
-1.20192
-1.19719
-1.1924
-1.18754
-1.18262
-1.17764
-1.17259
-1.16748
-1.1623
-1.15704
-1.15172
-1.14633
-1.14087
-1.13533
-1.12972
-1.12404
-1.11827
-1.11244
-1.10652
-1.10053
-1.09445
-1.0883
-1.08206
-1.07575
-1.06935
-1.06288
-1.05632
-1.04968
-1.04296
-1.03616
-1.02928
-1.02232
-1.01528
-1.00816
-1.00096
-0.993692
-0.986346
-0.978926
-0.971435
-0.963875
-0.956247
-0.948553
-0.940799
-0.932984
-0.925113
-0.917187
-0.909212
-0.901189
-0.893123
-0.885018
-0.876876
-0.868705
-0.860509
-0.852291
-0.844056
-0.83581
-0.82756
-0.81931
-0.811068
-0.802835
-0.794619
-0.786428
-0.778267
-0.770144
-0.762065
-0.754036
-0.746067
-0.738165
-0.730335
-0.722588
-0.71493
-0.70737
-0.699916
-0.692576
-0.685359
-0.678273
-0.671326
-0.66453
-0.657892
-0.651421
-0.645129
-0.639021
-0.633106
-0.627398
-0.621903
-0.61663
-0.611591
-0.606793
-0.602245
-0.597956
-0.593937
-0.590194
-0.586737
-0.583575
-0.580713
-0.578162
-0.575924
-0.574007
-0.572419
-0.571167
-0.570253
-0.569679
-0.569453
-0.569576
-0.57005
-0.570877
-0.572055
-0.573587
-0.575469
-0.5777
-0.580279
-0.5832
-0.586462
-0.590056
-0.593981
-0.598228
-0.602791
-0.607662
-0.612833
-0.618296
-0.624044
-0.630066
-0.636353
-0.642897
-0.649683
-0.656707
-0.663959
-0.671428
-0.6791
-0.686967
-0.695018
-0.703243
-0.711629
-0.720166
-0.728844
-0.737652
-0.746578
-0.75561
-0.764739
-0.773951
-0.783235
-0.79258
-0.801971
-0.811396
-0.820843
-0.830296
-0.839743
-0.849168
-0.858554
-0.867884
-0.877146
-0.886315
-0.895376
-0.904307
-0.913087
-0.921692
-0.930101
-0.938289
-0.946232
-0.953906
-0.961284
-0.968346
-0.975064
-0.981418
-0.987389
-0.992963
-0.998123
-1.00286
-1.00718
-1.01107
-1.01454
-1.01759
-1.02026
-1.02254
-1.02446
-1.02604
-1.02731
-1.02829
-1.029
-1.02948
-1.02974
-1.0298
-1.0297
-1.02945
-1.02906
-1.02857
-1.02798
-1.02731
-1.02657
-1.02578
-1.02494
-1.02408
-1.02319
-1.02228
-1.02137
-1.02046
-1.01955
-1.01865
-1.01776
-1.01689
-1.01604
-1.01521
-1.01441
-1.01364
-1.01289
-1.01218
-1.01149
-1.01084
-1.01022
-1.00963
-1.00908
-1.00855
-1.00806
-1.0076
-1.00717
-1.00676
-1.00638
-1.00603
-1.00571
-1.00541
-1.00513
-1.00488
-1.00464
-1.00442
-1.00422
-1.00404
-1.00387
-1.00371
-1.00356
-1.00342
-1.00328
-1.00315
-1.00303
-1.0029
-1.00278
-1.00265
-1.00252
-1.00238
-1.00224
-1.00208
-1.00192
-1.00174
-1.00155
-1.00134
-1.00112
-1.00087
-1.00061
-1.00032
-1.00001
-0.999669
-0.999306
-0.998914
-0.998495
-0.998042
-0.997557
-0.997039
-0.996487
-0.995898
-0.995272
-0.994609
-0.993905
-0.993161
-0.992375
-0.991544
-0.990672
-0.989754
-0.988791
-0.98778
-0.986723
-0.985618
-0.984463
-0.983259
-0.982005
-0.9807
-0.979345
-0.977936
-0.976473
-0.974958
-0.973389
-0.971765
-0.970087
-0.968354
-0.966565
-0.964721
-0.96282
-0.960862
-1.26622
-1.26215
-1.25803
-1.25387
-1.24965
-1.24538
-1.24106
-1.23669
-1.23227
-1.2278
-1.22327
-1.21869
-1.21405
-1.20935
-1.20459
-1.19978
-1.19491
-1.18998
-1.18498
-1.17993
-1.17481
-1.16962
-1.16437
-1.15906
-1.15368
-1.14823
-1.14271
-1.13712
-1.13146
-1.12573
-1.11993
-1.11405
-1.1081
-1.10207
-1.09597
-1.0898
-1.08355
-1.07722
-1.07082
-1.06434
-1.05778
-1.05115
-1.04444
-1.03765
-1.03079
-1.02385
-1.01684
-1.00976
-1.00261
-0.99538
-0.988085
-0.980719
-0.973289
-0.965793
-0.958235
-0.950617
-0.942941
-0.935208
-0.927423
-0.919588
-0.911707
-0.903783
-0.895819
-0.887819
-0.879788
-0.871727
-0.863645
-0.855544
-0.847429
-0.839304
-0.831175
-0.82305
-0.814931
-0.806825
-0.79874
-0.790677
-0.782645
-0.774651
-0.766701
-0.758802
-0.75096
-0.743184
-0.735478
-0.727855
-0.720318
-0.712878
-0.705541
-0.698316
-0.69121
-0.684232
-0.677392
-0.670695
-0.664153
-0.657775
-0.65157
-0.645544
-0.639708
-0.634069
-0.628644
-0.623431
-0.618444
-0.613693
-0.609185
-0.604934
-0.600939
-0.597215
-0.593769
-0.59061
-0.587743
-0.585179
-0.582921
-0.580977
-0.579353
-0.578055
-0.577087
-0.576455
-0.576161
-0.576211
-0.576604
-0.577343
-0.578429
-0.579861
-0.58164
-0.583764
-0.586231
-0.589038
-0.592183
-0.595659
-0.599463
-0.60359
-0.608032
-0.612785
-0.617839
-0.623188
-0.628825
-0.634739
-0.640924
-0.647367
-0.654063
-0.661002
-0.668173
-0.675569
-0.683179
-0.690991
-0.698998
-0.707186
-0.715547
-0.724071
-0.732746
-0.741563
-0.75051
-0.759579
-0.768756
-0.778032
-0.787395
-0.796834
-0.806335
-0.815892
-0.825485
-0.835106
-0.844738
-0.85437
-0.863987
-0.87357
-0.883106
-0.892577
-0.901962
-0.911242
-0.920397
-0.929406
-0.938241
-0.94688
-0.955296
-0.96346
-0.971353
-0.978938
-0.986189
-0.99308
-0.999585
-1.00568
-1.01135
-1.01657
-1.02133
-1.02564
-1.02949
-1.03287
-1.03582
-1.03834
-1.04044
-1.04217
-1.04353
-1.04456
-1.04529
-1.04575
-1.04596
-1.04596
-1.04576
-1.04539
-1.04488
-1.04424
-1.04349
-1.04266
-1.04175
-1.04078
-1.03977
-1.03873
-1.03766
-1.03657
-1.03548
-1.03439
-1.0333
-1.03223
-1.03117
-1.03013
-1.02912
-1.02813
-1.02717
-1.02625
-1.02535
-1.0245
-1.02368
-1.02289
-1.02215
-1.02143
-1.02076
-1.02013
-1.01953
-1.01896
-1.01844
-1.01794
-1.01748
-1.01705
-1.01666
-1.01629
-1.01594
-1.01563
-1.01534
-1.01508
-1.01483
-1.01461
-1.01441
-1.01422
-1.01405
-1.01389
-1.01375
-1.01361
-1.01348
-1.01336
-1.01324
-1.01312
-1.01301
-1.01289
-1.01277
-1.01265
-1.01252
-1.01238
-1.01223
-1.01207
-1.01189
-1.0117
-1.01149
-1.01127
-1.01102
-1.01076
-1.01046
-1.01015
-1.00981
-1.00944
-1.00904
-1.00861
-1.00815
-1.00766
-1.00713
-1.00657
-1.00597
-1.00533
-1.00466
-1.00394
-1.00318
-1.00238
-1.00154
-1.00064
-0.999712
-0.998732
-0.997704
-0.99663
-0.995507
-0.994334
-0.993112
-0.99184
-0.990517
-0.98914
-0.987711
-0.98623
-0.984695
-0.983105
-0.981462
-0.979764
-0.97801
-0.9762
-0.974336
-1.26609
-1.26188
-1.25762
-1.25331
-1.24896
-1.24455
-1.24009
-1.23558
-1.23101
-1.2264
-1.22173
-1.217
-1.21222
-1.20739
-1.20249
-1.19754
-1.19253
-1.18746
-1.18233
-1.17714
-1.17188
-1.16657
-1.16119
-1.15574
-1.15023
-1.14466
-1.13901
-1.1333
-1.12753
-1.12168
-1.11576
-1.10978
-1.10372
-1.09759
-1.09139
-1.08512
-1.07877
-1.07236
-1.06587
-1.05931
-1.05268
-1.04597
-1.0392
-1.03235
-1.02543
-1.01845
-1.01139
-1.00427
-0.997085
-0.989832
-0.982516
-0.975138
-0.9677
-0.960205
-0.952653
-0.945047
-0.937389
-0.929683
-0.92193
-0.914136
-0.906303
-0.898433
-0.89053
-0.8826
-0.874645
-0.866667
-0.858676
-0.850672
-0.842662
-0.83465
-0.826641
-0.818642
-0.810655
-0.802689
-0.794748
-0.786842
-0.778971
-0.771144
-0.763368
-0.75565
-0.747996
-0.740413
-0.732908
-0.725488
-0.718164
-0.710942
-0.703828
-0.696832
-0.68996
-0.683222
-0.676627
-0.67018
-0.663893
-0.657775
-0.65183
-0.646072
-0.640509
-0.635145
-0.629996
-0.625065
-0.620362
-0.615899
-0.611681
-0.607716
-0.604014
-0.600583
-0.59743
-0.594562
-0.591987
-0.589714
-0.587745
-0.58609
-0.584753
-0.583737
-0.58305
-0.582692
-0.582672
-0.582989
-0.583644
-0.58464
-0.585978
-0.587657
-0.589676
-0.592034
-0.594729
-0.597757
-0.601115
-0.6048
-0.608807
-0.613127
-0.617758
-0.622694
-0.627924
-0.633444
-0.639245
-0.64532
-0.651661
-0.658257
-0.665102
-0.672185
-0.679498
-0.68703
-0.694777
-0.702724
-0.710862
-0.719183
-0.727675
-0.73633
-0.745139
-0.754089
-0.763172
-0.772377
-0.781694
-0.791112
-0.800622
-0.810211
-0.819867
-0.829582
-0.839341
-0.849133
-0.858945
-0.868762
-0.87857
-0.888354
-0.898096
-0.907781
-0.917388
-0.926897
-0.936285
-0.945532
-0.954613
-0.9635
-0.972162
-0.980575
-0.988704
-0.996516
-1.00398
-1.01107
-1.01775
-1.02399
-1.02977
-1.03506
-1.03987
-1.04417
-1.04797
-1.05127
-1.05408
-1.05644
-1.05836
-1.05986
-1.06098
-1.06176
-1.06222
-1.0624
-1.06232
-1.06203
-1.06155
-1.0609
-1.06012
-1.05921
-1.05821
-1.05712
-1.05597
-1.05478
-1.05354
-1.05228
-1.05101
-1.04973
-1.04845
-1.04717
-1.04592
-1.04468
-1.04347
-1.04229
-1.04113
-1.04001
-1.03893
-1.03788
-1.03688
-1.03591
-1.03499
-1.03411
-1.03327
-1.03247
-1.03172
-1.03101
-1.03034
-1.02971
-1.02912
-1.02857
-1.02805
-1.02758
-1.02713
-1.02672
-1.02635
-1.026
-1.02568
-1.02539
-1.02512
-1.02488
-1.02466
-1.02446
-1.02428
-1.02412
-1.02397
-1.02383
-1.02371
-1.02359
-1.02348
-1.02338
-1.02328
-1.02318
-1.02308
-1.02298
-1.02287
-1.02276
-1.02264
-1.02251
-1.02237
-1.02221
-1.02205
-1.02186
-1.02166
-1.02144
-1.0212
-1.02093
-1.02064
-1.02032
-1.01998
-1.01961
-1.01921
-1.01878
-1.01831
-1.01781
-1.01728
-1.01671
-1.0161
-1.01546
-1.01477
-1.01404
-1.01327
-1.01245
-1.0116
-1.0107
-1.00975
-1.00875
-1.00771
-1.00662
-1.00548
-1.00429
-1.00306
-1.00177
-1.00043
-0.999032
-0.997585
-0.996086
-0.994532
-0.992924
-0.991261
-0.989544
-0.987772
-1.26584
-1.26149
-1.25709
-1.25264
-1.24814
-1.24359
-1.23899
-1.23434
-1.22964
-1.22488
-1.22007
-1.21521
-1.21029
-1.20531
-1.20028
-1.19519
-1.19005
-1.18484
-1.17958
-1.17426
-1.16887
-1.16342
-1.15792
-1.15235
-1.14671
-1.14102
-1.13525
-1.12942
-1.12353
-1.11757
-1.11155
-1.10545
-1.09929
-1.09306
-1.08677
-1.0804
-1.07397
-1.06747
-1.0609
-1.05426
-1.04756
-1.04079
-1.03396
-1.02705
-1.02009
-1.01306
-1.00596
-0.998807
-0.991591
-0.984317
-0.976985
-0.969598
-0.962156
-0.954662
-0.947119
-0.939529
-0.931895
-0.924219
-0.916504
-0.908752
-0.900969
-0.893157
-0.885318
-0.877461
-0.869584
-0.861693
-0.853794
-0.845889
-0.837986
-0.830088
-0.8222
-0.814329
-0.806478
-0.798654
-0.790862
-0.783107
-0.775401
-0.767743
-0.760142
-0.752606
-0.745139
-0.73775
-0.730447
-0.723234
-0.716123
-0.709117
-0.702227
-0.69546
-0.688823
-0.682325
-0.675974
-0.669779
-0.663744
-0.657884
-0.652202
-0.64671
-0.641417
-0.636326
-0.631453
-0.626802
-0.622381
-0.6182
-0.614266
-0.610588
-0.607175
-0.604031
-0.601168
-0.598588
-0.596302
-0.594314
-0.592629
-0.591256
-0.590198
-0.58946
-0.589046
-0.588958
-0.589203
-0.58978
-0.590691
-0.591937
-0.59352
-0.595436
-0.597688
-0.600272
-0.603186
-0.606428
-0.609994
-0.613879
-0.618078
-0.622588
-0.627401
-0.632511
-0.63791
-0.643594
-0.649555
-0.655784
-0.662274
-0.669015
-0.676002
-0.683223
-0.690669
-0.698335
-0.70621
-0.714284
-0.72255
-0.730996
-0.739614
-0.748395
-0.757328
-0.766406
-0.775618
-0.784954
-0.794404
-0.803959
-0.81361
-0.823344
-0.833152
-0.843021
-0.852943
-0.862904
-0.87289
-0.882891
-0.89289
-0.902872
-0.912822
-0.922724
-0.932559
-0.942303
-0.951936
-0.961434
-0.970773
-0.97992
-0.988849
-0.997526
-1.00592
-1.01398
-1.02169
-1.02901
-1.03588
-1.0423
-1.04821
-1.0536
-1.05845
-1.06275
-1.0665
-1.0697
-1.07238
-1.07455
-1.07625
-1.07751
-1.07837
-1.07886
-1.07902
-1.0789
-1.07852
-1.07792
-1.07714
-1.07621
-1.07513
-1.07395
-1.07268
-1.07134
-1.06994
-1.06851
-1.06705
-1.06558
-1.0641
-1.06262
-1.06116
-1.05971
-1.05829
-1.05689
-1.05553
-1.0542
-1.05291
-1.05166
-1.05046
-1.0493
-1.04818
-1.04712
-1.0461
-1.04512
-1.0442
-1.04332
-1.04249
-1.04171
-1.04097
-1.04028
-1.03963
-1.03903
-1.03846
-1.03794
-1.03746
-1.03701
-1.0366
-1.03622
-1.03588
-1.03556
-1.03528
-1.03502
-1.03479
-1.03458
-1.03439
-1.03422
-1.03407
-1.03394
-1.03382
-1.03371
-1.03362
-1.03353
-1.03344
-1.03336
-1.03329
-1.03321
-1.03313
-1.03304
-1.03296
-1.03286
-1.03276
-1.03264
-1.03252
-1.03237
-1.03222
-1.03204
-1.03185
-1.03163
-1.0314
-1.03114
-1.03085
-1.03054
-1.0302
-1.02983
-1.02943
-1.02899
-1.02853
-1.02803
-1.02749
-1.02691
-1.0263
-1.02564
-1.02495
-1.02421
-1.02343
-1.02261
-1.02174
-1.02083
-1.01987
-1.01886
-1.0178
-1.0167
-1.01555
-1.01435
-1.01309
-1.01179
-1.01043
-1.00902
-1.00755
-1.00604
-1.00447
-1.00284
-1.00116
-1.26544
-1.26096
-1.25642
-1.25184
-1.2472
-1.24251
-1.23777
-1.23298
-1.22814
-1.22325
-1.2183
-1.2133
-1.20824
-1.20313
-1.19796
-1.19274
-1.18746
-1.18213
-1.17673
-1.17128
-1.16576
-1.16019
-1.15456
-1.14887
-1.14311
-1.1373
-1.13142
-1.12548
-1.11947
-1.11341
-1.10727
-1.10108
-1.09482
-1.0885
-1.08211
-1.07565
-1.06914
-1.06256
-1.05591
-1.04921
-1.04244
-1.03561
-1.02871
-1.02176
-1.01475
-1.00768
-1.00055
-0.993361
-0.986122
-0.978829
-0.971485
-0.964091
-0.95665
-0.949162
-0.941633
-0.934063
-0.926455
-0.918813
-0.911137
-0.903433
-0.895702
-0.88795
-0.880179
-0.872395
-0.864599
-0.856796
-0.848992
-0.841191
-0.833397
-0.825615
-0.81785
-0.810108
-0.802394
-0.794714
-0.787072
-0.779475
-0.771929
-0.764443
-0.757018
-0.749664
-0.742386
-0.735193
-0.728091
-0.721087
-0.714187
-0.707401
-0.700735
-0.694197
-0.687794
-0.681536
-0.675429
-0.669482
-0.663701
-0.658097
-0.652678
-0.647452
-0.642426
-0.637609
-0.633009
-0.628636
-0.624494
-0.620593
-0.616941
-0.613546
-0.610414
-0.607555
-0.604974
-0.60268
-0.600678
-0.598969
-0.597565
-0.596468
-0.595683
-0.595216
-0.595068
-0.595243
-0.595746
-0.596577
-0.597737
-0.599225
-0.601044
-0.603193
-0.605669
-0.608471
-0.611598
-0.615047
-0.618811
-0.622889
-0.627275
-0.631964
-0.636951
-0.64223
-0.647793
-0.653635
-0.659747
-0.666124
-0.672756
-0.679636
-0.686755
-0.694108
-0.701683
-0.709474
-0.717472
-0.725666
-0.734051
-0.742616
-0.751352
-0.760251
-0.769304
-0.778502
-0.787835
-0.797295
-0.806873
-0.816559
-0.826343
-0.836215
-0.846167
-0.856186
-0.866264
-0.876387
-0.886544
-0.896722
-0.90691
-0.91709
-0.927248
-0.937368
-0.947429
-0.957412
-0.967296
-0.977054
-0.986663
-0.996092
-1.00531
-1.01427
-1.02295
-1.03131
-1.03929
-1.04686
-1.05397
-1.06058
-1.06666
-1.07216
-1.07707
-1.08138
-1.08508
-1.08818
-1.09069
-1.09266
-1.09411
-1.09509
-1.09565
-1.09582
-1.09566
-1.09521
-1.0945
-1.09358
-1.09249
-1.09124
-1.08987
-1.0884
-1.08686
-1.08526
-1.08361
-1.08194
-1.08026
-1.07858
-1.07689
-1.07523
-1.07358
-1.07196
-1.07038
-1.06883
-1.06732
-1.06585
-1.06443
-1.06306
-1.06174
-1.06047
-1.05925
-1.05809
-1.05697
-1.05591
-1.05491
-1.05395
-1.05305
-1.0522
-1.05141
-1.05066
-1.04995
-1.0493
-1.04869
-1.04813
-1.04761
-1.04713
-1.04669
-1.04628
-1.04592
-1.04558
-1.04528
-1.04501
-1.04477
-1.04456
-1.04436
-1.0442
-1.04405
-1.04392
-1.04381
-1.04372
-1.04363
-1.04356
-1.04349
-1.04343
-1.04338
-1.04333
-1.04328
-1.04323
-1.04317
-1.04311
-1.04305
-1.04298
-1.04289
-1.0428
-1.04268
-1.04256
-1.04242
-1.04225
-1.04207
-1.04187
-1.04164
-1.04139
-1.04111
-1.0408
-1.04047
-1.0401
-1.0397
-1.03927
-1.0388
-1.0383
-1.03775
-1.03718
-1.03656
-1.0359
-1.0352
-1.03445
-1.03367
-1.03284
-1.03196
-1.03103
-1.03006
-1.02905
-1.02798
-1.02686
-1.0257
-1.02448
-1.02321
-1.02189
-1.02052
-1.01909
-1.01761
-1.01608
-1.01449
-1.26492
-1.26029
-1.25562
-1.2509
-1.24612
-1.24129
-1.23642
-1.23149
-1.22652
-1.22149
-1.2164
-1.21126
-1.20607
-1.20083
-1.19553
-1.19018
-1.18477
-1.1793
-1.17378
-1.1682
-1.16256
-1.15687
-1.15112
-1.1453
-1.13943
-1.1335
-1.12751
-1.12146
-1.11535
-1.10918
-1.10294
-1.09665
-1.0903
-1.08388
-1.0774
-1.07087
-1.06427
-1.05762
-1.0509
-1.04413
-1.0373
-1.03041
-1.02347
-1.01646
-1.00941
-1.0023
-0.99514
-0.98793
-0.98067
-0.973364
-0.966011
-0.958615
-0.951178
-0.943702
-0.936189
-0.928643
-0.921065
-0.913458
-0.905826
-0.898171
-0.890498
-0.882807
-0.875107
-0.8674
-0.859688
-0.851976
-0.844269
-0.836572
-0.828889
-0.821225
-0.813585
-0.805975
-0.798399
-0.790864
-0.783374
-0.775936
-0.768555
-0.761237
-0.753993
-0.746822
-0.739735
-0.732737
-0.725837
-0.719041
-0.712356
-0.705788
-0.699346
-0.693038
-0.68687
-0.68085
-0.674987
-0.669288
-0.66376
-0.658412
-0.653253
-0.64829
-0.643531
-0.638985
-0.634659
-0.630558
-0.626692
-0.62307
-0.619698
-0.616582
-0.61373
-0.61115
-0.608849
-0.606832
-0.605103
-0.603673
-0.602544
-0.601718
-0.6012
-0.600998
-0.601109
-0.601542
-0.602296
-0.603372
-0.604774
-0.606498
-0.608547
-0.610918
-0.613613
-0.616627
-0.61996
-0.623606
-0.627562
-0.631826
-0.63639
-0.641252
-0.646408
-0.651847
-0.657566
-0.663558
-0.669814
-0.676331
-0.683098
-0.690111
-0.697358
-0.704834
-0.71253
-0.720437
-0.728552
-0.736861
-0.745356
-0.754032
-0.762879
-0.771889
-0.781054
-0.790364
-0.799813
-0.809389
-0.819086
-0.828894
-0.838805
-0.848808
-0.858895
-0.869056
-0.879283
-0.889563
-0.899883
-0.910233
-0.920602
-0.930974
-0.941334
-0.951669
-0.96196
-0.972184
-0.982321
-0.99235
-1.00224
-1.01196
-1.02148
-1.03076
-1.03976
-1.04843
-1.05672
-1.06459
-1.07197
-1.07882
-1.08509
-1.09074
-1.09573
-1.10005
-1.10369
-1.10667
-1.109
-1.11073
-1.1119
-1.11257
-1.11278
-1.1126
-1.11208
-1.11127
-1.11021
-1.10895
-1.10752
-1.10595
-1.10428
-1.10252
-1.1007
-1.09883
-1.09694
-1.09504
-1.09314
-1.09124
-1.08936
-1.0875
-1.08568
-1.0839
-1.08216
-1.08046
-1.07881
-1.07721
-1.07567
-1.07418
-1.07275
-1.07137
-1.07006
-1.0688
-1.0676
-1.06646
-1.06538
-1.06436
-1.06339
-1.06248
-1.06163
-1.06082
-1.06007
-1.05938
-1.05873
-1.05813
-1.05757
-1.05706
-1.0566
-1.05617
-1.05579
-1.05544
-1.05512
-1.05484
-1.0546
-1.05438
-1.05419
-1.05402
-1.05388
-1.05376
-1.05366
-1.05358
-1.05351
-1.05346
-1.05342
-1.05338
-1.05335
-1.05333
-1.05331
-1.05329
-1.05328
-1.05326
-1.05323
-1.0532
-1.05316
-1.05311
-1.05305
-1.05298
-1.05289
-1.05278
-1.05265
-1.05251
-1.05234
-1.05215
-1.05193
-1.05169
-1.05142
-1.05112
-1.05079
-1.05043
-1.05003
-1.0496
-1.04914
-1.04863
-1.04809
-1.04751
-1.04689
-1.04622
-1.04552
-1.04477
-1.04398
-1.04314
-1.04225
-1.04132
-1.04034
-1.03931
-1.03823
-1.03711
-1.03593
-1.0347
-1.03341
-1.03208
-1.03069
-1.02925
-1.02776
-1.26425
-1.25949
-1.25468
-1.24982
-1.24491
-1.23995
-1.23494
-1.22987
-1.22476
-1.21959
-1.21438
-1.20911
-1.20379
-1.19841
-1.19298
-1.1875
-1.18196
-1.17637
-1.17072
-1.16502
-1.15926
-1.15345
-1.14758
-1.14165
-1.13566
-1.12962
-1.12352
-1.11736
-1.11115
-1.10488
-1.09855
-1.09216
-1.08572
-1.07922
-1.07266
-1.06604
-1.05937
-1.05265
-1.04587
-1.03903
-1.03214
-1.0252
-1.01821
-1.01116
-1.00407
-0.996928
-0.989741
-0.982509
-0.975234
-0.967917
-0.96056
-0.953166
-0.945737
-0.938275
-0.930782
-0.923262
-0.915718
-0.90815
-0.900564
-0.892963
-0.885349
-0.877726
-0.870097
-0.86247
-0.854844
-0.847225
-0.839619
-0.832028
-0.824459
-0.816915
-0.809402
-0.801926
-0.79449
-0.787102
-0.779765
-0.772486
-0.765271
-0.758126
-0.751057
-0.744075
-0.737179
-0.730379
-0.723682
-0.717093
-0.710622
-0.704273
-0.698056
-0.691977
-0.686043
-0.680263
-0.674643
-0.669192
-0.663916
-0.658823
-0.653923
-0.649222
-0.644728
-0.640451
-0.636393
-0.632564
-0.628973
-0.625625
-0.622528
-0.619688
-0.617113
-0.614808
-0.612783
-0.611038
-0.609583
-0.60842
-0.607557
-0.606997
-0.606743
-0.606799
-0.607164
-0.607846
-0.608843
-0.610159
-0.611795
-0.613747
-0.616019
-0.618608
-0.621512
-0.624731
-0.628261
-0.632097
-0.636239
-0.640681
-0.64542
-0.650448
-0.655761
-0.661355
-0.667223
-0.673358
-0.679754
-0.686403
-0.6933
-0.700436
-0.707802
-0.715394
-0.723204
-0.731221
-0.739442
-0.747858
-0.756458
-0.765238
-0.774188
-0.783302
-0.79257
-0.801984
-0.811538
-0.821221
-0.831028
-0.840952
-0.850979
-0.861104
-0.871318
-0.881611
-0.891975
-0.902399
-0.912875
-0.923389
-0.933931
-0.944488
-0.955045
-0.965591
-0.976104
-0.986567
-0.996963
-1.00726
-1.01744
-1.02747
-1.03731
-1.04692
-1.05626
-1.06529
-1.07393
-1.08214
-1.08984
-1.09698
-1.10349
-1.10932
-1.11442
-1.11876
-1.12234
-1.12517
-1.12729
-1.12873
-1.12958
-1.12988
-1.12971
-1.12914
-1.12822
-1.12702
-1.12559
-1.12396
-1.12218
-1.12028
-1.11829
-1.11624
-1.11414
-1.11202
-1.10988
-1.10775
-1.10563
-1.10353
-1.10146
-1.09942
-1.09743
-1.09549
-1.0936
-1.09176
-1.08998
-1.08826
-1.0866
-1.085
-1.08347
-1.08199
-1.08059
-1.07924
-1.07797
-1.07675
-1.0756
-1.07452
-1.07349
-1.07253
-1.07162
-1.07077
-1.06997
-1.06924
-1.06855
-1.06792
-1.06734
-1.0668
-1.06631
-1.06587
-1.06547
-1.06511
-1.06479
-1.06451
-1.06425
-1.06404
-1.06385
-1.06369
-1.06356
-1.06345
-1.06337
-1.0633
-1.06325
-1.06322
-1.0632
-1.06319
-1.0632
-1.06321
-1.06322
-1.06324
-1.06326
-1.06328
-1.0633
-1.06331
-1.06332
-1.06332
-1.06331
-1.06328
-1.06325
-1.0632
-1.06313
-1.06304
-1.06294
-1.06281
-1.06266
-1.06248
-1.06228
-1.06205
-1.06179
-1.06149
-1.06117
-1.06082
-1.06043
-1.06
-1.05953
-1.05903
-1.05849
-1.05791
-1.05729
-1.05662
-1.05591
-1.05516
-1.05436
-1.05351
-1.05262
-1.05168
-1.05069
-1.04965
-1.04857
-1.04743
-1.04623
-1.04499
-1.0437
-1.04235
-1.04095
-1.26344
-1.25854
-1.25359
-1.2486
-1.24355
-1.23846
-1.23331
-1.22812
-1.22287
-1.21757
-1.21223
-1.20683
-1.20138
-1.19587
-1.19031
-1.18471
-1.17904
-1.17333
-1.16756
-1.16174
-1.15586
-1.14993
-1.14394
-1.1379
-1.13181
-1.12566
-1.11945
-1.1132
-1.10688
-1.10051
-1.09409
-1.08762
-1.08109
-1.0745
-1.06786
-1.06118
-1.05443
-1.04764
-1.0408
-1.0339
-1.02696
-1.01997
-1.01293
-1.00585
-0.998723
-0.991554
-0.984344
-0.977094
-0.969807
-0.962484
-0.955127
-0.947738
-0.940321
-0.932876
-0.925408
-0.917917
-0.91041
-0.902886
-0.895349
-0.887803
-0.880251
-0.872698
-0.865145
-0.8576
-0.850064
-0.84254
-0.835036
-0.827554
-0.8201
-0.812679
-0.805295
-0.797955
-0.790661
-0.783421
-0.776239
-0.769121
-0.762073
-0.755103
-0.748215
-0.741416
-0.734714
-0.728113
-0.721618
-0.715239
-0.708982
-0.702853
-0.696859
-0.691009
-0.685309
-0.679768
-0.674392
-0.669188
-0.664161
-0.659323
-0.65468
-0.650241
-0.64601
-0.641998
-0.638208
-0.634649
-0.631327
-0.628251
-0.625425
-0.622858
-0.620555
-0.618522
-0.616765
-0.615291
-0.614102
-0.613206
-0.612604
-0.612301
-0.612302
-0.612609
-0.613223
-0.614147
-0.615385
-0.616933
-0.618795
-0.62097
-0.623457
-0.626256
-0.629365
-0.632779
-0.636498
-0.64052
-0.644839
-0.649453
-0.654356
-0.659546
-0.665012
-0.670753
-0.676761
-0.683031
-0.689557
-0.696333
-0.70335
-0.710601
-0.71808
-0.725781
-0.733696
-0.741817
-0.75014
-0.758653
-0.767352
-0.776226
-0.78527
-0.794477
-0.803839
-0.813351
-0.823
-0.832782
-0.842689
-0.852713
-0.862847
-0.873083
-0.883412
-0.893826
-0.904317
-0.914877
-0.925494
-0.936161
-0.946865
-0.957596
-0.96834
-0.979086
-0.989815
-1.00051
-1.01116
-1.02173
-1.0322
-1.04254
-1.05271
-1.06268
-1.0724
-1.08181
-1.09085
-1.09945
-1.10753
-1.11502
-1.12182
-1.12788
-1.13311
-1.13749
-1.141
-1.14367
-1.14552
-1.14664
-1.14709
-1.14698
-1.14637
-1.14535
-1.144
-1.14238
-1.14054
-1.13853
-1.13639
-1.13416
-1.13186
-1.12951
-1.12714
-1.12476
-1.12238
-1.12002
-1.11769
-1.1154
-1.11315
-1.11094
-1.10879
-1.1067
-1.10467
-1.1027
-1.1008
-1.09896
-1.09719
-1.09549
-1.09387
-1.09231
-1.09082
-1.0894
-1.08805
-1.08677
-1.08556
-1.08441
-1.08333
-1.08231
-1.08136
-1.08047
-1.07964
-1.07887
-1.07815
-1.07749
-1.07689
-1.07633
-1.07583
-1.07537
-1.07496
-1.07459
-1.07427
-1.07398
-1.07373
-1.07352
-1.07334
-1.07319
-1.07307
-1.07298
-1.07291
-1.07286
-1.07284
-1.07283
-1.07284
-1.07286
-1.07289
-1.07294
-1.07299
-1.07304
-1.07311
-1.07317
-1.07323
-1.07329
-1.07335
-1.0734
-1.07344
-1.07347
-1.07349
-1.0735
-1.07349
-1.07347
-1.07342
-1.07336
-1.07327
-1.07316
-1.07303
-1.07287
-1.07268
-1.07246
-1.07221
-1.07193
-1.07162
-1.07127
-1.07088
-1.07046
-1.07
-1.0695
-1.06896
-1.06838
-1.06776
-1.06709
-1.06638
-1.06562
-1.06481
-1.06396
-1.06306
-1.06212
-1.06112
-1.06007
-1.05897
-1.05782
-1.05662
-1.05537
-1.05406
-1.26247
-1.25744
-1.25236
-1.24723
-1.24205
-1.23682
-1.23155
-1.22622
-1.22085
-1.21542
-1.20994
-1.20442
-1.19884
-1.19321
-1.18752
-1.18179
-1.17601
-1.17017
-1.16428
-1.15834
-1.15235
-1.14631
-1.14021
-1.13406
-1.12786
-1.12161
-1.11531
-1.10895
-1.10254
-1.09608
-1.08957
-1.083
-1.07639
-1.06973
-1.06302
-1.05626
-1.04945
-1.04259
-1.03569
-1.02874
-1.02175
-1.01472
-1.00764
-1.00052
-0.993367
-0.986174
-0.978944
-0.971681
-0.964386
-0.957061
-0.949707
-0.942328
-0.934925
-0.927502
-0.920061
-0.912605
-0.905136
-0.897659
-0.890174
-0.882687
-0.8752
-0.867719
-0.860246
-0.852785
-0.845341
-0.837914
-0.830515
-0.823145
-0.815809
-0.808512
-0.801259
-0.794056
-0.786907
-0.779816
-0.772791
-0.765836
-0.758958
-0.752163
-0.745456
-0.738844
-0.732333
-0.725932
-0.719642
-0.713472
-0.707429
-0.701521
-0.695753
-0.690132
-0.684666
-0.679362
-0.674228
-0.669269
-0.664494
-0.659909
-0.655523
-0.651342
-0.647372
-0.643622
-0.6401
-0.636806
-0.633752
-0.630943
-0.628386
-0.626087
-0.624052
-0.622286
-0.620796
-0.619585
-0.618659
-0.618021
-0.617676
-0.617626
-0.617876
-0.618426
-0.619283
-0.620444
-0.621912
-0.623686
-0.625768
-0.628159
-0.630855
-0.633855
-0.63716
-0.640765
-0.644669
-0.648869
-0.653358
-0.658137
-0.663197
-0.668538
-0.67415
-0.68003
-0.686174
-0.692572
-0.69922
-0.706113
-0.713244
-0.720606
-0.728191
-0.735992
-0.744005
-0.752222
-0.760636
-0.769239
-0.778025
-0.786989
-0.796119
-0.805411
-0.814857
-0.824452
-0.834187
-0.844056
-0.854051
-0.864167
-0.874395
-0.884729
-0.895161
-0.905683
-0.916288
-0.926969
-0.937715
-0.94852
-0.959373
-0.970263
-0.981179
-0.992116
-1.00305
-1.01397
-1.02485
-1.03569
-1.04645
-1.0571
-1.06761
-1.07795
-1.08806
-1.09789
-1.10737
-1.11642
-1.12495
-1.13286
-1.14004
-1.14639
-1.15181
-1.15625
-1.15968
-1.16213
-1.16367
-1.16438
-1.16437
-1.16376
-1.16266
-1.16115
-1.15933
-1.15725
-1.15499
-1.15259
-1.15009
-1.14752
-1.1449
-1.14226
-1.13963
-1.137
-1.13439
-1.13182
-1.1293
-1.12682
-1.1244
-1.12203
-1.11974
-1.11751
-1.11535
-1.11326
-1.11124
-1.1093
-1.10743
-1.10564
-1.10393
-1.1023
-1.10073
-1.09924
-1.09783
-1.09649
-1.09522
-1.09402
-1.0929
-1.09184
-1.09085
-1.08992
-1.08906
-1.08826
-1.08752
-1.08684
-1.08621
-1.08564
-1.08513
-1.08466
-1.08424
-1.08387
-1.08355
-1.08326
-1.08302
-1.08282
-1.08265
-1.08251
-1.0824
-1.08233
-1.08228
-1.08226
-1.08226
-1.08228
-1.08231
-1.08237
-1.08244
-1.08252
-1.08261
-1.08271
-1.08281
-1.08291
-1.08302
-1.08313
-1.08324
-1.08334
-1.08344
-1.08353
-1.08361
-1.08367
-1.08372
-1.08376
-1.08378
-1.08379
-1.08377
-1.08373
-1.08366
-1.08357
-1.08346
-1.08331
-1.08314
-1.08294
-1.0827
-1.08243
-1.08213
-1.08179
-1.08141
-1.08099
-1.08054
-1.08004
-1.0795
-1.07892
-1.0783
-1.07763
-1.07691
-1.07615
-1.07534
-1.07448
-1.07357
-1.07262
-1.07161
-1.07056
-1.06945
-1.06828
-1.06707
-1.26135
-1.25619
-1.25098
-1.24572
-1.2404
-1.23505
-1.22964
-1.22418
-1.21868
-1.21313
-1.20752
-1.20187
-1.19617
-1.19041
-1.18461
-1.17876
-1.17285
-1.1669
-1.1609
-1.15484
-1.14874
-1.14258
-1.13638
-1.13013
-1.12382
-1.11747
-1.11107
-1.10462
-1.09812
-1.09157
-1.08497
-1.07833
-1.07164
-1.0649
-1.05812
-1.05129
-1.04442
-1.03751
-1.03055
-1.02355
-1.01651
-1.00944
-1.00233
-0.995178
-0.987996
-0.980782
-0.973538
-0.966265
-0.958965
-0.951642
-0.944295
-0.936929
-0.929546
-0.922147
-0.914736
-0.907317
-0.899891
-0.892463
-0.885035
-0.87761
-0.870192
-0.862785
-0.855394
-0.848022
-0.840671
-0.833345
-0.826053
-0.818797
-0.811581
-0.804411
-0.797291
-0.790227
-0.783223
-0.776285
-0.769418
-0.762628
-0.755921
-0.749302
-0.742778
-0.736354
-0.730036
-0.723832
-0.717749
-0.711789
-0.705962
-0.700273
-0.69473
-0.689339
-0.684106
-0.679041
-0.674148
-0.669435
-0.664908
-0.660575
-0.656443
-0.652519
-0.648808
-0.645318
-0.642058
-0.639028
-0.636238
-0.633694
-0.631402
-0.629369
-0.627596
-0.626094
-0.624864
-0.623913
-0.623244
-0.62286
-0.622765
-0.622963
-0.623456
-0.624246
-0.625336
-0.626727
-0.628421
-0.630415
-0.63271
-0.635306
-0.638205
-0.641401
-0.644898
-0.648686
-0.652767
-0.657136
-0.66179
-0.666725
-0.671936
-0.67742
-0.68317
-0.689184
-0.695454
-0.701975
-0.708741
-0.715745
-0.722982
-0.730444
-0.738127
-0.746021
-0.754124
-0.76243
-0.770928
-0.779612
-0.788478
-0.797517
-0.806724
-0.816089
-0.82561
-0.835279
-0.845088
-0.855033
-0.865106
-0.8753
-0.88561
-0.896029
-0.906549
-0.917164
-0.927868
-0.938654
-0.949513
-0.960439
-0.971423
-0.982454
-0.993528
-1.00463
-1.01575
-1.02687
-1.03798
-1.04907
-1.0601
-1.07106
-1.08191
-1.09262
-1.10315
-1.11343
-1.12339
-1.13295
-1.14201
-1.15043
-1.15808
-1.16481
-1.17049
-1.17502
-1.17836
-1.18054
-1.18166
-1.18187
-1.1813
-1.18012
-1.17845
-1.1764
-1.17407
-1.17152
-1.16883
-1.16603
-1.16317
-1.16027
-1.15735
-1.15444
-1.15154
-1.14868
-1.14586
-1.1431
-1.14039
-1.13775
-1.13517
-1.13266
-1.13023
-1.12788
-1.1256
-1.12341
-1.12129
-1.11926
-1.1173
-1.11543
-1.11365
-1.11194
-1.1103
-1.10876
-1.10729
-1.1059
-1.10458
-1.10334
-1.10218
-1.10108
-1.10006
-1.0991
-1.09822
-1.09739
-1.09663
-1.09594
-1.0953
-1.09472
-1.0942
-1.09373
-1.09331
-1.09294
-1.09262
-1.09234
-1.09211
-1.09191
-1.09176
-1.09164
-1.09155
-1.0915
-1.09147
-1.09147
-1.0915
-1.09155
-1.09162
-1.09171
-1.09182
-1.09194
-1.09207
-1.09221
-1.09236
-1.09251
-1.09267
-1.09283
-1.09299
-1.09315
-1.0933
-1.09344
-1.09358
-1.09371
-1.09382
-1.09393
-1.09402
-1.09408
-1.09414
-1.09416
-1.09417
-1.09416
-1.09411
-1.09405
-1.09395
-1.09382
-1.09367
-1.09348
-1.09325
-1.093
-1.0927
-1.09237
-1.092
-1.09159
-1.09114
-1.09064
-1.09011
-1.08953
-1.0889
-1.08823
-1.08751
-1.08674
-1.08592
-1.08506
-1.08415
-1.08318
-1.08217
-1.0811
-1.07998
-1.26007
-1.25478
-1.24944
-1.24405
-1.23861
-1.23312
-1.22758
-1.222
-1.21637
-1.21069
-1.20496
-1.19919
-1.19336
-1.18749
-1.18156
-1.17559
-1.16957
-1.16351
-1.15739
-1.15123
-1.14501
-1.13875
-1.13244
-1.12609
-1.11969
-1.11324
-1.10674
-1.1002
-1.09361
-1.08698
-1.0803
-1.07358
-1.06681
-1.06001
-1.05316
-1.04627
-1.03934
-1.03237
-1.02537
-1.01832
-1.01124
-1.00413
-0.996985
-0.989811
-0.982607
-0.975377
-0.968121
-0.960842
-0.953542
-0.946224
-0.938888
-0.931538
-0.924177
-0.916807
-0.909431
-0.902052
-0.894673
-0.887297
-0.879928
-0.872567
-0.865221
-0.857892
-0.850585
-0.843303
-0.83605
-0.828827
-0.821645
-0.814505
-0.807411
-0.80037
-0.793386
-0.786463
-0.779606
-0.772822
-0.766115
-0.759492
-0.752956
-0.746515
-0.740174
-0.733939
-0.727817
-0.721812
-0.715932
-0.710185
-0.704573
-0.699105
-0.693787
-0.688625
-0.683626
-0.678797
-0.674144
-0.669677
-0.665399
-0.661317
-0.657435
-0.653766
-0.650313
-0.64708
-0.64408
-0.64131
-0.638783
-0.6365
-0.634469
-0.632695
-0.631184
-0.629939
-0.628966
-0.628269
-0.627851
-0.627716
-0.627866
-0.628306
-0.629037
-0.63006
-0.631379
-0.632994
-0.634902
-0.637112
-0.639616
-0.642415
-0.645507
-0.648893
-0.65257
-0.656534
-0.660783
-0.665315
-0.670127
-0.675213
-0.68057
-0.686191
-0.692075
-0.698213
-0.704602
-0.711237
-0.718112
-0.72522
-0.732555
-0.740115
-0.747887
-0.755868
-0.764051
-0.772434
-0.781007
-0.789764
-0.798699
-0.807806
-0.817078
-0.82651
-0.836093
-0.845825
-0.855698
-0.865705
-0.875842
-0.886102
-0.89648
-0.906968
-0.917562
-0.928255
-0.93904
-0.949912
-0.960865
-0.971891
-0.982985
-0.994141
-1.00534
-1.01659
-1.02787
-1.03918
-1.05049
-1.0618
-1.07308
-1.08433
-1.0955
-1.10658
-1.11751
-1.12825
-1.13873
-1.14886
-1.15852
-1.16757
-1.17583
-1.18308
-1.18912
-1.19379
-1.19701
-1.19884
-1.19942
-1.19899
-1.19774
-1.19589
-1.19358
-1.19095
-1.18808
-1.18506
-1.18193
-1.17875
-1.17554
-1.17232
-1.16912
-1.16596
-1.16283
-1.15976
-1.15675
-1.15381
-1.15094
-1.14814
-1.14543
-1.1428
-1.14025
-1.13779
-1.13541
-1.13312
-1.13092
-1.1288
-1.12678
-1.12484
-1.12299
-1.12122
-1.11953
-1.11793
-1.11641
-1.11498
-1.11363
-1.11235
-1.11116
-1.11003
-1.10898
-1.10801
-1.1071
-1.10626
-1.10549
-1.10478
-1.10414
-1.10355
-1.10303
-1.10256
-1.10214
-1.10178
-1.10146
-1.1012
-1.10098
-1.1008
-1.10066
-1.10056
-1.1005
-1.10047
-1.10047
-1.1005
-1.10056
-1.10065
-1.10075
-1.10088
-1.10102
-1.10118
-1.10136
-1.10155
-1.10174
-1.10195
-1.10216
-1.10237
-1.10258
-1.1028
-1.10301
-1.10321
-1.10341
-1.1036
-1.10378
-1.10395
-1.10411
-1.10425
-1.10437
-1.10447
-1.10455
-1.10461
-1.10464
-1.10465
-1.10463
-1.10459
-1.10451
-1.1044
-1.10426
-1.10408
-1.10387
-1.10363
-1.10334
-1.10302
-1.10265
-1.10225
-1.1018
-1.10131
-1.10077
-1.10019
-1.09956
-1.09889
-1.09817
-1.0974
-1.09658
-1.0957
-1.09478
-1.0938
-1.09278
-1.25863
-1.25321
-1.24774
-1.24222
-1.23665
-1.23104
-1.22538
-1.21967
-1.21391
-1.20812
-1.20226
-1.19637
-1.19042
-1.18443
-1.17839
-1.1723
-1.16617
-1.15999
-1.15377
-1.1475
-1.14118
-1.13481
-1.12841
-1.12195
-1.11546
-1.10891
-1.10233
-1.0957
-1.08902
-1.08231
-1.07556
-1.06876
-1.06192
-1.05505
-1.04814
-1.04119
-1.03421
-1.02719
-1.02013
-1.01305
-1.00593
-0.998787
-0.991615
-0.984418
-0.977197
-0.969953
-0.96269
-0.955409
-0.948112
-0.940803
-0.933481
-0.926151
-0.918816
-0.911478
-0.904139
-0.896803
-0.889474
-0.882154
-0.874846
-0.867554
-0.860283
-0.853034
-0.845814
-0.838626
-0.831472
-0.824356
-0.817284
-0.810263
-0.803295
-0.796385
-0.789537
-0.782757
-0.77605
-0.769422
-0.762876
-0.756421
-0.750059
-0.743797
-0.737641
-0.731596
-0.725669
-0.719865
-0.714192
-0.708653
-0.703257
-0.698011
-0.692918
-0.687985
-0.683219
-0.678627
-0.674215
-0.66999
-0.665957
-0.662125
-0.658496
-0.655079
-0.65188
-0.648904
-0.64616
-0.643648
-0.641378
-0.639353
-0.63758
-0.636063
-0.634807
-0.633816
-0.633095
-0.632647
-0.632475
-0.632584
-0.632975
-0.633651
-0.634613
-0.635864
-0.637404
-0.639237
-0.64136
-0.643773
-0.646478
-0.649472
-0.652753
-0.656321
-0.660173
-0.664307
-0.66872
-0.673409
-0.678371
-0.6836
-0.689094
-0.694848
-0.700856
-0.707111
-0.713614
-0.720358
-0.727334
-0.734539
-0.741966
-0.74961
-0.757464
-0.765522
-0.77378
-0.782233
-0.790873
-0.799692
-0.808687
-0.817852
-0.82718
-0.836665
-0.846301
-0.856085
-0.866008
-0.876067
-0.886254
-0.896565
-0.906995
-0.917537
-0.928188
-0.93894
-0.949787
-0.960728
-0.971752
-0.982858
-0.994041
-1.00529
-1.0166
-1.02797
-1.03938
-1.05083
-1.06231
-1.07381
-1.08531
-1.09681
-1.10827
-1.11968
-1.13101
-1.1422
-1.1532
-1.16393
-1.17428
-1.18408
-1.19311
-1.20109
-1.20767
-1.21256
-1.21562
-1.21693
-1.21678
-1.21552
-1.21344
-1.21082
-1.20783
-1.20459
-1.20119
-1.19771
-1.19417
-1.19063
-1.1871
-1.18361
-1.18016
-1.17676
-1.17343
-1.17018
-1.167
-1.16391
-1.1609
-1.15798
-1.15515
-1.15241
-1.14977
-1.14721
-1.14475
-1.14238
-1.14011
-1.13793
-1.13584
-1.13384
-1.13194
-1.13012
-1.12839
-1.12675
-1.1252
-1.12373
-1.12235
-1.12105
-1.11982
-1.11868
-1.11761
-1.11662
-1.1157
-1.11486
-1.11408
-1.11336
-1.11272
-1.11213
-1.11161
-1.11115
-1.11074
-1.11039
-1.11008
-1.10983
-1.10963
-1.10947
-1.10935
-1.10928
-1.10924
-1.10924
-1.10927
-1.10934
-1.10943
-1.10955
-1.1097
-1.10986
-1.11005
-1.11025
-1.11048
-1.11071
-1.11096
-1.11121
-1.11148
-1.11174
-1.11201
-1.11229
-1.11256
-1.11282
-1.11308
-1.11334
-1.11359
-1.11383
-1.11405
-1.11426
-1.11445
-1.11463
-1.11478
-1.11492
-1.11503
-1.11512
-1.11518
-1.11521
-1.11522
-1.11519
-1.11513
-1.11504
-1.11492
-1.11476
-1.11456
-1.11432
-1.11405
-1.11373
-1.11337
-1.11297
-1.11253
-1.11203
-1.1115
-1.11092
-1.11029
-1.10961
-1.10888
-1.1081
-1.10727
-1.10639
-1.10546
-1.25702
-1.25147
-1.24588
-1.24023
-1.23454
-1.22881
-1.22302
-1.21719
-1.21131
-1.20539
-1.19942
-1.1934
-1.18734
-1.18123
-1.17508
-1.16888
-1.16264
-1.15635
-1.15002
-1.14365
-1.13723
-1.13076
-1.12426
-1.11771
-1.11112
-1.10449
-1.09781
-1.0911
-1.08435
-1.07756
-1.07073
-1.06386
-1.05696
-1.05003
-1.04305
-1.03605
-1.02901
-1.02195
-1.01485
-1.00773
-1.00058
-0.993405
-0.98621
-0.978995
-0.971759
-0.964507
-0.95724
-0.949961
-0.94267
-0.935372
-0.92807
-0.920763
-0.913457
-0.906154
-0.898856
-0.891568
-0.884291
-0.87703
-0.869787
-0.862566
-0.855372
-0.848207
-0.841076
-0.833984
-0.826933
-0.819925
-0.812969
-0.806067
-0.799226
-0.792449
-0.78574
-0.779108
-0.772552
-0.766081
-0.759699
-0.753411
-0.747224
-0.741142
-0.735173
-0.729319
-0.723589
-0.717987
-0.71252
-0.707193
-0.702013
-0.696985
-0.692119
-0.687414
-0.682882
-0.678525
-0.674352
-0.670369
-0.666582
-0.662995
-0.659615
-0.65645
-0.653504
-0.650783
-0.648293
-0.646038
-0.644021
-0.642249
-0.640729
-0.639466
-0.638461
-0.637719
-0.637245
-0.637042
-0.637112
-0.637459
-0.638085
-0.63899
-0.640178
-0.641651
-0.643409
-0.645452
-0.64778
-0.650394
-0.653294
-0.656475
-0.659939
-0.663684
-0.667706
-0.672003
-0.676572
-0.681411
-0.686515
-0.691883
-0.697508
-0.703385
-0.709511
-0.715879
-0.722488
-0.72933
-0.736401
-0.743695
-0.751206
-0.758928
-0.766857
-0.774984
-0.783308
-0.791821
-0.800519
-0.809393
-0.818439
-0.82765
-0.837024
-0.846552
-0.856231
-0.866052
-0.876014
-0.886109
-0.896334
-0.906681
-0.917148
-0.927727
-0.938416
-0.949209
-0.9601
-0.971085
-0.982162
-0.993323
-1.00456
-1.01588
-1.02726
-1.03871
-1.05022
-1.06178
-1.07339
-1.08504
-1.09672
-1.10841
-1.12011
-1.1318
-1.14346
-1.15506
-1.16655
-1.17787
-1.18893
-1.19958
-1.20959
-1.21858
-1.22603
-1.23133
-1.23413
-1.23464
-1.23343
-1.23109
-1.22806
-1.22461
-1.22092
-1.2171
-1.21321
-1.2093
-1.20541
-1.20156
-1.19776
-1.19403
-1.19037
-1.18679
-1.1833
-1.1799
-1.17659
-1.17337
-1.17025
-1.16723
-1.16431
-1.16148
-1.15876
-1.15613
-1.1536
-1.15117
-1.14884
-1.14661
-1.14447
-1.14243
-1.14049
-1.13864
-1.13687
-1.1352
-1.13362
-1.13214
-1.13073
-1.12941
-1.12817
-1.12701
-1.12594
-1.12494
-1.12401
-1.12316
-1.12238
-1.12167
-1.12103
-1.12045
-1.11993
-1.11948
-1.11909
-1.11875
-1.11846
-1.11823
-1.11805
-1.11791
-1.11782
-1.11777
-1.11777
-1.1178
-1.11787
-1.11796
-1.1181
-1.11826
-1.11844
-1.11865
-1.11888
-1.11914
-1.11941
-1.11969
-1.11999
-1.1203
-1.12062
-1.12094
-1.12127
-1.12161
-1.12194
-1.12227
-1.1226
-1.12292
-1.12323
-1.12354
-1.12384
-1.12412
-1.12439
-1.12464
-1.12487
-1.12508
-1.12527
-1.12544
-1.12558
-1.12569
-1.12578
-1.12584
-1.12587
-1.12586
-1.12582
-1.12575
-1.12564
-1.12549
-1.1253
-1.12508
-1.12481
-1.1245
-1.12415
-1.12375
-1.12331
-1.12282
-1.12228
-1.12169
-1.12106
-1.12038
-1.11964
-1.11885
-1.11801
-1.25525
-1.24957
-1.24385
-1.23808
-1.23227
-1.22641
-1.2205
-1.21455
-1.20856
-1.20252
-1.19643
-1.1903
-1.18412
-1.1779
-1.17164
-1.16533
-1.15898
-1.15259
-1.14615
-1.13968
-1.13316
-1.1266
-1.12
-1.11336
-1.10668
-1.09996
-1.09321
-1.08641
-1.07958
-1.07272
-1.06582
-1.05889
-1.05192
-1.04493
-1.0379
-1.03085
-1.02376
-1.01665
-1.00952
-1.00236
-0.995184
-0.987984
-0.980768
-0.973536
-0.966291
-0.959033
-0.951766
-0.944491
-0.937211
-0.929931
-0.922649
-0.91537
-0.908096
-0.900831
-0.893578
-0.88634
-0.87912
-0.87192
-0.864745
-0.857598
-0.850485
-0.843406
-0.836367
-0.829375
-0.822428
-0.81553
-0.808692
-0.801913
-0.795201
-0.788559
-0.781992
-0.775507
-0.769104
-0.762792
-0.756575
-0.750458
-0.744448
-0.738548
-0.732765
-0.727105
-0.721572
-0.716172
-0.710912
-0.705797
-0.700834
-0.696026
-0.691382
-0.68691
-0.682608
-0.678486
-0.674551
-0.670809
-0.667265
-0.663924
-0.660792
-0.657875
-0.655179
-0.652709
-0.650471
-0.648468
-0.646703
-0.645183
-0.643914
-0.642898
-0.64214
-0.641644
-0.641412
-0.641449
-0.641756
-0.642333
-0.643187
-0.64432
-0.645728
-0.647418
-0.649386
-0.651636
-0.654165
-0.656974
-0.660061
-0.663424
-0.667063
-0.670977
-0.675163
-0.679617
-0.684338
-0.689321
-0.694562
-0.700059
-0.705807
-0.711801
-0.718038
-0.724511
-0.731219
-0.738154
-0.74531
-0.752688
-0.760275
-0.768069
-0.776064
-0.784253
-0.792633
-0.801199
-0.809945
-0.818864
-0.827951
-0.837201
-0.846609
-0.856169
-0.865876
-0.875726
-0.885712
-0.895831
-0.906077
-0.916446
-0.926933
-0.937533
-0.948242
-0.959054
-0.969966
-0.980978
-0.992078
-1.00327
-1.01454
-1.02589
-1.03732
-1.04882
-1.06038
-1.07201
-1.08369
-1.09543
-1.10722
-1.11905
-1.13092
-1.14281
-1.15471
-1.16662
-1.1785
-1.19032
-1.20203
-1.21353
-1.22465
-1.23503
-1.24393
-1.25007
-1.25239
-1.25148
-1.24875
-1.24512
-1.24108
-1.23685
-1.23254
-1.22822
-1.22394
-1.2197
-1.21553
-1.21144
-1.20744
-1.20353
-1.19972
-1.196
-1.19238
-1.18887
-1.18546
-1.18216
-1.17896
-1.17586
-1.17287
-1.16999
-1.1672
-1.16453
-1.16195
-1.15948
-1.15711
-1.15484
-1.15267
-1.1506
-1.14863
-1.14675
-1.14497
-1.14328
-1.14168
-1.14018
-1.13876
-1.13743
-1.13619
-1.13503
-1.13394
-1.13294
-1.13202
-1.13117
-1.1304
-1.1297
-1.12906
-1.12849
-1.128
-1.12756
-1.12718
-1.12686
-1.1266
-1.12639
-1.12623
-1.12612
-1.12606
-1.12605
-1.12607
-1.12614
-1.12624
-1.12638
-1.12655
-1.12675
-1.12698
-1.12724
-1.12752
-1.12782
-1.12814
-1.12848
-1.12884
-1.1292
-1.12958
-1.12996
-1.13035
-1.13075
-1.13114
-1.13154
-1.13194
-1.13233
-1.13271
-1.13309
-1.13346
-1.13382
-1.13416
-1.13448
-1.13479
-1.13508
-1.13535
-1.1356
-1.13582
-1.13602
-1.1362
-1.13634
-1.13645
-1.13653
-1.13658
-1.13659
-1.13657
-1.13652
-1.13642
-1.13628
-1.13611
-1.13589
-1.13563
-1.13533
-1.13498
-1.13458
-1.13414
-1.13365
-1.13311
-1.13252
-1.13188
-1.13119
-1.13044
-1.2533
-1.2475
-1.24166
-1.23577
-1.22983
-1.22385
-1.21783
-1.21176
-1.20564
-1.19949
-1.19329
-1.18704
-1.18076
-1.17443
-1.16806
-1.16164
-1.15519
-1.14869
-1.14216
-1.13558
-1.12897
-1.12231
-1.11562
-1.1089
-1.10213
-1.09533
-1.0885
-1.08163
-1.07473
-1.06779
-1.06083
-1.05383
-1.04681
-1.03975
-1.03268
-1.02558
-1.01845
-1.0113
-1.00413
-0.996945
-0.989739
-0.982517
-0.975284
-0.968041
-0.960789
-0.953529
-0.946265
-0.938999
-0.931734
-0.924471
-0.917214
-0.909966
-0.902728
-0.895505
-0.8883
-0.881115
-0.873954
-0.86682
-0.859716
-0.852646
-0.845615
-0.838627
-0.831684
-0.824792
-0.817952
-0.811168
-0.804448
-0.797797
-0.791215
-0.784711
-0.778288
-0.771952
-0.765705
-0.759554
-0.753504
-0.747559
-0.741726
-0.736009
-0.730414
-0.724947
-0.719612
-0.714416
-0.709364
-0.704461
-0.699714
-0.695128
-0.690708
-0.68646
-0.682392
-0.678507
-0.674809
-0.671306
-0.668003
-0.664906
-0.66202
-0.659349
-0.656901
-0.654679
-0.652691
-0.650935
-0.649419
-0.648148
-0.647127
-0.646357
-0.645842
-0.645585
-0.645589
-0.645859
-0.646398
-0.647205
-0.648284
-0.649636
-0.65126
-0.65316
-0.655335
-0.657783
-0.660507
-0.663504
-0.666773
-0.670313
-0.674123
-0.678201
-0.682543
-0.687146
-0.692012
-0.697132
-0.702504
-0.708124
-0.713989
-0.720094
-0.726436
-0.733008
-0.739807
-0.746828
-0.754066
-0.761515
-0.769171
-0.777029
-0.785083
-0.793326
-0.801754
-0.810364
-0.81915
-0.828103
-0.837222
-0.8465
-0.855932
-0.865513
-0.875239
-0.885103
-0.895102
-0.905229
-0.915482
-0.925857
-0.936347
-0.94695
-0.957659
-0.968472
-0.979386
-0.990395
-1.00149
-1.01268
-1.02396
-1.03531
-1.04674
-1.05825
-1.06983
-1.08147
-1.09319
-1.10496
-1.11679
-1.12867
-1.14061
-1.1526
-1.16463
-1.1767
-1.1888
-1.20092
-1.21306
-1.22518
-1.23724
-1.24909
-1.2603
-1.26874
-1.26967
-1.26609
-1.26152
-1.25672
-1.25189
-1.2471
-1.24238
-1.23774
-1.2332
-1.22876
-1.22443
-1.22019
-1.21607
-1.21205
-1.20814
-1.20435
-1.20066
-1.19708
-1.19361
-1.19025
-1.187
-1.18386
-1.18083
-1.17791
-1.1751
-1.17239
-1.16978
-1.16729
-1.1649
-1.16261
-1.16042
-1.15833
-1.15635
-1.15446
-1.15267
-1.15097
-1.14937
-1.14786
-1.14644
-1.14511
-1.14386
-1.1427
-1.14163
-1.14063
-1.13972
-1.13888
-1.13812
-1.13743
-1.13681
-1.13626
-1.13578
-1.13537
-1.13501
-1.13472
-1.13448
-1.1343
-1.13417
-1.13409
-1.13406
-1.13408
-1.13415
-1.13425
-1.13439
-1.13457
-1.13479
-1.13504
-1.13531
-1.13562
-1.13595
-1.13631
-1.13668
-1.13708
-1.13749
-1.13791
-1.13835
-1.13879
-1.13924
-1.13971
-1.14017
-1.14064
-1.1411
-1.14156
-1.14202
-1.14247
-1.14291
-1.14334
-1.14376
-1.14417
-1.14456
-1.14492
-1.14528
-1.1456
-1.14591
-1.14619
-1.14645
-1.14668
-1.14688
-1.14705
-1.14719
-1.14729
-1.14736
-1.14739
-1.14739
-1.14734
-1.14726
-1.14714
-1.14697
-1.14676
-1.1465
-1.1462
-1.14585
-1.14545
-1.14501
-1.14452
-1.14398
-1.14338
-1.14273
-1.25117
-1.24525
-1.23929
-1.23328
-1.22722
-1.22113
-1.21499
-1.2088
-1.20257
-1.19631
-1.18999
-1.18364
-1.17724
-1.17081
-1.16433
-1.15782
-1.15126
-1.14467
-1.13803
-1.13136
-1.12465
-1.11791
-1.11113
-1.10432
-1.09748
-1.0906
-1.08369
-1.07674
-1.06977
-1.06277
-1.05574
-1.04869
-1.04161
-1.0345
-1.02738
-1.02023
-1.01307
-1.00588
-0.998682
-0.991468
-0.984241
-0.977001
-0.969756
-0.962503
-0.955247
-0.947991
-0.940734
-0.93348
-0.926232
-0.918992
-0.911764
-0.904549
-0.89735
-0.890172
-0.883017
-0.875889
-0.86879
-0.861723
-0.854694
-0.847705
-0.84076
-0.833864
-0.82702
-0.82023
-0.813501
-0.806834
-0.800236
-0.793712
-0.787265
-0.7809
-0.774623
-0.768438
-0.762348
-0.756361
-0.750478
-0.744708
-0.739053
-0.733521
-0.728115
-0.722842
-0.717707
-0.712714
-0.70787
-0.70318
-0.69865
-0.694284
-0.690088
-0.686067
-0.682228
-0.678578
-0.675117
-0.671853
-0.668792
-0.665936
-0.663293
-0.660867
-0.658665
-0.656689
-0.654947
-0.653437
-0.652167
-0.65114
-0.65036
-0.649831
-0.649554
-0.649535
-0.649774
-0.650275
-0.65104
-0.65207
-0.653369
-0.654933
-0.65677
-0.658874
-0.661248
-0.663893
-0.666804
-0.669985
-0.67343
-0.677141
-0.681114
-0.685349
-0.689842
-0.69459
-0.69959
-0.704841
-0.71034
-0.716078
-0.722053
-0.728263
-0.734703
-0.741367
-0.74825
-0.755351
-0.762662
-0.770178
-0.777897
-0.78581
-0.793913
-0.802202
-0.81067
-0.819316
-0.828134
-0.837113
-0.846253
-0.855549
-0.864994
-0.874585
-0.884316
-0.894183
-0.904181
-0.914305
-0.92455
-0.934914
-0.945391
-0.955976
-0.966668
-0.977464
-0.988353
-0.999337
-1.01041
-1.02157
-1.03282
-1.04414
-1.05554
-1.06702
-1.07856
-1.09017
-1.10185
-1.11359
-1.12539
-1.13724
-1.14915
-1.16111
-1.17312
-1.18517
-1.19727
-1.20942
-1.2216
-1.23381
-1.24605
-1.25829
-1.27047
-1.28155
-1.28036
-1.27528
-1.2701
-1.26499
-1.25996
-1.25504
-1.25022
-1.24551
-1.24091
-1.23642
-1.23204
-1.22777
-1.22361
-1.21957
-1.21563
-1.21181
-1.2081
-1.2045
-1.20102
-1.19764
-1.19438
-1.19123
-1.18818
-1.18525
-1.18243
-1.17971
-1.1771
-1.17459
-1.1722
-1.1699
-1.16771
-1.16563
-1.16364
-1.16175
-1.15996
-1.15826
-1.15667
-1.15517
-1.15375
-1.15243
-1.15119
-1.15004
-1.14898
-1.148
-1.1471
-1.14628
-1.14554
-1.14487
-1.14428
-1.14375
-1.14329
-1.1429
-1.14257
-1.1423
-1.1421
-1.14195
-1.14185
-1.14181
-1.14182
-1.14188
-1.14198
-1.14213
-1.14231
-1.14254
-1.1428
-1.1431
-1.14343
-1.14379
-1.14417
-1.14458
-1.14501
-1.14547
-1.14593
-1.14642
-1.14692
-1.14743
-1.14795
-1.14847
-1.149
-1.14954
-1.15007
-1.15061
-1.15114
-1.15167
-1.15218
-1.15269
-1.15319
-1.15367
-1.15414
-1.15459
-1.15503
-1.15544
-1.15583
-1.1562
-1.15654
-1.15686
-1.15715
-1.15741
-1.15763
-1.15783
-1.15799
-1.15811
-1.1582
-1.15825
-1.15826
-1.15823
-1.15815
-1.15804
-1.15788
-1.15767
-1.15742
-1.15712
-1.15677
-1.15638
-1.15593
-1.15543
-1.15488
-1.24887
-1.24283
-1.23675
-1.23062
-1.22445
-1.21824
-1.21198
-1.20568
-1.19934
-1.19296
-1.18654
-1.18008
-1.17358
-1.16704
-1.16046
-1.15385
-1.14719
-1.1405
-1.13378
-1.12701
-1.12022
-1.11339
-1.10652
-1.09963
-1.09271
-1.08575
-1.07877
-1.07176
-1.06472
-1.05766
-1.05057
-1.04346
-1.03632
-1.02917
-1.022
-1.01482
-1.00761
-1.0004
-0.993169
-0.985932
-0.978686
-0.971432
-0.964177
-0.956921
-0.949665
-0.942413
-0.935167
-0.927928
-0.920702
-0.913488
-0.906291
-0.899113
-0.891958
-0.884828
-0.877727
-0.870658
-0.863625
-0.856629
-0.849677
-0.842771
-0.835914
-0.829112
-0.822368
-0.815686
-0.80907
-0.802521
-0.796049
-0.789656
-0.783345
-0.777123
-0.770993
-0.764962
-0.759031
-0.753207
-0.747495
-0.741899
-0.736425
-0.731078
-0.725864
-0.720786
-0.71585
-0.711062
-0.706427
-0.701952
-0.697637
-0.693491
-0.689519
-0.685726
-0.682116
-0.678696
-0.675473
-0.672446
-0.669623
-0.66701
-0.664608
-0.662425
-0.660464
-0.658732
-0.657232
-0.655967
-0.65494
-0.654154
-0.653611
-0.653319
-0.653279
-0.653492
-0.653961
-0.654689
-0.655675
-0.656925
-0.658438
-0.660211
-0.662251
-0.664558
-0.667128
-0.66996
-0.673054
-0.676411
-0.680027
-0.683902
-0.688034
-0.692419
-0.697057
-0.701944
-0.707076
-0.712451
-0.718066
-0.723918
-0.729998
-0.736306
-0.742837
-0.749587
-0.756549
-0.763722
-0.771099
-0.778676
-0.786448
-0.794411
-0.802558
-0.810883
-0.819383
-0.828056
-0.836894
-0.845891
-0.855045
-0.864348
-0.873795
-0.883385
-0.89311
-0.902967
-0.912951
-0.923057
-0.933281
-0.943617
-0.954065
-0.964619
-0.975274
-0.986027
-0.996872
-1.00781
-1.01883
-1.02994
-1.04112
-1.05238
-1.06371
-1.07511
-1.08658
-1.0981
-1.10969
-1.12133
-1.13302
-1.14475
-1.15653
-1.16834
-1.18018
-1.19204
-1.2039
-1.21575
-1.22756
-1.23925
-1.25073
-1.2617
-1.27147
-1.27821
-1.27988
-1.27774
-1.27402
-1.26972
-1.2652
-1.26061
-1.25604
-1.25151
-1.24705
-1.24266
-1.23837
-1.23417
-1.23007
-1.22607
-1.22218
-1.21839
-1.21471
-1.21114
-1.20768
-1.20433
-1.20108
-1.19795
-1.19492
-1.192
-1.18919
-1.18648
-1.18389
-1.1814
-1.17901
-1.17673
-1.17455
-1.17248
-1.17051
-1.16863
-1.16685
-1.16518
-1.16359
-1.1621
-1.1607
-1.15939
-1.15818
-1.15705
-1.156
-1.15504
-1.15417
-1.15337
-1.15265
-1.15201
-1.15144
-1.15094
-1.15052
-1.15015
-1.14986
-1.14962
-1.14945
-1.14934
-1.14928
-1.14928
-1.14933
-1.14943
-1.14957
-1.14977
-1.15
-1.15028
-1.15059
-1.15094
-1.15132
-1.15173
-1.15217
-1.15264
-1.15313
-1.15364
-1.15417
-1.15472
-1.15528
-1.15586
-1.15645
-1.15704
-1.15764
-1.15825
-1.15886
-1.15947
-1.16007
-1.16068
-1.16127
-1.16186
-1.16244
-1.163
-1.16355
-1.16409
-1.1646
-1.1651
-1.16558
-1.16604
-1.16647
-1.16687
-1.16725
-1.1676
-1.16792
-1.1682
-1.16845
-1.16867
-1.16885
-1.16899
-1.1691
-1.16916
-1.16918
-1.16916
-1.1691
-1.16899
-1.16883
-1.16863
-1.16838
-1.16808
-1.16772
-1.16732
-1.16687
-1.24639
-1.24023
-1.23403
-1.22779
-1.2215
-1.21518
-1.20881
-1.2024
-1.19595
-1.18946
-1.18294
-1.17637
-1.16977
-1.16313
-1.15645
-1.14973
-1.14299
-1.1362
-1.12938
-1.12253
-1.11565
-1.10874
-1.10179
-1.09482
-1.08782
-1.0808
-1.07374
-1.06667
-1.05956
-1.05244
-1.0453
-1.03813
-1.03095
-1.02376
-1.01654
-1.00932
-1.00209
-0.994842
-0.98759
-0.980332
-0.97307
-0.965807
-0.958546
-0.951289
-0.944037
-0.936794
-0.929561
-0.922342
-0.915138
-0.907954
-0.900793
-0.893656
-0.886546
-0.879469
-0.872424
-0.865419
-0.858453
-0.851532
-0.84466
-0.83784
-0.831076
-0.824371
-0.81773
-0.811157
-0.804654
-0.798228
-0.791883
-0.785622
-0.77945
-0.773372
-0.767392
-0.761517
-0.755748
-0.75009
-0.744549
-0.73913
-0.733839
-0.728678
-0.723655
-0.718773
-0.714039
-0.709456
-0.705031
-0.700767
-0.69667
-0.692745
-0.688996
-0.685429
-0.682049
-0.678861
-0.675869
-0.67308
-0.670496
-0.668121
-0.66596
-0.664017
-0.662299
-0.660806
-0.659548
-0.658521
-0.65773
-0.657182
-0.656877
-0.656819
-0.657009
-0.657451
-0.658146
-0.659096
-0.660301
-0.661765
-0.663486
-0.665466
-0.667706
-0.670207
-0.672963
-0.675979
-0.679251
-0.682779
-0.68656
-0.690594
-0.694879
-0.699411
-0.704188
-0.709207
-0.714465
-0.71996
-0.725686
-0.731641
-0.73782
-0.744223
-0.750839
-0.757668
-0.764703
-0.771941
-0.779378
-0.787009
-0.794828
-0.802831
-0.811015
-0.81937
-0.827897
-0.836585
-0.845438
-0.854443
-0.863597
-0.872898
-0.882339
-0.891916
-0.901625
-0.91146
-0.921417
-0.931491
-0.941678
-0.951973
-0.962377
-0.97288
-0.98348
-0.994172
-1.00495
-1.01582
-1.02676
-1.03778
-1.04888
-1.06004
-1.07126
-1.08255
-1.0939
-1.10529
-1.11673
-1.1282
-1.13971
-1.15124
-1.16279
-1.17434
-1.18588
-1.19738
-1.20881
-1.22012
-1.23125
-1.24205
-1.25231
-1.26164
-1.26939
-1.27471
-1.27705
-1.27675
-1.2747
-1.27163
-1.26801
-1.26408
-1.26
-1.25585
-1.25169
-1.24755
-1.24346
-1.23943
-1.23547
-1.2316
-1.22781
-1.22411
-1.22051
-1.21701
-1.21362
-1.21032
-1.20712
-1.20404
-1.20105
-1.19817
-1.19539
-1.19272
-1.19016
-1.1877
-1.18534
-1.18309
-1.18094
-1.17889
-1.17694
-1.17509
-1.17334
-1.17168
-1.17012
-1.16866
-1.16729
-1.166
-1.16481
-1.16371
-1.16269
-1.16176
-1.16091
-1.16014
-1.15945
-1.15884
-1.15831
-1.15784
-1.15745
-1.15713
-1.15686
-1.15667
-1.15654
-1.15647
-1.15645
-1.15649
-1.15658
-1.15673
-1.15692
-1.15716
-1.15745
-1.15777
-1.15814
-1.15854
-1.15898
-1.15945
-1.15995
-1.16047
-1.16103
-1.1616
-1.1622
-1.16281
-1.16344
-1.16409
-1.16474
-1.16541
-1.16608
-1.16676
-1.16744
-1.16813
-1.16881
-1.16949
-1.17017
-1.17083
-1.17149
-1.17214
-1.17277
-1.1734
-1.174
-1.17458
-1.17515
-1.17569
-1.17621
-1.1767
-1.17717
-1.17761
-1.17802
-1.1784
-1.17875
-1.17906
-1.17933
-1.17957
-1.17977
-1.17993
-1.18005
-1.18012
-1.18015
-1.18014
-1.18008
-1.17998
-1.17982
-1.17962
-1.17936
-1.17905
-1.1787
-1.24372
-1.23745
-1.23114
-1.22478
-1.21838
-1.21194
-1.20547
-1.19895
-1.19239
-1.1858
-1.17917
-1.1725
-1.1658
-1.15906
-1.15228
-1.14548
-1.13863
-1.13176
-1.12486
-1.11792
-1.11096
-1.10396
-1.09694
-1.08989
-1.08282
-1.07572
-1.06861
-1.06146
-1.0543
-1.04712
-1.03993
-1.03272
-1.02549
-1.01825
-1.011
-1.00375
-0.996484
-0.989214
-0.981941
-0.974666
-0.967393
-0.960125
-0.952859
-0.945604
-0.93836
-0.931128
-0.923912
-0.916716
-0.90954
-0.902389
-0.895266
-0.888172
-0.881112
-0.874088
-0.867106
-0.860166
-0.853272
-0.846428
-0.839639
-0.832909
-0.826239
-0.819635
-0.813099
-0.806638
-0.800253
-0.793951
-0.787735
-0.781609
-0.775578
-0.769646
-0.763818
-0.7581
-0.752493
-0.747003
-0.741635
-0.736395
-0.731286
-0.726315
-0.721485
-0.716801
-0.712268
-0.707892
-0.703676
-0.699625
-0.695746
-0.692041
-0.688515
-0.685173
-0.682022
-0.679065
-0.676307
-0.673751
-0.671405
-0.669267
-0.667345
-0.665641
-0.66416
-0.662904
-0.661883
-0.661094
-0.66054
-0.660227
-0.660154
-0.660326
-0.660744
-0.661411
-0.662327
-0.663494
-0.664913
-0.666586
-0.668511
-0.67069
-0.673126
-0.675814
-0.678757
-0.681951
-0.685395
-0.689088
-0.69303
-0.697217
-0.701648
-0.706321
-0.711232
-0.716378
-0.721757
-0.727365
-0.733197
-0.739252
-0.745524
-0.75201
-0.758706
-0.76561
-0.772712
-0.780009
-0.7875
-0.795177
-0.803037
-0.811075
-0.819285
-0.827664
-0.836207
-0.844907
-0.853763
-0.862768
-0.871916
-0.881205
-0.890629
-0.900182
-0.909862
-0.919662
-0.929582
-0.93961
-0.949748
-0.959992
-0.970332
-0.980767
-0.991294
-1.00191
-1.0126
-1.02337
-1.03421
-1.04513
-1.0561
-1.06714
-1.07823
-1.08936
-1.10054
-1.11175
-1.12299
-1.13425
-1.14552
-1.15678
-1.16802
-1.17922
-1.19035
-1.20138
-1.21225
-1.22289
-1.23319
-1.243
-1.25208
-1.2601
-1.26665
-1.27131
-1.2739
-1.27456
-1.27368
-1.27172
-1.26903
-1.26586
-1.2624
-1.25876
-1.25501
-1.25122
-1.24742
-1.24363
-1.23989
-1.23619
-1.23256
-1.22901
-1.22553
-1.22214
-1.21884
-1.21563
-1.21252
-1.2095
-1.20659
-1.20377
-1.20105
-1.19843
-1.19591
-1.1935
-1.19119
-1.18898
-1.18687
-1.18486
-1.18294
-1.18113
-1.17942
-1.1778
-1.17627
-1.17484
-1.1735
-1.17225
-1.1711
-1.17002
-1.16904
-1.16814
-1.16733
-1.1666
-1.16594
-1.16537
-1.16487
-1.16445
-1.16409
-1.16381
-1.16359
-1.16344
-1.16335
-1.16332
-1.16335
-1.16344
-1.16358
-1.16377
-1.16402
-1.16431
-1.16465
-1.16503
-1.16545
-1.16591
-1.1664
-1.16693
-1.16749
-1.16808
-1.1687
-1.16934
-1.17
-1.17068
-1.17138
-1.1721
-1.17282
-1.17356
-1.17431
-1.17507
-1.17582
-1.17659
-1.17735
-1.17811
-1.17886
-1.17961
-1.18035
-1.18109
-1.18181
-1.18251
-1.1832
-1.18388
-1.18453
-1.18516
-1.18577
-1.18635
-1.18692
-1.18745
-1.18795
-1.18843
-1.18887
-1.18927
-1.18964
-1.18997
-1.19027
-1.19052
-1.19074
-1.19091
-1.19104
-1.19112
-1.19116
-1.19115
-1.19109
-1.19099
-1.19083
-1.19062
-1.19036
-1.24086
-1.23448
-1.22806
-1.22159
-1.21508
-1.20854
-1.20195
-1.19533
-1.18867
-1.18198
-1.17524
-1.16848
-1.16167
-1.15484
-1.14797
-1.14107
-1.13414
-1.12718
-1.12019
-1.11317
-1.10613
-1.09906
-1.09196
-1.08484
-1.0777
-1.07054
-1.06336
-1.05615
-1.04894
-1.0417
-1.03446
-1.0272
-1.01994
-1.01266
-1.00538
-0.998089
-0.9908
-0.983509
-0.976218
-0.96893
-0.961649
-0.954376
-0.947112
-0.939863
-0.932629
-0.925414
-0.918218
-0.911047
-0.903903
-0.896788
-0.889705
-0.882659
-0.875652
-0.868686
-0.861766
-0.854895
-0.848076
-0.841315
-0.834612
-0.827972
-0.8214
-0.814899
-0.808472
-0.802126
-0.795862
-0.789686
-0.783601
-0.777613
-0.771725
-0.765942
-0.760267
-0.754708
-0.749266
-0.743945
-0.738753
-0.733692
-0.728768
-0.723985
-0.719348
-0.714863
-0.710533
-0.706362
-0.702354
-0.69852
-0.694857
-0.691372
-0.68807
-0.684956
-0.682033
-0.679306
-0.676779
-0.674457
-0.672343
-0.670443
-0.668758
-0.66729
-0.666043
-0.665026
-0.66424
-0.663686
-0.663365
-0.663283
-0.663439
-0.663837
-0.664479
-0.665365
-0.666498
-0.667877
-0.669506
-0.671383
-0.673508
-0.675885
-0.678509
-0.681381
-0.684502
-0.68787
-0.691482
-0.695338
-0.699434
-0.70377
-0.708341
-0.713148
-0.718188
-0.723456
-0.728949
-0.734665
-0.740599
-0.746748
-0.753107
-0.759674
-0.766443
-0.773411
-0.780576
-0.787927
-0.795465
-0.803182
-0.811076
-0.819142
-0.827373
-0.835768
-0.84432
-0.853023
-0.861875
-0.870872
-0.880004
-0.889272
-0.898668
-0.90819
-0.91783
-0.927584
-0.937451
-0.947425
-0.957502
-0.967675
-0.977939
-0.988291
-0.998727
-1.00924
-1.01983
-1.03049
-1.04121
-1.05199
-1.06282
-1.0737
-1.08462
-1.09557
-1.10655
-1.11754
-1.12854
-1.13954
-1.15051
-1.16144
-1.17232
-1.1831
-1.19376
-1.20425
-1.2145
-1.22442
-1.23391
-1.2428
-1.2509
-1.25797
-1.26374
-1.26802
-1.27072
-1.27192
-1.27184
-1.27073
-1.26885
-1.26642
-1.26359
-1.26049
-1.25721
-1.25382
-1.25037
-1.24688
-1.24339
-1.23993
-1.2365
-1.23312
-1.22981
-1.22656
-1.22339
-1.2203
-1.21729
-1.21437
-1.21154
-1.2088
-1.20616
-1.20362
-1.20117
-1.19882
-1.19656
-1.19441
-1.19235
-1.19039
-1.18853
-1.18677
-1.1851
-1.18352
-1.18204
-1.18065
-1.17935
-1.17814
-1.17703
-1.176
-1.17506
-1.1742
-1.17342
-1.17273
-1.17212
-1.17159
-1.17113
-1.17075
-1.17044
-1.1702
-1.17003
-1.16992
-1.16988
-1.1699
-1.16998
-1.17012
-1.17032
-1.17056
-1.17086
-1.17121
-1.1716
-1.17204
-1.17252
-1.17303
-1.17359
-1.17418
-1.17481
-1.17546
-1.17614
-1.17685
-1.17758
-1.17833
-1.1791
-1.17989
-1.18069
-1.1815
-1.18233
-1.18316
-1.184
-1.18484
-1.18568
-1.18652
-1.18736
-1.18819
-1.18902
-1.18983
-1.19064
-1.19143
-1.19221
-1.19297
-1.19371
-1.19444
-1.19514
-1.19582
-1.19647
-1.1971
-1.1977
-1.19826
-1.1988
-1.1993
-1.19977
-1.2002
-1.20059
-1.20094
-1.20125
-1.20152
-1.20175
-1.20193
-1.20207
-1.20216
-1.2022
-1.20219
-1.20213
-1.20202
-1.20186
-1.23782
-1.23133
-1.2248
-1.21822
-1.2116
-1.20495
-1.19826
-1.19154
-1.18478
-1.17798
-1.17115
-1.16429
-1.15739
-1.15046
-1.1435
-1.13652
-1.1295
-1.12245
-1.11538
-1.10828
-1.10116
-1.09402
-1.08685
-1.07966
-1.07245
-1.06523
-1.05799
-1.05073
-1.04346
-1.03618
-1.02889
-1.02159
-1.01428
-1.00697
-0.999659
-0.992344
-0.985033
-0.977723
-0.970419
-0.963121
-0.955835
-0.948562
-0.941301
-0.934062
-0.926842
-0.919646
-0.912475
-0.905332
-0.898222
-0.891147
-0.884109
-0.877113
-0.870161
-0.863256
-0.856403
-0.849604
-0.842863
-0.836184
-0.82957
-0.823025
-0.816554
-0.81016
-0.803846
-0.797615
-0.791474
-0.785427
-0.779477
-0.773628
-0.767885
-0.762253
-0.756734
-0.751336
-0.746061
-0.740913
-0.735896
-0.731017
-0.726279
-0.721685
-0.717243
-0.712957
-0.70883
-0.704867
-0.701073
-0.69745
-0.694004
-0.690738
-0.687659
-0.684769
-0.682074
-0.679579
-0.677283
-0.675193
-0.67331
-0.671643
-0.670195
-0.668962
-0.667951
-0.667167
-0.666616
-0.666292
-0.6662
-0.666344
-0.666726
-0.667347
-0.668208
-0.669311
-0.670656
-0.672245
-0.674078
-0.676156
-0.678477
-0.681044
-0.683854
-0.686907
-0.690201
-0.693737
-0.697511
-0.701523
-0.705769
-0.710248
-0.714957
-0.719895
-0.725056
-0.73044
-0.736044
-0.741862
-0.747891
-0.754129
-0.76057
-0.767211
-0.774049
-0.781078
-0.788295
-0.795694
-0.803275
-0.811027
-0.818948
-0.827035
-0.83528
-0.843683
-0.852238
-0.860936
-0.869778
-0.878757
-0.887866
-0.897104
-0.906464
-0.915942
-0.925532
-0.935234
-0.945039
-0.954945
-0.964945
-0.975034
-0.985208
-0.995462
-1.00579
-1.01619
-1.02666
-1.03718
-1.04776
-1.05838
-1.06905
-1.07975
-1.09047
-1.10121
-1.11196
-1.1227
-1.13343
-1.14412
-1.15477
-1.16534
-1.1758
-1.18614
-1.19629
-1.20621
-1.21584
-1.22507
-1.2338
-1.24191
-1.24923
-1.25558
-1.26083
-1.26485
-1.2676
-1.26914
-1.26959
-1.26912
-1.26791
-1.26611
-1.26387
-1.26131
-1.2585
-1.25553
-1.25245
-1.24929
-1.2461
-1.24289
-1.23969
-1.23653
-1.2334
-1.23032
-1.2273
-1.22435
-1.22147
-1.21867
-1.21595
-1.21331
-1.21076
-1.20831
-1.20594
-1.20366
-1.20148
-1.19939
-1.1974
-1.1955
-1.1937
-1.192
-1.19038
-1.18885
-1.18742
-1.18608
-1.18484
-1.18368
-1.18261
-1.18163
-1.18073
-1.17992
-1.1792
-1.17855
-1.17799
-1.1775
-1.17709
-1.17675
-1.17649
-1.1763
-1.17618
-1.17613
-1.17613
-1.17621
-1.17634
-1.17654
-1.17678
-1.17709
-1.17744
-1.17785
-1.1783
-1.17879
-1.17933
-1.17991
-1.18053
-1.18119
-1.18188
-1.1826
-1.18335
-1.18413
-1.18493
-1.18575
-1.1866
-1.18746
-1.18833
-1.18922
-1.19013
-1.19104
-1.19195
-1.19287
-1.1938
-1.19472
-1.19564
-1.19656
-1.19747
-1.19838
-1.19927
-1.20015
-1.20102
-1.20187
-1.20271
-1.20352
-1.20432
-1.20509
-1.20584
-1.20656
-1.20725
-1.20791
-1.20854
-1.20914
-1.2097
-1.21023
-1.21072
-1.21117
-1.21158
-1.21195
-1.21227
-1.21255
-1.21279
-1.21298
-1.21312
-1.21321
-1.21325
-1.21324
-1.21317
-1.23459
-1.22799
-1.22135
-1.21467
-1.20795
-1.20119
-1.1944
-1.18757
-1.18071
-1.17382
-1.16689
-1.15994
-1.15295
-1.14593
-1.13888
-1.13181
-1.12471
-1.11758
-1.11043
-1.10326
-1.09606
-1.08884
-1.08161
-1.07435
-1.06708
-1.0598
-1.0525
-1.04519
-1.03787
-1.03055
-1.02321
-1.01587
-1.00853
-1.00119
-0.993848
-0.98651
-0.979179
-0.971855
-0.964538
-0.957236
-0.949948
-0.942677
-0.935425
-0.928198
-0.920996
-0.913821
-0.906678
-0.899568
-0.892495
-0.885462
-0.878472
-0.87153
-0.864636
-0.857796
-0.851013
-0.844288
-0.837628
-0.831035
-0.824513
-0.818066
-0.811698
-0.805412
-0.799212
-0.793104
-0.787087
-0.781171
-0.775358
-0.769651
-0.764056
-0.758576
-0.753216
-0.747982
-0.742872
-0.737898
-0.733059
-0.728363
-0.723813
-0.719413
-0.715167
-0.71108
-0.707159
-0.703402
-0.699818
-0.696409
-0.69318
-0.690135
-0.687279
-0.684615
-0.682146
-0.679877
-0.67781
-0.675951
-0.674303
-0.672868
-0.671649
-0.670652
-0.669876
-0.669323
-0.668998
-0.668905
-0.66904
-0.669409
-0.670013
-0.670853
-0.671931
-0.673247
-0.674801
-0.676594
-0.678628
-0.680902
-0.683415
-0.686168
-0.689159
-0.692387
-0.695852
-0.69955
-0.703482
-0.707645
-0.712036
-0.716653
-0.721495
-0.726557
-0.731837
-0.737333
-0.74304
-0.748954
-0.755075
-0.761396
-0.767913
-0.774624
-0.781525
-0.78861
-0.795875
-0.803316
-0.810929
-0.81871
-0.826655
-0.834757
-0.84301
-0.851415
-0.859964
-0.868653
-0.877474
-0.886429
-0.895507
-0.904706
-0.914022
-0.923449
-0.932982
-0.942619
-0.952351
-0.962176
-0.972088
-0.982082
-0.992154
-1.0023
-1.01251
-1.02278
-1.0331
-1.04348
-1.05389
-1.06434
-1.07482
-1.08532
-1.09583
-1.10633
-1.11683
-1.1273
-1.13772
-1.14809
-1.15838
-1.16856
-1.1786
-1.18846
-1.19811
-1.20748
-1.2165
-1.22509
-1.23317
-1.24061
-1.2473
-1.25312
-1.25798
-1.2618
-1.26457
-1.26633
-1.26716
-1.26716
-1.26647
-1.26521
-1.26349
-1.26142
-1.25907
-1.25651
-1.2538
-1.25098
-1.24809
-1.24516
-1.24222
-1.23928
-1.23636
-1.23347
-1.23062
-1.22783
-1.2251
-1.22243
-1.21983
-1.21731
-1.21487
-1.21251
-1.21024
-1.20805
-1.20595
-1.20395
-1.20203
-1.2002
-1.19847
-1.19683
-1.19527
-1.19381
-1.19244
-1.19116
-1.18997
-1.18886
-1.18785
-1.18692
-1.18608
-1.18532
-1.18465
-1.18405
-1.18354
-1.1831
-1.18275
-1.18246
-1.18225
-1.18211
-1.18205
-1.18204
-1.18211
-1.18224
-1.18243
-1.18268
-1.18299
-1.18335
-1.18376
-1.18423
-1.18474
-1.1853
-1.1859
-1.18655
-1.18724
-1.18796
-1.18871
-1.1895
-1.19032
-1.19117
-1.19205
-1.19294
-1.19386
-1.1948
-1.19575
-1.19672
-1.1977
-1.19869
-1.19969
-1.20069
-1.2017
-1.20271
-1.20372
-1.20472
-1.20572
-1.20671
-1.20769
-1.20867
-1.20962
-1.21057
-1.21149
-1.2124
-1.21329
-1.21416
-1.215
-1.21582
-1.21661
-1.21736
-1.21809
-1.21879
-1.21945
-1.22007
-1.22066
-1.22121
-1.22172
-1.22219
-1.22261
-1.22299
-1.22333
-1.22361
-1.22386
-1.22405
-1.22419
-1.22427
-1.22431
-1.23117
-1.22446
-1.21772
-1.21093
-1.20411
-1.19725
-1.19036
-1.18343
-1.17648
-1.16949
-1.16247
-1.15542
-1.14834
-1.14124
-1.1341
-1.12695
-1.11976
-1.11256
-1.10533
-1.09808
-1.09082
-1.08353
-1.07623
-1.06892
-1.06159
-1.05425
-1.0469
-1.03954
-1.03217
-1.0248
-1.01743
-1.01005
-1.00268
-0.995308
-0.987941
-0.980583
-0.973235
-0.9659
-0.958577
-0.951272
-0.943986
-0.936722
-0.929482
-0.922267
-0.915086
-0.907937
-0.900825
-0.89375
-0.886717
-0.87973
-0.872792
-0.865906
-0.859075
-0.852301
-0.845591
-0.838944
-0.832368
-0.825864
-0.819437
-0.813091
-0.806829
-0.800655
-0.794572
-0.788585
-0.782697
-0.776914
-0.771241
-0.765678
-0.760232
-0.754907
-0.749709
-0.744638
-0.739701
-0.734901
-0.730243
-0.725732
-0.721371
-0.717164
-0.713114
-0.709228
-0.70551
-0.701963
-0.69859
-0.695396
-0.692384
-0.68956
-0.686926
-0.684484
-0.682242
-0.680201
-0.678365
-0.676737
-0.675319
-0.674113
-0.673126
-0.672357
-0.671809
-0.671488
-0.671388
-0.67152
-0.67188
-0.672473
-0.673296
-0.674352
-0.675642
-0.677167
-0.678927
-0.680922
-0.683153
-0.685618
-0.688318
-0.691253
-0.69442
-0.697819
-0.701449
-0.705306
-0.709391
-0.713701
-0.718232
-0.722983
-0.727951
-0.733134
-0.738528
-0.74413
-0.749938
-0.755946
-0.762152
-0.768552
-0.77514
-0.781915
-0.788872
-0.796008
-0.803317
-0.810795
-0.818437
-0.82624
-0.8342
-0.842312
-0.850569
-0.858968
-0.867505
-0.876176
-0.884973
-0.893894
-0.902934
-0.912086
-0.921349
-0.930717
-0.940185
-0.949745
-0.959396
-0.969131
-0.978945
-0.988833
-0.99879
-1.00881
-1.01889
-1.02901
-1.03919
-1.04939
-1.05963
-1.06989
-1.08017
-1.09045
-1.10072
-1.11097
-1.1212
-1.13137
-1.14148
-1.15151
-1.16143
-1.17121
-1.18082
-1.19022
-1.19936
-1.2082
-1.21667
-1.22469
-1.23218
-1.23907
-1.24525
-1.25065
-1.25521
-1.25887
-1.26164
-1.26355
-1.26464
-1.26501
-1.26473
-1.26391
-1.26264
-1.261
-1.25907
-1.2569
-1.25455
-1.25207
-1.24949
-1.24685
-1.24416
-1.24146
-1.23875
-1.23606
-1.2334
-1.23078
-1.2282
-1.22568
-1.22322
-1.22083
-1.21851
-1.21626
-1.21409
-1.212
-1.21
-1.20808
-1.20625
-1.2045
-1.20285
-1.20127
-1.19979
-1.1984
-1.19709
-1.19587
-1.19475
-1.1937
-1.19275
-1.19188
-1.1911
-1.1904
-1.18978
-1.18924
-1.18879
-1.18841
-1.1881
-1.18788
-1.18772
-1.18764
-1.18763
-1.18768
-1.18781
-1.188
-1.18824
-1.18855
-1.18892
-1.18934
-1.18982
-1.19035
-1.19093
-1.19155
-1.19222
-1.19293
-1.19369
-1.19448
-1.19531
-1.19617
-1.19706
-1.19798
-1.19893
-1.1999
-1.20089
-1.20191
-1.20294
-1.20399
-1.20505
-1.20612
-1.2072
-1.20829
-1.20938
-1.21048
-1.21157
-1.21266
-1.21375
-1.21483
-1.2159
-1.21697
-1.21802
-1.21905
-1.22007
-1.22108
-1.22206
-1.22302
-1.22396
-1.22487
-1.22576
-1.22662
-1.22744
-1.22823
-1.22899
-1.22972
-1.23041
-1.23105
-1.23166
-1.23223
-1.23276
-1.23324
-1.23367
-1.23406
-1.2344
-1.23469
-1.23493
-1.23512
-1.23526
-1.22755
-1.22074
-1.21389
-1.20701
-1.20009
-1.19313
-1.18614
-1.17912
-1.17207
-1.16499
-1.15788
-1.15074
-1.14357
-1.13638
-1.12917
-1.12193
-1.11467
-1.10739
-1.10009
-1.09277
-1.08543
-1.07808
-1.07072
-1.06335
-1.05596
-1.04857
-1.04117
-1.03376
-1.02635
-1.01894
-1.01153
-1.00412
-0.99672
-0.989325
-0.981938
-0.974564
-0.967201
-0.959858
-0.952531
-0.945226
-0.937944
-0.930689
-0.923464
-0.916268
-0.909109
-0.90199
-0.894911
-0.887876
-0.880887
-0.873949
-0.867065
-0.860238
-0.853472
-0.846769
-0.840133
-0.833569
-0.827079
-0.820668
-0.814339
-0.808096
-0.801943
-0.795883
-0.78992
-0.784057
-0.778301
-0.772654
-0.767121
-0.761706
-0.756413
-0.751246
-0.74621
-0.741307
-0.736542
-0.731918
-0.727443
-0.723116
-0.718945
-0.714932
-0.711082
-0.707397
-0.703884
-0.700546
-0.697385
-0.694406
-0.691612
-0.689006
-0.686594
-0.684379
-0.682363
-0.680549
-0.67894
-0.67754
-0.67635
-0.675375
-0.674616
-0.674076
-0.673756
-0.673659
-0.673787
-0.674142
-0.674723
-0.675531
-0.676569
-0.677839
-0.679338
-0.681069
-0.68303
-0.685226
-0.68765
-0.690302
-0.693186
-0.696298
-0.699637
-0.703203
-0.706993
-0.711006
-0.715239
-0.719691
-0.724358
-0.729239
-0.734329
-0.739627
-0.745131
-0.750835
-0.756737
-0.762833
-0.769119
-0.775593
-0.782249
-0.789085
-0.796095
-0.803274
-0.810622
-0.818131
-0.825798
-0.833618
-0.841588
-0.849701
-0.857954
-0.866346
-0.874865
-0.883511
-0.892276
-0.90116
-0.910153
-0.919254
-0.928456
-0.937758
-0.947149
-0.956628
-0.966187
-0.975822
-0.985529
-0.995303
-1.00513
-1.01502
-1.02495
-1.03492
-1.04493
-1.05496
-1.06501
-1.07507
-1.08513
-1.09517
-1.1052
-1.11519
-1.12513
-1.135
-1.14478
-1.15446
-1.164
-1.17338
-1.18256
-1.19151
-1.20018
-1.20853
-1.21648
-1.22399
-1.23099
-1.2374
-1.24316
-1.24822
-1.25253
-1.25607
-1.25882
-1.26083
-1.26212
-1.26276
-1.26281
-1.26235
-1.26146
-1.2602
-1.25864
-1.25683
-1.25482
-1.25266
-1.25038
-1.24802
-1.24559
-1.24312
-1.24064
-1.23816
-1.23569
-1.23325
-1.23084
-1.22847
-1.22616
-1.2239
-1.22171
-1.21958
-1.21752
-1.21554
-1.21364
-1.21182
-1.21007
-1.20842
-1.20684
-1.20535
-1.20395
-1.20263
-1.20139
-1.20024
-1.19918
-1.19821
-1.19732
-1.19652
-1.19579
-1.19516
-1.1946
-1.19412
-1.19373
-1.19341
-1.19316
-1.193
-1.1929
-1.19287
-1.19292
-1.19304
-1.19322
-1.19348
-1.19378
-1.19416
-1.19459
-1.19507
-1.19561
-1.19621
-1.19685
-1.19755
-1.19828
-1.19907
-1.19989
-1.20075
-1.20165
-1.20258
-1.20355
-1.20455
-1.20557
-1.20662
-1.20769
-1.20878
-1.2099
-1.21103
-1.21217
-1.21332
-1.21449
-1.21566
-1.21684
-1.21802
-1.2192
-1.22038
-1.22156
-1.22273
-1.2239
-1.22505
-1.22619
-1.22733
-1.22845
-1.22954
-1.23062
-1.23168
-1.23271
-1.23372
-1.23471
-1.23566
-1.23658
-1.23748
-1.23834
-1.23916
-1.23995
-1.2407
-1.24141
-1.24208
-1.2427
-1.24328
-1.24382
-1.24431
-1.24475
-1.24515
-1.24549
-1.24578
-1.24601
-1.22374
-1.21683
-1.20988
-1.20289
-1.19587
-1.18882
-1.18173
-1.17462
-1.16748
-1.16031
-1.15311
-1.14589
-1.13864
-1.13137
-1.12407
-1.11675
-1.10942
-1.10206
-1.09469
-1.08731
-1.07991
-1.07249
-1.06507
-1.05764
-1.0502
-1.04276
-1.03531
-1.02786
-1.02041
-1.01296
-1.00552
-0.998081
-0.990653
-0.983238
-0.975833
-0.968445
-0.961074
-0.953725
-0.946396
-0.939094
-0.931821
-0.924579
-0.91737
-0.910196
-0.903065
-0.895977
-0.888934
-0.881941
-0.875001
-0.868115
-0.861287
-0.854524
-0.847825
-0.841195
-0.834638
-0.828158
-0.821759
-0.815443
-0.809213
-0.803076
-0.797035
-0.791092
-0.785252
-0.779519
-0.773896
-0.768388
-0.762999
-0.757734
-0.752594
-0.747586
-0.742714
-0.73798
-0.73339
-0.728947
-0.724654
-0.720514
-0.716535
-0.712717
-0.709067
-0.705585
-0.702278
-0.699149
-0.696201
-0.693435
-0.690859
-0.688475
-0.686286
-0.684294
-0.682503
-0.680915
-0.679533
-0.678359
-0.677398
-0.67665
-0.676119
-0.675806
-0.675712
-0.675838
-0.676187
-0.676765
-0.677563
-0.678588
-0.679838
-0.681317
-0.683022
-0.684955
-0.687115
-0.689501
-0.692113
-0.694951
-0.698014
-0.701299
-0.704807
-0.708538
-0.712485
-0.716648
-0.721026
-0.725615
-0.730414
-0.735419
-0.740628
-0.746037
-0.751645
-0.757447
-0.763439
-0.769619
-0.775982
-0.782524
-0.789243
-0.796133
-0.803192
-0.810413
-0.817794
-0.825329
-0.833015
-0.840847
-0.848822
-0.856934
-0.865178
-0.87355
-0.882046
-0.890663
-0.899392
-0.90823
-0.917172
-0.926213
-0.93535
-0.944575
-0.953884
-0.963272
-0.972732
-0.982263
-0.991855
-1.0015
-1.0112
-1.02094
-1.03072
-1.04053
-1.05036
-1.0602
-1.07005
-1.0799
-1.08973
-1.09953
-1.1093
-1.11901
-1.12866
-1.13822
-1.14767
-1.157
-1.16617
-1.17516
-1.18393
-1.19245
-1.20067
-1.20856
-1.21605
-1.22311
-1.22967
-1.23568
-1.24109
-1.24586
-1.24997
-1.25338
-1.25612
-1.25819
-1.25962
-1.26047
-1.26079
-1.26063
-1.26006
-1.25912
-1.25789
-1.2564
-1.25471
-1.25284
-1.25085
-1.24875
-1.24658
-1.24435
-1.24209
-1.23982
-1.23754
-1.23528
-1.23304
-1.23084
-1.22867
-1.22656
-1.2245
-1.22249
-1.22056
-1.21869
-1.21689
-1.21517
-1.21353
-1.21197
-1.21048
-1.20907
-1.20775
-1.20651
-1.20535
-1.20428
-1.20329
-1.20239
-1.20157
-1.20083
-1.20018
-1.1996
-1.19911
-1.1987
-1.19836
-1.19811
-1.19793
-1.19782
-1.19779
-1.19783
-1.19794
-1.19812
-1.19837
-1.19868
-1.19905
-1.19949
-1.19999
-1.20054
-1.20115
-1.20181
-1.20252
-1.20328
-1.20409
-1.20494
-1.20584
-1.20677
-1.20774
-1.20875
-1.2098
-1.21087
-1.21197
-1.2131
-1.21425
-1.21542
-1.21662
-1.21783
-1.21905
-1.22029
-1.22154
-1.2228
-1.22407
-1.22534
-1.22661
-1.22788
-1.22915
-1.23041
-1.23167
-1.23292
-1.23416
-1.23538
-1.2366
-1.23779
-1.23896
-1.24012
-1.24125
-1.24236
-1.24344
-1.24449
-1.24552
-1.24651
-1.24747
-1.2484
-1.24929
-1.25014
-1.25095
-1.25172
-1.25245
-1.25313
-1.25377
-1.25436
-1.2549
-1.2554
-1.25584
-1.25623
-1.25657
-1.21973
-1.21272
-1.20567
-1.19859
-1.19148
-1.18433
-1.17715
-1.16995
-1.16272
-1.15546
-1.14817
-1.14087
-1.13354
-1.12618
-1.11881
-1.11142
-1.10401
-1.09659
-1.08915
-1.0817
-1.07424
-1.06676
-1.05928
-1.0518
-1.04431
-1.03682
-1.02933
-1.02183
-1.01435
-1.00686
-0.999392
-0.991928
-0.984478
-0.977043
-0.969625
-0.962226
-0.954848
-0.947494
-0.940171
-0.932876
-0.925612
-0.918386
-0.911198
-0.904049
-0.896948
-0.889894
-0.882893
-0.875944
-0.869054
-0.862223
-0.855457
-0.848758
-0.842131
-0.835576
-0.829101
-0.822709
-0.816402
-0.810184
-0.80406
-0.798033
-0.792106
-0.786283
-0.780568
-0.774965
-0.769478
-0.764113
-0.758869
-0.753755
-0.748773
-0.743927
-0.739222
-0.734659
-0.730245
-0.725981
-0.721873
-0.717924
-0.714137
-0.710516
-0.707065
-0.703788
-0.700686
-0.697767
-0.695031
-0.692483
-0.690126
-0.687962
-0.685994
-0.684226
-0.682659
-0.681296
-0.680139
-0.679193
-0.678458
-0.677937
-0.677631
-0.677542
-0.677672
-0.67802
-0.678589
-0.679384
-0.6804
-0.681636
-0.683097
-0.684782
-0.68669
-0.688822
-0.691175
-0.693752
-0.696549
-0.699568
-0.702806
-0.706261
-0.709934
-0.71382
-0.71792
-0.722229
-0.726747
-0.73147
-0.736396
-0.741522
-0.746847
-0.752365
-0.758073
-0.763967
-0.770046
-0.776305
-0.78274
-0.789348
-0.796124
-0.803065
-0.810167
-0.817425
-0.824835
-0.832393
-0.840094
-0.847934
-0.855908
-0.864012
-0.872242
-0.880593
-0.889061
-0.897638
-0.906327
-0.915115
-0.923999
-0.932976
-0.942038
-0.951182
-0.960402
-0.969694
-0.97905
-0.988464
-0.997932
-1.00745
-1.017
-1.02659
-1.03621
-1.04585
-1.05549
-1.06514
-1.07478
-1.08441
-1.09401
-1.10356
-1.11306
-1.1225
-1.13185
-1.1411
-1.15022
-1.1592
-1.16801
-1.17661
-1.18499
-1.1931
-1.20091
-1.20838
-1.21546
-1.22211
-1.22828
-1.23395
-1.23906
-1.24358
-1.24751
-1.25082
-1.25353
-1.25564
-1.25718
-1.25819
-1.25872
-1.2588
-1.2585
-1.25785
-1.2569
-1.2557
-1.25429
-1.2527
-1.25097
-1.24913
-1.24719
-1.2452
-1.24316
-1.24108
-1.239
-1.23693
-1.23486
-1.23281
-1.2308
-1.22883
-1.22691
-1.22504
-1.22322
-1.22147
-1.21979
-1.21817
-1.21663
-1.21516
-1.21377
-1.21246
-1.21122
-1.21006
-1.20898
-1.20799
-1.20708
-1.20625
-1.2055
-1.20484
-1.20425
-1.20375
-1.20332
-1.20298
-1.20271
-1.20252
-1.2024
-1.20236
-1.2024
-1.2025
-1.20268
-1.20293
-1.20324
-1.20361
-1.20405
-1.20456
-1.20512
-1.20574
-1.20642
-1.20715
-1.20793
-1.20876
-1.20964
-1.21057
-1.21154
-1.21254
-1.21359
-1.21468
-1.2158
-1.21695
-1.21813
-1.21933
-1.22057
-1.22182
-1.2231
-1.22439
-1.2257
-1.22703
-1.22836
-1.22971
-1.23106
-1.23243
-1.23379
-1.23515
-1.23651
-1.23787
-1.23922
-1.24056
-1.2419
-1.24322
-1.24452
-1.24581
-1.24709
-1.24834
-1.24957
-1.25078
-1.25196
-1.25311
-1.25424
-1.25533
-1.25639
-1.25742
-1.25841
-1.25937
-1.26028
-1.26115
-1.26198
-1.26277
-1.26351
-1.2642
-1.26485
-1.26545
-1.26599
-1.26649
-1.26693
-1.21552
-1.20841
-1.20127
-1.1941
-1.18689
-1.17965
-1.17238
-1.16509
-1.15777
-1.15043
-1.14306
-1.13567
-1.12826
-1.12084
-1.11339
-1.10593
-1.09845
-1.09095
-1.08345
-1.07594
-1.06842
-1.06089
-1.05336
-1.04582
-1.03828
-1.03075
-1.02321
-1.01568
-1.00816
-1.00065
-0.993147
-0.985662
-0.978191
-0.97074
-0.96331
-0.955903
-0.948523
-0.941169
-0.933851
-0.926566
-0.919318
-0.912111
-0.904946
-0.897827
-0.890756
-0.883741
-0.876781
-0.869882
-0.863043
-0.856272
-0.849569
-0.84294
-0.836385
-0.829912
-0.823523
-0.81722
-0.811009
-0.804893
-0.798874
-0.792959
-0.78715
-0.78145
-0.775863
-0.770394
-0.765046
-0.759824
-0.754731
-0.74977
-0.744948
-0.740265
-0.735729
-0.73134
-0.727102
-0.723021
-0.7191
-0.715339
-0.711747
-0.708326
-0.705074
-0.702002
-0.699109
-0.6964
-0.693879
-0.691547
-0.689408
-0.687463
-0.685717
-0.684172
-0.682829
-0.68169
-0.680759
-0.680038
-0.679528
-0.679232
-0.67915
-0.679284
-0.679635
-0.680204
-0.68099
-0.682
-0.683227
-0.684676
-0.686343
-0.68823
-0.69034
-0.692666
-0.695211
-0.697974
-0.700953
-0.704149
-0.707558
-0.71118
-0.715013
-0.719054
-0.723303
-0.727755
-0.732409
-0.737262
-0.74231
-0.747554
-0.752986
-0.758607
-0.764412
-0.770396
-0.776557
-0.78289
-0.789396
-0.796064
-0.802895
-0.809882
-0.817023
-0.824313
-0.831748
-0.839324
-0.847034
-0.854878
-0.86285
-0.870943
-0.879154
-0.887478
-0.895911
-0.904449
-0.913086
-0.921821
-0.930644
-0.939549
-0.948533
-0.957591
-0.966716
-0.975903
-0.985147
-0.99444
-1.00378
-1.01316
-1.02256
-1.03199
-1.04144
-1.0509
-1.06036
-1.0698
-1.07923
-1.08863
-1.09799
-1.10729
-1.11653
-1.12569
-1.13474
-1.14368
-1.15248
-1.16112
-1.16957
-1.17781
-1.18582
-1.19354
-1.20097
-1.20805
-1.21475
-1.22104
-1.22688
-1.23224
-1.23708
-1.2414
-1.24517
-1.24838
-1.25105
-1.25319
-1.25481
-1.25595
-1.25664
-1.25693
-1.25685
-1.25643
-1.25574
-1.25479
-1.25363
-1.25229
-1.25081
-1.2492
-1.2475
-1.24572
-1.24389
-1.24202
-1.24012
-1.23822
-1.23632
-1.23444
-1.23258
-1.23076
-1.22897
-1.22723
-1.22554
-1.22391
-1.22234
-1.22083
-1.2194
-1.21803
-1.21674
-1.21551
-1.21437
-1.2133
-1.2123
-1.21139
-1.21056
-1.2098
-1.20913
-1.20854
-1.20803
-1.2076
-1.20724
-1.20696
-1.20676
-1.20664
-1.2066
-1.20663
-1.20673
-1.2069
-1.20714
-1.20746
-1.20784
-1.20828
-1.20879
-1.20936
-1.20999
-1.21068
-1.21143
-1.21223
-1.21308
-1.21399
-1.21494
-1.21594
-1.21698
-1.21807
-1.21919
-1.22035
-1.22155
-1.22278
-1.22404
-1.22533
-1.22664
-1.22798
-1.22934
-1.23072
-1.23212
-1.23353
-1.23495
-1.23639
-1.23783
-1.23928
-1.24073
-1.24219
-1.24364
-1.24509
-1.24654
-1.24798
-1.24941
-1.25082
-1.25223
-1.25362
-1.25499
-1.25634
-1.25767
-1.25898
-1.26026
-1.26152
-1.26274
-1.26394
-1.2651
-1.26623
-1.26732
-1.26838
-1.2694
-1.27037
-1.27131
-1.2722
-1.27304
-1.27384
-1.27459
-1.27528
-1.27593
-1.27653
-1.27707
-1.21112
-1.20391
-1.19668
-1.18941
-1.18211
-1.17478
-1.16743
-1.16005
-1.15265
-1.14522
-1.13778
-1.13031
-1.12282
-1.11532
-1.1078
-1.10027
-1.09272
-1.08517
-1.0776
-1.07003
-1.06245
-1.05487
-1.04729
-1.0397
-1.03212
-1.02454
-1.01697
-1.0094
-1.00185
-0.99431
-0.986783
-0.979276
-0.97179
-0.964326
-0.956886
-0.949476
-0.942093
-0.934745
-0.927435
-0.920163
-0.912932
-0.905747
-0.89861
-0.891521
-0.884487
-0.877511
-0.870598
-0.86375
-0.856969
-0.850259
-0.843623
-0.837065
-0.83059
-0.824198
-0.817897
-0.811688
-0.805576
-0.799564
-0.793655
-0.787855
-0.782165
-0.776591
-0.771135
-0.765802
-0.760596
-0.75552
-0.750579
-0.745775
-0.741113
-0.736598
-0.732232
-0.728018
-0.723961
-0.720064
-0.71633
-0.712759
-0.709362
-0.706139
-0.703093
-0.700227
-0.697545
-0.695046
-0.692739
-0.690623
-0.688703
-0.686978
-0.685453
-0.68413
-0.683009
-0.682095
-0.681389
-0.680892
-0.680607
-0.680533
-0.680674
-0.681029
-0.6816
-0.682386
-0.683388
-0.68461
-0.686048
-0.687703
-0.689575
-0.691662
-0.693969
-0.696487
-0.699221
-0.702166
-0.705324
-0.708693
-0.712271
-0.716056
-0.720046
-0.724238
-0.728631
-0.733222
-0.738009
-0.742989
-0.748157
-0.753512
-0.759052
-0.764771
-0.770668
-0.776738
-0.782977
-0.789382
-0.795949
-0.802675
-0.809554
-0.816584
-0.823761
-0.831079
-0.838534
-0.846127
-0.853845
-0.861688
-0.86965
-0.877728
-0.885916
-0.89421
-0.902607
-0.9111
-0.919686
-0.928357
-0.937113
-0.945941
-0.954841
-0.963806
-0.972831
-0.981909
-0.991036
-1.0002
-1.00941
-1.01864
-1.02789
-1.03716
-1.04644
-1.05571
-1.06497
-1.07422
-1.08343
-1.0926
-1.10172
-1.11077
-1.11974
-1.12861
-1.13738
-1.14601
-1.15449
-1.1628
-1.17092
-1.17881
-1.18646
-1.19383
-1.2009
-1.20763
-1.21399
-1.21995
-1.22549
-1.23058
-1.23519
-1.23932
-1.24294
-1.24607
-1.2487
-1.25084
-1.25252
-1.25376
-1.25459
-1.25504
-1.25514
-1.25493
-1.25445
-1.25373
-1.25279
-1.25168
-1.25042
-1.24903
-1.24754
-1.24596
-1.24433
-1.24265
-1.24094
-1.23921
-1.23748
-1.23575
-1.23405
-1.23237
-1.23072
-1.22911
-1.22755
-1.22604
-1.22458
-1.22319
-1.22186
-1.22059
-1.21939
-1.21826
-1.21721
-1.21623
-1.21532
-1.21449
-1.21374
-1.21306
-1.21247
-1.21195
-1.21152
-1.21116
-1.21087
-1.21067
-1.21054
-1.21049
-1.21051
-1.21061
-1.21078
-1.21102
-1.21134
-1.21172
-1.21217
-1.21268
-1.21326
-1.2139
-1.21461
-1.21537
-1.21618
-1.21706
-1.21798
-1.21896
-1.21998
-1.22106
-1.22218
-1.22334
-1.22454
-1.22578
-1.22705
-1.22837
-1.22971
-1.23108
-1.23247
-1.2339
-1.23534
-1.23681
-1.23829
-1.23979
-1.2413
-1.24283
-1.24436
-1.2459
-1.24745
-1.24899
-1.25054
-1.25209
-1.25363
-1.25516
-1.25669
-1.2582
-1.2597
-1.26119
-1.26266
-1.26411
-1.26554
-1.26695
-1.26833
-1.26969
-1.27102
-1.27232
-1.27359
-1.27482
-1.27602
-1.27718
-1.2783
-1.27938
-1.28041
-1.28141
-1.28235
-1.28325
-1.28411
-1.28491
-1.28566
-1.28636
-1.28701
-1.20651
-1.19921
-1.19189
-1.18453
-1.17714
-1.16973
-1.16229
-1.15483
-1.14734
-1.13984
-1.13232
-1.12477
-1.11721
-1.10964
-1.10205
-1.09445
-1.08684
-1.07922
-1.07159
-1.06396
-1.05633
-1.0487
-1.04107
-1.03344
-1.02581
-1.0182
-1.01059
-1.00299
-0.99541
-0.987845
-0.980298
-0.972773
-0.965273
-0.957798
-0.950355
-0.94294
-0.93556
-0.928219
-0.920917
-0.913663
-0.906453
-0.899293
-0.892185
-0.885133
-0.878137
-0.871208
-0.864344
-0.857548
-0.850827
-0.844181
-0.837615
-0.831133
-0.824738
-0.818433
-0.812223
-0.80611
-0.8001
-0.794195
-0.788399
-0.782716
-0.77715
-0.771704
-0.766382
-0.761188
-0.756125
-0.751198
-0.746411
-0.741767
-0.73727
-0.732922
-0.728729
-0.724693
-0.720817
-0.717102
-0.713558
-0.710185
-0.706985
-0.703962
-0.70112
-0.698461
-0.695986
-0.693701
-0.691608
-0.689711
-0.688008
-0.686503
-0.6852
-0.684098
-0.6832
-0.68251
-0.682027
-0.681754
-0.68169
-0.681839
-0.682201
-0.682775
-0.683563
-0.684564
-0.68578
-0.687213
-0.688859
-0.690718
-0.692791
-0.695079
-0.697577
-0.700285
-0.703203
-0.706329
-0.709662
-0.713201
-0.716943
-0.720888
-0.725031
-0.729371
-0.733906
-0.738632
-0.743548
-0.74865
-0.753934
-0.759399
-0.765042
-0.770856
-0.776842
-0.782994
-0.789308
-0.795781
-0.802408
-0.809187
-0.816112
-0.823182
-0.830388
-0.837732
-0.845205
-0.852804
-0.860525
-0.868364
-0.876314
-0.884372
-0.892533
-0.900794
-0.909152
-0.917597
-0.926126
-0.934733
-0.943411
-0.952161
-0.96097
-0.969838
-0.978762
-0.987728
-0.996733
-1.00577
-1.01484
-1.02392
-1.03302
-1.04212
-1.05122
-1.0603
-1.06937
-1.0784
-1.08739
-1.09633
-1.10521
-1.11401
-1.12272
-1.13132
-1.13979
-1.14813
-1.1563
-1.1643
-1.17209
-1.17965
-1.18697
-1.194
-1.20074
-1.20715
-1.2132
-1.21887
-1.22414
-1.22898
-1.23339
-1.23734
-1.24084
-1.24388
-1.24646
-1.24861
-1.25033
-1.25164
-1.25257
-1.25316
-1.25342
-1.25338
-1.25309
-1.25256
-1.25182
-1.25091
-1.24985
-1.24866
-1.24736
-1.24598
-1.24453
-1.24303
-1.24149
-1.23993
-1.23836
-1.23679
-1.23523
-1.23369
-1.23218
-1.2307
-1.22926
-1.22787
-1.22653
-1.22525
-1.22402
-1.22286
-1.22176
-1.22072
-1.21976
-1.21887
-1.21805
-1.2173
-1.21663
-1.21604
-1.21553
-1.21509
-1.21472
-1.21444
-1.21423
-1.2141
-1.21405
-1.21407
-1.21416
-1.21433
-1.21457
-1.21488
-1.21527
-1.21572
-1.21624
-1.21682
-1.21747
-1.21819
-1.21896
-1.21979
-1.22068
-1.22163
-1.22263
-1.22368
-1.22477
-1.22592
-1.22712
-1.22836
-1.22964
-1.23096
-1.23231
-1.2337
-1.23513
-1.23658
-1.23806
-1.23957
-1.2411
-1.24265
-1.24422
-1.24581
-1.24741
-1.24903
-1.25065
-1.25229
-1.25392
-1.25557
-1.25721
-1.25884
-1.26048
-1.26211
-1.26373
-1.26535
-1.26695
-1.26853
-1.2701
-1.27166
-1.27319
-1.2747
-1.27618
-1.27764
-1.27908
-1.28048
-1.28185
-1.28318
-1.28448
-1.28575
-1.28697
-1.28816
-1.2893
-1.2904
-1.29145
-1.29245
-1.29341
-1.29431
-1.29517
-1.29597
-1.29672
-1.20171
-1.19432
-1.1869
-1.17945
-1.17198
-1.16448
-1.15696
-1.14942
-1.14186
-1.13428
-1.12668
-1.11906
-1.11143
-1.10378
-1.09613
-1.08846
-1.08079
-1.07311
-1.06543
-1.05775
-1.05006
-1.04238
-1.0347
-1.02703
-1.01937
-1.01172
-1.00408
-0.996448
-0.98884
-0.981252
-0.973687
-0.966147
-0.958635
-0.951154
-0.943707
-0.936295
-0.92892
-0.921591
-0.914304
-0.907069
-0.899881
-0.892748
-0.885673
-0.878658
-0.871705
-0.864822
-0.858011
-0.851274
-0.844616
-0.838038
-0.831545
-0.825141
-0.818829
-0.812614
-0.806497
-0.800484
-0.794579
-0.788784
-0.783104
-0.777542
-0.772101
-0.766786
-0.7616
-0.756548
-0.751632
-0.746857
-0.742227
-0.737745
-0.733412
-0.729235
-0.725216
-0.721358
-0.717666
-0.714141
-0.710789
-0.707611
-0.704609
-0.701789
-0.699152
-0.6967
-0.694436
-0.692365
-0.690487
-0.688805
-0.687321
-0.686036
-0.684954
-0.684074
-0.6834
-0.682932
-0.682671
-0.68262
-0.682778
-0.683148
-0.683728
-0.68452
-0.685524
-0.686739
-0.688166
-0.689808
-0.691658
-0.69372
-0.695993
-0.698473
-0.701159
-0.704058
-0.707158
-0.71046
-0.713966
-0.717672
-0.721576
-0.725675
-0.729969
-0.734453
-0.739126
-0.743985
-0.749026
-0.754247
-0.759644
-0.765215
-0.770956
-0.776865
-0.782935
-0.789164
-0.795549
-0.802086
-0.808772
-0.815601
-0.822568
-0.829674
-0.83691
-0.844274
-0.851761
-0.859367
-0.867088
-0.874917
-0.88285
-0.890886
-0.899017
-0.90724
-0.915553
-0.923943
-0.93241
-0.940949
-0.949551
-0.958217
-0.966939
-0.975706
-0.984518
-0.99337
-1.00225
-1.01116
-1.02008
-1.02901
-1.03795
-1.04688
-1.0558
-1.0647
-1.07356
-1.08239
-1.09116
-1.09987
-1.10851
-1.11705
-1.1255
-1.13383
-1.14203
-1.15007
-1.15795
-1.16564
-1.17312
-1.18038
-1.18738
-1.1941
-1.20053
-1.20664
-1.21241
-1.21781
-1.22283
-1.22746
-1.23168
-1.23548
-1.23885
-1.24181
-1.24435
-1.24648
-1.24823
-1.2496
-1.25062
-1.25131
-1.2517
-1.25181
-1.25167
-1.25131
-1.25075
-1.25002
-1.24914
-1.24813
-1.24701
-1.24581
-1.24453
-1.2432
-1.24182
-1.24042
-1.239
-1.23758
-1.23616
-1.23476
-1.23338
-1.23202
-1.23071
-1.22943
-1.22821
-1.22703
-1.22591
-1.22485
-1.22385
-1.22291
-1.22204
-1.22124
-1.22051
-1.21985
-1.21926
-1.21875
-1.21832
-1.21795
-1.21767
-1.21746
-1.21733
-1.21727
-1.21729
-1.21738
-1.21755
-1.21779
-1.2181
-1.21849
-1.21894
-1.21946
-1.22005
-1.22071
-1.22143
-1.22222
-1.22306
-1.22397
-1.22493
-1.22594
-1.22702
-1.22814
-1.22932
-1.23054
-1.23182
-1.23313
-1.23449
-1.23589
-1.23733
-1.2388
-1.24031
-1.24184
-1.24341
-1.245
-1.24662
-1.24826
-1.24992
-1.25159
-1.25328
-1.25499
-1.2567
-1.25844
-1.26016
-1.2619
-1.26363
-1.26537
-1.2671
-1.26883
-1.27055
-1.27226
-1.27396
-1.27564
-1.27732
-1.27897
-1.2806
-1.28221
-1.2838
-1.28536
-1.2869
-1.28841
-1.28988
-1.29132
-1.29273
-1.29409
-1.29542
-1.29671
-1.29796
-1.29916
-1.30032
-1.30143
-1.30249
-1.3035
-1.30446
-1.30536
-1.30621
-1.1967
-1.18922
-1.18172
-1.17419
-1.16663
-1.15905
-1.15145
-1.14383
-1.13619
-1.12853
-1.12086
-1.11317
-1.10547
-1.09776
-1.09004
-1.08231
-1.07458
-1.06684
-1.05911
-1.05137
-1.04364
-1.03591
-1.02819
-1.02048
-1.01278
-1.00509
-0.997424
-0.989769
-0.982137
-0.97453
-0.966949
-0.959397
-0.951877
-0.944391
-0.936946
-0.929539
-0.922173
-0.914855
-0.907586
-0.900372
-0.893211
-0.88611
-0.879071
-0.872098
-0.865193
-0.858357
-0.851601
-0.844924
-0.838331
-0.831825
-0.825409
-0.819086
-0.812861
-0.806738
-0.800719
-0.794808
-0.78901
-0.783328
-0.777767
-0.772328
-0.767016
-0.761835
-0.756789
-0.751881
-0.747115
-0.742495
-0.738024
-0.733704
-0.729538
-0.725534
-0.721694
-0.718019
-0.714511
-0.711176
-0.708017
-0.705036
-0.702234
-0.699617
-0.697186
-0.694943
-0.692893
-0.691034
-0.689371
-0.687906
-0.686642
-0.685577
-0.684714
-0.684057
-0.683604
-0.683359
-0.68332
-0.68349
-0.683868
-0.684457
-0.685255
-0.686263
-0.687481
-0.688908
-0.690545
-0.692392
-0.694446
-0.696708
-0.699176
-0.701849
-0.704724
-0.707803
-0.711084
-0.714561
-0.718236
-0.722105
-0.726168
-0.73042
-0.734861
-0.739486
-0.744294
-0.749281
-0.754445
-0.759782
-0.765288
-0.770962
-0.776799
-0.782794
-0.788947
-0.795253
-0.801706
-0.808304
-0.815042
-0.821918
-0.828927
-0.836064
-0.843327
-0.850708
-0.858206
-0.865815
-0.873531
-0.881348
-0.889264
-0.897274
-0.905373
-0.913557
-0.921818
-0.930152
-0.938554
-0.947022
-0.955545
-0.964123
-0.972748
-0.981413
-0.990114
-0.998844
-1.00759
-1.01637
-1.02514
-1.03393
-1.0427
-1.05146
-1.0602
-1.06891
-1.07757
-1.08619
-1.09474
-1.10323
-1.11163
-1.11993
-1.12812
-1.13618
-1.14411
-1.15188
-1.15947
-1.16687
-1.17406
-1.18101
-1.18772
-1.19416
-1.2003
-1.20614
-1.21164
-1.2168
-1.2216
-1.22603
-1.23007
-1.23372
-1.23699
-1.23986
-1.24235
-1.24447
-1.24623
-1.24764
-1.24872
-1.24951
-1.25
-1.25024
-1.25024
-1.25002
-1.24962
-1.24905
-1.24833
-1.24748
-1.24653
-1.24548
-1.24436
-1.24319
-1.24196
-1.24071
-1.23943
-1.23815
-1.23687
-1.2356
-1.23434
-1.23311
-1.23192
-1.23076
-1.22965
-1.22858
-1.22756
-1.2266
-1.22569
-1.22485
-1.22407
-1.22336
-1.22272
-1.22214
-1.22164
-1.2212
-1.22085
-1.22057
-1.22036
-1.22023
-1.22017
-1.22018
-1.22028
-1.22044
-1.22068
-1.22099
-1.22138
-1.22184
-1.22236
-1.22295
-1.22362
-1.22434
-1.22514
-1.22599
-1.22691
-1.22789
-1.22892
-1.23002
-1.23117
-1.23237
-1.23362
-1.23492
-1.23627
-1.23766
-1.2391
-1.24058
-1.2421
-1.24365
-1.24524
-1.24686
-1.24851
-1.25019
-1.25189
-1.25362
-1.25537
-1.25713
-1.25891
-1.26071
-1.26252
-1.26433
-1.26616
-1.26799
-1.26982
-1.27165
-1.27348
-1.27531
-1.27713
-1.27894
-1.28073
-1.28252
-1.28429
-1.28605
-1.28778
-1.2895
-1.29119
-1.29285
-1.29449
-1.2961
-1.29768
-1.29923
-1.30074
-1.30221
-1.30364
-1.30504
-1.30639
-1.3077
-1.30896
-1.31017
-1.31134
-1.31246
-1.31352
-1.31453
-1.31548
-1.19149
-1.18392
-1.17634
-1.16872
-1.16108
-1.15343
-1.14575
-1.13805
-1.13033
-1.1226
-1.11486
-1.1071
-1.09934
-1.09156
-1.08378
-1.07599
-1.06821
-1.06042
-1.05263
-1.04484
-1.03706
-1.02929
-1.02153
-1.01378
-1.00604
-0.998329
-0.990632
-0.982954
-0.975302
-0.967678
-0.960084
-0.952523
-0.944998
-0.937511
-0.930068
-0.922666
-0.915313
-0.908011
-0.900762
-0.893572
-0.886443
-0.879376
-0.872376
-0.865446
-0.858591
-0.851808
-0.845112
-0.838499
-0.831974
-0.825541
-0.819205
-0.812966
-0.806831
-0.800803
-0.794884
-0.789079
-0.783391
-0.777825
-0.772386
-0.767074
-0.761894
-0.75685
-0.751946
-0.747186
-0.742572
-0.738105
-0.733795
-0.729643
-0.72565
-0.721822
-0.71816
-0.714668
-0.71135
-0.708206
-0.705241
-0.702458
-0.699858
-0.697446
-0.695223
-0.69319
-0.691351
-0.689708
-0.688261
-0.687013
-0.685968
-0.685122
-0.684481
-0.684045
-0.683814
-0.683789
-0.683971
-0.684362
-0.684961
-0.685767
-0.686781
-0.688003
-0.689433
-0.69107
-0.692914
-0.694966
-0.697222
-0.69968
-0.702342
-0.705204
-0.708265
-0.711526
-0.71498
-0.71863
-0.722471
-0.726502
-0.73072
-0.735122
-0.739707
-0.744469
-0.749409
-0.754521
-0.759804
-0.765255
-0.770867
-0.77664
-0.782569
-0.788652
-0.794884
-0.801261
-0.807779
-0.814435
-0.821225
-0.828146
-0.835191
-0.842358
-0.849641
-0.857038
-0.864544
-0.872152
-0.879862
-0.887666
-0.895562
-0.903544
-0.911606
-0.919744
-0.927952
-0.936227
-0.944564
-0.952958
-0.9614
-0.969888
-0.978414
-0.986975
-0.995562
-1.00417
-1.01279
-1.02142
-1.03005
-1.03868
-1.04729
-1.05588
-1.06444
-1.07295
-1.08142
-1.08983
-1.09817
-1.10643
-1.1146
-1.12266
-1.1306
-1.13841
-1.14607
-1.15357
-1.16088
-1.16801
-1.17492
-1.18159
-1.18802
-1.19419
-1.20007
-1.20565
-1.21091
-1.21585
-1.22044
-1.22468
-1.22856
-1.23208
-1.23524
-1.23804
-1.24048
-1.24257
-1.24433
-1.24577
-1.24691
-1.24776
-1.24835
-1.24869
-1.2488
-1.24872
-1.24845
-1.24801
-1.24744
-1.24673
-1.24593
-1.24503
-1.24406
-1.24302
-1.24194
-1.24082
-1.23969
-1.23854
-1.23738
-1.23624
-1.2351
-1.23399
-1.23291
-1.23187
-1.23086
-1.22989
-1.22897
-1.22811
-1.2273
-1.22655
-1.22586
-1.22524
-1.22468
-1.22419
-1.22377
-1.22342
-1.22314
-1.22294
-1.22281
-1.22275
-1.22277
-1.22286
-1.22302
-1.22326
-1.22357
-1.22396
-1.22441
-1.22494
-1.22554
-1.2262
-1.22694
-1.22773
-1.2286
-1.22953
-1.23052
-1.23157
-1.23268
-1.23384
-1.23507
-1.23634
-1.23767
-1.23905
-1.24048
-1.24195
-1.24347
-1.24503
-1.24662
-1.24826
-1.24993
-1.25164
-1.25337
-1.25514
-1.25693
-1.25874
-1.26057
-1.26243
-1.2643
-1.26619
-1.26809
-1.27
-1.27192
-1.27384
-1.27577
-1.2777
-1.27962
-1.28155
-1.28346
-1.28537
-1.28727
-1.28916
-1.29103
-1.29289
-1.29473
-1.29654
-1.29834
-1.30011
-1.30185
-1.30356
-1.30525
-1.3069
-1.30851
-1.31009
-1.31163
-1.31313
-1.31459
-1.316
-1.31737
-1.31869
-1.31996
-1.32118
-1.32235
-1.32346
-1.32452
-1.18608
-1.17843
-1.17076
-1.16306
-1.15535
-1.14761
-1.13986
-1.13208
-1.1243
-1.11649
-1.10868
-1.10086
-1.09303
-1.08519
-1.07735
-1.06951
-1.06166
-1.05382
-1.04598
-1.03815
-1.03033
-1.02252
-1.01472
-1.00693
-0.999165
-0.991421
-0.983698
-0.976002
-0.968331
-0.960693
-0.953089
-0.945522
-0.937994
-0.930509
-0.923071
-0.91568
-0.908342
-0.901058
-0.893833
-0.886671
-0.879574
-0.872544
-0.865586
-0.858702
-0.851899
-0.845173
-0.838538
-0.831993
-0.82554
-0.819185
-0.812931
-0.80678
-0.800739
-0.794808
-0.788991
-0.783296
-0.777722
-0.772275
-0.766959
-0.761777
-0.756732
-0.751828
-0.747069
-0.742456
-0.737996
-0.733692
-0.729547
-0.725563
-0.721744
-0.718093
-0.714613
-0.711307
-0.708178
-0.705228
-0.702461
-0.699877
-0.697481
-0.695274
-0.693259
-0.691438
-0.689812
-0.688383
-0.687154
-0.686125
-0.685296
-0.684672
-0.684252
-0.684037
-0.684027
-0.684223
-0.684625
-0.685236
-0.686052
-0.687075
-0.688304
-0.689739
-0.69138
-0.693225
-0.695274
-0.697529
-0.699983
-0.702637
-0.705489
-0.708539
-0.711783
-0.715219
-0.718848
-0.722666
-0.726673
-0.730862
-0.735232
-0.739782
-0.744507
-0.749405
-0.754473
-0.759708
-0.765108
-0.770667
-0.776383
-0.782253
-0.788272
-0.794437
-0.800744
-0.807191
-0.813772
-0.820483
-0.827322
-0.834283
-0.841363
-0.848556
-0.85586
-0.863269
-0.870779
-0.878386
-0.886089
-0.893875
-0.901747
-0.909695
-0.917718
-0.92581
-0.933965
-0.94218
-0.950447
-0.958766
-0.967123
-0.975519
-0.983946
-0.9924
-1.00087
-1.00936
-1.01785
-1.02634
-1.03483
-1.04329
-1.05174
-1.06016
-1.06853
-1.07686
-1.08513
-1.09334
-1.10146
-1.1095
-1.11744
-1.12526
-1.13296
-1.14052
-1.14792
-1.15517
-1.16222
-1.16908
-1.17573
-1.18214
-1.18831
-1.19422
-1.19985
-1.2052
-1.21024
-1.21497
-1.21937
-1.22344
-1.22717
-1.23056
-1.23362
-1.23634
-1.23872
-1.24079
-1.24255
-1.24401
-1.24518
-1.24609
-1.24674
-1.24717
-1.24738
-1.2474
-1.24725
-1.24694
-1.24649
-1.24592
-1.24524
-1.24448
-1.24364
-1.24273
-1.24178
-1.2408
-1.23979
-1.23876
-1.23773
-1.2367
-1.23568
-1.23468
-1.23371
-1.23277
-1.23186
-1.231
-1.23018
-1.22941
-1.22869
-1.22803
-1.22744
-1.2269
-1.22642
-1.22601
-1.22567
-1.2254
-1.2252
-1.22507
-1.22502
-1.22504
-1.22513
-1.22529
-1.22553
-1.22584
-1.22623
-1.22668
-1.22721
-1.22781
-1.22847
-1.22921
-1.23001
-1.23088
-1.23182
-1.23282
-1.23388
-1.23501
-1.23619
-1.23743
-1.23873
-1.24008
-1.24149
-1.24294
-1.24445
-1.246
-1.2476
-1.24923
-1.25091
-1.25263
-1.25438
-1.25617
-1.25799
-1.25984
-1.26172
-1.26362
-1.26554
-1.26749
-1.26945
-1.27143
-1.27342
-1.27542
-1.27744
-1.27946
-1.28148
-1.2835
-1.28553
-1.28755
-1.28956
-1.29157
-1.29357
-1.29556
-1.29753
-1.29949
-1.30143
-1.30335
-1.30525
-1.30712
-1.30897
-1.31079
-1.31258
-1.31433
-1.31605
-1.31774
-1.31938
-1.32099
-1.32255
-1.32407
-1.32554
-1.32697
-1.32835
-1.32967
-1.33095
-1.33217
-1.33333
-1.18046
-1.17273
-1.16498
-1.1572
-1.14941
-1.1416
-1.13377
-1.12593
-1.11807
-1.1102
-1.10232
-1.09444
-1.08655
-1.07865
-1.07075
-1.06285
-1.05496
-1.04706
-1.03918
-1.0313
-1.02344
-1.01559
-1.00775
-0.999937
-0.992142
-0.98437
-0.976626
-0.968911
-0.961226
-0.953577
-0.945965
-0.938394
-0.930867
-0.923386
-0.915955
-0.908578
-0.901258
-0.893996
-0.886797
-0.879664
-0.872603
-0.865614
-0.8587
-0.851867
-0.845118
-0.838453
-0.831881
-0.825405
-0.819028
-0.812752
-0.806582
-0.800524
-0.794579
-0.78875
-0.783041
-0.777456
-0.772
-0.766676
-0.761487
-0.756436
-0.751525
-0.746765
-0.742154
-0.737696
-0.733394
-0.729253
-0.725274
-0.721462
-0.717818
-0.714347
-0.711052
-0.707933
-0.704995
-0.702241
-0.699673
-0.697291
-0.695099
-0.6931
-0.691294
-0.689685
-0.688274
-0.687061
-0.686049
-0.685237
-0.684629
-0.684226
-0.684026
-0.684032
-0.684242
-0.684658
-0.68528
-0.686109
-0.687142
-0.688381
-0.689824
-0.69147
-0.69332
-0.695372
-0.697625
-0.700079
-0.702729
-0.705576
-0.708618
-0.711852
-0.715277
-0.718891
-0.722691
-0.726675
-0.73084
-0.735186
-0.739706
-0.744399
-0.749263
-0.754293
-0.759487
-0.764842
-0.770354
-0.776021
-0.781837
-0.787802
-0.793907
-0.800153
-0.806534
-0.813047
-0.819688
-0.826452
-0.833336
-0.840335
-0.847446
-0.854664
-0.861986
-0.869404
-0.876919
-0.884522
-0.892211
-0.89998
-0.907824
-0.915739
-0.92372
-0.931763
-0.939863
-0.948015
-0.956212
-0.964452
-0.972725
-0.981027
-0.989353
-0.997696
-1.00605
-1.01442
-1.02278
-1.03113
-1.03946
-1.04778
-1.05606
-1.0643
-1.0725
-1.08065
-1.08872
-1.09672
-1.10464
-1.11246
-1.12017
-1.12776
-1.13523
-1.14254
-1.14971
-1.1567
-1.1635
-1.17011
-1.1765
-1.18267
-1.18859
-1.19426
-1.19967
-1.20479
-1.20963
-1.21416
-1.21838
-1.22229
-1.22588
-1.22916
-1.23212
-1.23476
-1.23709
-1.23913
-1.24087
-1.24234
-1.24354
-1.24449
-1.2452
-1.2457
-1.246
-1.24611
-1.24605
-1.24585
-1.24551
-1.24506
-1.2445
-1.24385
-1.24313
-1.24235
-1.24152
-1.24065
-1.23976
-1.23884
-1.23793
-1.23701
-1.2361
-1.2352
-1.23434
-1.2335
-1.23269
-1.23192
-1.23119
-1.23052
-1.22989
-1.22932
-1.2288
-1.22835
-1.22796
-1.22762
-1.22736
-1.22717
-1.22705
-1.227
-1.22702
-1.22711
-1.22727
-1.22751
-1.22782
-1.2282
-1.22866
-1.22918
-1.22978
-1.23044
-1.23118
-1.23199
-1.23286
-1.23381
-1.23481
-1.23588
-1.23702
-1.23822
-1.23947
-1.24079
-1.24216
-1.24359
-1.24507
-1.2466
-1.24818
-1.24981
-1.25148
-1.2532
-1.25496
-1.25676
-1.2586
-1.26047
-1.26237
-1.2643
-1.26627
-1.26826
-1.27027
-1.27231
-1.27436
-1.27643
-1.27851
-1.2806
-1.28271
-1.28483
-1.28694
-1.28906
-1.29118
-1.2933
-1.29542
-1.29753
-1.29963
-1.30172
-1.30379
-1.30585
-1.30789
-1.30992
-1.31192
-1.3139
-1.31585
-1.31777
-1.31966
-1.32152
-1.32335
-1.32514
-1.32689
-1.3286
-1.33027
-1.3319
-1.33348
-1.33501
-1.3365
-1.33793
-1.3393
-1.34063
-1.34189
-1.17464
-1.16683
-1.159
-1.15115
-1.14328
-1.1354
-1.1275
-1.11959
-1.11166
-1.10372
-1.09578
-1.08783
-1.07988
-1.07193
-1.06398
-1.05602
-1.04808
-1.04014
-1.03221
-1.02429
-1.01639
-1.0085
-1.00063
-0.992789
-0.984968
-0.977173
-0.969407
-0.961679
-0.953982
-0.946324
-0.938707
-0.931135
-0.923611
-0.916137
-0.908716
-0.901356
-0.894056
-0.886818
-0.879648
-0.872549
-0.865524
-0.85858
-0.851715
-0.844935
-0.838244
-0.831645
-0.825138
-0.818735
-0.812436
-0.806245
-0.800163
-0.794197
-0.788352
-0.782627
-0.777028
-0.771558
-0.766222
-0.761024
-0.755962
-0.751048
-0.746282
-0.741667
-0.737207
-0.732904
-0.728762
-0.724785
-0.720976
-0.717337
-0.713872
-0.710583
-0.707474
-0.704546
-0.701801
-0.699245
-0.696876
-0.694699
-0.692714
-0.690922
-0.689327
-0.687931
-0.686735
-0.68574
-0.684944
-0.684352
-0.683964
-0.68378
-0.683802
-0.684028
-0.684459
-0.685095
-0.685936
-0.686982
-0.688231
-0.689684
-0.691339
-0.693196
-0.695254
-0.697511
-0.699965
-0.702618
-0.705463
-0.708502
-0.71173
-0.715146
-0.71875
-0.722536
-0.726506
-0.730653
-0.734976
-0.739473
-0.744142
-0.748976
-0.753975
-0.759135
-0.764452
-0.769925
-0.775548
-0.781319
-0.787232
-0.793287
-0.799478
-0.805801
-0.812253
-0.81883
-0.825529
-0.832343
-0.83927
-0.846306
-0.853446
-0.860685
-0.868023
-0.87545
-0.882964
-0.89056
-0.898236
-0.905983
-0.913799
-0.92168
-0.929618
-0.937611
-0.945654
-0.95374
-0.961866
-0.970026
-0.978212
-0.986419
-0.994644
-1.00288
-1.01112
-1.01936
-1.02758
-1.0358
-1.04399
-1.05214
-1.06026
-1.06834
-1.07636
-1.08431
-1.0922
-1.1
-1.10771
-1.11532
-1.12282
-1.13019
-1.13742
-1.1445
-1.15143
-1.15818
-1.16475
-1.17112
-1.17727
-1.1832
-1.1889
-1.19434
-1.19953
-1.20444
-1.20908
-1.21343
-1.21749
-1.22125
-1.22471
-1.22787
-1.23074
-1.2333
-1.23558
-1.23758
-1.2393
-1.24077
-1.24199
-1.24297
-1.24373
-1.24428
-1.24465
-1.24484
-1.24487
-1.24476
-1.24452
-1.24416
-1.24371
-1.24317
-1.24255
-1.24188
-1.24116
-1.2404
-1.23962
-1.23881
-1.238
-1.23718
-1.23637
-1.23558
-1.23481
-1.23406
-1.23335
-1.23267
-1.23203
-1.23144
-1.2309
-1.23041
-1.22998
-1.22961
-1.22929
-1.22904
-1.22886
-1.22874
-1.22869
-1.22872
-1.22881
-1.22897
-1.22921
-1.22951
-1.22989
-1.23034
-1.23086
-1.23146
-1.23213
-1.23286
-1.23367
-1.23455
-1.23549
-1.2365
-1.23758
-1.23872
-1.23993
-1.2412
-1.24253
-1.24391
-1.24536
-1.24686
-1.24842
-1.25002
-1.25168
-1.25339
-1.25514
-1.25694
-1.25878
-1.26066
-1.26257
-1.26453
-1.26651
-1.26853
-1.27058
-1.27266
-1.27476
-1.27688
-1.27903
-1.28118
-1.28336
-1.28555
-1.28775
-1.28996
-1.29217
-1.29439
-1.2966
-1.29882
-1.30103
-1.30324
-1.30544
-1.30763
-1.30981
-1.31197
-1.31411
-1.31624
-1.31835
-1.32043
-1.32248
-1.32451
-1.32651
-1.32848
-1.33041
-1.3323
-1.33416
-1.33598
-1.33776
-1.33949
-1.34118
-1.34281
-1.3444
-1.34594
-1.34742
-1.34885
-1.35022
-1.16861
-1.16073
-1.15282
-1.1449
-1.13696
-1.129
-1.12103
-1.11305
-1.10506
-1.09706
-1.08906
-1.08105
-1.07304
-1.06503
-1.05703
-1.04903
-1.04103
-1.03305
-1.02508
-1.01712
-1.00918
-1.00126
-0.993362
-0.985489
-0.977644
-0.96983
-0.962047
-0.954302
-0.946598
-0.938934
-0.931316
-0.923744
-0.916226
-0.908762
-0.901356
-0.894014
-0.886735
-0.879526
-0.872388
-0.865325
-0.858342
-0.851444
-0.84463
-0.837906
-0.831275
-0.824743
-0.818308
-0.811981
-0.805763
-0.799657
-0.793668
-0.787799
-0.782056
-0.776438
-0.770952
-0.765598
-0.760385
-0.755315
-0.750391
-0.745616
-0.740993
-0.736527
-0.732221
-0.728076
-0.724098
-0.720289
-0.716652
-0.71319
-0.709904
-0.7068
-0.70388
-0.701144
-0.698595
-0.696236
-0.694072
-0.692099
-0.690321
-0.68874
-0.687358
-0.686176
-0.685196
-0.684417
-0.683841
-0.683468
-0.683301
-0.683337
-0.68358
-0.684026
-0.684677
-0.685532
-0.686593
-0.687855
-0.689319
-0.690985
-0.692852
-0.694918
-0.697182
-0.699642
-0.702297
-0.705146
-0.708184
-0.71141
-0.714823
-0.71842
-0.7222
-0.726156
-0.73029
-0.734601
-0.73908
-0.743726
-0.748538
-0.753514
-0.758646
-0.763932
-0.769371
-0.774957
-0.780688
-0.78656
-0.79257
-0.798713
-0.804987
-0.811385
-0.817906
-0.824545
-0.831297
-0.838161
-0.845129
-0.852198
-0.859366
-0.866626
-0.873975
-0.881407
-0.88892
-0.896509
-0.904169
-0.911894
-0.91968
-0.927523
-0.935418
-0.94336
-0.951343
-0.959364
-0.967416
-0.975496
-0.983594
-0.991707
-0.999828
-1.00795
-1.01607
-1.02419
-1.03228
-1.04036
-1.0484
-1.05641
-1.06437
-1.07227
-1.08012
-1.08789
-1.09559
-1.1032
-1.11071
-1.11811
-1.12539
-1.13254
-1.13956
-1.14642
-1.15312
-1.15964
-1.16598
-1.17212
-1.17805
-1.18375
-1.18923
-1.19446
-1.19944
-1.20417
-1.20862
-1.2128
-1.2167
-1.22032
-1.22365
-1.2267
-1.22947
-1.23196
-1.23419
-1.23614
-1.23785
-1.2393
-1.24053
-1.24154
-1.24233
-1.24293
-1.24335
-1.24361
-1.24371
-1.24368
-1.24352
-1.24326
-1.2429
-1.24245
-1.24193
-1.24136
-1.24073
-1.24007
-1.23939
-1.23868
-1.23796
-1.23724
-1.23654
-1.23583
-1.23515
-1.23449
-1.23386
-1.23327
-1.23272
-1.23221
-1.23175
-1.23134
-1.23099
-1.23069
-1.23045
-1.23027
-1.23017
-1.23012
-1.23015
-1.23024
-1.2304
-1.23063
-1.23094
-1.23131
-1.23176
-1.23228
-1.23287
-1.23353
-1.23427
-1.23507
-1.23595
-1.23689
-1.2379
-1.23898
-1.24013
-1.24134
-1.24262
-1.24396
-1.24536
-1.24682
-1.24833
-1.24991
-1.25154
-1.25322
-1.25495
-1.25674
-1.25857
-1.26044
-1.26236
-1.26432
-1.26632
-1.26836
-1.27042
-1.27253
-1.27466
-1.27682
-1.27901
-1.28122
-1.28345
-1.2857
-1.28797
-1.29025
-1.29255
-1.29485
-1.29715
-1.29947
-1.30178
-1.30409
-1.30641
-1.30871
-1.31101
-1.3133
-1.31558
-1.31784
-1.32009
-1.32232
-1.32453
-1.32672
-1.32888
-1.33101
-1.33311
-1.33519
-1.33722
-1.33922
-1.34119
-1.34311
-1.34499
-1.34683
-1.34863
-1.35037
-1.35206
-1.35371
-1.35529
-1.35683
-1.3583
-1.16239
-1.15443
-1.14645
-1.13845
-1.13044
-1.12241
-1.11438
-1.10633
-1.09827
-1.09021
-1.08215
-1.07409
-1.06602
-1.05796
-1.0499
-1.04186
-1.03382
-1.02579
-1.01778
-1.00979
-1.00181
-0.993861
-0.985934
-0.978037
-0.970169
-0.962336
-0.95454
-0.946784
-0.939073
-0.931406
-0.923788
-0.916222
-0.908712
-0.901261
-0.893871
-0.88655
-0.879297
-0.872118
-0.865015
-0.857992
-0.851052
-0.844203
-0.837443
-0.830779
-0.824213
-0.817749
-0.811388
-0.80514
-0.799007
-0.792991
-0.787096
-0.781327
-0.775685
-0.77018
-0.76481
-0.75958
-0.754494
-0.749556
-0.744769
-0.740136
-0.735659
-0.731345
-0.727195
-0.723212
-0.7194
-0.715761
-0.712299
-0.709016
-0.705915
-0.702998
-0.700268
-0.697727
-0.695376
-0.693218
-0.691257
-0.689491
-0.687922
-0.686554
-0.685385
-0.684419
-0.683654
-0.683094
-0.682738
-0.682586
-0.682639
-0.682897
-0.683359
-0.684026
-0.684897
-0.685972
-0.687249
-0.688727
-0.690406
-0.692284
-0.69436
-0.696634
-0.699103
-0.701764
-0.704617
-0.707662
-0.71089
-0.714303
-0.717898
-0.721674
-0.725627
-0.729752
-0.734051
-0.73852
-0.743152
-0.747947
-0.7529
-0.758011
-0.763275
-0.768686
-0.774242
-0.77994
-0.785777
-0.791749
-0.797852
-0.804082
-0.810435
-0.816907
-0.823494
-0.830193
-0.836998
-0.843906
-0.850915
-0.858017
-0.865208
-0.872486
-0.879846
-0.887283
-0.894794
-0.902373
-0.910015
-0.917716
-0.925471
-0.933276
-0.941125
-0.949015
-0.956938
-0.964892
-0.972871
-0.980869
-0.98888
-0.996896
-1.00492
-1.01293
-1.02094
-1.02892
-1.03689
-1.04483
-1.05272
-1.06058
-1.06838
-1.07612
-1.08379
-1.09139
-1.0989
-1.10631
-1.11363
-1.12083
-1.12791
-1.13485
-1.14165
-1.1483
-1.15478
-1.16108
-1.1672
-1.17312
-1.17884
-1.18433
-1.1896
-1.19464
-1.19942
-1.20396
-1.20824
-1.21226
-1.21601
-1.21949
-1.22271
-1.22565
-1.22833
-1.23075
-1.23291
-1.23483
-1.2365
-1.23795
-1.23918
-1.24019
-1.24101
-1.24165
-1.24211
-1.24242
-1.24259
-1.24262
-1.24254
-1.24235
-1.24207
-1.24171
-1.24128
-1.24079
-1.24026
-1.23968
-1.23908
-1.23846
-1.23783
-1.2372
-1.23658
-1.23597
-1.23537
-1.23479
-1.23425
-1.23374
-1.23326
-1.23283
-1.23245
-1.23212
-1.23183
-1.23161
-1.23145
-1.23134
-1.2313
-1.23133
-1.23142
-1.23158
-1.23181
-1.23211
-1.23248
-1.23292
-1.23344
-1.23402
-1.23468
-1.23541
-1.23621
-1.23708
-1.23802
-1.23903
-1.24011
-1.24126
-1.24247
-1.24375
-1.24509
-1.2465
-1.24797
-1.2495
-1.25109
-1.25274
-1.25444
-1.2562
-1.258
-1.25986
-1.26176
-1.26372
-1.26572
-1.26775
-1.26983
-1.27195
-1.27411
-1.27629
-1.27851
-1.28076
-1.28303
-1.28533
-1.28765
-1.28999
-1.29234
-1.29471
-1.2971
-1.2995
-1.3019
-1.30431
-1.30672
-1.30913
-1.31154
-1.31394
-1.31634
-1.31873
-1.32111
-1.32348
-1.32583
-1.32816
-1.33047
-1.33276
-1.33502
-1.33726
-1.33947
-1.34165
-1.34379
-1.3459
-1.34797
-1.35
-1.35199
-1.35393
-1.35583
-1.35768
-1.35948
-1.36122
-1.36292
-1.36456
-1.36614
-1.15596
-1.14792
-1.13987
-1.1318
-1.12372
-1.11563
-1.10753
-1.09942
-1.09131
-1.08318
-1.07506
-1.06694
-1.05883
-1.05071
-1.04261
-1.03452
-1.02643
-1.01837
-1.01032
-1.00229
-0.994282
-0.986302
-0.978351
-0.97043
-0.962544
-0.954694
-0.946887
-0.939122
-0.931405
-0.923738
-0.916124
-0.908565
-0.901066
-0.893629
-0.88626
-0.878962
-0.871739
-0.864591
-0.857527
-0.850547
-0.843655
-0.836855
-0.830154
-0.823552
-0.817053
-0.810661
-0.804377
-0.798212
-0.792166
-0.786243
-0.780444
-0.774779
-0.769248
-0.763856
-0.758606
-0.753501
-0.748547
-0.743743
-0.739095
-0.734606
-0.730281
-0.726121
-0.72213
-0.718312
-0.714668
-0.711203
-0.707918
-0.704817
-0.701901
-0.699174
-0.696638
-0.694294
-0.692143
-0.690188
-0.688432
-0.686875
-0.685518
-0.684363
-0.683408
-0.682659
-0.682113
-0.681772
-0.681635
-0.681704
-0.681978
-0.682457
-0.68314
-0.684027
-0.685117
-0.68641
-0.687904
-0.689598
-0.69149
-0.693579
-0.695866
-0.698345
-0.701016
-0.703877
-0.706927
-0.710161
-0.713581
-0.717181
-0.720956
-0.724908
-0.729032
-0.733326
-0.737786
-0.742411
-0.747194
-0.752135
-0.757228
-0.762472
-0.767862
-0.773396
-0.77907
-0.784879
-0.79082
-0.796889
-0.803082
-0.809397
-0.815828
-0.822371
-0.829022
-0.83578
-0.842636
-0.849587
-0.85663
-0.863762
-0.870978
-0.878272
-0.885643
-0.893082
-0.900588
-0.908155
-0.915779
-0.923455
-0.931178
-0.938944
-0.946746
-0.954582
-0.962446
-0.970333
-0.978237
-0.986154
-0.994076
-1.002
-1.00991
-1.01782
-1.02571
-1.03357
-1.04141
-1.04921
-1.05696
-1.06467
-1.07231
-1.07989
-1.08739
-1.09481
-1.10214
-1.10937
-1.1165
-1.1235
-1.13038
-1.13712
-1.14372
-1.15015
-1.15643
-1.16252
-1.16843
-1.17415
-1.17966
-1.18495
-1.19002
-1.19487
-1.19947
-1.20384
-1.20795
-1.21182
-1.21543
-1.21878
-1.22188
-1.22472
-1.22731
-1.22966
-1.23176
-1.23363
-1.23528
-1.2367
-1.23792
-1.23895
-1.23978
-1.24044
-1.24094
-1.2413
-1.24151
-1.2416
-1.24158
-1.24146
-1.24125
-1.24096
-1.2406
-1.24019
-1.23973
-1.23924
-1.23872
-1.23819
-1.23764
-1.23709
-1.23655
-1.23601
-1.23549
-1.23499
-1.23452
-1.23408
-1.23368
-1.23332
-1.23301
-1.23275
-1.23254
-1.23239
-1.23229
-1.23225
-1.23228
-1.23237
-1.23253
-1.23276
-1.23305
-1.23342
-1.23385
-1.23436
-1.23493
-1.23558
-1.2363
-1.23709
-1.23796
-1.23889
-1.2399
-1.24097
-1.24211
-1.24333
-1.24461
-1.24595
-1.24736
-1.24884
-1.25038
-1.25198
-1.25363
-1.25535
-1.25712
-1.25895
-1.26083
-1.26276
-1.26474
-1.26677
-1.26885
-1.27096
-1.27313
-1.27532
-1.27756
-1.27983
-1.28213
-1.28446
-1.28681
-1.2892
-1.29161
-1.29403
-1.29648
-1.29894
-1.30142
-1.30391
-1.30641
-1.30891
-1.31141
-1.31392
-1.31643
-1.31893
-1.32143
-1.32392
-1.3264
-1.32886
-1.33131
-1.33375
-1.33616
-1.33855
-1.34092
-1.34326
-1.34558
-1.34786
-1.35011
-1.35232
-1.3545
-1.35663
-1.35873
-1.36078
-1.36278
-1.36473
-1.36664
-1.36849
-1.37029
-1.37204
-1.37372
-1.14932
-1.14122
-1.1331
-1.12496
-1.11681
-1.10866
-1.10049
-1.09232
-1.08415
-1.07597
-1.06779
-1.05962
-1.05145
-1.04329
-1.03514
-1.027
-1.01888
-1.01077
-1.00269
-0.994628
-0.986593
-0.978586
-0.970611
-0.96267
-0.954767
-0.946904
-0.939087
-0.931317
-0.923597
-0.915932
-0.908323
-0.900774
-0.893289
-0.885869
-0.878523
-0.871252
-0.86406
-0.856949
-0.849923
-0.84299
-0.836147
-0.829403
-0.822762
-0.816224
-0.809795
-0.803479
-0.797276
-0.791193
-0.785238
-0.779411
-0.773717
-0.768159
-0.76274
-0.757465
-0.752338
-0.747361
-0.742538
-0.737873
-0.733369
-0.729028
-0.724855
-0.720853
-0.717024
-0.713373
-0.709901
-0.706612
-0.703508
-0.700592
-0.697865
-0.695329
-0.692989
-0.690844
-0.688896
-0.687147
-0.685598
-0.68425
-0.683107
-0.682167
-0.68143
-0.680897
-0.68057
-0.680449
-0.680533
-0.680823
-0.681318
-0.682018
-0.682922
-0.684029
-0.68534
-0.68685
-0.68856
-0.690468
-0.692572
-0.694873
-0.697366
-0.70005
-0.702923
-0.705983
-0.709227
-0.712654
-0.716263
-0.720044
-0.723999
-0.728125
-0.732417
-0.736876
-0.741495
-0.746273
-0.751207
-0.756291
-0.761521
-0.766897
-0.772413
-0.778067
-0.783854
-0.789772
-0.795814
-0.801979
-0.808261
-0.814658
-0.821164
-0.827778
-0.834493
-0.841304
-0.848207
-0.855202
-0.862281
-0.869443
-0.87668
-0.883991
-0.891368
-0.898809
-0.906309
-0.913864
-0.921468
-0.929118
-0.936808
-0.944533
-0.952289
-0.960072
-0.967873
-0.975693
-0.983522
-0.991358
-0.999191
-1.00702
-1.01483
-1.02263
-1.0304
-1.03815
-1.04585
-1.05352
-1.06113
-1.06868
-1.07618
-1.0836
-1.09093
-1.09818
-1.10534
-1.11239
-1.11932
-1.12614
-1.13282
-1.13937
-1.14576
-1.15201
-1.15808
-1.16397
-1.16968
-1.1752
-1.18051
-1.18562
-1.1905
-1.19516
-1.1996
-1.2038
-1.20776
-1.21147
-1.21495
-1.21818
-1.22116
-1.22391
-1.22641
-1.22869
-1.23073
-1.23256
-1.23416
-1.23557
-1.23677
-1.23779
-1.23864
-1.23932
-1.23985
-1.24023
-1.24049
-1.24063
-1.24066
-1.24059
-1.24043
-1.24021
-1.23992
-1.23958
-1.23919
-1.23877
-1.23832
-1.23785
-1.23738
-1.23691
-1.23643
-1.23597
-1.23552
-1.23509
-1.23469
-1.23432
-1.23399
-1.2337
-1.23346
-1.23326
-1.23312
-1.23303
-1.233
-1.23303
-1.23311
-1.23327
-1.23349
-1.23378
-1.23413
-1.23456
-1.23505
-1.23562
-1.23626
-1.23697
-1.23775
-1.2386
-1.23952
-1.24052
-1.24159
-1.24272
-1.24393
-1.2452
-1.24655
-1.24796
-1.24943
-1.25098
-1.25258
-1.25425
-1.25597
-1.25776
-1.2596
-1.2615
-1.26345
-1.26545
-1.26751
-1.26961
-1.27176
-1.27396
-1.27619
-1.27847
-1.28078
-1.28313
-1.28552
-1.28793
-1.29037
-1.29284
-1.29534
-1.29785
-1.30038
-1.30294
-1.30551
-1.30809
-1.31067
-1.31327
-1.31587
-1.31847
-1.32108
-1.32368
-1.32627
-1.32886
-1.33144
-1.334
-1.33655
-1.33909
-1.34161
-1.3441
-1.34657
-1.34902
-1.35144
-1.35382
-1.35618
-1.3585
-1.36078
-1.36302
-1.36522
-1.36737
-1.36948
-1.37154
-1.37355
-1.37551
-1.37741
-1.37926
-1.38105
-1.14248
-1.13431
-1.12612
-1.11792
-1.10971
-1.10149
-1.09326
-1.08503
-1.0768
-1.06856
-1.06033
-1.05211
-1.04389
-1.03569
-1.02749
-1.01931
-1.01115
-1.00301
-0.994893
-0.986801
-0.978739
-0.970708
-0.962712
-0.954753
-0.946836
-0.938962
-0.931137
-0.923363
-0.915645
-0.907982
-0.900382
-0.892845
-0.885377
-0.877979
-0.870657
-0.863415
-0.856258
-0.849186
-0.842205
-0.835319
-0.828531
-0.821844
-0.815267
-0.808796
-0.80244
-0.796199
-0.790083
-0.784089
-0.778228
-0.772501
-0.766911
-0.761463
-0.75616
-0.751006
-0.746003
-0.741157
-0.73647
-0.731946
-0.727587
-0.723398
-0.719382
-0.715541
-0.711878
-0.708398
-0.705101
-0.701991
-0.69907
-0.69634
-0.693805
-0.691464
-0.689322
-0.687378
-0.685635
-0.684093
-0.682754
-0.681618
-0.680688
-0.679965
-0.679444
-0.679132
-0.679025
-0.679125
-0.679432
-0.679944
-0.68066
-0.681581
-0.682705
-0.684033
-0.685561
-0.687289
-0.689215
-0.691337
-0.693654
-0.696163
-0.698863
-0.701751
-0.704825
-0.708083
-0.71152
-0.715136
-0.71893
-0.722891
-0.727024
-0.731322
-0.735783
-0.740404
-0.745181
-0.75011
-0.755191
-0.760416
-0.765783
-0.771289
-0.776929
-0.782701
-0.7886
-0.794622
-0.800765
-0.807023
-0.813392
-0.819871
-0.826451
-0.83313
-0.839902
-0.846768
-0.853721
-0.860756
-0.867869
-0.875057
-0.882317
-0.88964
-0.897025
-0.904466
-0.911959
-0.9195
-0.927084
-0.934707
-0.942364
-0.950049
-0.957757
-0.965485
-0.973228
-0.98098
-0.988735
-0.996489
-1.00423
-1.01197
-1.01968
-1.02737
-1.03503
-1.04265
-1.05023
-1.05776
-1.06524
-1.07265
-1.07999
-1.08725
-1.09442
-1.10151
-1.10849
-1.11536
-1.12212
-1.12875
-1.13525
-1.1416
-1.14781
-1.15385
-1.15974
-1.16544
-1.17096
-1.17629
-1.18141
-1.18634
-1.19104
-1.19554
-1.1998
-1.20384
-1.20765
-1.21123
-1.21458
-1.21769
-1.22057
-1.22322
-1.22564
-1.22784
-1.22982
-1.23159
-1.23316
-1.23454
-1.23573
-1.23674
-1.23759
-1.23828
-1.23883
-1.23924
-1.23953
-1.2397
-1.23977
-1.23975
-1.23965
-1.23948
-1.23925
-1.23896
-1.23864
-1.23828
-1.23789
-1.23749
-1.23708
-1.23667
-1.23626
-1.23585
-1.23547
-1.23511
-1.23477
-1.23447
-1.2342
-1.23397
-1.23379
-1.23365
-1.23357
-1.23355
-1.23357
-1.23367
-1.23381
-1.23403
-1.2343
-1.23465
-1.23506
-1.23555
-1.2361
-1.23673
-1.23742
-1.23819
-1.23903
-1.23994
-1.24092
-1.24197
-1.2431
-1.2443
-1.24556
-1.2469
-1.2483
-1.24978
-1.25131
-1.25292
-1.25459
-1.25632
-1.25811
-1.25996
-1.26187
-1.26384
-1.26586
-1.26794
-1.27006
-1.27224
-1.27446
-1.27673
-1.27904
-1.2814
-1.28379
-1.28622
-1.28868
-1.29118
-1.2937
-1.29626
-1.29884
-1.30144
-1.30406
-1.3067
-1.30936
-1.31203
-1.31471
-1.31739
-1.32009
-1.32278
-1.32548
-1.32818
-1.33087
-1.33356
-1.33623
-1.3389
-1.34155
-1.34419
-1.34681
-1.3494
-1.35198
-1.35453
-1.35705
-1.35954
-1.362
-1.36442
-1.3668
-1.36915
-1.37145
-1.37372
-1.37593
-1.37809
-1.38021
-1.38227
-1.38428
-1.38623
-1.38812
-1.13544
-1.1272
-1.11895
-1.11068
-1.1024
-1.09412
-1.08584
-1.07755
-1.06926
-1.06097
-1.05269
-1.04442
-1.03616
-1.02791
-1.01967
-1.01145
-1.00325
-0.995078
-0.98693
-0.97881
-0.970722
-0.962668
-0.954653
-0.94668
-0.93875
-0.930868
-0.923037
-0.915262
-0.907547
-0.899891
-0.8923
-0.88478
-0.877328
-0.869956
-0.862663
-0.855453
-0.848333
-0.841302
-0.834367
-0.827531
-0.8208
-0.814175
-0.807658
-0.801262
-0.794982
-0.788825
-0.782796
-0.776894
-0.77113
-0.765506
-0.760024
-0.754689
-0.749506
-0.744475
-0.739601
-0.734891
-0.730344
-0.725964
-0.721754
-0.71772
-0.713863
-0.710187
-0.706693
-0.703386
-0.700266
-0.697338
-0.694604
-0.692064
-0.689723
-0.687579
-0.685638
-0.683897
-0.68236
-0.681027
-0.679899
-0.678978
-0.678264
-0.677757
-0.677456
-0.677365
-0.67748
-0.677801
-0.67833
-0.679064
-0.680003
-0.681145
-0.68249
-0.684038
-0.685785
-0.68773
-0.689871
-0.692206
-0.694735
-0.697453
-0.700358
-0.703448
-0.706721
-0.710174
-0.713804
-0.717608
-0.721586
-0.725727
-0.730035
-0.734503
-0.739129
-0.74391
-0.748844
-0.753924
-0.759148
-0.764514
-0.770015
-0.775648
-0.781411
-0.787298
-0.793307
-0.799433
-0.805672
-0.812025
-0.818479
-0.825033
-0.831685
-0.838428
-0.845262
-0.85218
-0.859178
-0.866252
-0.873399
-0.880614
-0.887891
-0.895227
-0.902618
-0.910058
-0.917544
-0.92507
-0.932633
-0.940228
-0.947851
-0.955496
-0.963156
-0.97083
-0.978512
-0.986196
-0.993877
-1.00155
-1.00921
-1.01685
-1.02446
-1.03205
-1.03959
-1.0471
-1.05455
-1.06195
-1.06929
-1.07656
-1.08375
-1.09086
-1.09788
-1.1048
-1.11161
-1.11832
-1.1249
-1.13135
-1.13767
-1.14384
-1.14986
-1.15572
-1.16142
-1.16694
-1.17227
-1.17742
-1.18237
-1.18711
-1.19165
-1.19598
-1.20009
-1.20398
-1.20765
-1.21109
-1.21432
-1.21731
-1.22009
-1.22264
-1.22498
-1.22711
-1.22903
-1.23075
-1.23228
-1.23362
-1.23479
-1.23579
-1.23663
-1.23733
-1.23789
-1.23832
-1.23863
-1.23883
-1.23894
-1.23895
-1.23889
-1.23877
-1.23858
-1.23835
-1.23808
-1.23777
-1.23744
-1.23709
-1.23675
-1.23639
-1.23603
-1.23569
-1.23537
-1.23506
-1.23478
-1.23454
-1.23432
-1.23415
-1.23403
-1.23395
-1.23393
-1.23396
-1.23404
-1.23418
-1.23439
-1.23465
-1.23499
-1.23539
-1.23586
-1.23639
-1.237
-1.23768
-1.23843
-1.23925
-1.24015
-1.24111
-1.24215
-1.24326
-1.24444
-1.2457
-1.24702
-1.24842
-1.24988
-1.25141
-1.25301
-1.25467
-1.25641
-1.2582
-1.26006
-1.26197
-1.26395
-1.26598
-1.26807
-1.27021
-1.27241
-1.27466
-1.27695
-1.27929
-1.28168
-1.28411
-1.28658
-1.28909
-1.29163
-1.29421
-1.29681
-1.29945
-1.30211
-1.3048
-1.3075
-1.31023
-1.31297
-1.31573
-1.3185
-1.32128
-1.32407
-1.32686
-1.32965
-1.33244
-1.33523
-1.33801
-1.34079
-1.34355
-1.34631
-1.34904
-1.35176
-1.35446
-1.35713
-1.35978
-1.36241
-1.365
-1.36756
-1.37009
-1.37258
-1.37503
-1.37744
-1.3798
-1.38212
-1.38439
-1.38661
-1.38878
-1.39089
-1.39294
-1.39494
-1.1282
-1.11989
-1.11157
-1.10324
-1.09491
-1.08657
-1.07823
-1.06988
-1.06154
-1.05321
-1.04487
-1.03655
-1.02824
-1.01995
-1.01167
-1.00342
-0.995183
-0.986976
-0.978798
-0.970652
-0.962541
-0.954468
-0.946436
-0.938449
-0.930509
-0.922621
-0.914789
-0.907015
-0.899303
-0.891658
-0.88408
-0.876577
-0.869147
-0.8618
-0.854538
-0.847364
-0.840281
-0.833297
-0.826411
-0.819626
-0.812952
-0.806393
-0.799948
-0.793626
-0.787426
-0.781354
-0.775415
-0.769609
-0.763946
-0.758427
-0.753057
-0.74784
-0.742777
-0.737873
-0.733132
-0.728559
-0.724156
-0.719924
-0.715867
-0.711991
-0.708296
-0.704787
-0.701466
-0.698336
-0.695397
-0.692654
-0.690108
-0.687762
-0.685616
-0.683673
-0.681934
-0.6804
-0.679072
-0.677949
-0.677036
-0.676332
-0.675834
-0.675546
-0.675468
-0.675596
-0.675933
-0.676478
-0.677229
-0.678186
-0.679348
-0.680713
-0.68228
-0.684045
-0.686011
-0.688173
-0.690529
-0.693078
-0.695816
-0.698741
-0.701851
-0.705142
-0.708613
-0.71226
-0.716081
-0.720071
-0.724232
-0.728551
-0.733032
-0.737668
-0.742458
-0.747399
-0.752486
-0.757715
-0.763082
-0.768585
-0.774218
-0.779977
-0.78586
-0.791861
-0.797978
-0.804208
-0.810543
-0.81698
-0.823519
-0.83015
-0.836872
-0.84368
-0.850571
-0.85754
-0.864582
-0.871695
-0.878874
-0.886112
-0.893408
-0.900756
-0.908151
-0.91559
-0.923067
-0.930579
-0.938121
-0.945688
-0.953276
-0.960879
-0.968492
-0.976112
-0.983733
-0.99135
-0.998957
-1.00655
-1.01412
-1.02167
-1.02919
-1.03666
-1.0441
-1.05149
-1.05882
-1.06609
-1.07329
-1.08042
-1.08747
-1.09443
-1.1013
-1.10806
-1.11471
-1.12125
-1.12767
-1.13395
-1.14009
-1.14609
-1.15193
-1.15761
-1.16313
-1.16847
-1.17363
-1.1786
-1.18339
-1.18797
-1.19234
-1.19651
-1.20047
-1.20422
-1.20775
-1.21107
-1.21417
-1.21706
-1.21972
-1.22219
-1.22444
-1.2265
-1.22835
-1.23002
-1.23151
-1.23282
-1.23396
-1.23494
-1.23578
-1.23647
-1.23703
-1.23747
-1.2378
-1.23802
-1.23815
-1.2382
-1.23818
-1.23809
-1.23795
-1.23775
-1.23753
-1.23727
-1.23698
-1.2367
-1.23639
-1.23608
-1.23577
-1.23548
-1.23521
-1.23496
-1.23473
-1.23454
-1.23438
-1.23426
-1.23419
-1.23416
-1.23419
-1.23427
-1.2344
-1.2346
-1.23485
-1.23517
-1.23555
-1.236
-1.23652
-1.23711
-1.23777
-1.2385
-1.2393
-1.24017
-1.24112
-1.24214
-1.24323
-1.24439
-1.24563
-1.24693
-1.24831
-1.24976
-1.25128
-1.25287
-1.25453
-1.25625
-1.25804
-1.2599
-1.26181
-1.26379
-1.26583
-1.26793
-1.27008
-1.2723
-1.27456
-1.27687
-1.27924
-1.28165
-1.28411
-1.28661
-1.28915
-1.29174
-1.29436
-1.29701
-1.2997
-1.30241
-1.30516
-1.30793
-1.31072
-1.31353
-1.31637
-1.31921
-1.32207
-1.32494
-1.32781
-1.33069
-1.33358
-1.33647
-1.33935
-1.34223
-1.3451
-1.34796
-1.35081
-1.35365
-1.35647
-1.35926
-1.36204
-1.36479
-1.36752
-1.37021
-1.37288
-1.37551
-1.3781
-1.38065
-1.38316
-1.38563
-1.38805
-1.39043
-1.39275
-1.39502
-1.39724
-1.39939
-1.40149
-1.12075
-1.11238
-1.104
-1.09561
-1.08721
-1.07882
-1.07042
-1.06202
-1.05363
-1.04524
-1.03686
-1.0285
-1.02014
-1.01181
-1.0035
-0.995206
-0.98694
-0.978703
-0.970498
-0.962328
-0.954196
-0.946105
-0.938059
-0.930061
-0.922113
-0.914222
-0.906389
-0.898619
-0.890914
-0.883281
-0.875718
-0.868234
-0.86083
-0.853512
-0.846282
-0.839147
-0.832107
-0.825166
-0.818332
-0.811608
-0.804996
-0.798504
-0.792131
-0.785887
-0.77977
-0.773786
-0.767939
-0.762232
-0.756674
-0.751265
-0.74601
-0.740911
-0.735974
-0.731202
-0.726597
-0.722164
-0.717906
-0.713827
-0.709927
-0.706211
-0.702683
-0.699344
-0.696199
-0.693248
-0.690493
-0.687938
-0.685584
-0.683433
-0.681487
-0.679746
-0.678213
-0.676887
-0.67577
-0.674862
-0.674164
-0.673676
-0.673399
-0.673331
-0.673474
-0.673826
-0.674386
-0.675155
-0.67613
-0.67731
-0.678695
-0.680282
-0.682071
-0.684058
-0.686241
-0.688619
-0.69119
-0.69395
-0.696897
-0.700029
-0.703342
-0.706834
-0.710502
-0.714342
-0.718352
-0.722527
-0.726867
-0.731363
-0.736016
-0.74082
-0.745773
-0.75087
-0.756109
-0.761484
-0.766992
-0.772632
-0.778394
-0.784277
-0.790278
-0.796394
-0.802617
-0.808943
-0.815373
-0.821898
-0.828515
-0.835224
-0.842015
-0.848886
-0.855833
-0.862852
-0.869937
-0.877087
-0.884295
-0.891558
-0.89887
-0.906229
-0.913628
-0.921065
-0.928534
-0.936031
-0.943551
-0.95109
-0.958643
-0.966206
-0.973771
-0.981337
-0.988899
-0.996449
-1.00398
-1.0115
-1.01899
-1.02644
-1.03386
-1.04123
-1.04856
-1.05583
-1.06305
-1.07019
-1.07726
-1.08426
-1.09117
-1.09798
-1.10469
-1.1113
-1.1178
-1.12417
-1.13043
-1.13654
-1.14251
-1.14834
-1.15401
-1.15953
-1.16487
-1.17004
-1.17503
-1.17984
-1.18446
-1.18888
-1.1931
-1.19712
-1.20094
-1.20455
-1.20795
-1.21114
-1.21413
-1.21691
-1.21948
-1.22185
-1.22403
-1.22601
-1.22781
-1.22942
-1.23086
-1.23213
-1.23324
-1.2342
-1.23502
-1.23571
-1.23627
-1.23671
-1.23704
-1.23728
-1.23743
-1.2375
-1.23751
-1.23745
-1.23734
-1.23718
-1.23699
-1.23677
-1.23653
-1.23627
-1.23601
-1.23575
-1.23549
-1.23525
-1.23502
-1.23481
-1.23463
-1.23448
-1.23437
-1.2343
-1.23427
-1.2343
-1.23437
-1.23449
-1.23468
-1.23492
-1.23521
-1.23558
-1.23601
-1.23651
-1.23707
-1.23771
-1.23841
-1.23919
-1.24004
-1.24096
-1.24195
-1.24302
-1.24416
-1.24537
-1.24666
-1.24802
-1.24945
-1.25095
-1.25252
-1.25416
-1.25588
-1.25766
-1.2595
-1.26141
-1.26339
-1.26543
-1.26753
-1.26969
-1.27191
-1.27418
-1.27651
-1.27889
-1.28132
-1.2838
-1.28633
-1.28891
-1.29152
-1.29418
-1.29688
-1.29961
-1.30237
-1.30516
-1.30799
-1.31084
-1.31371
-1.31661
-1.31953
-1.32246
-1.32541
-1.32836
-1.33133
-1.3343
-1.33728
-1.34026
-1.34323
-1.34621
-1.34917
-1.35213
-1.35508
-1.35801
-1.36093
-1.36382
-1.3667
-1.36955
-1.37238
-1.37517
-1.37794
-1.38067
-1.38336
-1.38602
-1.38863
-1.39121
-1.39373
-1.39621
-1.39863
-1.401
-1.40332
-1.40558
-1.40778
-1.1131
-1.10467
-1.09623
-1.08778
-1.07933
-1.07088
-1.06243
-1.05398
-1.04553
-1.0371
-1.02867
-1.02026
-1.01187
-1.0035
-0.995145
-0.986821
-0.978525
-0.97026
-0.96203
-0.953838
-0.945687
-0.93758
-0.929522
-0.921515
-0.913562
-0.905669
-0.897838
-0.890073
-0.882378
-0.874758
-0.867215
-0.859752
-0.852375
-0.84509
-0.837893
-0.830796
-0.823803
-0.816916
-0.810137
-0.803473
-0.796926
-0.790503
-0.784207
-0.778041
-0.772012
-0.766119
-0.76037
-0.754767
-0.749314
-0.744018
-0.738881
-0.733906
-0.729098
-0.72446
-0.719994
-0.715705
-0.711597
-0.707671
-0.703932
-0.700382
-0.697023
-0.693859
-0.690891
-0.688123
-0.685554
-0.683192
-0.681032
-0.67908
-0.677336
-0.6758
-0.674475
-0.67336
-0.672456
-0.671764
-0.671283
-0.671015
-0.670959
-0.671114
-0.67148
-0.672055
-0.67284
-0.673833
-0.675034
-0.676439
-0.678046
-0.679856
-0.681866
-0.684072
-0.686473
-0.689067
-0.691852
-0.694824
-0.697979
-0.701316
-0.704832
-0.708523
-0.712387
-0.716419
-0.720617
-0.724976
-0.729495
-0.734168
-0.73899
-0.743959
-0.749072
-0.754325
-0.759714
-0.765234
-0.770881
-0.776652
-0.782544
-0.788553
-0.794668
-0.800893
-0.80722
-0.813646
-0.820167
-0.826779
-0.833477
-0.840258
-0.847118
-0.85405
-0.861052
-0.86812
-0.875247
-0.882432
-0.88967
-0.896955
-0.904284
-0.911652
-0.919056
-0.92649
-0.933949
-0.941431
-0.948929
-0.956439
-0.963958
-0.971479
-0.978997
-0.98651
-0.994012
-1.0015
-1.00896
-1.0164
-1.0238
-1.03117
-1.03849
-1.04576
-1.05298
-1.06014
-1.06724
-1.07426
-1.0812
-1.08806
-1.09484
-1.10151
-1.10808
-1.11454
-1.12088
-1.1271
-1.13319
-1.13915
-1.14496
-1.15062
-1.15613
-1.16147
-1.16666
-1.17167
-1.17649
-1.18114
-1.1856
-1.18987
-1.19394
-1.19782
-1.2015
-1.20497
-1.20825
-1.21132
-1.2142
-1.21687
-1.21935
-1.22163
-1.22373
-1.22564
-1.22737
-1.22893
-1.23032
-1.23155
-1.23263
-1.23356
-1.23436
-1.23504
-1.23559
-1.23603
-1.23638
-1.23662
-1.23678
-1.23687
-1.2369
-1.23686
-1.23678
-1.23665
-1.23648
-1.23629
-1.23608
-1.23586
-1.23564
-1.23541
-1.23519
-1.23499
-1.2348
-1.23463
-1.23449
-1.23439
-1.23432
-1.23429
-1.2343
-1.23436
-1.23448
-1.23464
-1.23487
-1.23515
-1.23549
-1.2359
-1.23637
-1.23691
-1.23752
-1.23819
-1.23894
-1.23976
-1.24065
-1.24162
-1.24266
-1.24377
-1.24496
-1.24622
-1.24755
-1.24896
-1.25043
-1.25199
-1.25361
-1.2553
-1.25706
-1.25889
-1.26079
-1.26276
-1.26479
-1.26689
-1.26905
-1.27127
-1.27354
-1.27588
-1.27827
-1.28072
-1.28322
-1.28576
-1.28836
-1.291
-1.29369
-1.29642
-1.29918
-1.30199
-1.30483
-1.3077
-1.3106
-1.31353
-1.31649
-1.31947
-1.32247
-1.32549
-1.32852
-1.33156
-1.33462
-1.33768
-1.34074
-1.34381
-1.34688
-1.34994
-1.35301
-1.35606
-1.3591
-1.36213
-1.36514
-1.36814
-1.37111
-1.37406
-1.37699
-1.37988
-1.38275
-1.38558
-1.38837
-1.39113
-1.39385
-1.39652
-1.39915
-1.40172
-1.40425
-1.40672
-1.40914
-1.41151
-1.41381
-1.10526
-1.09677
-1.08827
-1.07976
-1.07125
-1.06274
-1.05424
-1.04574
-1.03725
-1.02877
-1.0203
-1.01184
-1.00341
-0.995003
-0.986618
-0.978261
-0.969937
-0.961646
-0.953393
-0.945181
-0.937013
-0.928893
-0.920824
-0.912811
-0.904854
-0.896962
-0.889135
-0.881378
-0.873696
-0.866093
-0.85857
-0.851132
-0.843781
-0.83653
-0.829375
-0.822322
-0.815376
-0.808543
-0.801822
-0.79522
-0.788742
-0.782392
-0.776173
-0.770092
-0.764152
-0.758355
-0.752705
-0.747209
-0.741865
-0.736686
-0.73167
-0.726823
-0.722147
-0.717646
-0.713324
-0.709184
-0.705228
-0.701459
-0.697884
-0.694502
-0.691316
-0.68833
-0.685545
-0.682962
-0.680583
-0.678415
-0.676453
-0.674702
-0.673162
-0.671835
-0.67072
-0.669818
-0.66913
-0.668655
-0.668395
-0.668348
-0.668515
-0.668894
-0.669484
-0.670285
-0.671296
-0.672515
-0.67394
-0.675569
-0.6774
-0.679433
-0.681664
-0.68409
-0.68671
-0.68952
-0.692517
-0.695699
-0.699063
-0.702606
-0.706323
-0.710213
-0.714271
-0.718493
-0.722878
-0.72742
-0.732118
-0.736964
-0.741954
-0.747088
-0.75236
-0.757767
-0.763304
-0.768967
-0.774751
-0.780656
-0.786673
-0.7928
-0.799032
-0.805366
-0.811796
-0.818318
-0.82493
-0.831626
-0.838402
-0.845255
-0.85218
-0.859172
-0.86623
-0.873344
-0.880513
-0.887733
-0.894998
-0.902305
-0.909651
-0.917028
-0.924434
-0.931866
-0.939316
-0.946782
-0.954258
-0.96174
-0.969224
-0.976705
-0.984177
-0.991636
-0.999079
-1.0065
-1.01389
-1.02125
-1.02857
-1.03585
-1.04308
-1.05025
-1.05737
-1.06442
-1.0714
-1.0783
-1.08512
-1.09185
-1.09849
-1.10502
-1.11145
-1.11777
-1.12396
-1.13003
-1.13597
-1.14177
-1.14742
-1.15293
-1.15828
-1.16346
-1.16849
-1.17334
-1.17801
-1.18251
-1.18681
-1.19094
-1.19487
-1.1986
-1.20215
-1.2055
-1.20865
-1.21161
-1.21438
-1.21695
-1.21933
-1.22153
-1.22355
-1.22538
-1.22705
-1.22855
-1.22989
-1.23108
-1.23212
-1.23303
-1.23381
-1.23446
-1.235
-1.23544
-1.23578
-1.23603
-1.2362
-1.2363
-1.23633
-1.23631
-1.23624
-1.23613
-1.236
-1.23584
-1.23566
-1.23547
-1.23528
-1.23508
-1.2349
-1.23472
-1.23456
-1.23443
-1.23433
-1.23426
-1.23422
-1.23422
-1.23428
-1.23437
-1.23452
-1.23472
-1.23498
-1.2353
-1.23568
-1.23612
-1.23664
-1.23721
-1.23786
-1.23858
-1.23936
-1.24022
-1.24116
-1.24216
-1.24324
-1.24439
-1.24562
-1.24692
-1.2483
-1.24975
-1.25127
-1.25287
-1.25454
-1.25628
-1.2581
-1.25998
-1.26193
-1.26395
-1.26603
-1.26818
-1.2704
-1.27267
-1.27501
-1.2774
-1.27986
-1.28236
-1.28492
-1.28754
-1.2902
-1.2929
-1.29566
-1.29845
-1.30129
-1.30417
-1.30708
-1.31003
-1.31301
-1.31601
-1.31905
-1.32211
-1.32519
-1.32829
-1.33141
-1.33453
-1.33767
-1.34082
-1.34397
-1.34713
-1.35029
-1.35345
-1.3566
-1.35974
-1.36288
-1.36601
-1.36911
-1.3722
-1.37527
-1.37832
-1.38134
-1.38434
-1.3873
-1.39023
-1.39313
-1.39599
-1.3988
-1.40157
-1.4043
-1.40698
-1.40961
-1.41218
-1.4147
-1.41716
-1.41956
-1.09721
-1.08866
-1.0801
-1.07154
-1.06298
-1.05442
-1.04586
-1.03732
-1.02878
-1.02025
-1.01174
-1.00325
-0.994776
-0.986332
-0.977914
-0.969528
-0.961177
-0.952861
-0.944587
-0.936357
-0.928174
-0.920042
-0.911966
-0.903946
-0.89599
-0.8881
-0.88028
-0.872534
-0.864867
-0.857276
-0.849778
-0.842368
-0.835053
-0.827836
-0.820724
-0.813717
-0.806822
-0.800042
-0.793385
-0.786849
-0.780442
-0.774168
-0.768032
-0.762038
-0.756188
-0.750491
-0.744946
-0.739558
-0.734328
-0.729268
-0.724378
-0.719661
-0.715121
-0.710761
-0.706586
-0.702597
-0.698799
-0.695193
-0.691783
-0.688573
-0.685564
-0.682759
-0.680158
-0.677766
-0.67558
-0.67361
-0.671849
-0.670302
-0.66897
-0.667852
-0.666952
-0.666265
-0.665794
-0.66554
-0.665502
-0.665679
-0.66607
-0.666675
-0.667491
-0.668519
-0.669756
-0.671201
-0.672852
-0.674706
-0.676763
-0.679018
-0.68147
-0.684116
-0.686953
-0.689979
-0.693189
-0.696582
-0.700153
-0.7039
-0.707818
-0.711904
-0.716155
-0.720568
-0.725137
-0.72986
-0.734735
-0.739752
-0.744909
-0.750206
-0.755635
-0.761194
-0.766877
-0.772684
-0.778603
-0.784637
-0.79078
-0.797025
-0.80337
-0.80981
-0.816342
-0.822961
-0.829662
-0.83644
-0.843294
-0.850218
-0.857208
-0.86426
-0.871368
-0.87853
-0.885739
-0.892992
-0.900286
-0.907614
-0.914974
-0.922361
-0.929771
-0.937198
-0.944639
-0.952089
-0.959544
-0.966998
-0.974448
-0.981889
-0.989315
-0.996722
-1.00411
-1.01146
-1.01879
-1.02607
-1.03331
-1.0405
-1.04764
-1.05472
-1.06173
-1.06867
-1.07554
-1.08232
-1.08902
-1.09563
-1.10213
-1.10854
-1.11483
-1.121
-1.12705
-1.13298
-1.13877
-1.14441
-1.14992
-1.15527
-1.16047
-1.1655
-1.17037
-1.17507
-1.1796
-1.18394
-1.18811
-1.19208
-1.19588
-1.19948
-1.2029
-1.20612
-1.20916
-1.21201
-1.21467
-1.21714
-1.21943
-1.22154
-1.22348
-1.22525
-1.22685
-1.22829
-1.22958
-1.23072
-1.23173
-1.2326
-1.23335
-1.23398
-1.23451
-1.23493
-1.23527
-1.23551
-1.23568
-1.23578
-1.23583
-1.23582
-1.23576
-1.23567
-1.23555
-1.23542
-1.23526
-1.23509
-1.23492
-1.23475
-1.23459
-1.23444
-1.23431
-1.23421
-1.23414
-1.2341
-1.23409
-1.23413
-1.23421
-1.23434
-1.23452
-1.23475
-1.23505
-1.2354
-1.23581
-1.23629
-1.23683
-1.23744
-1.23812
-1.23886
-1.23969
-1.24058
-1.24155
-1.24259
-1.24371
-1.2449
-1.24617
-1.24751
-1.24893
-1.25042
-1.25199
-1.25363
-1.25534
-1.25712
-1.25898
-1.26091
-1.26291
-1.26498
-1.26711
-1.26932
-1.27158
-1.27391
-1.2763
-1.27875
-1.28126
-1.28383
-1.28645
-1.28912
-1.29185
-1.29462
-1.29744
-1.3003
-1.3032
-1.30615
-1.30913
-1.31215
-1.31521
-1.31829
-1.3214
-1.32453
-1.3277
-1.33087
-1.33407
-1.33728
-1.3405
-1.34374
-1.34698
-1.35022
-1.35347
-1.35672
-1.35996
-1.36319
-1.36642
-1.36964
-1.37284
-1.37603
-1.37919
-1.38233
-1.38545
-1.38854
-1.3916
-1.39463
-1.39763
-1.40058
-1.4035
-1.40637
-1.4092
-1.41197
-1.4147
-1.41737
-1.41999
-1.42255
-1.42505
-1.08896
-1.08036
-1.07174
-1.06313
-1.05451
-1.0459
-1.0373
-1.0287
-1.02012
-1.01155
-1.003
-0.994465
-0.98596
-0.977482
-0.969034
-0.960619
-0.952242
-0.943905
-0.935612
-0.927365
-0.919169
-0.911028
-0.902945
-0.894923
-0.886968
-0.879083
-0.871269
-0.863536
-0.855885
-0.848321
-0.840846
-0.833467
-0.826187
-0.81901
-0.81194
-0.804984
-0.798142
-0.791421
-0.784827
-0.778362
-0.772029
-0.765834
-0.759783
-0.753878
-0.748126
-0.74253
-0.737091
-0.731815
-0.726704
-0.721767
-0.717005
-0.712423
-0.708022
-0.703807
-0.699782
-0.69595
-0.692312
-0.688872
-0.685633
-0.682599
-0.67977
-0.677148
-0.674737
-0.672534
-0.670547
-0.668777
-0.667221
-0.665881
-0.664759
-0.663855
-0.663169
-0.6627
-0.662452
-0.66242
-0.662606
-0.663007
-0.663624
-0.664456
-0.6655
-0.666755
-0.668219
-0.669891
-0.671769
-0.67385
-0.67613
-0.678609
-0.681283
-0.684149
-0.687203
-0.690444
-0.693867
-0.69747
-0.701248
-0.705196
-0.709315
-0.713598
-0.718041
-0.722642
-0.727396
-0.732297
-0.737348
-0.742536
-0.747859
-0.753315
-0.758901
-0.764612
-0.770439
-0.776383
-0.782438
-0.788601
-0.794865
-0.801229
-0.807686
-0.814231
-0.820862
-0.827575
-0.834366
-0.841226
-0.848155
-0.855149
-0.862204
-0.869312
-0.876472
-0.883677
-0.890928
-0.898214
-0.905535
-0.912884
-0.920259
-0.927654
-0.935066
-0.94249
-0.949922
-0.957357
-0.964789
-0.972216
-0.979631
-0.987033
-0.994413
-1.00177
-1.0091
-1.01639
-1.02365
-1.03086
-1.03802
-1.04513
-1.05217
-1.05916
-1.06607
-1.07291
-1.07966
-1.08633
-1.09291
-1.0994
-1.10578
-1.11205
-1.11821
-1.12424
-1.13016
-1.13594
-1.14158
-1.14709
-1.15244
-1.15765
-1.1627
-1.16759
-1.17231
-1.17687
-1.18125
-1.18545
-1.18947
-1.19332
-1.19698
-1.20045
-1.20375
-1.20685
-1.20977
-1.21251
-1.21507
-1.21745
-1.21965
-1.22167
-1.22353
-1.22523
-1.22676
-1.22815
-1.22938
-1.23048
-1.23144
-1.23228
-1.233
-1.23361
-1.23411
-1.23451
-1.23484
-1.23508
-1.23524
-1.23534
-1.23539
-1.23538
-1.23534
-1.23526
-1.23516
-1.23503
-1.23489
-1.23474
-1.23458
-1.23443
-1.23429
-1.23417
-1.23406
-1.23398
-1.23393
-1.23391
-1.23393
-1.234
-1.2341
-1.23426
-1.23447
-1.23472
-1.23505
-1.23543
-1.23586
-1.23637
-1.23694
-1.23758
-1.23829
-1.23908
-1.23993
-1.24086
-1.24186
-1.24293
-1.24408
-1.24531
-1.24661
-1.24799
-1.24944
-1.25097
-1.25257
-1.25425
-1.256
-1.25783
-1.25973
-1.2617
-1.26375
-1.26586
-1.26804
-1.27029
-1.27261
-1.27499
-1.27743
-1.27993
-1.2825
-1.28512
-1.2878
-1.29053
-1.29331
-1.29615
-1.29903
-1.30195
-1.30493
-1.30794
-1.31099
-1.31408
-1.3172
-1.32036
-1.32354
-1.32675
-1.32999
-1.33325
-1.33652
-1.33981
-1.34311
-1.34643
-1.34975
-1.35308
-1.35642
-1.35975
-1.36308
-1.36641
-1.36972
-1.37303
-1.37632
-1.3796
-1.38286
-1.3861
-1.38931
-1.3925
-1.39566
-1.39878
-1.40187
-1.40493
-1.40794
-1.41091
-1.41383
-1.41671
-1.41953
-1.4223
-1.42502
-1.42768
-1.43027
-1.08052
-1.07185
-1.06319
-1.05452
-1.04585
-1.03719
-1.02854
-1.0199
-1.01127
-1.00266
-0.994076
-0.985504
-0.976965
-0.968455
-0.959978
-0.951537
-0.943136
-0.934778
-0.926468
-0.918207
-0.91
-0.901851
-0.893764
-0.885738
-0.877787
-0.86991
-0.86211
-0.854393
-0.846761
-0.83922
-0.831774
-0.824427
-0.817184
-0.810049
-0.803026
-0.796121
-0.789336
-0.782677
-0.77615
-0.769756
-0.763502
-0.75739
-0.751427
-0.745616
-0.739963
-0.734472
-0.729143
-0.723983
-0.718996
-0.714182
-0.709553
-0.705108
-0.700851
-0.696786
-0.692915
-0.689241
-0.685766
-0.682496
-0.679431
-0.676574
-0.67393
-0.671496
-0.669277
-0.667271
-0.665484
-0.663918
-0.662568
-0.661439
-0.660532
-0.659843
-0.659374
-0.659127
-0.659101
-0.659293
-0.659704
-0.660333
-0.661178
-0.662238
-0.663512
-0.664996
-0.666688
-0.668588
-0.670693
-0.673001
-0.675507
-0.67821
-0.681105
-0.68419
-0.687462
-0.690918
-0.694553
-0.698363
-0.702348
-0.7065
-0.710817
-0.715295
-0.71993
-0.724718
-0.729654
-0.734734
-0.739958
-0.745315
-0.750803
-0.756419
-0.762158
-0.768016
-0.773989
-0.780071
-0.786259
-0.792548
-0.798934
-0.805413
-0.81198
-0.81863
-0.82536
-0.832166
-0.839042
-0.845984
-0.852988
-0.860052
-0.867168
-0.874333
-0.881543
-0.888794
-0.896081
-0.903401
-0.910748
-0.918118
-0.925508
-0.932911
-0.940326
-0.947746
-0.955168
-0.962587
-0.969998
-0.977398
-0.984781
-0.992142
-0.999479
-1.00679
-1.01406
-1.02129
-1.02848
-1.03562
-1.0427
-1.04973
-1.05669
-1.06358
-1.07039
-1.07713
-1.08378
-1.09034
-1.0968
-1.10317
-1.10942
-1.11557
-1.1216
-1.1275
-1.13328
-1.13893
-1.14443
-1.1498
-1.15501
-1.16007
-1.16498
-1.16973
-1.17431
-1.17872
-1.18297
-1.18703
-1.19092
-1.19464
-1.19817
-1.20152
-1.20469
-1.20768
-1.21049
-1.21312
-1.21558
-1.21786
-1.21997
-1.22192
-1.2237
-1.22532
-1.22679
-1.22812
-1.2293
-1.23035
-1.23127
-1.23206
-1.23275
-1.23333
-1.2338
-1.23419
-1.23449
-1.23472
-1.23488
-1.23497
-1.23502
-1.23501
-1.23497
-1.2349
-1.2348
-1.23468
-1.23455
-1.23441
-1.23427
-1.23413
-1.23401
-1.2339
-1.23381
-1.23374
-1.23371
-1.23371
-1.23376
-1.23384
-1.23397
-1.23415
-1.23438
-1.23466
-1.235
-1.2354
-1.23587
-1.23639
-1.23699
-1.23766
-1.2384
-1.23921
-1.24009
-1.24104
-1.24207
-1.24317
-1.24435
-1.24561
-1.24694
-1.24835
-1.24984
-1.25141
-1.25304
-1.25476
-1.25655
-1.25842
-1.26035
-1.26237
-1.26445
-1.26661
-1.26883
-1.27112
-1.27348
-1.27591
-1.2784
-1.28096
-1.28357
-1.28625
-1.28898
-1.29176
-1.29461
-1.2975
-1.30044
-1.30343
-1.30646
-1.30953
-1.31265
-1.31581
-1.319
-1.32222
-1.32548
-1.32876
-1.33208
-1.33541
-1.33876
-1.34213
-1.34551
-1.34891
-1.35231
-1.35572
-1.35914
-1.36256
-1.36597
-1.36939
-1.37279
-1.37619
-1.37957
-1.38294
-1.38629
-1.38962
-1.39292
-1.3962
-1.39946
-1.40267
-1.40586
-1.40901
-1.41212
-1.41518
-1.4182
-1.42117
-1.4241
-1.42696
-1.42978
-1.43253
-1.43522
-1.07188
-1.06316
-1.05444
-1.04572
-1.03701
-1.0283
-1.0196
-1.01092
-1.00225
-0.993599
-0.98497
-0.976364
-0.967792
-0.959252
-0.950747
-0.942282
-0.933859
-0.925482
-0.917157
-0.908883
-0.900667
-0.892509
-0.88442
-0.876399
-0.868453
-0.860584
-0.852798
-0.845098
-0.837488
-0.829973
-0.822557
-0.815245
-0.808042
-0.800951
-0.793978
-0.787126
-0.780402
-0.773808
-0.767351
-0.761032
-0.754858
-0.748833
-0.742962
-0.737248
-0.731695
-0.726311
-0.721099
-0.716059
-0.711197
-0.706514
-0.702021
-0.697718
-0.693608
-0.689695
-0.685981
-0.68247
-0.679164
-0.676067
-0.673179
-0.670505
-0.668046
-0.665805
-0.663782
-0.661976
-0.660394
-0.659034
-0.657895
-0.65698
-0.656286
-0.655816
-0.65557
-0.655545
-0.655744
-0.656163
-0.656802
-0.65766
-0.658735
-0.660025
-0.661528
-0.663243
-0.665164
-0.667294
-0.669628
-0.672162
-0.674895
-0.67782
-0.680938
-0.684243
-0.687732
-0.691401
-0.695247
-0.699267
-0.703457
-0.707811
-0.712327
-0.716998
-0.721824
-0.726797
-0.731915
-0.737172
-0.742568
-0.748092
-0.753744
-0.759517
-0.765409
-0.771415
-0.777529
-0.783748
-0.790066
-0.796482
-0.802987
-0.809581
-0.816257
-0.82301
-0.829837
-0.836734
-0.843695
-0.850717
-0.857796
-0.864926
-0.872104
-0.879325
-0.886585
-0.89388
-0.901205
-0.908556
-0.91593
-0.92332
-0.930724
-0.938136
-0.945552
-0.952968
-0.960381
-0.967784
-0.975176
-0.982549
-0.989899
-0.997223
-1.00452
-1.01177
-1.01899
-1.02616
-1.03329
-1.04035
-1.04736
-1.05431
-1.06118
-1.06798
-1.0747
-1.08134
-1.08788
-1.09434
-1.10069
-1.10694
-1.11308
-1.1191
-1.125
-1.13078
-1.13643
-1.14194
-1.14732
-1.15254
-1.15762
-1.16255
-1.16732
-1.17192
-1.17637
-1.18065
-1.18476
-1.18869
-1.19245
-1.19604
-1.19945
-1.20268
-1.20574
-1.20861
-1.21132
-1.21384
-1.2162
-1.21839
-1.22041
-1.22227
-1.22398
-1.22553
-1.22694
-1.2282
-1.22932
-1.23032
-1.2312
-1.23195
-1.2326
-1.23315
-1.2336
-1.23396
-1.23424
-1.23445
-1.2346
-1.23468
-1.23472
-1.23471
-1.23467
-1.2346
-1.2345
-1.23438
-1.23425
-1.23412
-1.23398
-1.23385
-1.23374
-1.23364
-1.23357
-1.23352
-1.2335
-1.23351
-1.23357
-1.23367
-1.23381
-1.23401
-1.23426
-1.23456
-1.23492
-1.23534
-1.23582
-1.23637
-1.23699
-1.23768
-1.23844
-1.23927
-1.24017
-1.24115
-1.2422
-1.24333
-1.24454
-1.24582
-1.24718
-1.24862
-1.25014
-1.25173
-1.2534
-1.25515
-1.25697
-1.25887
-1.26085
-1.2629
-1.26502
-1.26721
-1.26948
-1.27181
-1.27422
-1.27669
-1.27923
-1.28183
-1.28449
-1.28722
-1.29
-1.29284
-1.29573
-1.29867
-1.30167
-1.30472
-1.30781
-1.31095
-1.31413
-1.31735
-1.3206
-1.32389
-1.32722
-1.33057
-1.33396
-1.33736
-1.34078
-1.34423
-1.34769
-1.35116
-1.35465
-1.35814
-1.36164
-1.36514
-1.36864
-1.37214
-1.37563
-1.37911
-1.38258
-1.38604
-1.38947
-1.39289
-1.39629
-1.39967
-1.40301
-1.40632
-1.4096
-1.41284
-1.41604
-1.4192
-1.42232
-1.42538
-1.4284
-1.43136
-1.43427
-1.43711
-1.4399
-1.06304
-1.05427
-1.0455
-1.03673
-1.02797
-1.01921
-1.01047
-1.00174
-0.993034
-0.984347
-0.975684
-0.96705
-0.958439
-0.94987
-0.94134
-0.932852
-0.924409
-0.916015
-0.907671
-0.899388
-0.891164
-0.883006
-0.874917
-0.8669
-0.858961
-0.851104
-0.843333
-0.835652
-0.828066
-0.82058
-0.813195
-0.805923
-0.798761
-0.791719
-0.784797
-0.778003
-0.771341
-0.764815
-0.758429
-0.75219
-0.7461
-0.740165
-0.734389
-0.728774
-0.723329
-0.718055
-0.712962
-0.708045
-0.703311
-0.698763
-0.69441
-0.690252
-0.686293
-0.682536
-0.678984
-0.67564
-0.672506
-0.669585
-0.66688
-0.664392
-0.662123
-0.660079
-0.658254
-0.656651
-0.655275
-0.654126
-0.6532
-0.652501
-0.652028
-0.651778
-0.651756
-0.651958
-0.652384
-0.653031
-0.653901
-0.654989
-0.656296
-0.657817
-0.659552
-0.661498
-0.663652
-0.66601
-0.668573
-0.671336
-0.674293
-0.677443
-0.680782
-0.684306
-0.688013
-0.691896
-0.695954
-0.700182
-0.704576
-0.709132
-0.713844
-0.71871
-0.723724
-0.728881
-0.734178
-0.739613
-0.74518
-0.75087
-0.756683
-0.762612
-0.768655
-0.774807
-0.781061
-0.787415
-0.793864
-0.800402
-0.807027
-0.813733
-0.820517
-0.827372
-0.834295
-0.841282
-0.848328
-0.855428
-0.862578
-0.869775
-0.877014
-0.884291
-0.8916
-0.898938
-0.906301
-0.913683
-0.921082
-0.928492
-0.93591
-0.943329
-0.950749
-0.958162
-0.965565
-0.972954
-0.980325
-0.987672
-0.994991
-1.00228
-1.00953
-1.01674
-1.0239
-1.03102
-1.03808
-1.04507
-1.05201
-1.05887
-1.06567
-1.07238
-1.079
-1.08554
-1.09199
-1.09834
-1.10458
-1.11072
-1.11674
-1.12264
-1.12843
-1.13408
-1.13961
-1.14499
-1.15024
-1.15533
-1.16028
-1.16507
-1.16971
-1.17418
-1.1785
-1.18265
-1.18663
-1.19044
-1.19407
-1.19753
-1.20082
-1.20394
-1.20688
-1.20965
-1.21225
-1.21467
-1.21694
-1.21903
-1.22097
-1.22275
-1.22438
-1.22585
-1.2272
-1.2284
-1.22947
-1.23041
-1.23124
-1.23195
-1.23256
-1.23307
-1.23349
-1.23382
-1.23408
-1.23427
-1.2344
-1.23447
-1.2345
-1.23448
-1.23442
-1.23435
-1.23425
-1.23413
-1.234
-1.23387
-1.23373
-1.23361
-1.2335
-1.23341
-1.23334
-1.2333
-1.23329
-1.23332
-1.23338
-1.23349
-1.23365
-1.23385
-1.23411
-1.23443
-1.23481
-1.23524
-1.23574
-1.2363
-1.23694
-1.23764
-1.23842
-1.23927
-1.24019
-1.24119
-1.24226
-1.24341
-1.24464
-1.24595
-1.24733
-1.24879
-1.25033
-1.25195
-1.25365
-1.25543
-1.25728
-1.25921
-1.26122
-1.2633
-1.26546
-1.26769
-1.26999
-1.27237
-1.27481
-1.27732
-1.2799
-1.28255
-1.28526
-1.28803
-1.29086
-1.29375
-1.29669
-1.29969
-1.30274
-1.30584
-1.30899
-1.31219
-1.31543
-1.31871
-1.32203
-1.32538
-1.32876
-1.33218
-1.33564
-1.33911
-1.34261
-1.34613
-1.34966
-1.35321
-1.35677
-1.36034
-1.36392
-1.3675
-1.37108
-1.37466
-1.37823
-1.3818
-1.38536
-1.3889
-1.39243
-1.39593
-1.39942
-1.40288
-1.40631
-1.40971
-1.41308
-1.41642
-1.41971
-1.42296
-1.42617
-1.42933
-1.43244
-1.43549
-1.43849
-1.44143
-1.44431
-1.05401
-1.04518
-1.03636
-1.02754
-1.01873
-1.00994
-1.00115
-0.992383
-0.983635
-0.974912
-0.966215
-0.957548
-0.94891
-0.940312
-0.931758
-0.923245
-0.914783
-0.906374
-0.898021
-0.889728
-0.8815
-0.87334
-0.865252
-0.857241
-0.849312
-0.841468
-0.833715
-0.826056
-0.818496
-0.811039
-0.803692
-0.79646
-0.789343
-0.78235
-0.775484
-0.768749
-0.762152
-0.755697
-0.749388
-0.743231
-0.737228
-0.731385
-0.725707
-0.720198
-0.714862
-0.709703
-0.704731
-0.699941
-0.69534
-0.690929
-0.68672
-0.682712
-0.678907
-0.675311
-0.671925
-0.668751
-0.665793
-0.663054
-0.660534
-0.658237
-0.656163
-0.654314
-0.652694
-0.651297
-0.650131
-0.649196
-0.648487
-0.648007
-0.647754
-0.647732
-0.647936
-0.648367
-0.649022
-0.649902
-0.651001
-0.652323
-0.653862
-0.655617
-0.657585
-0.659764
-0.66215
-0.66474
-0.667531
-0.670521
-0.673706
-0.677079
-0.68064
-0.684384
-0.688308
-0.692405
-0.696673
-0.701109
-0.705706
-0.710463
-0.715371
-0.720429
-0.725629
-0.730974
-0.736449
-0.742057
-0.74779
-0.753649
-0.759622
-0.765706
-0.771899
-0.778194
-0.784588
-0.791075
-0.797652
-0.804314
-0.811055
-0.817873
-0.824763
-0.831718
-0.838736
-0.845813
-0.852942
-0.860118
-0.867341
-0.874604
-0.881902
-0.889232
-0.89659
-0.903971
-0.911371
-0.918784
-0.926208
-0.933637
-0.94107
-0.948498
-0.955919
-0.96333
-0.970724
-0.978098
-0.985448
-0.992771
-1.00006
-1.00731
-1.01452
-1.02168
-1.02879
-1.03585
-1.04285
-1.04978
-1.05664
-1.06343
-1.07014
-1.07677
-1.08331
-1.08975
-1.0961
-1.10235
-1.10848
-1.11451
-1.12042
-1.12621
-1.13188
-1.13741
-1.14281
-1.14808
-1.1532
-1.15817
-1.16298
-1.16765
-1.17216
-1.17651
-1.18069
-1.18472
-1.18857
-1.19226
-1.19577
-1.19912
-1.20229
-1.20529
-1.20813
-1.21079
-1.21328
-1.21561
-1.21778
-1.21979
-1.22164
-1.22334
-1.22489
-1.22629
-1.22756
-1.22871
-1.22972
-1.23061
-1.23139
-1.23205
-1.23262
-1.2331
-1.23348
-1.23378
-1.23401
-1.23418
-1.23429
-1.23434
-1.23435
-1.23432
-1.23426
-1.23417
-1.23406
-1.23393
-1.2338
-1.23366
-1.23353
-1.2334
-1.23329
-1.2332
-1.23314
-1.2331
-1.23309
-1.23312
-1.2332
-1.23331
-1.23348
-1.23369
-1.23396
-1.23428
-1.23467
-1.23511
-1.23563
-1.2362
-1.23684
-1.23756
-1.23835
-1.23921
-1.24015
-1.24116
-1.24225
-1.24342
-1.24467
-1.24599
-1.2474
-1.24888
-1.25044
-1.25209
-1.25381
-1.25561
-1.25749
-1.25945
-1.26148
-1.2636
-1.26578
-1.26805
-1.27038
-1.27279
-1.27527
-1.27782
-1.28044
-1.28312
-1.28587
-1.28869
-1.29156
-1.2945
-1.29749
-1.30054
-1.30364
-1.3068
-1.31
-1.31325
-1.31654
-1.31988
-1.32326
-1.32667
-1.33013
-1.33361
-1.33713
-1.34067
-1.34424
-1.34782
-1.35143
-1.35505
-1.35868
-1.36232
-1.36598
-1.36963
-1.3733
-1.37695
-1.38061
-1.38426
-1.3879
-1.39153
-1.39514
-1.39873
-1.4023
-1.40585
-1.40937
-1.41286
-1.41632
-1.41974
-1.42313
-1.42647
-1.42976
-1.43301
-1.43621
-1.43936
-1.44245
-1.44548
-1.44845
-1.04478
-1.03591
-1.02704
-1.01817
-1.00932
-1.00047
-0.991646
-0.982839
-0.974054
-0.965295
-0.956565
-0.947868
-0.939202
-0.930577
-0.922
-0.913468
-0.90499
-0.896567
-0.888203
-0.879903
-0.871672
-0.863512
-0.855427
-0.847424
-0.839506
-0.831678
-0.823944
-0.81631
-0.808779
-0.801355
-0.794045
-0.786855
-0.779787
-0.772846
-0.766037
-0.759366
-0.752837
-0.746455
-0.740227
-0.734155
-0.728242
-0.722495
-0.716919
-0.711517
-0.706294
-0.701255
-0.696404
-0.691748
-0.687284
-0.683019
-0.678954
-0.675099
-0.671453
-0.668021
-0.664805
-0.661807
-0.659029
-0.656473
-0.654143
-0.652039
-0.650164
-0.648517
-0.647102
-0.645917
-0.644965
-0.644246
-0.643758
-0.643499
-0.643473
-0.643678
-0.644111
-0.644773
-0.645661
-0.646773
-0.648108
-0.649664
-0.651438
-0.653427
-0.655629
-0.658042
-0.660661
-0.663483
-0.666505
-0.669722
-0.673133
-0.676732
-0.680514
-0.684478
-0.688618
-0.692929
-0.697408
-0.70205
-0.70685
-0.711805
-0.716908
-0.722159
-0.727548
-0.733073
-0.738727
-0.744507
-0.750408
-0.756431
-0.762562
-0.7688
-0.775141
-0.781579
-0.78811
-0.79473
-0.801434
-0.808216
-0.815074
-0.822002
-0.828997
-0.836052
-0.843164
-0.850327
-0.857538
-0.864792
-0.872085
-0.879412
-0.88677
-0.894154
-0.901558
-0.908981
-0.916418
-0.923862
-0.931311
-0.93876
-0.946205
-0.953642
-0.961067
-0.968474
-0.975859
-0.98322
-0.990551
-0.997849
-1.00511
-1.01232
-1.01949
-1.02661
-1.03367
-1.04067
-1.04761
-1.05448
-1.06127
-1.06798
-1.07461
-1.08116
-1.08761
-1.09397
-1.10022
-1.10637
-1.1124
-1.11832
-1.12413
-1.12981
-1.13536
-1.14077
-1.14606
-1.1512
-1.1562
-1.16105
-1.16574
-1.17028
-1.17467
-1.17889
-1.18296
-1.18686
-1.1906
-1.19416
-1.19756
-1.20079
-1.20385
-1.20674
-1.20947
-1.21203
-1.21442
-1.21665
-1.21873
-1.22065
-1.22242
-1.22404
-1.22551
-1.22685
-1.22805
-1.22913
-1.23008
-1.23092
-1.23165
-1.23227
-1.23279
-1.23322
-1.23357
-1.23384
-1.23404
-1.23418
-1.23426
-1.2343
-1.23428
-1.23423
-1.23416
-1.23406
-1.23393
-1.2338
-1.23365
-1.23351
-1.23337
-1.23324
-1.23312
-1.23303
-1.23296
-1.23292
-1.23292
-1.23295
-1.23302
-1.23314
-1.2333
-1.23352
-1.23379
-1.23412
-1.23451
-1.23496
-1.23548
-1.23606
-1.23672
-1.23744
-1.23824
-1.23911
-1.24006
-1.24108
-1.24219
-1.24337
-1.24463
-1.24597
-1.24739
-1.24889
-1.25047
-1.25213
-1.25388
-1.2557
-1.2576
-1.25958
-1.26164
-1.26378
-1.266
-1.26829
-1.27065
-1.27309
-1.27561
-1.27819
-1.28084
-1.28356
-1.28635
-1.28921
-1.29213
-1.2951
-1.29814
-1.30123
-1.30438
-1.30758
-1.31084
-1.31414
-1.31749
-1.32088
-1.32432
-1.32779
-1.3313
-1.33484
-1.33843
-1.34203
-1.34566
-1.34932
-1.35299
-1.35668
-1.36039
-1.3641
-1.36783
-1.37156
-1.3753
-1.37904
-1.38277
-1.3865
-1.39022
-1.39392
-1.39761
-1.40129
-1.40494
-1.40858
-1.41218
-1.41576
-1.4193
-1.42281
-1.42628
-1.42972
-1.4331
-1.43644
-1.43973
-1.44296
-1.44614
-1.44926
-1.45232
-1.03536
-1.02644
-1.01752
-1.00861
-0.999709
-0.990825
-0.981957
-0.973112
-0.96429
-0.955497
-0.946732
-0.938006
-0.929313
-0.920667
-0.912069
-0.903521
-0.895027
-0.88659
-0.878217
-0.869912
-0.861678
-0.85352
-0.845441
-0.837448
-0.829544
-0.821733
-0.814022
-0.806413
-0.798913
-0.791525
-0.784256
-0.777109
-0.770092
-0.763207
-0.756459
-0.749854
-0.743397
-0.737092
-0.730946
-0.724962
-0.719142
-0.713496
-0.708024
-0.702733
-0.697628
-0.692712
-0.687989
-0.683467
-0.679144
-0.675026
-0.671113
-0.667416
-0.663934
-0.66067
-0.657626
-0.654806
-0.652212
-0.649845
-0.647708
-0.645803
-0.644129
-0.64269
-0.641484
-0.640513
-0.639778
-0.63928
-0.639013
-0.638981
-0.639183
-0.639619
-0.640284
-0.641179
-0.642302
-0.643649
-0.645221
-0.647014
-0.649024
-0.65125
-0.653688
-0.656335
-0.659188
-0.662241
-0.665494
-0.66894
-0.672578
-0.676402
-0.680407
-0.68459
-0.688946
-0.69347
-0.698159
-0.703007
-0.708008
-0.713163
-0.718462
-0.723901
-0.729476
-0.735181
-0.741013
-0.746966
-0.753033
-0.759218
-0.765506
-0.771897
-0.778383
-0.784963
-0.791631
-0.798381
-0.805211
-0.812113
-0.819086
-0.826123
-0.83322
-0.840375
-0.847579
-0.854828
-0.86212
-0.869449
-0.876812
-0.884203
-0.891619
-0.899056
-0.906508
-0.913973
-0.921445
-0.92892
-0.936394
-0.943862
-0.951321
-0.958766
-0.966193
-0.973598
-0.980976
-0.988323
-0.995636
-1.00291
-1.01014
-1.01732
-1.02445
-1.03153
-1.03854
-1.04548
-1.05236
-1.05917
-1.06589
-1.07254
-1.07909
-1.08555
-1.09192
-1.09819
-1.10435
-1.1104
-1.11634
-1.12216
-1.12785
-1.13343
-1.13887
-1.14417
-1.14934
-1.15437
-1.15925
-1.16398
-1.16856
-1.17298
-1.17724
-1.18135
-1.1853
-1.18908
-1.1927
-1.19615
-1.19943
-1.20255
-1.2055
-1.20829
-1.21091
-1.21337
-1.21567
-1.21781
-1.21979
-1.22163
-1.22331
-1.22486
-1.22625
-1.22752
-1.22866
-1.22967
-1.23056
-1.23134
-1.23201
-1.23259
-1.23307
-1.23346
-1.23376
-1.234
-1.23417
-1.23428
-1.23433
-1.23433
-1.2343
-1.23423
-1.23413
-1.23401
-1.23387
-1.23372
-1.23356
-1.2334
-1.23325
-1.23312
-1.23299
-1.23289
-1.23282
-1.23277
-1.23276
-1.23279
-1.23286
-1.23297
-1.23313
-1.23335
-1.23362
-1.23395
-1.23434
-1.2348
-1.23532
-1.2359
-1.23656
-1.23729
-1.23809
-1.23897
-1.23993
-1.24096
-1.24207
-1.24326
-1.24453
-1.24588
-1.24732
-1.24883
-1.25043
-1.2521
-1.25386
-1.2557
-1.25762
-1.25962
-1.2617
-1.26387
-1.2661
-1.26842
-1.27081
-1.27328
-1.27582
-1.27844
-1.28112
-1.28388
-1.2867
-1.28959
-1.29255
-1.29556
-1.29864
-1.30178
-1.30497
-1.30822
-1.31152
-1.31487
-1.31827
-1.32171
-1.3252
-1.32873
-1.33229
-1.3359
-1.33953
-1.3432
-1.3469
-1.35061
-1.35435
-1.35811
-1.36188
-1.36567
-1.36947
-1.37327
-1.37708
-1.38089
-1.3847
-1.38851
-1.3923
-1.39609
-1.39986
-1.40362
-1.40736
-1.41107
-1.41476
-1.41842
-1.42205
-1.42564
-1.42919
-1.43271
-1.43618
-1.43961
-1.44298
-1.4463
-1.44956
-1.45277
-1.45592
-1.02575
-1.01678
-1.00782
-0.998857
-0.989916
-0.980991
-0.972084
-0.963197
-0.954341
-0.945515
-0.936723
-0.927969
-0.91925
-0.910583
-0.901964
-0.893399
-0.884892
-0.876446
-0.868067
-0.859755
-0.851521
-0.843368
-0.835295
-0.827313
-0.819424
-0.811634
-0.803946
-0.796366
-0.788898
-0.781549
-0.774323
-0.767225
-0.760261
-0.753433
-0.746749
-0.740212
-0.733831
-0.727606
-0.721543
-0.715651
-0.70993
-0.704386
-0.699024
-0.693848
-0.688863
-0.684074
-0.679484
-0.675101
-0.670923
-0.666955
-0.663198
-0.659662
-0.656347
-0.653255
-0.650389
-0.647752
-0.645346
-0.643172
-0.641233
-0.639529
-0.638062
-0.636832
-0.635841
-0.635086
-0.634573
-0.634298
-0.634258
-0.634456
-0.634889
-0.635557
-0.636457
-0.637588
-0.638948
-0.640534
-0.642343
-0.644374
-0.646623
-0.649087
-0.651762
-0.654643
-0.657733
-0.661021
-0.664504
-0.66818
-0.672044
-0.676092
-0.68032
-0.684722
-0.689294
-0.694029
-0.698927
-0.703983
-0.709187
-0.714537
-0.720029
-0.725658
-0.731417
-0.737302
-0.743309
-0.749433
-0.755668
-0.762013
-0.768456
-0.774996
-0.781628
-0.788349
-0.795151
-0.802032
-0.808985
-0.816007
-0.823093
-0.830237
-0.837437
-0.844688
-0.851983
-0.859318
-0.86669
-0.874093
-0.881525
-0.88898
-0.896454
-0.903943
-0.911442
-0.918947
-0.926455
-0.93396
-0.941459
-0.948946
-0.956419
-0.963873
-0.971303
-0.978705
-0.986077
-0.993411
-1.00071
-1.00796
-1.01516
-1.02231
-1.0294
-1.03643
-1.0434
-1.05029
-1.05711
-1.06385
-1.07051
-1.07709
-1.08357
-1.08995
-1.09624
-1.10242
-1.10849
-1.11445
-1.12029
-1.12601
-1.13161
-1.13707
-1.14241
-1.14761
-1.15267
-1.15758
-1.16234
-1.16696
-1.17143
-1.17573
-1.17988
-1.18388
-1.18771
-1.19138
-1.19488
-1.19822
-1.20139
-1.2044
-1.20725
-1.20994
-1.21246
-1.21482
-1.21702
-1.21907
-1.22097
-1.22272
-1.22432
-1.22578
-1.22711
-1.2283
-1.22937
-1.23032
-1.23115
-1.23187
-1.23249
-1.23301
-1.23344
-1.23379
-1.23406
-1.23426
-1.23439
-1.23446
-1.23448
-1.23446
-1.2344
-1.23431
-1.23418
-1.23404
-1.23387
-1.2337
-1.23353
-1.23336
-1.23319
-1.23304
-1.23291
-1.23279
-1.23271
-1.23265
-1.23263
-1.23265
-1.23271
-1.23282
-1.23298
-1.23319
-1.23345
-1.23378
-1.23417
-1.23462
-1.23514
-1.23572
-1.23638
-1.23711
-1.23792
-1.2388
-1.23975
-1.24079
-1.24191
-1.2431
-1.24438
-1.24574
-1.24718
-1.2487
-1.25031
-1.252
-1.25377
-1.25562
-1.25756
-1.25958
-1.26168
-1.26386
-1.26611
-1.26845
-1.27087
-1.27336
-1.27593
-1.27857
-1.28128
-1.28407
-1.28692
-1.28984
-1.29283
-1.29588
-1.299
-1.30218
-1.30541
-1.3087
-1.31204
-1.31544
-1.31889
-1.32238
-1.32592
-1.3295
-1.33311
-1.33677
-1.34046
-1.34419
-1.34794
-1.35172
-1.35552
-1.35934
-1.36318
-1.36703
-1.3709
-1.37477
-1.37865
-1.38253
-1.38642
-1.39029
-1.39417
-1.39803
-1.40188
-1.40571
-1.40953
-1.41332
-1.41709
-1.42083
-1.42454
-1.42822
-1.43186
-1.43546
-1.43901
-1.44252
-1.44597
-1.44938
-1.45273
-1.45602
-1.45925
-1.01595
-1.00693
-0.997918
-0.988921
-0.979933
-0.970968
-0.962023
-0.953103
-0.944214
-0.935356
-0.926535
-0.917754
-0.909017
-0.900322
-0.891686
-0.883105
-0.874586
-0.866132
-0.857746
-0.849436
-0.841201
-0.83305
-0.824989
-0.81702
-0.809149
-0.80138
-0.793719
-0.78617
-0.778737
-0.771429
-0.764248
-0.7572
-0.750291
-0.743525
-0.736907
-0.730443
-0.724138
-0.717996
-0.712024
-0.706224
-0.700606
-0.695168
-0.689918
-0.684862
-0.680003
-0.675344
-0.67089
-0.666647
-0.662619
-0.658807
-0.65521
-0.651839
-0.648696
-0.645781
-0.643097
-0.640647
-0.638432
-0.636457
-0.634719
-0.633221
-0.631964
-0.630948
-0.630175
-0.629641
-0.62935
-0.629304
-0.629494
-0.629924
-0.630591
-0.631496
-0.632633
-0.634003
-0.635602
-0.637428
-0.639477
-0.641749
-0.644237
-0.646939
-0.649852
-0.652975
-0.656298
-0.659819
-0.663534
-0.667441
-0.671532
-0.675805
-0.680254
-0.684874
-0.689661
-0.694613
-0.699719
-0.704978
-0.710383
-0.71593
-0.721614
-0.727431
-0.733374
-0.739438
-0.74562
-0.751912
-0.758311
-0.764817
-0.771414
-0.778103
-0.784879
-0.791738
-0.798674
-0.805683
-0.812759
-0.819899
-0.827095
-0.834348
-0.841647
-0.848993
-0.856378
-0.863799
-0.87125
-0.878727
-0.886227
-0.893744
-0.901276
-0.908816
-0.916361
-0.923908
-0.93145
-0.938985
-0.946508
-0.954015
-0.961502
-0.968965
-0.976398
-0.983798
-0.991162
-0.998487
-1.00576
-1.01299
-1.02017
-1.02728
-1.03434
-1.04133
-1.04825
-1.05509
-1.06186
-1.06854
-1.07514
-1.08164
-1.08805
-1.09436
-1.10057
-1.10666
-1.11265
-1.11852
-1.12427
-1.12989
-1.13539
-1.14076
-1.14599
-1.15108
-1.15603
-1.16084
-1.1655
-1.17001
-1.17436
-1.17855
-1.18259
-1.18647
-1.19019
-1.19375
-1.19715
-1.20038
-1.20345
-1.20635
-1.2091
-1.21168
-1.21411
-1.21637
-1.21848
-1.22044
-1.22225
-1.22391
-1.22544
-1.22682
-1.22808
-1.2292
-1.2302
-1.23108
-1.23185
-1.23252
-1.23308
-1.23355
-1.23393
-1.23423
-1.23446
-1.23461
-1.23471
-1.23474
-1.23473
-1.23467
-1.23458
-1.23446
-1.23431
-1.23414
-1.23395
-1.23376
-1.23356
-1.23337
-1.23319
-1.23302
-1.23287
-1.23274
-1.23264
-1.23257
-1.23253
-1.23254
-1.23259
-1.23269
-1.23283
-1.23304
-1.23329
-1.23361
-1.234
-1.23444
-1.23495
-1.23553
-1.23619
-1.23691
-1.23771
-1.23859
-1.23955
-1.24059
-1.2417
-1.2429
-1.24418
-1.24555
-1.24699
-1.24852
-1.25013
-1.25183
-1.25361
-1.25547
-1.25742
-1.25945
-1.26156
-1.26376
-1.26603
-1.26839
-1.27082
-1.27334
-1.27593
-1.27859
-1.28133
-1.28414
-1.28702
-1.28997
-1.29299
-1.29608
-1.29923
-1.30244
-1.30571
-1.30904
-1.31242
-1.31586
-1.31935
-1.32289
-1.32647
-1.3301
-1.33377
-1.33747
-1.34122
-1.345
-1.34881
-1.35264
-1.3565
-1.36038
-1.36429
-1.3682
-1.37213
-1.37607
-1.38002
-1.38397
-1.38792
-1.39187
-1.39581
-1.39975
-1.40367
-1.40758
-1.41147
-1.41534
-1.41919
-1.42301
-1.4268
-1.43055
-1.43427
-1.43795
-1.44159
-1.44517
-1.44871
-1.4522
-1.45563
-1.459
-1.46231
-1.00596
-0.996896
-0.987836
-0.978795
-0.969771
-0.960766
-0.951785
-0.94283
-0.933907
-0.925019
-0.91617
-0.907363
-0.898604
-0.889889
-0.881237
-0.872642
-0.864112
-0.85565
-0.84726
-0.838948
-0.830718
-0.822574
-0.814522
-0.806569
-0.798717
-0.790972
-0.783339
-0.775823
-0.768428
-0.761162
-0.75403
-0.747035
-0.740185
-0.733483
-0.726934
-0.720545
-0.71432
-0.708265
-0.702385
-0.696683
-0.691172
-0.685844
-0.680711
-0.675776
-0.671045
-0.666521
-0.662208
-0.658111
-0.654237
-0.650582
-0.647154
-0.64395
-0.640983
-0.638249
-0.635751
-0.633493
-0.631475
-0.6297
-0.628168
-0.626881
-0.625838
-0.625041
-0.624488
-0.624178
-0.624116
-0.6243
-0.624724
-0.625389
-0.626294
-0.627437
-0.628815
-0.630426
-0.632266
-0.634334
-0.636626
-0.639138
-0.641868
-0.644812
-0.647966
-0.651325
-0.654885
-0.658642
-0.662589
-0.666725
-0.671045
-0.67554
-0.680212
-0.685054
-0.690056
-0.695217
-0.700532
-0.705994
-0.7116
-0.717343
-0.723218
-0.729222
-0.735347
-0.741589
-0.747943
-0.754403
-0.760966
-0.767628
-0.77438
-0.781218
-0.788136
-0.795133
-0.802201
-0.809336
-0.816533
-0.823789
-0.831097
-0.838454
-0.845855
-0.853294
-0.860769
-0.868273
-0.875802
-0.883352
-0.89092
-0.898499
-0.906087
-0.913678
-0.921269
-0.928856
-0.936434
-0.943999
-0.951546
-0.959072
-0.966573
-0.974044
-0.981481
-0.988881
-0.99624
-1.00355
-1.01082
-1.01802
-1.02517
-1.03226
-1.03928
-1.04623
-1.0531
-1.0599
-1.06661
-1.07323
-1.07977
-1.08621
-1.09255
-1.09878
-1.10491
-1.11093
-1.11683
-1.12261
-1.12827
-1.13381
-1.13921
-1.14448
-1.14961
-1.1546
-1.15945
-1.16415
-1.1687
-1.1731
-1.17735
-1.18144
-1.18537
-1.18914
-1.19275
-1.19621
-1.1995
-1.20262
-1.20559
-1.20839
-1.21104
-1.21352
-1.21585
-1.21802
-1.22005
-1.22192
-1.22364
-1.22522
-1.22667
-1.22797
-1.22915
-1.23021
-1.23114
-1.23195
-1.23266
-1.23327
-1.23378
-1.23419
-1.23452
-1.23477
-1.23495
-1.23506
-1.23512
-1.23512
-1.23506
-1.23497
-1.23485
-1.23469
-1.23451
-1.23431
-1.2341
-1.23388
-1.23366
-1.23345
-1.23324
-1.23305
-1.23288
-1.23273
-1.23261
-1.23252
-1.23247
-1.23246
-1.2325
-1.23258
-1.23271
-1.2329
-1.23315
-1.23346
-1.23383
-1.23426
-1.23477
-1.23533
-1.23598
-1.2367
-1.2375
-1.23837
-1.23932
-1.24035
-1.24147
-1.24267
-1.24394
-1.24531
-1.24675
-1.24828
-1.2499
-1.2516
-1.25339
-1.25526
-1.25721
-1.25925
-1.26137
-1.26358
-1.26586
-1.26824
-1.27069
-1.27322
-1.27582
-1.27851
-1.28127
-1.2841
-1.28701
-1.28998
-1.29303
-1.29614
-1.29932
-1.30257
-1.30587
-1.30923
-1.31266
-1.31613
-1.31966
-1.32324
-1.32687
-1.33054
-1.33425
-1.33801
-1.3418
-1.34564
-1.3495
-1.35339
-1.3573
-1.36124
-1.3652
-1.36918
-1.37317
-1.37717
-1.38118
-1.38519
-1.38921
-1.39323
-1.39724
-1.40125
-1.40524
-1.40922
-1.41319
-1.41713
-1.42105
-1.42495
-1.42881
-1.43264
-1.43644
-1.4402
-1.44391
-1.44758
-1.4512
-1.45476
-1.45827
-1.46172
-1.46511
-0.995782
-0.986674
-0.977572
-0.96849
-0.959425
-0.950383
-0.941365
-0.932377
-0.923422
-0.914505
-0.905629
-0.896799
-0.888018
-0.879285
-0.870615
-0.862008
-0.853468
-0.845
-0.836608
-0.828297
-0.820072
-0.811937
-0.803899
-0.795963
-0.78813
-0.780411
-0.772809
-0.765326
-0.757973
-0.750753
-0.74367
-0.736731
-0.729942
-0.723307
-0.716831
-0.71052
-0.704379
-0.698414
-0.69263
-0.687031
-0.681623
-0.676412
-0.671399
-0.666591
-0.661993
-0.657608
-0.65344
-0.649494
-0.645776
-0.642285
-0.639026
-0.635997
-0.633209
-0.63066
-0.628354
-0.626292
-0.624475
-0.622905
-0.621583
-0.620511
-0.619686
-0.619111
-0.618783
-0.618703
-0.618872
-0.619289
-0.619951
-0.620855
-0.622
-0.623385
-0.625006
-0.62686
-0.628944
-0.631256
-0.633792
-0.636549
-0.639521
-0.642707
-0.646102
-0.6497
-0.653497
-0.657489
-0.661668
-0.666036
-0.670583
-0.675306
-0.6802
-0.685257
-0.690475
-0.695848
-0.70137
-0.707035
-0.712839
-0.718777
-0.724844
-0.731032
-0.737338
-0.743757
-0.750282
-0.756909
-0.763634
-0.770454
-0.777357
-0.784341
-0.791402
-0.798533
-0.805733
-0.812993
-0.82031
-0.827681
-0.835099
-0.84256
-0.850059
-0.857592
-0.865156
-0.872742
-0.880348
-0.88797
-0.895604
-0.903245
-0.910888
-0.91853
-0.926166
-0.933793
-0.941406
-0.949
-0.956572
-0.964118
-0.971633
-0.979113
-0.986557
-0.993958
-1.00131
-1.00861
-1.01586
-1.02304
-1.03017
-1.03722
-1.04421
-1.05112
-1.05795
-1.0647
-1.07136
-1.07793
-1.08441
-1.09078
-1.09706
-1.10322
-1.10928
-1.11522
-1.12104
-1.12673
-1.13231
-1.13775
-1.14306
-1.14824
-1.15327
-1.15816
-1.16292
-1.16752
-1.17196
-1.17626
-1.1804
-1.18439
-1.18822
-1.19188
-1.19539
-1.19874
-1.20193
-1.20496
-1.20782
-1.21053
-1.21307
-1.21546
-1.2177
-1.21978
-1.22171
-1.2235
-1.22514
-1.22664
-1.228
-1.22924
-1.23034
-1.23132
-1.23219
-1.23294
-1.23359
-1.23413
-1.23458
-1.23494
-1.23522
-1.23542
-1.23555
-1.23562
-1.23562
-1.23558
-1.23549
-1.23537
-1.23521
-1.23501
-1.2348
-1.23457
-1.23433
-1.23408
-1.23383
-1.23359
-1.23336
-1.23314
-1.23294
-1.23277
-1.23263
-1.23252
-1.23245
-1.23242
-1.23243
-1.2325
-1.23262
-1.23279
-1.23302
-1.23331
-1.23367
-1.23409
-1.23458
-1.23514
-1.23577
-1.23648
-1.23727
-1.23813
-1.23907
-1.2401
-1.2412
-1.24239
-1.24367
-1.24503
-1.24647
-1.248
-1.24962
-1.25132
-1.2531
-1.25498
-1.25694
-1.25898
-1.26111
-1.26332
-1.26562
-1.268
-1.27046
-1.273
-1.27563
-1.27833
-1.2811
-1.28396
-1.28688
-1.28988
-1.29295
-1.29609
-1.2993
-1.30257
-1.3059
-1.3093
-1.31275
-1.31626
-1.31983
-1.32345
-1.32711
-1.33083
-1.33458
-1.33838
-1.34222
-1.3461
-1.35001
-1.35395
-1.35792
-1.36191
-1.36593
-1.36996
-1.37401
-1.37807
-1.38214
-1.38622
-1.3903
-1.39438
-1.39846
-1.40253
-1.40659
-1.41064
-1.41468
-1.41869
-1.42269
-1.42665
-1.43059
-1.4345
-1.43837
-1.4422
-1.44599
-1.44973
-1.45343
-1.45707
-1.46065
-1.46418
-1.46764
-0.985421
-0.976268
-0.967125
-0.958003
-0.9489
-0.939819
-0.930766
-0.921745
-0.91276
-0.903815
-0.894913
-0.88606
-0.877258
-0.868507
-0.859823
-0.851205
-0.842657
-0.834184
-0.825791
-0.817482
-0.809264
-0.801139
-0.793115
-0.785197
-0.777391
-0.7697
-0.762127
-0.754683
-0.747372
-0.7402
-0.73317
-0.72629
-0.719564
-0.713
-0.7066
-0.70037
-0.694316
-0.688443
-0.682758
-0.677265
-0.671968
-0.666874
-0.661987
-0.65731
-0.652848
-0.648606
-0.644588
-0.640797
-0.637238
-0.633916
-0.63083
-0.627982
-0.625378
-0.62302
-0.620909
-0.619047
-0.617435
-0.616075
-0.614968
-0.614113
-0.613511
-0.613161
-0.613064
-0.613216
-0.61362
-0.614275
-0.615177
-0.616323
-0.617711
-0.619341
-0.621207
-0.623306
-0.625638
-0.628196
-0.630979
-0.633981
-0.637199
-0.640629
-0.644264
-0.648102
-0.652136
-0.656364
-0.660778
-0.665378
-0.670154
-0.675101
-0.680214
-0.685489
-0.690922
-0.696505
-0.702234
-0.708102
-0.714105
-0.720237
-0.726492
-0.732866
-0.739351
-0.745944
-0.75264
-0.759433
-0.766318
-0.773293
-0.780346
-0.787476
-0.794676
-0.801943
-0.809272
-0.816656
-0.824093
-0.831577
-0.839102
-0.846666
-0.854264
-0.861889
-0.869538
-0.877207
-0.88489
-0.892583
-0.900283
-0.907984
-0.915683
-0.923376
-0.931057
-0.938723
-0.946371
-0.953995
-0.961594
-0.969159
-0.976688
-0.984177
-0.991625
-0.999023
-1.00637
-1.01366
-1.02089
-1.02806
-1.03516
-1.04219
-1.04914
-1.05602
-1.06281
-1.06951
-1.07612
-1.08264
-1.08906
-1.09537
-1.10158
-1.10768
-1.11366
-1.11952
-1.12526
-1.13088
-1.13637
-1.14173
-1.14695
-1.15204
-1.15698
-1.16178
-1.16643
-1.17093
-1.17529
-1.17948
-1.18352
-1.18741
-1.19114
-1.1947
-1.19811
-1.20136
-1.20445
-1.20737
-1.21014
-1.21275
-1.21521
-1.2175
-1.21965
-1.22164
-1.22349
-1.22519
-1.22674
-1.22816
-1.22945
-1.2306
-1.23164
-1.23255
-1.23335
-1.23403
-1.23462
-1.2351
-1.23549
-1.2358
-1.23602
-1.23617
-1.23625
-1.23627
-1.23623
-1.23614
-1.23602
-1.23585
-1.23565
-1.23542
-1.23517
-1.2349
-1.23463
-1.23435
-1.23407
-1.2338
-1.23353
-1.23329
-1.23307
-1.23287
-1.2327
-1.23257
-1.23247
-1.23242
-1.23241
-1.23245
-1.23255
-1.2327
-1.23291
-1.23318
-1.23352
-1.23392
-1.2344
-1.23494
-1.23556
-1.23625
-1.23703
-1.23788
-1.23881
-1.23982
-1.24092
-1.2421
-1.24336
-1.24472
-1.24615
-1.24768
-1.24929
-1.25098
-1.25277
-1.25464
-1.2566
-1.25865
-1.26078
-1.263
-1.2653
-1.26769
-1.27016
-1.27271
-1.27534
-1.27805
-1.28084
-1.28371
-1.28666
-1.28967
-1.29276
-1.29592
-1.29915
-1.30245
-1.30581
-1.30923
-1.31272
-1.31626
-1.31986
-1.32351
-1.32721
-1.33097
-1.33476
-1.3386
-1.34248
-1.34641
-1.35036
-1.35435
-1.35836
-1.36241
-1.36647
-1.37056
-1.37466
-1.37878
-1.38291
-1.38705
-1.39119
-1.39533
-1.39947
-1.40361
-1.40773
-1.41185
-1.41595
-1.42003
-1.42409
-1.42813
-1.43214
-1.43611
-1.44005
-1.44396
-1.44782
-1.45164
-1.4554
-1.45912
-1.46277
-1.46637
-1.46991
-0.974877
-0.965681
-0.956496
-0.947333
-0.938192
-0.929077
-0.91999
-0.910938
-0.901922
-0.892949
-0.884023
-0.875147
-0.866326
-0.857564
-0.848861
-0.840232
-0.831678
-0.823201
-0.814808
-0.806504
-0.798292
-0.790181
-0.782174
-0.774276
-0.766495
-0.758834
-0.751299
-0.743892
-0.736626
-0.729504
-0.722531
-0.715712
-0.709053
-0.702561
-0.696238
-0.690093
-0.684129
-0.678354
-0.672771
-0.667387
-0.662206
-0.657234
-0.652476
-0.647933
-0.643612
-0.639518
-0.635653
-0.632023
-0.628629
-0.625479
-0.62257
-0.619905
-0.617492
-0.615329
-0.613417
-0.61176
-0.610359
-0.609213
-0.608324
-0.607692
-0.607317
-0.607198
-0.607334
-0.607722
-0.608366
-0.609262
-0.610406
-0.611798
-0.613433
-0.615309
-0.617423
-0.619772
-0.622352
-0.625159
-0.628189
-0.631439
-0.634903
-0.638575
-0.642453
-0.646532
-0.650806
-0.655273
-0.659922
-0.66475
-0.669754
-0.674926
-0.680262
-0.685754
-0.691399
-0.697193
-0.703127
-0.709197
-0.715398
-0.721722
-0.728165
-0.734722
-0.741386
-0.748153
-0.755018
-0.761975
-0.769019
-0.776148
-0.78335
-0.790623
-0.797963
-0.805362
-0.81282
-0.820327
-0.82788
-0.835477
-0.84311
-0.850776
-0.858469
-0.866185
-0.87392
-0.881671
-0.889429
-0.897193
-0.904957
-0.912719
-0.920473
-0.928215
-0.93594
-0.943649
-0.951331
-0.958985
-0.966606
-0.97419
-0.981736
-0.989236
-0.996687
-1.00409
-1.01143
-1.01871
-1.02593
-1.03308
-1.04016
-1.04716
-1.05408
-1.06092
-1.06767
-1.07433
-1.08089
-1.08736
-1.09372
-1.09997
-1.10612
-1.11215
-1.11806
-1.12386
-1.12952
-1.13506
-1.14047
-1.14574
-1.15088
-1.15588
-1.16073
-1.16544
-1.17
-1.17441
-1.17866
-1.18277
-1.18671
-1.1905
-1.19413
-1.1976
-1.20091
-1.20406
-1.20705
-1.20988
-1.21256
-1.21507
-1.21743
-1.21964
-1.2217
-1.2236
-1.22536
-1.22698
-1.22846
-1.22979
-1.231
-1.23209
-1.23305
-1.23389
-1.23462
-1.23524
-1.23576
-1.23618
-1.23651
-1.23676
-1.23693
-1.23703
-1.23706
-1.23703
-1.23694
-1.23681
-1.23664
-1.23642
-1.23617
-1.2359
-1.23562
-1.23532
-1.23501
-1.23469
-1.23438
-1.23407
-1.23378
-1.2335
-1.23325
-1.23302
-1.23282
-1.23266
-1.23254
-1.23246
-1.23242
-1.23244
-1.23251
-1.23264
-1.23283
-1.23308
-1.23339
-1.23377
-1.23423
-1.23475
-1.23535
-1.23603
-1.23678
-1.23762
-1.23853
-1.23953
-1.24061
-1.24178
-1.24303
-1.24437
-1.2458
-1.24732
-1.24892
-1.25061
-1.25239
-1.25426
-1.25622
-1.25826
-1.26039
-1.26261
-1.26491
-1.2673
-1.26977
-1.27233
-1.27497
-1.27769
-1.28049
-1.28337
-1.28633
-1.28936
-1.29247
-1.29565
-1.2989
-1.30222
-1.3056
-1.30905
-1.31256
-1.31613
-1.31976
-1.32344
-1.32717
-1.33096
-1.33479
-1.33867
-1.34259
-1.34655
-1.35055
-1.35458
-1.35864
-1.36273
-1.36684
-1.37098
-1.37513
-1.37931
-1.38349
-1.38768
-1.39188
-1.39608
-1.40028
-1.40447
-1.40866
-1.41284
-1.41701
-1.42115
-1.42528
-1.42938
-1.43345
-1.4375
-1.44151
-1.44548
-1.44941
-1.45329
-1.45713
-1.46092
-1.46464
-1.46831
-1.47192
-0.96415
-0.954912
-0.945688
-0.936486
-0.927308
-0.918155
-0.909036
-0.899953
-0.890909
-0.88191
-0.87296
-0.864062
-0.855222
-0.846445
-0.837729
-0.829092
-0.820531
-0.812053
-0.803662
-0.795363
-0.787161
-0.779063
-0.771074
-0.7632
-0.755445
-0.747816
-0.740317
-0.732957
-0.725739
-0.718667
-0.711751
-0.704996
-0.698406
-0.691988
-0.685749
-0.679691
-0.673822
-0.668146
-0.66267
-0.657399
-0.652338
-0.647492
-0.642864
-0.638462
-0.634287
-0.630344
-0.626638
-0.623171
-0.619949
-0.616976
-0.614249
-0.611771
-0.609554
-0.607589
-0.605883
-0.604436
-0.603249
-0.602322
-0.601657
-0.601252
-0.601107
-0.601223
-0.601596
-0.602225
-0.603111
-0.604253
-0.605643
-0.607281
-0.609167
-0.611294
-0.613659
-0.616258
-0.619089
-0.622146
-0.625426
-0.628923
-0.632635
-0.636554
-0.640677
-0.644999
-0.649513
-0.654213
-0.659097
-0.664156
-0.669387
-0.674784
-0.68034
-0.68605
-0.691909
-0.697911
-0.70405
-0.710321
-0.716717
-0.723233
-0.729864
-0.736602
-0.743445
-0.750384
-0.757417
-0.764536
-0.771738
-0.779019
-0.786369
-0.793785
-0.801262
-0.808795
-0.816377
-0.824007
-0.831678
-0.839385
-0.847124
-0.85489
-0.862679
-0.870487
-0.878305
-0.886136
-0.893969
-0.901802
-0.909631
-0.917455
-0.925263
-0.933054
-0.940824
-0.948569
-0.956286
-0.963969
-0.971615
-0.979221
-0.98678
-0.99429
-1.00175
-1.00915
-1.01649
-1.02376
-1.03096
-1.0381
-1.04515
-1.05213
-1.05902
-1.06583
-1.07254
-1.07915
-1.08567
-1.09209
-1.0984
-1.10459
-1.11068
-1.11665
-1.12249
-1.12821
-1.13381
-1.13927
-1.1446
-1.1498
-1.15485
-1.15976
-1.16453
-1.16915
-1.17362
-1.17794
-1.1821
-1.18611
-1.18996
-1.19366
-1.19719
-1.20056
-1.20378
-1.20684
-1.20974
-1.21248
-1.21506
-1.21748
-1.21976
-1.22187
-1.22384
-1.22566
-1.22734
-1.22887
-1.23027
-1.23153
-1.23267
-1.23367
-1.23456
-1.23533
-1.23599
-1.23655
-1.23701
-1.23737
-1.23764
-1.23783
-1.23794
-1.23799
-1.23796
-1.23788
-1.23775
-1.23757
-1.23734
-1.23708
-1.2368
-1.23648
-1.23615
-1.23581
-1.23546
-1.23511
-1.23476
-1.23442
-1.23409
-1.23378
-1.23349
-1.23323
-1.233
-1.23281
-1.23265
-1.23254
-1.23248
-1.23247
-1.23251
-1.23261
-1.23277
-1.233
-1.23329
-1.23364
-1.23407
-1.23458
-1.23515
-1.2358
-1.23654
-1.23735
-1.23825
-1.23923
-1.2403
-1.24145
-1.24268
-1.24401
-1.24542
-1.24693
-1.24852
-1.2502
-1.25197
-1.25383
-1.25578
-1.25782
-1.25994
-1.26216
-1.26446
-1.26685
-1.26932
-1.27188
-1.27453
-1.27725
-1.28006
-1.28295
-1.28592
-1.28896
-1.29208
-1.29527
-1.29854
-1.30187
-1.30528
-1.30874
-1.31228
-1.31587
-1.31952
-1.32323
-1.327
-1.33081
-1.33468
-1.33859
-1.34254
-1.34655
-1.35058
-1.35465
-1.35876
-1.36289
-1.36705
-1.37123
-1.37543
-1.37965
-1.38388
-1.38813
-1.39238
-1.39663
-1.40089
-1.40514
-1.40939
-1.41362
-1.41785
-1.42205
-1.42624
-1.43041
-1.43455
-1.43866
-1.44273
-1.44677
-1.45076
-1.45471
-1.45862
-1.46247
-1.46626
-1.47
-1.47368
-0.953244
-0.943965
-0.934699
-0.925459
-0.916244
-0.907059
-0.897907
-0.888794
-0.879721
-0.870696
-0.861723
-0.852806
-0.843949
-0.835158
-0.826431
-0.817785
-0.80922
-0.800741
-0.792353
-0.784061
-0.77587
-0.767788
-0.759818
-0.751969
-0.744243
-0.736648
-0.729189
-0.721873
-0.714704
-0.707689
-0.700835
-0.694144
-0.687627
-0.681287
-0.675133
-0.669166
-0.663394
-0.657823
-0.652457
-0.647302
-0.642365
-0.637649
-0.633159
-0.628898
-0.624874
-0.621088
-0.617544
-0.614247
-0.6112
-0.608404
-0.605868
-0.603587
-0.601561
-0.599804
-0.598307
-0.597075
-0.596107
-0.595404
-0.594966
-0.594792
-0.594883
-0.595237
-0.595852
-0.596725
-0.597858
-0.599247
-0.600888
-0.602779
-0.604916
-0.607296
-0.609915
-0.612768
-0.615851
-0.619159
-0.622692
-0.62644
-0.630401
-0.634569
-0.638936
-0.643499
-0.648253
-0.653192
-0.65831
-0.6636
-0.669059
-0.67468
-0.680457
-0.686384
-0.692455
-0.698665
-0.70501
-0.711479
-0.71807
-0.724776
-0.731592
-0.738512
-0.745531
-0.752642
-0.759841
-0.767122
-0.774479
-0.781912
-0.789407
-0.796964
-0.804577
-0.812241
-0.81995
-0.827699
-0.835485
-0.843303
-0.851145
-0.859011
-0.866894
-0.874791
-0.882695
-0.890606
-0.898514
-0.906415
-0.914309
-0.922188
-0.93005
-0.937891
-0.945705
-0.953489
-0.961239
-0.968952
-0.976624
-0.984248
-0.991823
-0.999343
-1.00681
-1.01421
-1.02154
-1.02881
-1.036
-1.04312
-1.05015
-1.0571
-1.06397
-1.07074
-1.07742
-1.08399
-1.09047
-1.09683
-1.10309
-1.10924
-1.11526
-1.12117
-1.12695
-1.1326
-1.13813
-1.14352
-1.14877
-1.15389
-1.15886
-1.16369
-1.16838
-1.17291
-1.1773
-1.18153
-1.1856
-1.18952
-1.19328
-1.19688
-1.20032
-1.20361
-1.20673
-1.2097
-1.21251
-1.21516
-1.21765
-1.21999
-1.22217
-1.2242
-1.22609
-1.22782
-1.22942
-1.23087
-1.23219
-1.23337
-1.23443
-1.23537
-1.23618
-1.23689
-1.23748
-1.23797
-1.23836
-1.23866
-1.23887
-1.239
-1.23906
-1.23905
-1.23897
-1.23883
-1.23865
-1.23842
-1.23815
-1.23784
-1.23751
-1.23715
-1.23678
-1.23639
-1.236
-1.23561
-1.23522
-1.23484
-1.23447
-1.23413
-1.2338
-1.2335
-1.23324
-1.23301
-1.23282
-1.23268
-1.23258
-1.23254
-1.23255
-1.23262
-1.23275
-1.23295
-1.23321
-1.23354
-1.23394
-1.23441
-1.23496
-1.23559
-1.2363
-1.23709
-1.23797
-1.23893
-1.23997
-1.2411
-1.24232
-1.24363
-1.24503
-1.24651
-1.24809
-1.24976
-1.25151
-1.25336
-1.2553
-1.25733
-1.25945
-1.26165
-1.26395
-1.26634
-1.26881
-1.27137
-1.27401
-1.27674
-1.27955
-1.28244
-1.28542
-1.28847
-1.2916
-1.2948
-1.29808
-1.30143
-1.30484
-1.30833
-1.31188
-1.3155
-1.31917
-1.3229
-1.32669
-1.33054
-1.33443
-1.33837
-1.34236
-1.34639
-1.35046
-1.35457
-1.35871
-1.36288
-1.36708
-1.37131
-1.37555
-1.37982
-1.3841
-1.38839
-1.39269
-1.397
-1.4013
-1.40561
-1.40991
-1.4142
-1.41848
-1.42275
-1.42699
-1.43122
-1.43542
-1.43959
-1.44372
-1.44782
-1.45188
-1.45589
-1.45986
-1.46378
-1.46764
-1.47144
-1.47518
-0.942158
-0.932837
-0.923532
-0.914255
-0.905005
-0.895785
-0.886602
-0.877459
-0.868359
-0.85931
-0.850315
-0.841378
-0.832505
-0.8237
-0.814964
-0.806312
-0.797744
-0.789264
-0.78088
-0.772596
-0.764419
-0.756354
-0.748406
-0.740582
-0.732887
-0.725328
-0.717911
-0.710641
-0.703524
-0.696567
-0.689776
-0.683157
-0.676715
-0.670455
-0.664389
-0.658517
-0.652846
-0.647382
-0.642131
-0.637097
-0.632287
-0.627705
-0.623357
-0.619244
-0.615375
-0.611749
-0.608373
-0.60525
-0.602383
-0.599775
-0.597431
-0.595348
-0.593527
-0.591976
-0.590696
-0.589683
-0.588939
-0.588465
-0.588259
-0.588322
-0.588652
-0.589249
-0.590109
-0.59123
-0.592613
-0.594256
-0.59615
-0.598295
-0.600686
-0.603324
-0.606196
-0.609304
-0.612643
-0.616208
-0.619993
-0.623996
-0.628206
-0.63262
-0.637233
-0.64204
-0.647034
-0.65221
-0.657562
-0.663084
-0.66877
-0.674615
-0.680612
-0.686755
-0.69304
-0.699456
-0.706002
-0.712672
-0.719457
-0.726352
-0.733352
-0.740452
-0.747646
-0.754926
-0.762291
-0.769731
-0.777244
-0.784826
-0.792466
-0.800163
-0.80791
-0.815703
-0.823535
-0.831404
-0.839303
-0.847229
-0.855177
-0.863141
-0.87112
-0.879105
-0.887092
-0.895078
-0.90306
-0.91103
-0.918985
-0.926923
-0.934838
-0.942727
-0.950585
-0.958408
-0.966194
-0.973935
-0.981631
-0.989276
-0.996866
-1.0044
-1.01187
-1.01927
-1.0266
-1.03386
-1.04104
-1.04815
-1.05516
-1.06209
-1.06892
-1.07567
-1.08231
-1.08885
-1.09528
-1.1016
-1.1078
-1.1139
-1.11987
-1.12571
-1.13143
-1.13702
-1.14248
-1.1478
-1.15298
-1.15803
-1.16292
-1.16767
-1.17228
-1.17673
-1.18103
-1.18517
-1.18916
-1.19299
-1.19667
-1.20018
-1.20353
-1.20673
-1.20977
-1.21264
-1.21536
-1.21793
-1.22033
-1.22258
-1.22468
-1.22663
-1.22843
-1.23008
-1.2316
-1.23297
-1.23421
-1.23532
-1.23631
-1.23717
-1.23791
-1.23855
-1.23907
-1.2395
-1.23982
-1.24006
-1.24021
-1.24028
-1.24028
-1.24021
-1.24008
-1.23989
-1.23965
-1.23937
-1.23905
-1.23869
-1.23831
-1.23791
-1.23749
-1.23706
-1.23662
-1.23618
-1.23575
-1.23533
-1.23493
-1.23454
-1.23418
-1.23384
-1.23354
-1.23327
-1.23305
-1.23287
-1.23274
-1.23266
-1.23263
-1.23267
-1.23277
-1.23293
-1.23316
-1.23346
-1.23383
-1.23427
-1.23479
-1.23539
-1.23608
-1.23684
-1.23769
-1.23862
-1.23964
-1.24075
-1.24195
-1.24323
-1.24461
-1.24608
-1.24763
-1.24928
-1.25102
-1.25286
-1.25478
-1.2568
-1.25891
-1.2611
-1.26339
-1.26577
-1.26823
-1.27079
-1.27343
-1.27615
-1.27897
-1.28186
-1.28484
-1.28789
-1.29103
-1.29424
-1.29752
-1.30088
-1.30431
-1.30781
-1.31138
-1.31501
-1.3187
-1.32245
-1.32626
-1.33013
-1.33405
-1.33802
-1.34203
-1.3461
-1.3502
-1.35434
-1.35851
-1.36272
-1.36696
-1.37122
-1.37551
-1.37981
-1.38414
-1.38847
-1.39282
-1.39717
-1.40153
-1.40588
-1.41023
-1.41458
-1.41891
-1.42323
-1.42754
-1.43181
-1.43607
-1.4403
-1.44449
-1.44865
-1.45276
-1.45684
-1.46087
-1.46484
-1.46877
-1.47263
-1.47643
-0.930895
-0.921534
-0.912192
-0.902877
-0.893591
-0.884338
-0.875124
-0.865952
-0.856826
-0.847753
-0.838737
-0.829781
-0.820893
-0.812077
-0.803337
-0.794673
-0.786104
-0.777627
-0.769249
-0.760976
-0.75281
-0.744763
-0.736839
-0.729042
-0.721381
-0.713859
-0.706485
-0.699265
-0.692203
-0.685307
-0.678582
-0.672035
-0.665672
-0.6595
-0.653523
-0.647748
-0.642182
-0.63683
-0.631696
-0.626788
-0.62211
-0.617666
-0.613464
-0.609504
-0.605792
-0.602334
-0.59913
-0.596185
-0.593504
-0.591087
-0.588941
-0.587062
-0.585449
-0.584113
-0.583051
-0.582264
-0.581748
-0.581506
-0.581538
-0.581842
-0.582417
-0.583259
-0.584369
-0.585743
-0.587381
-0.589278
-0.591429
-0.593832
-0.59648
-0.599374
-0.602508
-0.605875
-0.609472
-0.613294
-0.617333
-0.621588
-0.626049
-0.630712
-0.635572
-0.640622
-0.645857
-0.651271
-0.656858
-0.662611
-0.668524
-0.674593
-0.680809
-0.687168
-0.693662
-0.700286
-0.707033
-0.713899
-0.720878
-0.727962
-0.735146
-0.742424
-0.749789
-0.757239
-0.764767
-0.772367
-0.780033
-0.78776
-0.795547
-0.803381
-0.811261
-0.819182
-0.827138
-0.835124
-0.843139
-0.851172
-0.859222
-0.867283
-0.875353
-0.883422
-0.891493
-0.899556
-0.90761
-0.915648
-0.923666
-0.931662
-0.939629
-0.947566
-0.955467
-0.96333
-0.971148
-0.97892
-0.986638
-0.994303
-1.00191
-1.00945
-1.01693
-1.02433
-1.03167
-1.03892
-1.04609
-1.05318
-1.06018
-1.06708
-1.07389
-1.0806
-1.08721
-1.09371
-1.1001
-1.10638
-1.11254
-1.11858
-1.1245
-1.13029
-1.13595
-1.14148
-1.14687
-1.15212
-1.15724
-1.1622
-1.16703
-1.1717
-1.17622
-1.1806
-1.18482
-1.18888
-1.19278
-1.19653
-1.20012
-1.20355
-1.20682
-1.20993
-1.21288
-1.21567
-1.2183
-1.22078
-1.2231
-1.22527
-1.22728
-1.22915
-1.23087
-1.23244
-1.23388
-1.23517
-1.23634
-1.23737
-1.23828
-1.23907
-1.23975
-1.24031
-1.24077
-1.24113
-1.24139
-1.24156
-1.24165
-1.24166
-1.2416
-1.24147
-1.24129
-1.24104
-1.24075
-1.24042
-1.24004
-1.23964
-1.23921
-1.23875
-1.23829
-1.23781
-1.23732
-1.23684
-1.23637
-1.2359
-1.23545
-1.23502
-1.23462
-1.23424
-1.2339
-1.23359
-1.23333
-1.23311
-1.23294
-1.23282
-1.23276
-1.23276
-1.23282
-1.23295
-1.23314
-1.2334
-1.23374
-1.23416
-1.23464
-1.23521
-1.23586
-1.2366
-1.23742
-1.23833
-1.23932
-1.2404
-1.24157
-1.24283
-1.24418
-1.24563
-1.24716
-1.24879
-1.25051
-1.25233
-1.25423
-1.25623
-1.25832
-1.26051
-1.26278
-1.26515
-1.26761
-1.27015
-1.27279
-1.27551
-1.27831
-1.28121
-1.28418
-1.28724
-1.29037
-1.29359
-1.29688
-1.30024
-1.30368
-1.30719
-1.31077
-1.31441
-1.31812
-1.32189
-1.32572
-1.3296
-1.33354
-1.33753
-1.34157
-1.34567
-1.34979
-1.35396
-1.35817
-1.36241
-1.36668
-1.37098
-1.3753
-1.37964
-1.38401
-1.38838
-1.39277
-1.39717
-1.40157
-1.40597
-1.41037
-1.41476
-1.41915
-1.42352
-1.42787
-1.4322
-1.43651
-1.44079
-1.44504
-1.44925
-1.45342
-1.45756
-1.46164
-1.46567
-1.46965
-1.47358
-1.47743
-0.919459
-0.910058
-0.900677
-0.891326
-0.882005
-0.872721
-0.863476
-0.854276
-0.845126
-0.836028
-0.826991
-0.818018
-0.809115
-0.800288
-0.79154
-0.782871
-0.7743
-0.765825
-0.757454
-0.749191
-0.741044
-0.733018
-0.725118
-0.717351
-0.709724
-0.702242
-0.694913
-0.687744
-0.68074
-0.673907
-0.667251
-0.66078
-0.654499
-0.648414
-0.642533
-0.636862
-0.631402
-0.626165
-0.621154
-0.616375
-0.611833
-0.607532
-0.60348
-0.599678
-0.596129
-0.59284
-0.589816
-0.587056
-0.584565
-0.582345
-0.580399
-0.57873
-0.577332
-0.576215
-0.575376
-0.574818
-0.574537
-0.574534
-0.574808
-0.575356
-0.576179
-0.577274
-0.578638
-0.580267
-0.582163
-0.58432
-0.586729
-0.589392
-0.592304
-0.595459
-0.598854
-0.602483
-0.606339
-0.610417
-0.614714
-0.619222
-0.623935
-0.628848
-0.633955
-0.63925
-0.644726
-0.650378
-0.656199
-0.662184
-0.668323
-0.674614
-0.68105
-0.687623
-0.694327
-0.701156
-0.708105
-0.715167
-0.722338
-0.729609
-0.736974
-0.744429
-0.751967
-0.759584
-0.767274
-0.775031
-0.782849
-0.790723
-0.798651
-0.806622
-0.814633
-0.822683
-0.83076
-0.838863
-0.846987
-0.855125
-0.863276
-0.871434
-0.879593
-0.887751
-0.895901
-0.904041
-0.912165
-0.920271
-0.928352
-0.936404
-0.944425
-0.95241
-0.960354
-0.968252
-0.976104
-0.983905
-0.99165
-0.999336
-1.00696
-1.01451
-1.022
-1.02941
-1.03674
-1.04399
-1.05115
-1.05822
-1.06521
-1.07209
-1.07887
-1.08556
-1.09213
-1.0986
-1.10495
-1.11118
-1.1173
-1.12329
-1.12916
-1.13489
-1.1405
-1.14596
-1.15129
-1.15648
-1.16153
-1.16642
-1.17118
-1.17578
-1.18023
-1.18452
-1.18866
-1.19265
-1.19647
-1.20014
-1.20364
-1.20699
-1.21017
-1.2132
-1.21607
-1.21878
-1.22133
-1.22372
-1.22596
-1.22804
-1.22998
-1.23176
-1.2334
-1.2349
-1.23625
-1.23748
-1.23857
-1.23953
-1.24036
-1.24108
-1.24169
-1.24218
-1.24257
-1.24287
-1.24306
-1.24317
-1.2432
-1.24315
-1.24303
-1.24284
-1.24259
-1.2423
-1.24195
-1.24156
-1.24114
-1.24068
-1.24019
-1.23969
-1.23917
-1.23864
-1.23811
-1.23758
-1.23706
-1.23655
-1.23605
-1.23557
-1.23513
-1.23471
-1.23432
-1.23397
-1.23367
-1.2334
-1.23319
-1.23304
-1.23294
-1.23289
-1.23292
-1.233
-1.23316
-1.23338
-1.23369
-1.23406
-1.23451
-1.23505
-1.23567
-1.23637
-1.23716
-1.23803
-1.23899
-1.24005
-1.24119
-1.24242
-1.24374
-1.24516
-1.24667
-1.24828
-1.24998
-1.25177
-1.25366
-1.25564
-1.25771
-1.25988
-1.26214
-1.26449
-1.26693
-1.26947
-1.27209
-1.2748
-1.2776
-1.28048
-1.28345
-1.28651
-1.28964
-1.29285
-1.29615
-1.29952
-1.30296
-1.30647
-1.31006
-1.31371
-1.31743
-1.32121
-1.32506
-1.32896
-1.33292
-1.33693
-1.34099
-1.3451
-1.34925
-1.35345
-1.35768
-1.36195
-1.36625
-1.37058
-1.37493
-1.37931
-1.38371
-1.38812
-1.39255
-1.39699
-1.40143
-1.40588
-1.41032
-1.41476
-1.41919
-1.4236
-1.428
-1.43238
-1.43674
-1.44107
-1.44537
-1.44964
-1.45386
-1.45805
-1.46218
-1.46627
-1.47031
-1.47428
-1.4782
-0.907852
-0.898411
-0.888993
-0.879605
-0.87025
-0.860933
-0.851658
-0.842431
-0.833255
-0.824134
-0.815078
-0.806089
-0.797172
-0.788333
-0.779578
-0.770906
-0.762335
-0.753865
-0.745502
-0.737251
-0.729119
-0.721114
-0.713242
-0.705507
-0.697918
-0.690478
-0.683196
-0.676081
-0.669137
-0.662369
-0.655785
-0.649393
-0.643197
-0.637204
-0.631421
-0.625855
-0.62051
-0.615393
-0.610506
-0.60586
-0.601459
-0.597306
-0.593408
-0.589768
-0.586389
-0.583276
-0.580434
-0.577863
-0.575568
-0.57355
-0.571812
-0.570357
-0.569181
-0.568286
-0.567677
-0.567351
-0.56731
-0.56755
-0.56807
-0.568869
-0.569945
-0.571296
-0.572918
-0.574806
-0.576962
-0.57938
-0.582056
-0.584984
-0.588159
-0.59158
-0.595238
-0.599128
-0.603245
-0.607584
-0.612138
-0.616901
-0.621868
-0.627032
-0.632386
-0.637926
-0.643644
-0.649534
-0.655589
-0.661803
-0.66817
-0.674683
-0.681336
-0.688123
-0.695036
-0.70207
-0.70922
-0.716476
-0.723836
-0.731292
-0.738839
-0.74647
-0.754179
-0.761961
-0.769811
-0.777724
-0.785692
-0.793716
-0.801783
-0.809889
-0.81803
-0.826202
-0.834399
-0.842616
-0.85085
-0.859094
-0.867344
-0.875597
-0.883847
-0.892089
-0.900321
-0.908535
-0.91673
-0.924899
-0.933041
-0.941151
-0.949225
-0.957257
-0.965245
-0.973183
-0.981069
-0.988897
-0.996667
-1.00437
-1.01201
-1.01958
-1.02707
-1.03448
-1.04181
-1.04906
-1.05621
-1.06328
-1.07024
-1.07711
-1.08387
-1.09053
-1.09707
-1.1035
-1.10982
-1.11601
-1.12208
-1.12803
-1.13384
-1.13953
-1.14507
-1.15049
-1.15575
-1.16088
-1.16586
-1.17069
-1.17537
-1.1799
-1.18428
-1.1885
-1.19257
-1.19647
-1.20022
-1.20381
-1.20723
-1.2105
-1.2136
-1.21655
-1.21934
-1.22197
-1.22444
-1.22675
-1.2289
-1.23091
-1.23276
-1.23447
-1.23603
-1.23745
-1.23873
-1.23988
-1.24089
-1.24178
-1.24255
-1.2432
-1.24373
-1.24416
-1.24448
-1.24471
-1.24484
-1.24489
-1.24485
-1.24474
-1.24456
-1.24431
-1.244
-1.24365
-1.24325
-1.2428
-1.24232
-1.24181
-1.24127
-1.24071
-1.24014
-1.23957
-1.23898
-1.2384
-1.23783
-1.23727
-1.23673
-1.2362
-1.23571
-1.23524
-1.23481
-1.23442
-1.23406
-1.23376
-1.23351
-1.2333
-1.23316
-1.23308
-1.23305
-1.2331
-1.23322
-1.2334
-1.23366
-1.234
-1.23441
-1.23491
-1.23549
-1.23616
-1.23691
-1.23775
-1.23868
-1.2397
-1.24081
-1.24201
-1.2433
-1.24469
-1.24617
-1.24775
-1.24942
-1.25119
-1.25305
-1.25501
-1.25706
-1.25921
-1.26145
-1.26379
-1.26621
-1.26873
-1.27134
-1.27404
-1.27683
-1.2797
-1.28266
-1.28571
-1.28884
-1.29205
-1.29534
-1.29871
-1.30215
-1.30567
-1.30926
-1.31292
-1.31665
-1.32044
-1.32429
-1.3282
-1.33217
-1.3362
-1.34028
-1.34441
-1.34858
-1.3528
-1.35705
-1.36135
-1.36567
-1.37003
-1.37442
-1.37882
-1.38326
-1.3877
-1.39217
-1.39664
-1.40112
-1.4056
-1.41009
-1.41456
-1.41904
-1.4235
-1.42794
-1.43237
-1.43677
-1.44115
-1.4455
-1.44981
-1.45409
-1.45832
-1.46251
-1.46665
-1.47073
-1.47476
-1.47872
-0.896073
-0.886594
-0.877138
-0.867715
-0.858327
-0.848978
-0.839675
-0.830419
-0.821218
-0.812076
-0.803
-0.793994
-0.785064
-0.776215
-0.767453
-0.758778
-0.750208
-0.741743
-0.73339
-0.725153
-0.71704
-0.709059
-0.701214
-0.693512
-0.68596
-0.678566
-0.671336
-0.664276
-0.657392
-0.650693
-0.644185
-0.637873
-0.631766
-0.625869
-0.620189
-0.614733
-0.609504
-0.604509
-0.599756
-0.595248
-0.590989
-0.586989
-0.58325
-0.579778
-0.576574
-0.573642
-0.570986
-0.568612
-0.566518
-0.564708
-0.563182
-0.561947
-0.560996
-0.56033
-0.559956
-0.55987
-0.560072
-0.56056
-0.561333
-0.562386
-0.56372
-0.565329
-0.567214
-0.569367
-0.571788
-0.574472
-0.577416
-0.580612
-0.584054
-0.58774
-0.591662
-0.595816
-0.600197
-0.604797
-0.609609
-0.614629
-0.61985
-0.625265
-0.630868
-0.636653
-0.642612
-0.64874
-0.65503
-0.661474
-0.668066
-0.674801
-0.681671
-0.68867
-0.695792
-0.703029
-0.710377
-0.717827
-0.725376
-0.733016
-0.740742
-0.748546
-0.756425
-0.764375
-0.772384
-0.780452
-0.788569
-0.796732
-0.804939
-0.813177
-0.821447
-0.829742
-0.838057
-0.846389
-0.854731
-0.863079
-0.871429
-0.879774
-0.88811
-0.896437
-0.904748
-0.913038
-0.921303
-0.929539
-0.937741
-0.945909
-0.954033
-0.962112
-0.970142
-0.978118
-0.986038
-0.993898
-1.00169
-1.00942
-1.01707
-1.02465
-1.03215
-1.03957
-1.0469
-1.05414
-1.06129
-1.06834
-1.0753
-1.08214
-1.08888
-1.09551
-1.10203
-1.10843
-1.11471
-1.12086
-1.12689
-1.13279
-1.13856
-1.14419
-1.14969
-1.15504
-1.16025
-1.16532
-1.17023
-1.175
-1.17962
-1.18408
-1.18839
-1.19254
-1.19653
-1.20036
-1.20403
-1.20754
-1.21089
-1.21408
-1.21711
-1.21998
-1.22268
-1.22523
-1.22762
-1.22986
-1.23194
-1.23386
-1.23564
-1.23727
-1.23876
-1.2401
-1.24131
-1.24238
-1.24332
-1.24414
-1.24483
-1.24541
-1.24588
-1.24624
-1.24649
-1.24665
-1.24672
-1.2467
-1.2466
-1.24643
-1.24618
-1.24588
-1.24552
-1.24511
-1.24464
-1.24414
-1.2436
-1.24303
-1.24244
-1.24183
-1.24121
-1.24058
-1.23994
-1.23931
-1.23869
-1.23807
-1.23748
-1.23691
-1.23636
-1.23585
-1.23536
-1.23492
-1.23453
-1.23417
-1.23387
-1.23363
-1.23344
-1.23331
-1.23324
-1.23324
-1.23332
-1.23346
-1.23368
-1.23397
-1.23435
-1.2348
-1.23534
-1.23597
-1.23668
-1.23749
-1.23838
-1.23936
-1.24043
-1.2416
-1.24286
-1.24422
-1.24567
-1.24721
-1.24886
-1.2506
-1.25243
-1.25436
-1.25639
-1.25852
-1.26073
-1.26305
-1.26545
-1.26795
-1.27054
-1.27323
-1.276
-1.27886
-1.28181
-1.28485
-1.28797
-1.29117
-1.29446
-1.29782
-1.30126
-1.30478
-1.30837
-1.31203
-1.31576
-1.31956
-1.32342
-1.32734
-1.33132
-1.33536
-1.33945
-1.3436
-1.34779
-1.35202
-1.3563
-1.36061
-1.36496
-1.36934
-1.37375
-1.37819
-1.38265
-1.38712
-1.39162
-1.39612
-1.40064
-1.40516
-1.40967
-1.41419
-1.4187
-1.4232
-1.42769
-1.43216
-1.4366
-1.44102
-1.44541
-1.44977
-1.45409
-1.45837
-1.46261
-1.46679
-1.47092
-1.475
-1.47901
-0.884128
-0.874609
-0.865117
-0.855658
-0.846237
-0.836857
-0.827523
-0.818241
-0.809017
-0.799852
-0.790757
-0.781736
-0.772793
-0.763935
-0.755167
-0.746496
-0.737922
-0.729464
-0.72112
-0.712898
-0.704806
-0.696849
-0.689034
-0.681368
-0.673856
-0.666508
-0.659331
-0.652329
-0.645511
-0.638883
-0.632454
-0.626226
-0.62021
-0.614411
-0.608837
-0.603492
-0.598385
-0.593518
-0.5889
-0.584535
-0.580429
-0.576585
-0.573011
-0.569711
-0.566686
-0.563941
-0.561479
-0.559305
-0.557417
-0.55582
-0.554514
-0.553501
-0.552783
-0.552351
-0.552218
-0.552377
-0.552828
-0.55357
-0.554596
-0.55591
-0.557506
-0.559381
-0.561532
-0.563953
-0.566643
-0.569598
-0.572811
-0.576276
-0.579989
-0.583943
-0.588133
-0.592553
-0.597199
-0.60206
-0.607133
-0.612411
-0.617887
-0.623553
-0.629406
-0.635436
-0.641636
-0.648002
-0.654525
-0.661199
-0.668016
-0.674971
-0.682057
-0.689268
-0.696597
-0.704037
-0.711581
-0.719225
-0.726961
-0.734783
-0.74269
-0.750667
-0.758713
-0.766823
-0.774989
-0.783207
-0.791472
-0.799778
-0.808121
-0.816491
-0.824888
-0.833305
-0.841738
-0.850181
-0.858628
-0.867079
-0.875525
-0.883964
-0.89239
-0.9008
-0.909189
-0.917553
-0.925888
-0.934188
-0.942452
-0.950673
-0.958848
-0.966975
-0.975047
-0.983062
-0.991015
-0.998902
-1.00672
-1.01447
-1.02214
-1.02973
-1.03724
-1.04467
-1.052
-1.05924
-1.06638
-1.07342
-1.08036
-1.08719
-1.09391
-1.10052
-1.107
-1.11337
-1.11962
-1.12574
-1.13172
-1.13758
-1.1433
-1.14889
-1.15433
-1.15963
-1.16479
-1.1698
-1.17465
-1.17936
-1.18391
-1.18831
-1.19255
-1.19663
-1.20055
-1.20431
-1.20791
-1.21135
-1.21462
-1.21774
-1.22069
-1.22348
-1.22611
-1.22858
-1.23089
-1.23305
-1.23506
-1.23691
-1.23861
-1.24016
-1.24158
-1.24285
-1.24398
-1.24498
-1.24585
-1.24659
-1.24722
-1.24773
-1.24813
-1.24842
-1.24861
-1.2487
-1.2487
-1.24862
-1.24846
-1.24822
-1.24792
-1.24755
-1.24713
-1.24666
-1.24614
-1.24557
-1.24498
-1.24435
-1.2437
-1.24304
-1.24236
-1.24167
-1.24099
-1.2403
-1.23962
-1.23896
-1.23831
-1.23769
-1.23709
-1.23652
-1.23599
-1.2355
-1.23505
-1.23465
-1.2343
-1.23401
-1.23377
-1.23359
-1.23348
-1.23343
-1.23346
-1.23356
-1.23373
-1.23398
-1.23431
-1.23472
-1.23522
-1.2358
-1.23648
-1.23724
-1.23809
-1.23903
-1.24007
-1.2412
-1.24242
-1.24375
-1.24516
-1.24667
-1.24828
-1.24999
-1.2518
-1.2537
-1.2557
-1.25779
-1.25999
-1.26228
-1.26466
-1.26714
-1.26971
-1.27237
-1.27513
-1.27797
-1.28091
-1.28393
-1.28704
-1.29023
-1.29351
-1.29687
-1.3003
-1.30381
-1.3074
-1.31106
-1.31479
-1.31859
-1.32245
-1.32638
-1.33037
-1.33441
-1.33851
-1.34267
-1.34687
-1.35112
-1.35541
-1.35974
-1.36411
-1.36851
-1.37295
-1.37741
-1.38189
-1.38639
-1.39092
-1.39545
-1.39999
-1.40454
-1.40909
-1.41365
-1.41819
-1.42273
-1.42725
-1.43176
-1.43624
-1.4407
-1.44513
-1.44953
-1.45389
-1.45822
-1.46249
-1.46672
-1.4709
-1.47502
-1.47907
-0.872017
-0.86246
-0.85293
-0.843435
-0.833981
-0.82457
-0.815208
-0.805899
-0.796651
-0.787466
-0.778352
-0.769315
-0.76036
-0.751493
-0.742721
-0.734049
-0.725478
-0.717026
-0.708694
-0.700489
-0.692418
-0.684487
-0.676704
-0.669075
-0.661605
-0.654306
-0.647183
-0.640243
-0.633492
-0.626938
-0.62059
-0.614451
-0.608531
-0.602835
-0.597368
-0.59214
-0.587158
-0.582424
-0.577946
-0.573728
-0.569777
-0.566098
-0.562694
-0.559569
-0.556728
-0.554176
-0.551913
-0.549943
-0.548269
-0.546892
-0.54581
-0.545027
-0.544544
-0.544355
-0.544468
-0.544878
-0.545581
-0.546581
-0.54787
-0.549448
-0.551311
-0.553455
-0.555877
-0.558571
-0.561533
-0.564759
-0.568246
-0.571983
-0.575968
-0.580194
-0.584653
-0.589341
-0.594252
-0.599379
-0.604713
-0.610249
-0.615981
-0.6219
-0.628001
-0.634277
-0.640719
-0.647321
-0.654077
-0.66098
-0.668022
-0.675196
-0.682498
-0.68992
-0.697453
-0.705094
-0.712839
-0.720674
-0.728596
-0.736598
-0.744677
-0.752825
-0.761038
-0.769308
-0.77763
-0.785998
-0.794408
-0.802854
-0.811334
-0.819833
-0.828354
-0.836891
-0.84544
-0.853993
-0.862548
-0.8711
-0.879644
-0.888174
-0.896687
-0.905178
-0.913645
-0.922082
-0.930485
-0.93885
-0.947174
-0.955449
-0.963675
-0.971847
-0.979959
-0.988012
-0.995999
-1.00392
-1.01176
-1.01953
-1.02722
-1.03483
-1.04235
-1.04978
-1.05711
-1.06435
-1.07148
-1.07852
-1.08544
-1.09225
-1.09896
-1.10554
-1.112
-1.11834
-1.12455
-1.13063
-1.13658
-1.1424
-1.14808
-1.15362
-1.15902
-1.16427
-1.16937
-1.17432
-1.17912
-1.18376
-1.18825
-1.19258
-1.19676
-1.20078
-1.20463
-1.20832
-1.21185
-1.21522
-1.21842
-1.22146
-1.22433
-1.22705
-1.22961
-1.23201
-1.23425
-1.23633
-1.23826
-1.24004
-1.24167
-1.24315
-1.24449
-1.24568
-1.24675
-1.24767
-1.24847
-1.24915
-1.24971
-1.25014
-1.25047
-1.2507
-1.25082
-1.25085
-1.25079
-1.25064
-1.25041
-1.25011
-1.24975
-1.24933
-1.24884
-1.2483
-1.24772
-1.2471
-1.24645
-1.24577
-1.24506
-1.24434
-1.2436
-1.24286
-1.24212
-1.24137
-1.24064
-1.23992
-1.23922
-1.23855
-1.23789
-1.23727
-1.23669
-1.23614
-1.23564
-1.23519
-1.23479
-1.23444
-1.23416
-1.23393
-1.23377
-1.23367
-1.23365
-1.2337
-1.23383
-1.23403
-1.23431
-1.23468
-1.23513
-1.23567
-1.2363
-1.23701
-1.23782
-1.23872
-1.23972
-1.24081
-1.24199
-1.24328
-1.24466
-1.24613
-1.2477
-1.24938
-1.25115
-1.25302
-1.25499
-1.25705
-1.25922
-1.26148
-1.26383
-1.26629
-1.26883
-1.27148
-1.27421
-1.27703
-1.27995
-1.28296
-1.28605
-1.28923
-1.29249
-1.29584
-1.29927
-1.30277
-1.30635
-1.31
-1.31373
-1.31753
-1.32139
-1.32532
-1.32931
-1.33336
-1.33747
-1.34163
-1.34584
-1.3501
-1.35441
-1.35875
-1.36313
-1.36755
-1.372
-1.37648
-1.38099
-1.38552
-1.39006
-1.39462
-1.39919
-1.40377
-1.40835
-1.41293
-1.4175
-1.42207
-1.42663
-1.43117
-1.43569
-1.44019
-1.44466
-1.44909
-1.45349
-1.45785
-1.46217
-1.46644
-1.47066
-1.47482
-1.47891
-0.859742
-0.850146
-0.840579
-0.83105
-0.821562
-0.81212
-0.802729
-0.793395
-0.784123
-0.774918
-0.765786
-0.756734
-0.747767
-0.738892
-0.730116
-0.721443
-0.712876
-0.704433
-0.696113
-0.687926
-0.679877
-0.671974
-0.664224
-0.656632
-0.649209
-0.64196
-0.634894
-0.628017
-0.621337
-0.614861
-0.608595
-0.602549
-0.596727
-0.591137
-0.585785
-0.580679
-0.575826
-0.571228
-0.566894
-0.562829
-0.559038
-0.555527
-0.552298
-0.549359
-0.546709
-0.544351
-0.542294
-0.540535
-0.539079
-0.537925
-0.537075
-0.536527
-0.536285
-0.536345
-0.536708
-0.537374
-0.538338
-0.539601
-0.541157
-0.543004
-0.545138
-0.547558
-0.550252
-0.553222
-0.556461
-0.559963
-0.563725
-0.567739
-0.571998
-0.576497
-0.581228
-0.586187
-0.591365
-0.596755
-0.602353
-0.608149
-0.614137
-0.620308
-0.626658
-0.633178
-0.639862
-0.646701
-0.653689
-0.66082
-0.668086
-0.675479
-0.682995
-0.690629
-0.698368
-0.706208
-0.714143
-0.722168
-0.730274
-0.738456
-0.746709
-0.755026
-0.763403
-0.771831
-0.780305
-0.788823
-0.797376
-0.805961
-0.814574
-0.823205
-0.831851
-0.840506
-0.849168
-0.857831
-0.866491
-0.875142
-0.883781
-0.892402
-0.901001
-0.909573
-0.918116
-0.926626
-0.935097
-0.943524
-0.951905
-0.960235
-0.96851
-0.976728
-0.984885
-0.992974
-1.00099
-1.00894
-1.01681
-1.02461
-1.03231
-1.03993
-1.04746
-1.0549
-1.06223
-1.06947
-1.0766
-1.08363
-1.09054
-1.09734
-1.10402
-1.11058
-1.11702
-1.12333
-1.12951
-1.13556
-1.14147
-1.14725
-1.15289
-1.15838
-1.16373
-1.16893
-1.17398
-1.17888
-1.18362
-1.18821
-1.19264
-1.19691
-1.20103
-1.20498
-1.20877
-1.21239
-1.21585
-1.21915
-1.22228
-1.22525
-1.22806
-1.2307
-1.23319
-1.23551
-1.23768
-1.2397
-1.24155
-1.24326
-1.24481
-1.24622
-1.24749
-1.24862
-1.24961
-1.25047
-1.2512
-1.2518
-1.25229
-1.25266
-1.25292
-1.25308
-1.25313
-1.2531
-1.25297
-1.25276
-1.25247
-1.25211
-1.25168
-1.25119
-1.25065
-1.25005
-1.24941
-1.24873
-1.24801
-1.24727
-1.24651
-1.24573
-1.24493
-1.24413
-1.24333
-1.24254
-1.24175
-1.24097
-1.24021
-1.23948
-1.23877
-1.2381
-1.23746
-1.23686
-1.23631
-1.2358
-1.23534
-1.23494
-1.2346
-1.23433
-1.23411
-1.23397
-1.23389
-1.23389
-1.23396
-1.23412
-1.23435
-1.23467
-1.23507
-1.23556
-1.23614
-1.23681
-1.23758
-1.23843
-1.23938
-1.24043
-1.24157
-1.24282
-1.24415
-1.24559
-1.24713
-1.24876
-1.2505
-1.25233
-1.25426
-1.2563
-1.25843
-1.26066
-1.26299
-1.26541
-1.26793
-1.27055
-1.27326
-1.27606
-1.27895
-1.28194
-1.28501
-1.28817
-1.29142
-1.29475
-1.29816
-1.30166
-1.30523
-1.30887
-1.31259
-1.31639
-1.32024
-1.32417
-1.32816
-1.33221
-1.33632
-1.34049
-1.34471
-1.34897
-1.35328
-1.35764
-1.36204
-1.36647
-1.37093
-1.37543
-1.37995
-1.3845
-1.38906
-1.39364
-1.39823
-1.40283
-1.40744
-1.41205
-1.41665
-1.42125
-1.42584
-1.43041
-1.43496
-1.43949
-1.44399
-1.44846
-1.45289
-1.45729
-1.46164
-1.46595
-1.4702
-1.4744
-1.47853
-0.847306
-0.837672
-0.828067
-0.818504
-0.808982
-0.799509
-0.79009
-0.78073
-0.771434
-0.762209
-0.753058
-0.743992
-0.735015
-0.726133
-0.717352
-0.70868
-0.700118
-0.691684
-0.683377
-0.675209
-0.667184
-0.65931
-0.651595
-0.644043
-0.636667
-0.629472
-0.622465
-0.615654
-0.609047
-0.602651
-0.596473
-0.590522
-0.584802
-0.579322
-0.574088
-0.569107
-0.564387
-0.559933
-0.555749
-0.551842
-0.548215
-0.544876
-0.541829
-0.539077
-0.536625
-0.534473
-0.532627
-0.531083
-0.529851
-0.528929
-0.528314
-0.528008
-0.528014
-0.52833
-0.528948
-0.529875
-0.531105
-0.532634
-0.534461
-0.536585
-0.538994
-0.541689
-0.544663
-0.547912
-0.551431
-0.555213
-0.559255
-0.563546
-0.568082
-0.572857
-0.577862
-0.583092
-0.588539
-0.594196
-0.600057
-0.606113
-0.612357
-0.618782
-0.62538
-0.632145
-0.639069
-0.646145
-0.653365
-0.660726
-0.668214
-0.675825
-0.683554
-0.691393
-0.699334
-0.707373
-0.715501
-0.723713
-0.732002
-0.74036
-0.748784
-0.757269
-0.765808
-0.774394
-0.783022
-0.791686
-0.800382
-0.809104
-0.81785
-0.826607
-0.835376
-0.84415
-0.852923
-0.861694
-0.870455
-0.879205
-0.887937
-0.896647
-0.905331
-0.913984
-0.922603
-0.931181
-0.939718
-0.948208
-0.956648
-0.965034
-0.97336
-0.981623
-0.98982
-0.997947
-1.006
-1.01398
-1.02188
-1.02969
-1.03742
-1.04505
-1.05259
-1.06003
-1.06737
-1.07461
-1.08174
-1.08875
-1.09565
-1.10244
-1.1091
-1.11564
-1.12206
-1.12834
-1.1345
-1.14051
-1.14639
-1.15213
-1.15773
-1.16318
-1.16849
-1.17364
-1.17864
-1.18349
-1.18818
-1.19271
-1.19708
-1.2013
-1.20535
-1.20924
-1.21296
-1.21652
-1.21992
-1.22315
-1.22621
-1.22912
-1.23186
-1.23443
-1.23685
-1.2391
-1.2412
-1.24314
-1.24493
-1.24656
-1.24805
-1.24939
-1.25058
-1.25164
-1.25256
-1.25335
-1.25401
-1.25455
-1.25497
-1.25527
-1.25547
-1.25556
-1.25555
-1.25545
-1.25525
-1.25498
-1.25462
-1.2542
-1.25371
-1.25316
-1.25255
-1.25189
-1.25119
-1.25045
-1.24967
-1.24887
-1.24805
-1.24721
-1.24635
-1.2455
-1.24464
-1.24378
-1.24293
-1.2421
-1.24128
-1.24049
-1.23973
-1.239
-1.2383
-1.23765
-1.23704
-1.23647
-1.23596
-1.23551
-1.23511
-1.23477
-1.2345
-1.23431
-1.23418
-1.23413
-1.23415
-1.23425
-1.23443
-1.23469
-1.23505
-1.23549
-1.23602
-1.23664
-1.23736
-1.23817
-1.23907
-1.24007
-1.24117
-1.24237
-1.24366
-1.24506
-1.24655
-1.24814
-1.24984
-1.25163
-1.25353
-1.25553
-1.25762
-1.25982
-1.26212
-1.26451
-1.267
-1.26958
-1.27227
-1.27504
-1.27791
-1.28087
-1.28392
-1.28707
-1.29029
-1.29361
-1.297
-1.30048
-1.30404
-1.30767
-1.31138
-1.31516
-1.31902
-1.32294
-1.32692
-1.33097
-1.33508
-1.33925
-1.34346
-1.34773
-1.35205
-1.35641
-1.36082
-1.36526
-1.36973
-1.37424
-1.37878
-1.38334
-1.38792
-1.39252
-1.39713
-1.40175
-1.40638
-1.41101
-1.41563
-1.42026
-1.42487
-1.42947
-1.43405
-1.4386
-1.44314
-1.44764
-1.4521
-1.45653
-1.46092
-1.46525
-1.46954
-1.47377
-1.47794
-0.834712
-0.825039
-0.815398
-0.805799
-0.796245
-0.786741
-0.777292
-0.767906
-0.758587
-0.749341
-0.740174
-0.731094
-0.722106
-0.713216
-0.704433
-0.695763
-0.687205
-0.678781
-0.670489
-0.66234
-0.654341
-0.646498
-0.638819
-0.63131
-0.623982
-0.616842
-0.609897
-0.603155
-0.596624
-0.59031
-0.584223
-0.57837
-0.572757
-0.567391
-0.56228
-0.557429
-0.552847
-0.548539
-0.54451
-0.540766
-0.537312
-0.534152
-0.531293
-0.528734
-0.526483
-0.524541
-0.522911
-0.521595
-0.520592
-0.519901
-0.519532
-0.519476
-0.519735
-0.52031
-0.521191
-0.522385
-0.523885
-0.52569
-0.527793
-0.530194
-0.532884
-0.53586
-0.539115
-0.542648
-0.546449
-0.550515
-0.554838
-0.55941
-0.564225
-0.569277
-0.574559
-0.580062
-0.58578
-0.591704
-0.597828
-0.604145
-0.610646
-0.617324
-0.624171
-0.631183
-0.638347
-0.645659
-0.653108
-0.660692
-0.668402
-0.676229
-0.684169
-0.692214
-0.700357
-0.70859
-0.716909
-0.725306
-0.733777
-0.742314
-0.750908
-0.759558
-0.768257
-0.776999
-0.785777
-0.794587
-0.803423
-0.81228
-0.821156
-0.83004
-0.838929
-0.847819
-0.856705
-0.865581
-0.874445
-0.883291
-0.892116
-0.900913
-0.90968
-0.918414
-0.927107
-0.935755
-0.944358
-0.95291
-0.961407
-0.969847
-0.978222
-0.986531
-0.99477
-1.00293
-1.01102
-1.01903
-1.02695
-1.03479
-1.04253
-1.05018
-1.05773
-1.06518
-1.07252
-1.07976
-1.08688
-1.0939
-1.10079
-1.10756
-1.11421
-1.12073
-1.12712
-1.13338
-1.13951
-1.1455
-1.15134
-1.15705
-1.1626
-1.16802
-1.17328
-1.17838
-1.18334
-1.18814
-1.19278
-1.19725
-1.20157
-1.20573
-1.20972
-1.21355
-1.21722
-1.22071
-1.22405
-1.22721
-1.23021
-1.23305
-1.23572
-1.23823
-1.24058
-1.24277
-1.2448
-1.24667
-1.24839
-1.24995
-1.25137
-1.25264
-1.25377
-1.25476
-1.25561
-1.25633
-1.25692
-1.25739
-1.25775
-1.25798
-1.25811
-1.25813
-1.25806
-1.25789
-1.25763
-1.25729
-1.25688
-1.25639
-1.25584
-1.25522
-1.25455
-1.25383
-1.25307
-1.25226
-1.25143
-1.25057
-1.24968
-1.24878
-1.24787
-1.24695
-1.24603
-1.24511
-1.2442
-1.24331
-1.24244
-1.24159
-1.24076
-1.23997
-1.23922
-1.23851
-1.23784
-1.23722
-1.23665
-1.23613
-1.23568
-1.23529
-1.23496
-1.2347
-1.23452
-1.23441
-1.23438
-1.23443
-1.23456
-1.23476
-1.23506
-1.23545
-1.23593
-1.2365
-1.23717
-1.23793
-1.23878
-1.23973
-1.24078
-1.24193
-1.24318
-1.24453
-1.24598
-1.24753
-1.24918
-1.25094
-1.25279
-1.25475
-1.25681
-1.25897
-1.26123
-1.26359
-1.26604
-1.2686
-1.27125
-1.27399
-1.27683
-1.27977
-1.2828
-1.28591
-1.28912
-1.29241
-1.29578
-1.29924
-1.30278
-1.3064
-1.3101
-1.31387
-1.31771
-1.32162
-1.3256
-1.32964
-1.33374
-1.3379
-1.34213
-1.3464
-1.35071
-1.35508
-1.35949
-1.36394
-1.36842
-1.37293
-1.37748
-1.38205
-1.38664
-1.39126
-1.39588
-1.40052
-1.40517
-1.40981
-1.41446
-1.4191
-1.42374
-1.42836
-1.43296
-1.43755
-1.4421
-1.44663
-1.45113
-1.45558
-1.46
-1.46436
-1.46868
-1.47294
-1.47714
-0.821962
-0.812252
-0.802572
-0.792938
-0.783351
-0.773816
-0.764339
-0.754926
-0.745584
-0.736318
-0.727133
-0.718039
-0.709041
-0.700145
-0.691359
-0.68269
-0.674145
-0.665724
-0.657449
-0.649322
-0.641348
-0.633537
-0.625894
-0.618432
-0.611155
-0.604072
-0.597191
-0.590521
-0.584069
-0.577842
-0.571849
-0.566097
-0.560594
-0.555347
-0.550362
-0.545647
-0.541207
-0.537051
-0.533182
-0.529607
-0.526329
-0.523354
-0.520687
-0.51833
-0.51629
-0.514564
-0.513153
-0.512067
-0.511301
-0.510858
-0.510734
-0.510932
-0.511451
-0.512288
-0.513441
-0.514909
-0.516684
-0.518767
-0.521151
-0.523834
-0.52681
-0.530072
-0.533614
-0.537432
-0.541522
-0.545873
-0.550481
-0.555336
-0.560433
-0.565764
-0.571323
-0.5771
-0.583088
-0.58928
-0.595669
-0.602246
-0.609008
-0.615938
-0.623033
-0.630286
-0.637691
-0.645236
-0.652918
-0.660727
-0.668654
-0.676698
-0.684847
-0.693097
-0.70144
-0.709869
-0.718378
-0.726959
-0.735609
-0.74432
-0.753084
-0.761897
-0.770754
-0.779649
-0.788576
-0.79753
-0.806504
-0.815495
-0.824499
-0.833507
-0.842515
-0.851519
-0.860514
-0.869495
-0.878458
-0.887401
-0.896316
-0.905202
-0.914052
-0.922862
-0.931629
-0.940347
-0.949014
-0.957628
-0.966182
-0.974673
-0.983098
-0.991452
-0.999732
-1.00793
-1.01605
-1.02409
-1.03204
-1.0399
-1.04766
-1.05532
-1.06288
-1.07034
-1.07769
-1.08493
-1.09205
-1.09906
-1.10594
-1.1127
-1.11934
-1.12584
-1.13221
-1.13845
-1.14455
-1.15051
-1.15632
-1.16199
-1.16751
-1.17289
-1.1781
-1.18317
-1.18808
-1.19283
-1.19742
-1.20185
-1.20611
-1.21021
-1.21415
-1.21793
-1.22153
-1.22497
-1.22824
-1.23134
-1.23428
-1.23705
-1.23966
-1.2421
-1.24439
-1.24651
-1.24847
-1.25028
-1.25193
-1.25342
-1.25477
-1.25598
-1.25704
-1.25796
-1.25875
-1.2594
-1.25993
-1.26033
-1.26062
-1.26079
-1.26085
-1.26081
-1.26067
-1.26043
-1.26011
-1.25971
-1.25923
-1.25868
-1.25806
-1.25739
-1.25665
-1.25587
-1.25504
-1.25417
-1.25328
-1.25235
-1.2514
-1.25044
-1.24947
-1.24848
-1.2475
-1.24653
-1.24556
-1.2446
-1.24367
-1.24276
-1.24187
-1.24102
-1.24021
-1.23944
-1.23871
-1.23803
-1.2374
-1.23683
-1.23631
-1.23586
-1.23548
-1.23516
-1.23492
-1.23475
-1.23466
-1.23465
-1.23473
-1.23488
-1.23512
-1.23545
-1.23588
-1.23639
-1.23701
-1.23771
-1.23852
-1.23942
-1.24042
-1.24152
-1.24272
-1.24402
-1.24542
-1.24693
-1.24853
-1.25024
-1.25206
-1.25397
-1.25599
-1.25811
-1.26033
-1.26265
-1.26507
-1.26758
-1.2702
-1.27292
-1.27573
-1.27863
-1.28163
-1.28472
-1.2879
-1.29116
-1.29452
-1.29795
-1.30147
-1.30507
-1.30875
-1.31251
-1.31633
-1.32023
-1.3242
-1.32823
-1.33232
-1.33648
-1.34069
-1.34496
-1.34928
-1.35364
-1.35805
-1.3625
-1.36699
-1.37151
-1.37606
-1.38064
-1.38524
-1.38986
-1.3945
-1.39915
-1.40381
-1.40847
-1.41314
-1.4178
-1.42245
-1.42709
-1.43172
-1.43632
-1.4409
-1.44545
-1.44997
-1.45445
-1.45889
-1.46328
-1.46762
-1.47191
-1.47614
-0.809059
-0.799309
-0.789593
-0.779924
-0.770303
-0.760737
-0.751232
-0.741793
-0.732426
-0.723139
-0.713939
-0.704829
-0.695821
-0.686919
-0.67813
-0.669463
-0.660925
-0.652516
-0.644258
-0.636152
-0.628207
-0.620429
-0.612825
-0.605409
-0.598185
-0.591162
-0.584349
-0.577752
-0.571382
-0.565245
-0.559349
-0.553703
-0.548313
-0.543189
-0.538336
-0.53376
-0.529469
-0.525469
-0.521766
-0.518365
-0.51527
-0.512487
-0.510018
-0.507869
-0.506041
-0.504538
-0.503361
-0.502512
-0.501988
-0.501794
-0.501927
-0.502388
-0.503171
-0.504281
-0.505708
-0.507452
-0.509509
-0.511876
-0.514547
-0.517517
-0.520781
-0.524334
-0.528167
-0.532277
-0.536654
-0.541294
-0.54619
-0.551331
-0.556712
-0.562325
-0.568161
-0.574213
-0.580478
-0.586939
-0.593592
-0.60043
-0.607445
-0.614627
-0.621971
-0.629464
-0.637106
-0.644886
-0.652795
-0.660829
-0.668977
-0.677235
-0.685592
-0.694045
-0.702587
-0.711209
-0.719906
-0.72867
-0.737497
-0.746378
-0.75531
-0.764286
-0.773298
-0.782344
-0.791419
-0.800513
-0.809624
-0.818747
-0.827875
-0.837007
-0.846131
-0.855248
-0.864351
-0.873437
-0.882499
-0.891536
-0.900543
-0.909513
-0.918443
-0.927331
-0.93617
-0.944958
-0.953688
-0.962363
-0.970973
-0.979516
-0.98799
-0.996388
-1.00471
-1.01295
-1.0211
-1.02917
-1.03714
-1.04502
-1.0528
-1.06048
-1.06805
-1.07552
-1.08287
-1.09011
-1.09724
-1.10424
-1.11111
-1.11786
-1.12449
-1.13097
-1.13733
-1.14354
-1.14961
-1.15554
-1.16133
-1.16697
-1.17246
-1.17779
-1.18297
-1.18799
-1.19286
-1.19756
-1.20211
-1.20648
-1.2107
-1.21475
-1.21863
-1.22235
-1.2259
-1.22928
-1.23249
-1.23554
-1.23841
-1.24113
-1.24367
-1.24605
-1.24827
-1.25032
-1.25223
-1.25397
-1.25555
-1.25698
-1.25826
-1.2594
-1.2604
-1.26125
-1.26197
-1.26256
-1.26302
-1.26336
-1.26358
-1.26369
-1.26368
-1.26357
-1.26337
-1.26307
-1.26269
-1.26222
-1.26167
-1.26106
-1.26038
-1.25964
-1.25884
-1.258
-1.25711
-1.25618
-1.25522
-1.25423
-1.25322
-1.25219
-1.25115
-1.25011
-1.24907
-1.24803
-1.247
-1.24598
-1.24498
-1.24401
-1.24307
-1.24215
-1.24128
-1.24044
-1.23965
-1.23891
-1.23822
-1.23759
-1.23701
-1.2365
-1.23605
-1.23568
-1.23537
-1.23514
-1.23499
-1.23492
-1.23494
-1.23504
-1.23522
-1.2355
-1.23587
-1.23633
-1.23688
-1.23753
-1.23828
-1.23913
-1.24008
-1.24112
-1.24227
-1.24352
-1.24488
-1.24633
-1.24789
-1.24955
-1.25132
-1.25319
-1.25516
-1.25724
-1.25941
-1.26169
-1.26407
-1.26656
-1.26914
-1.27181
-1.27459
-1.27746
-1.28043
-1.28348
-1.28663
-1.28987
-1.2932
-1.29661
-1.30011
-1.30369
-1.30735
-1.31108
-1.31489
-1.31877
-1.32272
-1.32674
-1.33082
-1.33497
-1.33918
-1.34343
-1.34775
-1.3521
-1.35651
-1.36096
-1.36545
-1.36997
-1.37452
-1.3791
-1.38371
-1.38834
-1.39299
-1.39765
-1.40232
-1.40699
-1.41167
-1.41634
-1.42101
-1.42567
-1.43031
-1.43493
-1.43953
-1.4441
-1.44864
-1.45314
-1.4576
-1.46202
-1.46638
-1.47069
-1.47494
-0.796005
-0.786216
-0.776463
-0.766757
-0.757103
-0.747506
-0.737971
-0.728506
-0.719116
-0.709808
-0.70059
-0.691468
-0.682449
-0.673541
-0.664751
-0.656086
-0.647555
-0.639158
-0.630918
-0.622835
-0.614919
-0.607176
-0.599615
-0.592246
-0.585077
-0.578116
-0.571372
-0.564853
-0.558568
-0.552524
-0.546729
-0.541193
-0.535922
-0.530923
-0.526206
-0.521776
-0.517638
-0.5138
-0.510269
-0.507048
-0.504141
-0.501553
-0.499291
-0.497355
-0.49575
-0.494478
-0.493537
-0.49293
-0.492658
-0.492722
-0.493117
-0.493844
-0.494903
-0.496288
-0.497997
-0.500021
-0.502366
-0.505022
-0.507984
-0.511247
-0.514805
-0.518653
-0.52278
-0.527183
-0.531853
-0.536784
-0.54197
-0.547398
-0.553066
-0.558964
-0.56508
-0.571409
-0.577943
-0.584673
-0.591588
-0.598686
-0.605957
-0.613393
-0.620983
-0.628722
-0.636602
-0.644614
-0.652751
-0.661006
-0.669373
-0.677842
-0.686406
-0.695061
-0.703798
-0.71261
-0.721492
-0.730437
-0.739439
-0.74849
-0.757587
-0.766723
-0.775891
-0.785087
-0.794304
-0.80354
-0.812784
-0.822036
-0.831289
-0.840542
-0.849783
-0.85901
-0.86822
-0.877408
-0.886568
-0.895699
-0.904793
-0.913847
-0.922858
-0.93182
-0.940731
-0.949586
-0.958382
-0.967113
-0.97578
-0.984375
-0.992897
-1.00134
-1.0097
-1.01798
-1.02616
-1.03426
-1.04226
-1.05016
-1.05796
-1.06565
-1.07324
-1.08071
-1.08807
-1.09532
-1.10244
-1.10944
-1.11631
-1.12305
-1.12966
-1.13613
-1.14247
-1.14866
-1.15471
-1.16061
-1.16637
-1.17198
-1.17743
-1.18273
-1.18787
-1.19286
-1.19768
-1.20234
-1.20684
-1.21117
-1.21534
-1.21934
-1.22317
-1.22683
-1.23033
-1.23365
-1.23681
-1.23979
-1.24261
-1.24526
-1.24775
-1.25007
-1.25222
-1.25422
-1.25605
-1.25773
-1.25925
-1.26062
-1.26184
-1.26291
-1.26384
-1.26463
-1.26529
-1.26581
-1.26621
-1.26648
-1.26664
-1.26668
-1.26661
-1.26644
-1.26617
-1.26581
-1.26536
-1.26483
-1.26422
-1.26354
-1.2628
-1.26199
-1.26113
-1.26022
-1.25926
-1.25827
-1.25725
-1.2562
-1.25512
-1.25403
-1.25293
-1.25183
-1.25072
-1.24962
-1.24852
-1.24744
-1.24638
-1.24535
-1.24434
-1.24336
-1.24242
-1.24152
-1.24067
-1.23986
-1.23911
-1.23841
-1.23777
-1.2372
-1.23669
-1.23625
-1.23589
-1.2356
-1.23538
-1.23525
-1.23521
-1.23524
-1.23537
-1.23559
-1.23589
-1.23629
-1.23679
-1.23739
-1.23808
-1.23887
-1.23976
-1.24075
-1.24185
-1.24305
-1.24435
-1.24575
-1.24726
-1.24887
-1.25059
-1.25241
-1.25433
-1.25636
-1.2585
-1.26073
-1.26307
-1.26551
-1.26805
-1.27069
-1.27343
-1.27626
-1.27919
-1.28222
-1.28534
-1.28855
-1.29184
-1.29523
-1.2987
-1.30225
-1.30588
-1.3096
-1.31339
-1.31725
-1.32118
-1.32518
-1.32925
-1.33338
-1.33757
-1.34182
-1.34612
-1.35048
-1.35487
-1.35932
-1.3638
-1.36832
-1.37287
-1.37746
-1.38207
-1.3867
-1.39135
-1.39601
-1.40069
-1.40537
-1.41006
-1.41474
-1.41942
-1.42409
-1.42875
-1.43338
-1.438
-1.44258
-1.44714
-1.45166
-1.45614
-1.46057
-1.46495
-1.46928
-1.47356
-0.782805
-0.772973
-0.763185
-0.753443
-0.743755
-0.734126
-0.724562
-0.71507
-0.705656
-0.696328
-0.687093
-0.677955
-0.668927
-0.660013
-0.651221
-0.64256
-0.634036
-0.625652
-0.61743
-0.609372
-0.601486
-0.593778
-0.586262
-0.578943
-0.571831
-0.564935
-0.558263
-0.551824
-0.545626
-0.539679
-0.533989
-0.528567
-0.523418
-0.518551
-0.513974
-0.509694
-0.505716
-0.502046
-0.498692
-0.495655
-0.492944
-0.490561
-0.488511
-0.486796
-0.485419
-0.484383
-0.483685
-0.48333
-0.483315
-0.483642
-0.484307
-0.485309
-0.486645
-0.488315
-0.490307
-0.492623
-0.49526
-0.49821
-0.501469
-0.50503
-0.508886
-0.513031
-0.517456
-0.522156
-0.527123
-0.532351
-0.537829
-0.543548
-0.549503
-0.55568
-0.562076
-0.568682
-0.575489
-0.582488
-0.589671
-0.59703
-0.604556
-0.612242
-0.620081
-0.628061
-0.636177
-0.64442
-0.652784
-0.661259
-0.669841
-0.67852
-0.687289
-0.696144
-0.705075
-0.714077
-0.723142
-0.732266
-0.74144
-0.750659
-0.759919
-0.769212
-0.778532
-0.787873
-0.797234
-0.806606
-0.815985
-0.825365
-0.834741
-0.844112
-0.853468
-0.862804
-0.872119
-0.881407
-0.890666
-0.899887
-0.909067
-0.918205
-0.927294
-0.936332
-0.945313
-0.954235
-0.963093
-0.971885
-0.980605
-0.989251
-0.997819
-1.00631
-1.01471
-1.02302
-1.03124
-1.03936
-1.04739
-1.05531
-1.06313
-1.07084
-1.07844
-1.08592
-1.09329
-1.10054
-1.10766
-1.11465
-1.12152
-1.12825
-1.13485
-1.14131
-1.14763
-1.1538
-1.15983
-1.16571
-1.17144
-1.17702
-1.18244
-1.18771
-1.19281
-1.19776
-1.20254
-1.20716
-1.21162
-1.2159
-1.22002
-1.22397
-1.22776
-1.23137
-1.23481
-1.23808
-1.24118
-1.24411
-1.24687
-1.24947
-1.2519
-1.25415
-1.25625
-1.25818
-1.25996
-1.26157
-1.26303
-1.26434
-1.26549
-1.2665
-1.26737
-1.2681
-1.26869
-1.26915
-1.26948
-1.26969
-1.26979
-1.26976
-1.26963
-1.26939
-1.26906
-1.26863
-1.26812
-1.26753
-1.26686
-1.26611
-1.2653
-1.26443
-1.26351
-1.26253
-1.26152
-1.26046
-1.25937
-1.25825
-1.25712
-1.25596
-1.2548
-1.25363
-1.25246
-1.25129
-1.25013
-1.24899
-1.24786
-1.24676
-1.24569
-1.24465
-1.24364
-1.24268
-1.24176
-1.24089
-1.24007
-1.23931
-1.23861
-1.23797
-1.23739
-1.23689
-1.23646
-1.23611
-1.23583
-1.23564
-1.23553
-1.2355
-1.23556
-1.23571
-1.23597
-1.23631
-1.23674
-1.23728
-1.23791
-1.23864
-1.23948
-1.24041
-1.24145
-1.24259
-1.24384
-1.24519
-1.24664
-1.2482
-1.24986
-1.25164
-1.25351
-1.25549
-1.25758
-1.25977
-1.26206
-1.26446
-1.26695
-1.26955
-1.27225
-1.27505
-1.27794
-1.28093
-1.28401
-1.28718
-1.29045
-1.2938
-1.29724
-1.30076
-1.30437
-1.30806
-1.31182
-1.31566
-1.31957
-1.32355
-1.3276
-1.33172
-1.3359
-1.34013
-1.34442
-1.34876
-1.35315
-1.35758
-1.36206
-1.36657
-1.37112
-1.3757
-1.38031
-1.38494
-1.38959
-1.39426
-1.39894
-1.40362
-1.40832
-1.41301
-1.41769
-1.42237
-1.42704
-1.43168
-1.43631
-1.44091
-1.44547
-1.45001
-1.4545
-1.45895
-1.46335
-1.4677
-1.47199
-0.769461
-0.759589
-0.749761
-0.739983
-0.730261
-0.720599
-0.711005
-0.701486
-0.692048
-0.682699
-0.673446
-0.664295
-0.655256
-0.646336
-0.637543
-0.628885
-0.620368
-0.612005
-0.603797
-0.595764
-0.587909
-0.580239
-0.572767
-0.5655
-0.558448
-0.551618
-0.545021
-0.538665
-0.532559
-0.526712
-0.521132
-0.515827
-0.510806
-0.506075
-0.501644
-0.497519
-0.493703
-0.490207
-0.487035
-0.484194
-0.481685
-0.479513
-0.477682
-0.476195
-0.475053
-0.474259
-0.473813
-0.473717
-0.473967
-0.474563
-0.475504
-0.476786
-0.478408
-0.480366
-0.482654
-0.485267
-0.488204
-0.49145
-0.495009
-0.498872
-0.503031
-0.507477
-0.512206
-0.517208
-0.52247
-0.527992
-0.533764
-0.539775
-0.546019
-0.552483
-0.559162
-0.566045
-0.573125
-0.580394
-0.587842
-0.595461
-0.603243
-0.61118
-0.619264
-0.627484
-0.635835
-0.644308
-0.652896
-0.661591
-0.670385
-0.679273
-0.688245
-0.697297
-0.706421
-0.715609
-0.724856
-0.734155
-0.743499
-0.752883
-0.762303
-0.771752
-0.781223
-0.790712
-0.800212
-0.809719
-0.819229
-0.828735
-0.838232
-0.84772
-0.857187
-0.866631
-0.87605
-0.885437
-0.894788
-0.9041
-0.913367
-0.922585
-0.931752
-0.940864
-0.949916
-0.958904
-0.967823
-0.976672
-0.985447
-0.994144
-1.00276
-1.01129
-1.01973
-1.02808
-1.03633
-1.04448
-1.05254
-1.06048
-1.06832
-1.07605
-1.08366
-1.09115
-1.09853
-1.10578
-1.1129
-1.11989
-1.12675
-1.13348
-1.14007
-1.14651
-1.15281
-1.15897
-1.16498
-1.17084
-1.17654
-1.18209
-1.18749
-1.19272
-1.19779
-1.2027
-1.20745
-1.21203
-1.21644
-1.22068
-1.22476
-1.22866
-1.2324
-1.23596
-1.23935
-1.24257
-1.24562
-1.24849
-1.2512
-1.25374
-1.25611
-1.25831
-1.26035
-1.26222
-1.26394
-1.26549
-1.26689
-1.26813
-1.26923
-1.27018
-1.27098
-1.27165
-1.27218
-1.27258
-1.27285
-1.27299
-1.27302
-1.27293
-1.27274
-1.27244
-1.27204
-1.27155
-1.27098
-1.27032
-1.26959
-1.26878
-1.26791
-1.26697
-1.26598
-1.26494
-1.26386
-1.26274
-1.26159
-1.2604
-1.2592
-1.25798
-1.25675
-1.25552
-1.25428
-1.25305
-1.25183
-1.25062
-1.24942
-1.24826
-1.24712
-1.24601
-1.24494
-1.24391
-1.24292
-1.24199
-1.2411
-1.24027
-1.2395
-1.2388
-1.23816
-1.23759
-1.2371
-1.23668
-1.23633
-1.23608
-1.2359
-1.23581
-1.2358
-1.2359
-1.23608
-1.23636
-1.23674
-1.23721
-1.23778
-1.23845
-1.23922
-1.2401
-1.24108
-1.24216
-1.24335
-1.24464
-1.24604
-1.24755
-1.24916
-1.25087
-1.2527
-1.25463
-1.25666
-1.2588
-1.26105
-1.2634
-1.26585
-1.2684
-1.27106
-1.27381
-1.27666
-1.27961
-1.28265
-1.28579
-1.28902
-1.29234
-1.29574
-1.29924
-1.30281
-1.30647
-1.31021
-1.31402
-1.31791
-1.32187
-1.32589
-1.32999
-1.33415
-1.33836
-1.34263
-1.34696
-1.35133
-1.35576
-1.36022
-1.36473
-1.36927
-1.37384
-1.37844
-1.38307
-1.38772
-1.39238
-1.39706
-1.40175
-1.40644
-1.41114
-1.41583
-1.42051
-1.42518
-1.42984
-1.43447
-1.43908
-1.44366
-1.4482
-1.45271
-1.45717
-1.46158
-1.46594
-1.47024
-0.755975
-0.746063
-0.736196
-0.72638
-0.716622
-0.706927
-0.697303
-0.687756
-0.678294
-0.668924
-0.659653
-0.650489
-0.641438
-0.632512
-0.623717
-0.615063
-0.606555
-0.598207
-0.590018
-0.582011
-0.574189
-0.566559
-0.559133
-0.55192
-0.544929
-0.538169
-0.531649
-0.52538
-0.519369
-0.513625
-0.508159
-0.502976
-0.498086
-0.493498
-0.489215
-0.485249
-0.481607
-0.478292
-0.475309
-0.472668
-0.470367
-0.468413
-0.466808
-0.465556
-0.464656
-0.464116
-0.463928
-0.464096
-0.464617
-0.46549
-0.466713
-0.468285
-0.470199
-0.472451
-0.475039
-0.477954
-0.481193
-0.484749
-0.488615
-0.492783
-0.497246
-0.501998
-0.507028
-0.512333
-0.5179
-0.52372
-0.529789
-0.536094
-0.542626
-0.549378
-0.556339
-0.5635
-0.570854
-0.578392
-0.586105
-0.593984
-0.602021
-0.610207
-0.618533
-0.626994
-0.635578
-0.644279
-0.65309
-0.662002
-0.671008
-0.680102
-0.689276
-0.698522
-0.707836
-0.717207
-0.726633
-0.736106
-0.745619
-0.755168
-0.764746
-0.774348
-0.783967
-0.793599
-0.803235
-0.812876
-0.822514
-0.832144
-0.841761
-0.851364
-0.860941
-0.870493
-0.880012
-0.889496
-0.89894
-0.90834
-0.917692
-0.926991
-0.936233
-0.945416
-0.954536
-0.963589
-0.97257
-0.981478
-0.990306
-0.999051
-1.00771
-1.01629
-1.02477
-1.03315
-1.04144
-1.04962
-1.0577
-1.06567
-1.07353
-1.08127
-1.08889
-1.0964
-1.10378
-1.11103
-1.11816
-1.12515
-1.13201
-1.13873
-1.14531
-1.15174
-1.15803
-1.16417
-1.17016
-1.17599
-1.18168
-1.1872
-1.19257
-1.19777
-1.20281
-1.20768
-1.21239
-1.21693
-1.2213
-1.22551
-1.22954
-1.2334
-1.23709
-1.2406
-1.24394
-1.24711
-1.25011
-1.25294
-1.25559
-1.25807
-1.26039
-1.26253
-1.26451
-1.26633
-1.26799
-1.26949
-1.27082
-1.27201
-1.27305
-1.27393
-1.27468
-1.27528
-1.27575
-1.27609
-1.27629
-1.27638
-1.27634
-1.27619
-1.27594
-1.27558
-1.27512
-1.27456
-1.27393
-1.27321
-1.27241
-1.27154
-1.2706
-1.2696
-1.26855
-1.26744
-1.26629
-1.26511
-1.26389
-1.26264
-1.26138
-1.26009
-1.2588
-1.2575
-1.25619
-1.25489
-1.2536
-1.25233
-1.25107
-1.24983
-1.24863
-1.24745
-1.24631
-1.24521
-1.24416
-1.24316
-1.2422
-1.24131
-1.24047
-1.2397
-1.23899
-1.23836
-1.23779
-1.23731
-1.2369
-1.23657
-1.23633
-1.23618
-1.2361
-1.23613
-1.23625
-1.23646
-1.23677
-1.23717
-1.23768
-1.23829
-1.239
-1.23982
-1.24073
-1.24175
-1.24288
-1.24412
-1.24546
-1.24691
-1.24846
-1.25012
-1.25189
-1.25377
-1.25575
-1.25784
-1.26003
-1.26233
-1.26474
-1.26724
-1.26985
-1.27256
-1.27536
-1.27827
-1.28127
-1.28437
-1.28756
-1.29084
-1.29421
-1.29767
-1.30121
-1.30484
-1.30854
-1.31233
-1.31619
-1.32012
-1.32412
-1.32819
-1.33233
-1.33652
-1.34077
-1.34508
-1.34944
-1.35385
-1.3583
-1.36279
-1.36732
-1.37188
-1.37648
-1.3811
-1.38574
-1.3904
-1.39508
-1.39976
-1.40445
-1.40915
-1.41384
-1.41852
-1.42319
-1.42785
-1.43249
-1.4371
-1.44169
-1.44624
-1.45075
-1.45522
-1.45964
-1.46401
-1.46832
-0.742352
-0.732396
-0.722491
-0.712637
-0.702843
-0.693115
-0.68346
-0.673885
-0.664397
-0.655004
-0.645714
-0.636535
-0.627475
-0.618542
-0.609747
-0.601095
-0.592597
-0.584263
-0.576096
-0.568116
-0.560326
-0.552738
-0.545361
-0.538203
-0.531276
-0.524589
-0.51815
-0.511969
-0.506057
-0.500421
-0.495071
-0.490015
-0.485261
-0.480818
-0.476695
-0.472896
-0.469429
-0.466302
-0.463516
-0.46108
-0.458995
-0.457266
-0.455895
-0.454886
-0.454238
-0.453953
-0.454032
-0.454473
-0.455273
-0.45643
-0.457944
-0.45981
-0.462022
-0.464577
-0.467467
-0.470695
-0.474242
-0.478108
-0.482285
-0.486766
-0.491539
-0.4966
-0.501939
-0.507547
-0.513418
-0.519541
-0.525909
-0.532507
-0.539331
-0.546368
-0.553612
-0.561051
-0.568679
-0.576486
-0.584462
-0.5926
-0.600891
-0.609325
-0.617894
-0.626591
-0.635409
-0.644336
-0.653367
-0.662494
-0.67171
-0.681008
-0.690379
-0.699818
-0.709319
-0.718874
-0.728477
-0.738121
-0.747801
-0.75751
-0.767245
-0.776997
-0.786763
-0.796535
-0.80631
-0.816081
-0.825846
-0.835597
-0.845332
-0.855047
-0.864734
-0.874388
-0.884008
-0.893587
-0.903122
-0.912608
-0.922043
-0.931422
-0.940739
-0.949994
-0.959182
-0.968299
-0.977341
-0.986304
-0.995186
-1.00398
-1.01269
-1.0213
-1.02982
-1.03824
-1.04656
-1.05477
-1.06288
-1.07087
-1.07875
-1.08651
-1.09415
-1.10166
-1.10905
-1.11631
-1.12344
-1.13043
-1.13728
-1.144
-1.15057
-1.15699
-1.16327
-1.16939
-1.17536
-1.18118
-1.18684
-1.19234
-1.19768
-1.20285
-1.20786
-1.2127
-1.21738
-1.22188
-1.22621
-1.23038
-1.23437
-1.23818
-1.24183
-1.2453
-1.24859
-1.25172
-1.25466
-1.25744
-1.26004
-1.26247
-1.26473
-1.26682
-1.26875
-1.27051
-1.27212
-1.27355
-1.27484
-1.27596
-1.27694
-1.27777
-1.27845
-1.27899
-1.2794
-1.27968
-1.27982
-1.27985
-1.27975
-1.27954
-1.27922
-1.2788
-1.27828
-1.27766
-1.27697
-1.27618
-1.27532
-1.27438
-1.27338
-1.27232
-1.2712
-1.27003
-1.26882
-1.26757
-1.26628
-1.26497
-1.26364
-1.26229
-1.26093
-1.25956
-1.25819
-1.25682
-1.25546
-1.25412
-1.25279
-1.25149
-1.25022
-1.24897
-1.24776
-1.2466
-1.24547
-1.2444
-1.24338
-1.24242
-1.24151
-1.24067
-1.23989
-1.23919
-1.23855
-1.238
-1.23752
-1.23713
-1.23682
-1.23659
-1.23645
-1.23641
-1.23646
-1.2366
-1.23684
-1.23719
-1.23763
-1.23817
-1.23882
-1.23957
-1.24042
-1.24138
-1.24245
-1.24362
-1.2449
-1.24629
-1.24779
-1.24939
-1.2511
-1.25292
-1.25485
-1.25688
-1.25902
-1.26127
-1.26362
-1.26608
-1.26863
-1.2713
-1.27406
-1.27692
-1.27988
-1.28293
-1.28608
-1.28932
-1.29265
-1.29607
-1.29957
-1.30316
-1.30684
-1.31059
-1.31442
-1.31832
-1.32229
-1.32633
-1.33045
-1.33462
-1.33885
-1.34313
-1.34747
-1.35186
-1.35629
-1.36077
-1.36528
-1.36983
-1.37442
-1.37902
-1.38366
-1.38831
-1.39298
-1.39766
-1.40234
-1.40703
-1.41172
-1.4164
-1.42108
-1.42573
-1.43037
-1.43499
-1.43958
-1.44413
-1.44865
-1.45312
-1.45755
-1.46192
-1.46624
-0.728594
-0.718598
-0.70865
-0.698757
-0.688925
-0.679163
-0.669475
-0.659872
-0.650358
-0.640943
-0.631634
-0.62244
-0.613368
-0.60443
-0.595632
-0.586985
-0.578496
-0.570177
-0.562031
-0.55408
-0.546325
-0.53878
-0.531452
-0.524352
-0.517491
-0.510878
-0.504522
-0.498435
-0.492624
-0.487099
-0.48187
-0.476946
-0.472335
-0.468046
-0.464084
-0.460458
-0.457174
-0.45424
-0.451658
-0.449434
-0.447573
-0.446078
-0.444948
-0.444188
-0.443799
-0.44378
-0.444133
-0.444854
-0.445941
-0.447388
-0.449199
-0.451366
-0.453887
-0.456751
-0.459955
-0.463493
-0.467355
-0.471537
-0.476029
-0.480825
-0.485914
-0.491289
-0.496937
-0.502855
-0.509032
-0.515457
-0.522124
-0.529018
-0.536134
-0.543458
-0.550985
-0.558705
-0.566606
-0.574682
-0.582921
-0.591317
-0.59986
-0.608541
-0.617352
-0.626284
-0.635331
-0.644483
-0.653731
-0.663072
-0.672495
-0.681994
-0.691562
-0.701192
-0.710878
-0.720613
-0.73039
-0.740203
-0.750047
-0.759915
-0.769803
-0.779704
-0.789613
-0.799524
-0.809433
-0.819334
-0.829221
-0.839093
-0.848945
-0.85877
-0.868562
-0.878318
-0.888035
-0.897707
-0.907332
-0.916904
-0.926421
-0.935878
-0.945271
-0.954595
-0.96385
-0.973029
-0.98213
-0.991149
-1.00008
-1.00893
-1.01768
-1.02634
-1.03489
-1.04335
-1.0517
-1.05994
-1.06807
-1.07609
-1.08399
-1.09176
-1.09942
-1.10695
-1.11434
-1.12161
-1.12874
-1.13573
-1.14258
-1.14929
-1.15585
-1.16227
-1.16853
-1.17464
-1.1806
-1.18639
-1.19203
-1.19751
-1.20282
-1.20797
-1.21295
-1.21776
-1.2224
-1.22687
-1.23117
-1.23529
-1.23924
-1.24302
-1.24662
-1.25005
-1.2533
-1.25637
-1.25927
-1.262
-1.26455
-1.26693
-1.26914
-1.27118
-1.27306
-1.27476
-1.27631
-1.27769
-1.27892
-1.27999
-1.28091
-1.28168
-1.28231
-1.28279
-1.28314
-1.28335
-1.28344
-1.2834
-1.28325
-1.28298
-1.2826
-1.28211
-1.28153
-1.28086
-1.28009
-1.27924
-1.27832
-1.27732
-1.27625
-1.27513
-1.27394
-1.27271
-1.27143
-1.27012
-1.26877
-1.26739
-1.26599
-1.26457
-1.26314
-1.26171
-1.26027
-1.25883
-1.25741
-1.256
-1.2546
-1.25323
-1.25188
-1.25057
-1.24929
-1.24806
-1.24686
-1.24572
-1.24463
-1.24359
-1.24262
-1.2417
-1.24086
-1.24008
-1.23938
-1.23875
-1.23821
-1.23774
-1.23736
-1.23707
-1.23686
-1.23674
-1.23672
-1.2368
-1.23697
-1.23724
-1.23762
-1.23809
-1.23867
-1.23935
-1.24015
-1.24104
-1.24204
-1.24315
-1.24437
-1.2457
-1.24713
-1.24867
-1.25033
-1.25208
-1.25395
-1.25593
-1.25802
-1.26021
-1.26251
-1.26491
-1.26742
-1.27003
-1.27274
-1.27555
-1.27846
-1.28147
-1.28457
-1.28777
-1.29106
-1.29444
-1.2979
-1.30146
-1.30509
-1.30881
-1.3126
-1.31647
-1.32041
-1.32443
-1.32851
-1.33265
-1.33685
-1.34111
-1.34543
-1.3498
-1.35421
-1.35867
-1.36316
-1.3677
-1.37226
-1.37686
-1.38148
-1.38612
-1.39077
-1.39544
-1.40012
-1.40481
-1.40949
-1.41417
-1.41883
-1.42349
-1.42813
-1.43274
-1.43733
-1.44188
-1.4464
-1.45087
-1.4553
-1.45968
-1.46401
-0.714706
-0.704664
-0.694676
-0.684743
-0.674874
-0.665074
-0.655354
-0.64572
-0.636179
-0.62674
-0.617413
-0.608203
-0.59912
-0.590175
-0.581376
-0.572731
-0.564253
-0.55595
-0.547826
-0.539903
-0.532184
-0.524681
-0.517406
-0.510366
-0.503574
-0.497038
-0.490769
-0.484776
-0.47907
-0.473663
-0.46856
-0.463774
-0.45931
-0.455178
-0.451386
-0.44794
-0.444846
-0.442111
-0.439741
-0.437739
-0.43611
-0.434852
-0.433973
-0.433472
-0.433347
-0.433603
-0.434238
-0.435247
-0.436631
-0.438381
-0.440497
-0.442971
-0.445802
-0.448982
-0.452503
-0.456358
-0.460542
-0.465045
-0.469857
-0.474972
-0.480379
-0.48607
-0.492035
-0.498265
-0.504748
-0.511481
-0.518448
-0.525638
-0.533044
-0.540657
-0.548467
-0.556464
-0.56464
-0.572982
-0.581484
-0.590136
-0.598929
-0.607855
-0.616904
-0.62607
-0.635344
-0.644719
-0.654185
-0.663736
-0.673364
-0.683063
-0.692825
-0.702642
-0.71251
-0.722423
-0.732372
-0.742351
-0.752357
-0.762381
-0.77242
-0.782467
-0.792517
-0.802564
-0.812604
-0.822632
-0.832642
-0.842633
-0.852594
-0.86253
-0.872426
-0.882283
-0.892097
-0.901862
-0.911574
-0.921231
-0.930828
-0.940362
-0.949829
-0.959223
-0.968541
-0.977782
-0.986941
-0.996015
-1.005
-1.01389
-1.02269
-1.03139
-1.03998
-1.04847
-1.05686
-1.06513
-1.07328
-1.08132
-1.08924
-1.09704
-1.10471
-1.11224
-1.11965
-1.12692
-1.13405
-1.14105
-1.1479
-1.1546
-1.16116
-1.16757
-1.17382
-1.17992
-1.18585
-1.19163
-1.19725
-1.20271
-1.208
-1.21312
-1.21807
-1.22285
-1.22746
-1.2319
-1.23616
-1.24025
-1.24417
-1.2479
-1.25146
-1.25485
-1.25805
-1.26108
-1.26394
-1.26662
-1.26912
-1.27146
-1.27362
-1.27561
-1.27742
-1.27908
-1.28057
-1.2819
-1.28307
-1.28409
-1.28495
-1.28567
-1.28624
-1.28666
-1.28695
-1.28711
-1.28714
-1.28704
-1.28683
-1.28649
-1.28605
-1.28551
-1.28487
-1.28413
-1.2833
-1.28239
-1.2814
-1.28034
-1.27921
-1.27802
-1.27677
-1.27548
-1.27414
-1.27275
-1.27134
-1.26989
-1.26843
-1.26694
-1.26544
-1.26394
-1.26243
-1.26093
-1.25944
-1.25795
-1.25649
-1.25505
-1.25363
-1.25225
-1.2509
-1.24959
-1.24833
-1.24711
-1.24595
-1.24485
-1.2438
-1.24281
-1.24189
-1.24105
-1.24027
-1.23957
-1.23895
-1.23842
-1.23796
-1.2376
-1.23731
-1.23713
-1.23704
-1.23704
-1.23715
-1.23735
-1.23765
-1.23806
-1.23857
-1.23918
-1.2399
-1.24073
-1.24167
-1.24271
-1.24387
-1.24513
-1.2465
-1.24798
-1.24957
-1.25127
-1.25308
-1.25499
-1.25702
-1.25915
-1.2614
-1.26374
-1.2662
-1.26875
-1.27141
-1.27417
-1.27704
-1.28
-1.28305
-1.2862
-1.28945
-1.29278
-1.29621
-1.29972
-1.30331
-1.30699
-1.31075
-1.31458
-1.31849
-1.32247
-1.32652
-1.33063
-1.3348
-1.33904
-1.34332
-1.34766
-1.35205
-1.35649
-1.36096
-1.36548
-1.37003
-1.3746
-1.37921
-1.38383
-1.38847
-1.39313
-1.3978
-1.40247
-1.40714
-1.41181
-1.41647
-1.42112
-1.42575
-1.43036
-1.43495
-1.4395
-1.44401
-1.44849
-1.45292
-1.4573
-1.46162
-0.700692
-0.690605
-0.680572
-0.670599
-0.660691
-0.650855
-0.6411
-0.631434
-0.621865
-0.612402
-0.603054
-0.593828
-0.584733
-0.575782
-0.566982
-0.558341
-0.549871
-0.541584
-0.533489
-0.525587
-0.517906
-0.51045
-0.503227
-0.496249
-0.489526
-0.48307
-0.47689
-0.470998
-0.465404
-0.460117
-0.455146
-0.450501
-0.446191
-0.442223
-0.438606
-0.435345
-0.432449
-0.429923
-0.427772
-0.425995
-0.424604
-0.423596
-0.422974
-0.42274
-0.422893
-0.423434
-0.424358
-0.425665
-0.427348
-0.429406
-0.431833
-0.434624
-0.437774
-0.441275
-0.44512
-0.4493
-0.453806
-0.458638
-0.463775
-0.469213
-0.474942
-0.480954
-0.487234
-0.493778
-0.500573
-0.507608
-0.514879
-0.522367
-0.530068
-0.537969
-0.546062
-0.554335
-0.562781
-0.571391
-0.580152
-0.589059
-0.598102
-0.607271
-0.616559
-0.625957
-0.635456
-0.64505
-0.654732
-0.664491
-0.674321
-0.684216
-0.694169
-0.704173
-0.71422
-0.724306
-0.734425
-0.744568
-0.754732
-0.76491
-0.775097
-0.785288
-0.795476
-0.805657
-0.815825
-0.825978
-0.836111
-0.846214
-0.856288
-0.86633
-0.87633
-0.886285
-0.896193
-0.906049
-0.915848
-0.925587
-0.935263
-0.944873
-0.95441
-0.963872
-0.973256
-0.982557
-0.991773
-1.0009
-1.00994
-1.01888
-1.02772
-1.03646
-1.04509
-1.05362
-1.06203
-1.07033
-1.07851
-1.08658
-1.09451
-1.10233
-1.11001
-1.11756
-1.12498
-1.13226
-1.13939
-1.14639
-1.15324
-1.15994
-1.16649
-1.17289
-1.17913
-1.18522
-1.19114
-1.1969
-1.2025
-1.20794
-1.21321
-1.2183
-1.22323
-1.22798
-1.23256
-1.23697
-1.2412
-1.24526
-1.24913
-1.25283
-1.25635
-1.2597
-1.26286
-1.26585
-1.26866
-1.27129
-1.27375
-1.27604
-1.27815
-1.28009
-1.28186
-1.28346
-1.2849
-1.28618
-1.2873
-1.28826
-1.28907
-1.28973
-1.29024
-1.29061
-1.29084
-1.29094
-1.29091
-1.29076
-1.29048
-1.2901
-1.2896
-1.28899
-1.28829
-1.28749
-1.2866
-1.28563
-1.28458
-1.28345
-1.28226
-1.281
-1.27969
-1.27833
-1.27692
-1.27547
-1.27399
-1.27248
-1.27095
-1.26939
-1.26783
-1.26626
-1.26468
-1.26311
-1.26155
-1.25999
-1.25846
-1.25695
-1.25546
-1.254
-1.25258
-1.2512
-1.24987
-1.24858
-1.24735
-1.24617
-1.24505
-1.24399
-1.243
-1.24208
-1.24123
-1.24046
-1.23976
-1.23915
-1.23863
-1.23819
-1.23783
-1.23757
-1.23741
-1.23734
-1.23737
-1.2375
-1.23773
-1.23807
-1.23851
-1.23905
-1.2397
-1.24046
-1.24133
-1.24231
-1.24339
-1.24459
-1.24589
-1.24731
-1.24884
-1.25047
-1.25222
-1.25407
-1.25604
-1.25811
-1.2603
-1.26258
-1.26498
-1.26748
-1.27009
-1.27279
-1.2756
-1.27851
-1.28152
-1.28462
-1.28782
-1.29111
-1.29448
-1.29795
-1.3015
-1.30514
-1.30886
-1.31265
-1.31652
-1.32046
-1.32448
-1.32856
-1.3327
-1.3369
-1.34116
-1.34547
-1.34983
-1.35424
-1.35869
-1.36318
-1.36771
-1.37227
-1.37685
-1.38146
-1.38608
-1.39072
-1.39538
-1.40003
-1.40469
-1.40935
-1.414
-1.41864
-1.42326
-1.42786
-1.43244
-1.43699
-1.4415
-1.44597
-1.45039
-1.45477
-1.45909
-0.686554
-0.676421
-0.666343
-0.656327
-0.646379
-0.636505
-0.626716
-0.617017
-0.607419
-0.597931
-0.588561
-0.579317
-0.570211
-0.56125
-0.552447
-0.543811
-0.535352
-0.52708
-0.519007
-0.511136
-0.503494
-0.496083
-0.488914
-0.482
-0.475351
-0.468978
-0.462892
-0.457104
-0.451624
-0.446461
-0.441627
-0.437129
-0.432978
-0.429179
-0.425743
-0.422677
-0.419986
-0.417674
-0.415748
-0.414212
-0.413068
-0.412322
-0.411967
-0.412008
-0.412444
-0.413275
-0.414497
-0.416108
-0.418102
-0.420475
-0.423222
-0.426337
-0.429813
-0.433641
-0.437816
-0.442328
-0.447164
-0.452325
-0.457791
-0.463557
-0.469611
-0.475944
-0.482545
-0.489403
-0.496511
-0.503855
-0.511426
-0.519214
-0.527207
-0.535396
-0.543771
-0.552322
-0.561039
-0.569913
-0.578934
-0.588094
-0.597384
-0.606795
-0.616317
-0.625944
-0.635667
-0.645478
-0.655371
-0.665336
-0.675366
-0.685455
-0.695596
-0.705782
-0.716006
-0.726264
-0.736549
-0.746854
-0.757174
-0.767503
-0.777835
-0.788166
-0.79849
-0.808802
-0.819099
-0.829375
-0.839624
-0.849842
-0.860024
-0.870171
-0.880271
-0.890324
-0.900323
-0.910268
-0.920152
-0.929974
-0.939727
-0.949409
-0.959017
-0.968545
-0.977993
-0.987355
-0.996626
-1.00581
-1.01489
-1.02388
-1.03276
-1.04155
-1.05022
-1.05878
-1.06722
-1.07555
-1.08376
-1.09185
-1.0998
-1.10763
-1.11533
-1.1229
-1.13032
-1.13761
-1.14475
-1.15175
-1.1586
-1.1653
-1.17184
-1.17824
-1.18447
-1.19054
-1.19645
-1.2022
-1.20778
-1.2132
-1.21845
-1.22352
-1.22842
-1.23315
-1.2377
-1.24208
-1.24628
-1.2503
-1.25414
-1.25781
-1.26129
-1.2646
-1.26772
-1.27066
-1.27343
-1.27602
-1.27844
-1.28067
-1.28274
-1.28463
-1.28635
-1.28791
-1.2893
-1.29053
-1.29159
-1.2925
-1.29326
-1.29386
-1.29432
-1.29464
-1.29481
-1.29485
-1.29477
-1.29455
-1.29422
-1.29378
-1.29322
-1.29255
-1.29179
-1.29093
-1.28998
-1.28895
-1.28783
-1.28664
-1.28539
-1.28407
-1.28269
-1.28127
-1.27979
-1.27828
-1.27673
-1.27515
-1.27355
-1.27193
-1.2703
-1.26866
-1.26701
-1.26537
-1.26374
-1.26212
-1.26051
-1.25893
-1.25737
-1.25584
-1.25435
-1.2529
-1.25149
-1.25012
-1.24881
-1.24756
-1.24637
-1.24524
-1.24417
-1.24317
-1.24225
-1.2414
-1.24064
-1.23995
-1.23935
-1.23884
-1.2384
-1.23807
-1.23783
-1.23769
-1.23765
-1.2377
-1.23786
-1.23812
-1.23849
-1.23896
-1.23954
-1.24023
-1.24103
-1.24193
-1.24295
-1.24408
-1.24532
-1.24667
-1.24813
-1.2497
-1.25138
-1.25317
-1.25507
-1.25708
-1.2592
-1.26143
-1.26377
-1.26621
-1.26876
-1.27141
-1.27417
-1.27702
-1.27997
-1.28302
-1.28617
-1.28941
-1.29274
-1.29616
-1.29967
-1.30326
-1.30693
-1.31069
-1.31452
-1.31842
-1.3224
-1.32644
-1.33055
-1.33471
-1.33894
-1.34322
-1.34755
-1.35193
-1.35635
-1.36082
-1.36532
-1.36985
-1.37441
-1.379
-1.3836
-1.38823
-1.39286
-1.3975
-1.40214
-1.40679
-1.41142
-1.41605
-1.42066
-1.42525
-1.42982
-1.43435
-1.43886
-1.44332
-1.44774
-1.4521
-1.45642
-0.672298
-0.662117
-0.651994
-0.641933
-0.631943
-0.62203
-0.612204
-0.602472
-0.592844
-0.583328
-0.573935
-0.564673
-0.555553
-0.546584
-0.537777
-0.529143
-0.520694
-0.512439
-0.504391
-0.496549
-0.488946
-0.481583
-0.474472
-0.467624
-0.461051
-0.454764
-0.448775
-0.443095
-0.43773
-0.432698
-0.428005
-0.423661
-0.419675
-0.416055
-0.412809
-0.409943
-0.407464
-0.405377
-0.403688
-0.402397
-0.40151
-0.401028
-0.400949
-0.401274
-0.402003
-0.403134
-0.404664
-0.406588
-0.408901
-0.411598
-0.414671
-0.418117
-0.421926
-0.426089
-0.4306
-0.435448
-0.440622
-0.44611
-0.451914
-0.45801
-0.464393
-0.471051
-0.477972
-0.485149
-0.49257
-0.500222
-0.508096
-0.516183
-0.52447
-0.532944
-0.5416
-0.550427
-0.559414
-0.568552
-0.577831
-0.587244
-0.596779
-0.606426
-0.616182
-0.626036
-0.635979
-0.646005
-0.656105
-0.666273
-0.6765
-0.68678
-0.697107
-0.707473
-0.717871
-0.728298
-0.738745
-0.749208
-0.759681
-0.770158
-0.780634
-0.791103
-0.801561
-0.812005
-0.822425
-0.832819
-0.843184
-0.853513
-0.863801
-0.874048
-0.88425
-0.894397
-0.904489
-0.91452
-0.924489
-0.934389
-0.944217
-0.953972
-0.963648
-0.973243
-0.982752
-0.992173
-1.0015
-1.01073
-1.01987
-1.0289
-1.03783
-1.04665
-1.05536
-1.06395
-1.07243
-1.08079
-1.08902
-1.09713
-1.10511
-1.11296
-1.12067
-1.12825
-1.13569
-1.14298
-1.15013
-1.15713
-1.16398
-1.17068
-1.17722
-1.1836
-1.18983
-1.19589
-1.20179
-1.20753
-1.21309
-1.21849
-1.22372
-1.22877
-1.23365
-1.23836
-1.24288
-1.24723
-1.2514
-1.25539
-1.25919
-1.26283
-1.26627
-1.26954
-1.27263
-1.27553
-1.27826
-1.2808
-1.28317
-1.28537
-1.28739
-1.28924
-1.29091
-1.29242
-1.29376
-1.29494
-1.29595
-1.29681
-1.29751
-1.29807
-1.29847
-1.29873
-1.29885
-1.29884
-1.2987
-1.29843
-1.29804
-1.29754
-1.29692
-1.2962
-1.29538
-1.29445
-1.29344
-1.29235
-1.29117
-1.28992
-1.2886
-1.28722
-1.28578
-1.28429
-1.28275
-1.28117
-1.27956
-1.27791
-1.27624
-1.27455
-1.27285
-1.27114
-1.26943
-1.26771
-1.26601
-1.26432
-1.26264
-1.26098
-1.25935
-1.25775
-1.25619
-1.25466
-1.25318
-1.25174
-1.25036
-1.24903
-1.24776
-1.24655
-1.24541
-1.24434
-1.24334
-1.24242
-1.24157
-1.24081
-1.24014
-1.23955
-1.23904
-1.23863
-1.23832
-1.2381
-1.23798
-1.23796
-1.23804
-1.23823
-1.23852
-1.23892
-1.23943
-1.24004
-1.24077
-1.2416
-1.24254
-1.2436
-1.24477
-1.24605
-1.24744
-1.24895
-1.25056
-1.25229
-1.25412
-1.25607
-1.25813
-1.2603
-1.26257
-1.26495
-1.26744
-1.27003
-1.27273
-1.27553
-1.27843
-1.28142
-1.28452
-1.2877
-1.29098
-1.29435
-1.29781
-1.30136
-1.30499
-1.30869
-1.31248
-1.31634
-1.32028
-1.32428
-1.32835
-1.33248
-1.33667
-1.34091
-1.34521
-1.34956
-1.35395
-1.35839
-1.36286
-1.36737
-1.3719
-1.37646
-1.38104
-1.38564
-1.39026
-1.39488
-1.3995
-1.40413
-1.40875
-1.41335
-1.41795
-1.42253
-1.42708
-1.43161
-1.4361
-1.44055
-1.44496
-1.44931
-1.45362
-0.657928
-0.647697
-0.637526
-0.627419
-0.617385
-0.607432
-0.597567
-0.5878
-0.57814
-0.568597
-0.559179
-0.549898
-0.540763
-0.531785
-0.522974
-0.514343
-0.505903
-0.497663
-0.489636
-0.48183
-0.474266
-0.466954
-0.459901
-0.453119
-0.446625
-0.440428
-0.434538
-0.428969
-0.42373
-0.418833
-0.414287
-0.410103
-0.40629
-0.402854
-0.399803
-0.39715
-0.394891
-0.393035
-0.391588
-0.390552
-0.389931
-0.389724
-0.38993
-0.39055
-0.391581
-0.393021
-0.394867
-0.397112
-0.399753
-0.402781
-0.406191
-0.409974
-0.414123
-0.418628
-0.423479
-0.428668
-0.434183
-0.440011
-0.446149
-0.452581
-0.459294
-0.466279
-0.473524
-0.48102
-0.488754
-0.496715
-0.504893
-0.513278
-0.521858
-0.530621
-0.539558
-0.548656
-0.557912
-0.567312
-0.576846
-0.586507
-0.596286
-0.606172
-0.616157
-0.626233
-0.636394
-0.646631
-0.656937
-0.667303
-0.677725
-0.688194
-0.698701
-0.709243
-0.719813
-0.730406
-0.741013
-0.751632
-0.762256
-0.772879
-0.783495
-0.7941
-0.804691
-0.815259
-0.825801
-0.836313
-0.84679
-0.857228
-0.867622
-0.877969
-0.888267
-0.898507
-0.908689
-0.918805
-0.928854
-0.938832
-0.948736
-0.958561
-0.968305
-0.977964
-0.987534
-0.997013
-1.0064
-1.01568
-1.02486
-1.03394
-1.04291
-1.05177
-1.06052
-1.06915
-1.07766
-1.08604
-1.0943
-1.10243
-1.11043
-1.1183
-1.12603
-1.13362
-1.14107
-1.14837
-1.15552
-1.16253
-1.16938
-1.17608
-1.18262
-1.18899
-1.19522
-1.20127
-1.20716
-1.21288
-1.21843
-1.22381
-1.22902
-1.23406
-1.23891
-1.24359
-1.24809
-1.25241
-1.25655
-1.26051
-1.26429
-1.26789
-1.2713
-1.27453
-1.27758
-1.28045
-1.28314
-1.28564
-1.28797
-1.29012
-1.2921
-1.2939
-1.29553
-1.29699
-1.29828
-1.29941
-1.30038
-1.30119
-1.30184
-1.30234
-1.30269
-1.3029
-1.30297
-1.3029
-1.3027
-1.30238
-1.30193
-1.30137
-1.3007
-1.29992
-1.29904
-1.29806
-1.29699
-1.29583
-1.29459
-1.29328
-1.2919
-1.29045
-1.28895
-1.28739
-1.28579
-1.28414
-1.28246
-1.28075
-1.27901
-1.27726
-1.27548
-1.2737
-1.27192
-1.27014
-1.26836
-1.2666
-1.26485
-1.26312
-1.26142
-1.25974
-1.2581
-1.2565
-1.25494
-1.25343
-1.25197
-1.25057
-1.24922
-1.24794
-1.24672
-1.24558
-1.2445
-1.2435
-1.24258
-1.24174
-1.24098
-1.24032
-1.23973
-1.23925
-1.23886
-1.23856
-1.23836
-1.23827
-1.23828
-1.23839
-1.2386
-1.23893
-1.23936
-1.2399
-1.24055
-1.24131
-1.24218
-1.24316
-1.24426
-1.24546
-1.24678
-1.24822
-1.24977
-1.25143
-1.2532
-1.25508
-1.25707
-1.25917
-1.26138
-1.2637
-1.26613
-1.26866
-1.2713
-1.27403
-1.27688
-1.27981
-1.28285
-1.28599
-1.28921
-1.29253
-1.29594
-1.29943
-1.30301
-1.30667
-1.31041
-1.31423
-1.31812
-1.32208
-1.32611
-1.3302
-1.33435
-1.33856
-1.34282
-1.34713
-1.35149
-1.35589
-1.36034
-1.36481
-1.36932
-1.37385
-1.37841
-1.38298
-1.38757
-1.39217
-1.39677
-1.40137
-1.40597
-1.41056
-1.41514
-1.4197
-1.42424
-1.42875
-1.43322
-1.43766
-1.44206
-1.4464
-1.4507
-0.643449
-0.633167
-0.622945
-0.61279
-0.60271
-0.592713
-0.58281
-0.573006
-0.563313
-0.553739
-0.544297
-0.534995
-0.525844
-0.516855
-0.508038
-0.49941
-0.490979
-0.482756
-0.474751
-0.466983
-0.459455
-0.452192
-0.4452
-0.438491
-0.432079
-0.425974
-0.420189
-0.414736
-0.409625
-0.404868
-0.400476
-0.39646
-0.392825
-0.389581
-0.386736
-0.384295
-0.382265
-0.380651
-0.379458
-0.378686
-0.378338
-0.378417
-0.378919
-0.379842
-0.381185
-0.382944
-0.385115
-0.387691
-0.390667
-0.394036
-0.397789
-0.401917
-0.406412
-0.411265
-0.416464
-0.421999
-0.427859
-0.43403
-0.440508
-0.447276
-0.454323
-0.461637
-0.469207
-0.477024
-0.485073
-0.493344
-0.501825
-0.510508
-0.519377
-0.528427
-0.537642
-0.547016
-0.556536
-0.566194
-0.575982
-0.58589
-0.595907
-0.606028
-0.616241
-0.62654
-0.636915
-0.647361
-0.657866
-0.668429
-0.679042
-0.689695
-0.700383
-0.711099
-0.721837
-0.732591
-0.743357
-0.754128
-0.764899
-0.775665
-0.786418
-0.797158
-0.807875
-0.818567
-0.829228
-0.839855
-0.850443
-0.860988
-0.871485
-0.88193
-0.892322
-0.902654
-0.912922
-0.923122
-0.933251
-0.943306
-0.953282
-0.963177
-0.972987
-0.982709
-0.992339
-1.00187
-1.01131
-1.02065
-1.02988
-1.039
-1.04801
-1.05691
-1.06569
-1.07436
-1.0829
-1.09131
-1.0996
-1.10775
-1.11577
-1.12366
-1.1314
-1.13901
-1.14646
-1.15377
-1.16094
-1.16795
-1.1748
-1.1815
-1.18803
-1.19441
-1.20062
-1.20667
-1.21255
-1.21826
-1.2238
-1.22917
-1.23436
-1.23937
-1.2442
-1.24886
-1.25333
-1.25763
-1.26174
-1.26567
-1.26942
-1.27299
-1.27637
-1.27956
-1.28258
-1.28541
-1.28806
-1.29053
-1.29282
-1.29493
-1.29686
-1.29862
-1.3002
-1.30162
-1.30287
-1.30395
-1.30487
-1.30563
-1.30623
-1.30668
-1.30698
-1.30714
-1.30715
-1.30703
-1.30678
-1.3064
-1.3059
-1.30528
-1.30456
-1.30372
-1.30277
-1.30174
-1.3006
-1.29939
-1.29809
-1.29671
-1.29527
-1.29376
-1.29219
-1.29057
-1.2889
-1.28719
-1.28544
-1.28367
-1.28186
-1.28004
-1.2782
-1.27635
-1.2745
-1.27264
-1.27079
-1.26896
-1.26714
-1.26533
-1.26356
-1.26181
-1.26009
-1.25842
-1.25679
-1.2552
-1.25366
-1.25218
-1.25076
-1.2494
-1.24811
-1.24688
-1.24573
-1.24465
-1.24365
-1.24273
-1.2419
-1.24115
-1.24049
-1.23992
-1.23945
-1.23908
-1.23881
-1.23863
-1.23856
-1.23859
-1.23873
-1.23898
-1.23933
-1.2398
-1.24037
-1.24105
-1.24185
-1.24276
-1.24378
-1.24492
-1.24616
-1.24753
-1.249
-1.2506
-1.2523
-1.25411
-1.25603
-1.25806
-1.26021
-1.26246
-1.26482
-1.26729
-1.26987
-1.27255
-1.27533
-1.27821
-1.28119
-1.28426
-1.28743
-1.2907
-1.29405
-1.29749
-1.30102
-1.30463
-1.30832
-1.31209
-1.31594
-1.31985
-1.32384
-1.32788
-1.33199
-1.33616
-1.34038
-1.34466
-1.34898
-1.35335
-1.35775
-1.3622
-1.36667
-1.37118
-1.3757
-1.38025
-1.38481
-1.38938
-1.39396
-1.39854
-1.40311
-1.40768
-1.41224
-1.41678
-1.4213
-1.42579
-1.43025
-1.43467
-1.43905
-1.44338
-1.44766
-0.628864
-0.618528
-0.608255
-0.59805
-0.587922
-0.577881
-0.567934
-0.558092
-0.548364
-0.538759
-0.529289
-0.519965
-0.510794
-0.501794
-0.492973
-0.484346
-0.475922
-0.467716
-0.459738
-0.452003
-0.444517
-0.437306
-0.430376
-0.42374
-0.417411
-0.411402
-0.405725
-0.400393
-0.395419
-0.390809
-0.386576
-0.38273
-0.37928
-0.376236
-0.373603
-0.371387
-0.369597
-0.368234
-0.367303
-0.366806
-0.366744
-0.367116
-0.367925
-0.369161
-0.370826
-0.372913
-0.375419
-0.378335
-0.381655
-0.385372
-0.389475
-0.393957
-0.398806
-0.404011
-0.409563
-0.415448
-0.421657
-0.428175
-0.434994
-0.442105
-0.449489
-0.457135
-0.465031
-0.473168
-0.481532
-0.490112
-0.498896
-0.507876
-0.517036
-0.526369
-0.535861
-0.545505
-0.55529
-0.565207
-0.575243
-0.585394
-0.595649
-0.606
-0.616437
-0.626953
-0.63754
-0.648192
-0.658899
-0.669656
-0.680455
-0.691288
-0.702152
-0.713038
-0.723942
-0.734855
-0.745775
-0.756696
-0.767611
-0.778515
-0.789406
-0.800274
-0.811117
-0.821929
-0.832707
-0.843446
-0.854143
-0.864792
-0.875389
-0.885932
-0.896417
-0.906836
-0.917189
-0.927471
-0.937678
-0.947808
-0.957855
-0.967818
-0.977694
-0.987477
-0.997166
-1.00676
-1.01625
-1.02563
-1.03491
-1.04408
-1.05313
-1.06207
-1.07089
-1.07958
-1.08815
-1.0966
-1.10491
-1.11309
-1.12113
-1.12903
-1.13679
-1.14441
-1.15188
-1.1592
-1.16636
-1.17338
-1.18024
-1.18693
-1.19348
-1.19985
-1.20606
-1.2121
-1.21797
-1.22367
-1.22919
-1.23454
-1.23971
-1.24471
-1.24952
-1.25416
-1.25861
-1.26288
-1.26697
-1.27087
-1.27459
-1.27813
-1.28148
-1.28464
-1.28762
-1.29042
-1.29303
-1.29546
-1.29771
-1.29978
-1.30168
-1.3034
-1.30494
-1.3063
-1.30751
-1.30854
-1.30942
-1.31013
-1.31068
-1.31109
-1.31134
-1.31144
-1.31141
-1.31123
-1.31093
-1.31049
-1.30994
-1.30926
-1.30848
-1.30759
-1.30659
-1.30549
-1.3043
-1.30302
-1.30166
-1.30023
-1.29872
-1.29715
-1.29552
-1.29383
-1.2921
-1.29032
-1.28851
-1.28667
-1.28479
-1.2829
-1.28099
-1.27907
-1.27715
-1.27522
-1.2733
-1.27139
-1.2695
-1.26762
-1.26577
-1.26395
-1.26216
-1.26041
-1.2587
-1.25704
-1.25543
-1.25387
-1.25237
-1.25093
-1.24955
-1.24825
-1.24702
-1.24586
-1.24478
-1.24379
-1.24287
-1.24205
-1.2413
-1.24066
-1.24011
-1.23966
-1.2393
-1.23905
-1.2389
-1.23886
-1.23892
-1.23908
-1.23936
-1.23974
-1.24024
-1.24085
-1.24157
-1.2424
-1.24334
-1.2444
-1.24558
-1.24687
-1.24827
-1.24978
-1.25142
-1.25316
-1.25502
-1.25698
-1.25905
-1.26124
-1.26354
-1.26594
-1.26845
-1.27106
-1.27378
-1.2766
-1.27952
-1.28254
-1.28565
-1.28886
-1.29215
-1.29554
-1.29902
-1.30257
-1.30621
-1.30993
-1.31373
-1.3176
-1.32153
-1.32553
-1.3296
-1.33372
-1.33791
-1.34214
-1.34642
-1.35075
-1.35512
-1.35953
-1.36397
-1.36844
-1.37293
-1.37745
-1.38198
-1.38652
-1.39107
-1.39562
-1.40017
-1.40472
-1.40925
-1.41377
-1.41826
-1.42273
-1.42717
-1.43157
-1.43594
-1.44025
-1.44451
-0.614178
-0.603787
-0.593461
-0.583205
-0.573028
-0.562937
-0.552945
-0.54306
-0.533295
-0.523656
-0.514158
-0.504809
-0.495623
-0.486611
-0.477783
-0.469155
-0.46074
-0.452548
-0.444596
-0.436895
-0.429452
-0.422295
-0.415429
-0.408868
-0.402626
-0.396719
-0.391155
-0.385948
-0.381109
-0.376651
-0.372585
-0.368919
-0.365663
-0.362826
-0.360413
-0.358434
-0.356891
-0.35579
-0.355132
-0.35492
-0.355153
-0.355831
-0.356954
-0.358516
-0.360513
-0.362938
-0.365788
-0.369052
-0.372727
-0.3768
-0.381261
-0.386101
-0.39131
-0.396875
-0.402785
-0.409026
-0.41559
-0.422458
-0.429625
-0.437077
-0.444797
-0.452777
-0.461001
-0.469458
-0.478137
-0.487026
-0.496112
-0.505387
-0.514837
-0.52445
-0.534219
-0.544131
-0.554177
-0.564348
-0.574632
-0.585024
-0.595512
-0.60609
-0.616748
-0.62748
-0.638276
-0.649129
-0.660031
-0.670978
-0.681961
-0.692974
-0.704011
-0.715065
-0.726128
-0.737197
-0.748268
-0.759335
-0.770392
-0.781433
-0.792454
-0.803449
-0.814415
-0.825346
-0.836238
-0.847087
-0.857889
-0.86864
-0.879337
-0.889973
-0.900549
-0.911055
-0.92149
-0.931852
-0.942136
-0.952338
-0.962456
-0.972486
-0.982424
-0.992269
-1.00201
-1.01166
-1.0212
-1.03064
-1.03996
-1.04917
-1.05826
-1.06724
-1.0761
-1.08483
-1.09343
-1.1019
-1.11024
-1.11843
-1.1265
-1.13442
-1.1422
-1.14983
-1.15731
-1.16464
-1.17181
-1.17884
-1.1857
-1.1924
-1.19894
-1.20531
-1.21151
-1.21754
-1.2234
-1.22909
-1.2346
-1.23994
-1.2451
-1.25008
-1.25487
-1.25949
-1.26392
-1.26817
-1.27223
-1.27611
-1.2798
-1.28331
-1.28663
-1.28976
-1.29271
-1.29547
-1.29805
-1.30044
-1.30266
-1.30469
-1.30654
-1.30822
-1.30972
-1.31105
-1.31221
-1.3132
-1.31403
-1.31469
-1.3152
-1.31555
-1.31576
-1.31581
-1.31573
-1.3155
-1.31515
-1.31466
-1.31405
-1.31333
-1.31248
-1.31153
-1.31047
-1.30932
-1.30807
-1.30673
-1.30531
-1.30382
-1.30225
-1.30061
-1.29892
-1.29717
-1.29537
-1.29353
-1.29165
-1.28974
-1.2878
-1.28584
-1.28386
-1.28187
-1.27988
-1.27788
-1.27589
-1.27391
-1.27194
-1.26999
-1.26807
-1.26617
-1.26431
-1.26248
-1.26069
-1.25895
-1.25726
-1.25562
-1.25405
-1.25253
-1.25107
-1.24969
-1.24838
-1.24714
-1.24598
-1.24491
-1.24391
-1.24301
-1.24219
-1.24146
-1.24083
-1.24029
-1.23986
-1.23953
-1.2393
-1.23917
-1.23915
-1.23924
-1.23943
-1.23974
-1.24016
-1.24068
-1.24132
-1.24208
-1.24295
-1.24393
-1.24503
-1.24624
-1.24757
-1.24901
-1.25057
-1.25223
-1.25402
-1.25591
-1.25792
-1.26004
-1.26226
-1.2646
-1.26704
-1.26959
-1.27224
-1.275
-1.27786
-1.28081
-1.28386
-1.28701
-1.29025
-1.29358
-1.297
-1.3005
-1.30409
-1.30775
-1.31149
-1.31532
-1.3192
-1.32316
-1.32717
-1.33125
-1.33539
-1.33958
-1.34382
-1.34811
-1.35244
-1.35681
-1.36121
-1.36564
-1.3701
-1.37458
-1.37908
-1.38359
-1.38811
-1.39263
-1.39716
-1.40167
-1.40618
-1.41067
-1.41514
-1.41959
-1.424
-1.42838
-1.43272
-1.43702
-1.44126
-0.599395
-0.588946
-0.578564
-0.568254
-0.558025
-0.547886
-0.537848
-0.527918
-0.518114
-0.50844
-0.498911
-0.489537
-0.48033
-0.471302
-0.462468
-0.45384
-0.445432
-0.437255
-0.429327
-0.42166
-0.414262
-0.407161
-0.400361
-0.393879
-0.387728
-0.381923
-0.376474
-0.371396
-0.366702
-0.362402
-0.358508
-0.35503
-0.351976
-0.349357
-0.347175
-0.34544
-0.344156
-0.343326
-0.342952
-0.343036
-0.343576
-0.344571
-0.346018
-0.347917
-0.350255
-0.35303
-0.356234
-0.359855
-0.363892
-0.368329
-0.373157
-0.378364
-0.383939
-0.389869
-0.396142
-0.402745
-0.409665
-0.41689
-0.424402
-0.432199
-0.440259
-0.448572
-0.457123
-0.465902
-0.474895
-0.484091
-0.493479
-0.503047
-0.512784
-0.522675
-0.532716
-0.542895
-0.553199
-0.563621
-0.574151
-0.584781
-0.595501
-0.606302
-0.617178
-0.628119
-0.639121
-0.650172
-0.661267
-0.6724
-0.683563
-0.69475
-0.705956
-0.717174
-0.728396
-0.739619
-0.750836
-0.762047
-0.773241
-0.784415
-0.795565
-0.806685
-0.81777
-0.828817
-0.83982
-0.850777
-0.861683
-0.872534
-0.883325
-0.894053
-0.904718
-0.915309
-0.925825
-0.936264
-0.946623
-0.956897
-0.967084
-0.977178
-0.987179
-0.997083
-1.00689
-1.01658
-1.02618
-1.03566
-1.04503
-1.05428
-1.06342
-1.07243
-1.08132
-1.09008
-1.09871
-1.10721
-1.11557
-1.1238
-1.13188
-1.13982
-1.14761
-1.15526
-1.16276
-1.1701
-1.17728
-1.18431
-1.19117
-1.19788
-1.20441
-1.21078
-1.21698
-1.22301
-1.22886
-1.23454
-1.24004
-1.24537
-1.25051
-1.25547
-1.26025
-1.26485
-1.26926
-1.27349
-1.27753
-1.28138
-1.28505
-1.28852
-1.29182
-1.29492
-1.29783
-1.30057
-1.30311
-1.30547
-1.30765
-1.30964
-1.31146
-1.3131
-1.31456
-1.31585
-1.31696
-1.31791
-1.3187
-1.31931
-1.31978
-1.32008
-1.32024
-1.32025
-1.32011
-1.31984
-1.31943
-1.31889
-1.31823
-1.31745
-1.31655
-1.31554
-1.31443
-1.31322
-1.31191
-1.31052
-1.30904
-1.30748
-1.30585
-1.30416
-1.3024
-1.30059
-1.29872
-1.29682
-1.29487
-1.29289
-1.29088
-1.28885
-1.28681
-1.28475
-1.28268
-1.28062
-1.27855
-1.2765
-1.27446
-1.27243
-1.27043
-1.26846
-1.26652
-1.26462
-1.26275
-1.26094
-1.25917
-1.25745
-1.25579
-1.2542
-1.25267
-1.2512
-1.24981
-1.24849
-1.24725
-1.24609
-1.24502
-1.24403
-1.24313
-1.24232
-1.24161
-1.24099
-1.24047
-1.24006
-1.23975
-1.23954
-1.23944
-1.23944
-1.23956
-1.23978
-1.24012
-1.24057
-1.24113
-1.2418
-1.24259
-1.2435
-1.24452
-1.24565
-1.2469
-1.24827
-1.24975
-1.25134
-1.25305
-1.25487
-1.25681
-1.25886
-1.26101
-1.26328
-1.26565
-1.26813
-1.27072
-1.27341
-1.2762
-1.27909
-1.28208
-1.28517
-1.28834
-1.29161
-1.29497
-1.29842
-1.30195
-1.30556
-1.30925
-1.31302
-1.31685
-1.32075
-1.32472
-1.32875
-1.33284
-1.33699
-1.34118
-1.34543
-1.34971
-1.35404
-1.3584
-1.3628
-1.36722
-1.37166
-1.37613
-1.3806
-1.38509
-1.38958
-1.39407
-1.39856
-1.40303
-1.4075
-1.41194
-1.41636
-1.42075
-1.42511
-1.42942
-1.43369
-1.43792
-0.584522
-0.574015
-0.563574
-0.553207
-0.542922
-0.532732
-0.522645
-0.512672
-0.502824
-0.493113
-0.48355
-0.474147
-0.464918
-0.455874
-0.447031
-0.438401
-0.43
-0.421838
-0.413935
-0.406303
-0.39895
-0.391903
-0.385173
-0.378771
-0.372714
-0.367014
-0.361687
-0.356745
-0.352201
-0.348066
-0.344353
-0.34107
-0.338227
-0.335832
-0.333892
-0.332412
-0.331398
-0.33085
-0.330772
-0.331162
-0.332021
-0.333345
-0.335129
-0.337372
-0.340064
-0.343198
-0.346764
-0.350756
-0.355162
-0.359974
-0.365175
-0.370755
-0.376702
-0.383002
-0.389644
-0.396612
-0.403893
-0.411474
-0.419338
-0.427478
-0.435881
-0.444525
-0.453405
-0.462504
-0.471809
-0.481312
-0.490999
-0.50086
-0.510881
-0.521051
-0.531362
-0.541803
-0.552363
-0.563033
-0.573805
-0.584668
-0.595615
-0.606638
-0.617728
-0.628875
-0.640076
-0.651323
-0.662607
-0.673922
-0.685262
-0.69662
-0.70799
-0.719368
-0.730746
-0.742118
-0.753483
-0.764832
-0.776161
-0.787463
-0.798738
-0.809979
-0.821182
-0.832341
-0.843454
-0.854516
-0.865522
-0.87647
-0.887354
-0.898172
-0.908923
-0.919597
-0.930193
-0.940708
-0.95114
-0.961484
-0.971736
-0.981895
-0.991957
-1.00192
-1.01178
-1.02153
-1.03117
-1.0407
-1.05011
-1.05941
-1.06858
-1.07763
-1.08656
-1.09535
-1.10401
-1.11254
-1.12093
-1.12918
-1.13728
-1.14524
-1.15305
-1.16071
-1.16821
-1.17557
-1.18276
-1.18979
-1.19666
-1.20337
-1.2099
-1.21627
-1.22247
-1.22849
-1.23434
-1.24001
-1.2455
-1.25082
-1.25595
-1.2609
-1.26566
-1.27024
-1.27463
-1.27884
-1.28285
-1.28668
-1.29033
-1.29378
-1.29704
-1.30011
-1.303
-1.3057
-1.30821
-1.31054
-1.31268
-1.31464
-1.31642
-1.31803
-1.31944
-1.32069
-1.32177
-1.32268
-1.32342
-1.324
-1.32442
-1.32467
-1.32478
-1.32474
-1.32456
-1.32424
-1.32378
-1.32319
-1.32247
-1.32164
-1.32069
-1.31962
-1.31846
-1.31719
-1.31582
-1.31437
-1.31283
-1.31122
-1.30953
-1.30777
-1.30595
-1.30407
-1.30215
-1.30017
-1.29816
-1.29612
-1.29404
-1.29194
-1.28983
-1.2877
-1.28556
-1.28342
-1.28129
-1.27916
-1.27705
-1.27495
-1.27287
-1.27083
-1.26881
-1.26683
-1.26489
-1.26299
-1.26115
-1.25935
-1.25761
-1.25594
-1.25432
-1.25278
-1.25131
-1.24991
-1.24859
-1.24735
-1.24619
-1.24512
-1.24414
-1.24324
-1.24245
-1.24175
-1.24115
-1.24065
-1.24025
-1.23996
-1.23978
-1.2397
-1.23973
-1.23988
-1.24013
-1.2405
-1.24098
-1.24157
-1.24228
-1.24311
-1.24405
-1.24511
-1.24628
-1.24756
-1.24897
-1.25049
-1.25212
-1.25387
-1.25572
-1.25769
-1.25978
-1.26198
-1.26428
-1.26669
-1.26921
-1.27183
-1.27455
-1.27738
-1.2803
-1.28332
-1.28644
-1.28965
-1.29295
-1.29633
-1.2998
-1.30335
-1.30698
-1.3107
-1.31448
-1.31833
-1.32225
-1.32623
-1.33027
-1.33436
-1.33851
-1.34271
-1.34695
-1.35123
-1.35555
-1.35991
-1.36429
-1.36869
-1.37312
-1.37756
-1.38201
-1.38646
-1.39092
-1.39537
-1.39982
-1.40425
-1.40866
-1.41305
-1.41742
-1.42174
-1.42604
-1.43028
-1.43448
-0.569568
-0.558995
-0.548495
-0.538068
-0.527727
-0.517481
-0.507343
-0.497321
-0.487428
-0.477676
-0.468077
-0.458644
-0.449391
-0.440329
-0.431474
-0.422844
-0.414444
-0.406299
-0.398419
-0.390822
-0.383521
-0.376526
-0.369865
-0.363546
-0.357586
-0.351998
-0.346797
-0.341996
-0.337609
-0.333647
-0.330122
-0.327043
-0.324419
-0.322261
-0.320572
-0.319358
-0.318624
-0.318371
-0.318599
-0.319309
-0.320497
-0.322161
-0.324296
-0.326894
-0.329953
-0.333455
-0.337396
-0.341765
-0.346552
-0.351743
-0.357325
-0.363285
-0.36961
-0.376287
-0.3833
-0.390637
-0.398283
-0.406222
-0.41444
-0.422924
-0.431669
-0.440646
-0.449852
-0.459272
-0.468891
-0.478698
-0.488682
-0.498833
-0.509135
-0.51958
-0.530158
-0.540857
-0.55167
-0.562585
-0.573594
-0.584688
-0.595858
-0.607097
-0.618396
-0.629749
-0.641147
-0.652581
-0.664051
-0.675544
-0.687057
-0.698582
-0.710114
-0.721648
-0.733179
-0.744698
-0.756201
-0.767686
-0.779147
-0.790578
-0.801975
-0.813334
-0.824648
-0.83592
-0.847138
-0.858301
-0.869406
-0.880448
-0.891423
-0.902329
-0.913164
-0.923919
-0.934593
-0.945182
-0.955684
-0.966096
-0.976415
-0.986637
-0.996758
-1.00678
-1.01669
-1.02649
-1.03618
-1.04576
-1.05522
-1.06455
-1.07377
-1.08285
-1.09181
-1.10063
-1.10933
-1.11788
-1.1263
-1.13457
-1.14269
-1.15067
-1.15849
-1.16617
-1.17369
-1.18105
-1.18826
-1.19529
-1.20217
-1.20888
-1.21542
-1.22178
-1.22798
-1.234
-1.23984
-1.2455
-1.25099
-1.25629
-1.26141
-1.26634
-1.27109
-1.27565
-1.28003
-1.28421
-1.28821
-1.29202
-1.29564
-1.29906
-1.3023
-1.30535
-1.30821
-1.31088
-1.31336
-1.31565
-1.31776
-1.31969
-1.32143
-1.32299
-1.32438
-1.32559
-1.32663
-1.3275
-1.32819
-1.32873
-1.32911
-1.32932
-1.32939
-1.32929
-1.32906
-1.32869
-1.32818
-1.32754
-1.32678
-1.32589
-1.32489
-1.32377
-1.32255
-1.32123
-1.3198
-1.31829
-1.3167
-1.31502
-1.31327
-1.31145
-1.30957
-1.30763
-1.30564
-1.3036
-1.30153
-1.29941
-1.29727
-1.29511
-1.29292
-1.29072
-1.28852
-1.28631
-1.2841
-1.2819
-1.27971
-1.27754
-1.27539
-1.27326
-1.27117
-1.26911
-1.26709
-1.26512
-1.2632
-1.26132
-1.2595
-1.25775
-1.25605
-1.25443
-1.25287
-1.25139
-1.24999
-1.24866
-1.24742
-1.24627
-1.2452
-1.24423
-1.24335
-1.24256
-1.24188
-1.2413
-1.24082
-1.24044
-1.24018
-1.24002
-1.23996
-1.24002
-1.24019
-1.24048
-1.24088
-1.24139
-1.24202
-1.24276
-1.24362
-1.2446
-1.24569
-1.2469
-1.24822
-1.24966
-1.25122
-1.25289
-1.25467
-1.25657
-1.25857
-1.26069
-1.26293
-1.26527
-1.26771
-1.27027
-1.27292
-1.27568
-1.27853
-1.28149
-1.28454
-1.28768
-1.29092
-1.29424
-1.29765
-1.30114
-1.30472
-1.30837
-1.3121
-1.31589
-1.31975
-1.32368
-1.32767
-1.33171
-1.33581
-1.33996
-1.34415
-1.34839
-1.35266
-1.35697
-1.36131
-1.36568
-1.37006
-1.37446
-1.37887
-1.38329
-1.38771
-1.39213
-1.39654
-1.40094
-1.40532
-1.40968
-1.41401
-1.41831
-1.42257
-1.42679
-1.43096
-0.554536
-0.543898
-0.533332
-0.522845
-0.512442
-0.502139
-0.491944
-0.481871
-0.47193
-0.462134
-0.452497
-0.443034
-0.433753
-0.424671
-0.415803
-0.407165
-0.39877
-0.390639
-0.382784
-0.375221
-0.367965
-0.361029
-0.35444
-0.348208
-0.342348
-0.336876
-0.331806
-0.327153
-0.322929
-0.319148
-0.315819
-0.312954
-0.310561
-0.308649
-0.307223
-0.306287
-0.305844
-0.305897
-0.306445
-0.307487
-0.309018
-0.311035
-0.313531
-0.316499
-0.31993
-0.323815
-0.32814
-0.332896
-0.338071
-0.34365
-0.34962
-0.355967
-0.362676
-0.369733
-0.377122
-0.38483
-0.392842
-0.401143
-0.409714
-0.418549
-0.42763
-0.436944
-0.446475
-0.456213
-0.466143
-0.476253
-0.486531
-0.496968
-0.507549
-0.518264
-0.529105
-0.54006
-0.55112
-0.562277
-0.57352
-0.58484
-0.59623
-0.607681
-0.619186
-0.630737
-0.642328
-0.653951
-0.665599
-0.677266
-0.688949
-0.700637
-0.712327
-0.724014
-0.735692
-0.747354
-0.758995
-0.770613
-0.782202
-0.793757
-0.805273
-0.816748
-0.828176
-0.839553
-0.850875
-0.862135
-0.873336
-0.88447
-0.895534
-0.906525
-0.917439
-0.928275
-0.939025
-0.949687
-0.960258
-0.970737
-0.98112
-0.991402
-1.00158
-1.01165
-1.02162
-1.03147
-1.04121
-1.05083
-1.06033
-1.06971
-1.07897
-1.08809
-1.09708
-1.10593
-1.11466
-1.12324
-1.13167
-1.13997
-1.14811
-1.15611
-1.16395
-1.17165
-1.17918
-1.18655
-1.19376
-1.20081
-1.20769
-1.2144
-1.22094
-1.22731
-1.2335
-1.23952
-1.24535
-1.25101
-1.25649
-1.26178
-1.26689
-1.27181
-1.27655
-1.28109
-1.28545
-1.28962
-1.29359
-1.29738
-1.30098
-1.30438
-1.30759
-1.31062
-1.31345
-1.31609
-1.31854
-1.32081
-1.32288
-1.32478
-1.32648
-1.32801
-1.32936
-1.33053
-1.33153
-1.33236
-1.33302
-1.33352
-1.33385
-1.33402
-1.33404
-1.33391
-1.33363
-1.33321
-1.33265
-1.33197
-1.33115
-1.33021
-1.32915
-1.32798
-1.3267
-1.32532
-1.32385
-1.32228
-1.32063
-1.31889
-1.31708
-1.3152
-1.31326
-1.31126
-1.3092
-1.3071
-1.30496
-1.30278
-1.30057
-1.29834
-1.29609
-1.29382
-1.29154
-1.28926
-1.28698
-1.28471
-1.28244
-1.2802
-1.27797
-1.27577
-1.2736
-1.27147
-1.26937
-1.26732
-1.26531
-1.26336
-1.26146
-1.25962
-1.25785
-1.25614
-1.2545
-1.25294
-1.25145
-1.25005
-1.24872
-1.24749
-1.24634
-1.24527
-1.24431
-1.24344
-1.24267
-1.24201
-1.24144
-1.24098
-1.24063
-1.24038
-1.24025
-1.24022
-1.24031
-1.24051
-1.24083
-1.24125
-1.2418
-1.24246
-1.24324
-1.24413
-1.24514
-1.24627
-1.24751
-1.24887
-1.25035
-1.25194
-1.25365
-1.25547
-1.2574
-1.25944
-1.2616
-1.26386
-1.26624
-1.26872
-1.2713
-1.27399
-1.27678
-1.27966
-1.28265
-1.28572
-1.28889
-1.29215
-1.2955
-1.29893
-1.30244
-1.30604
-1.3097
-1.31344
-1.31725
-1.32112
-1.32505
-1.32904
-1.33309
-1.33719
-1.34133
-1.34552
-1.34974
-1.35401
-1.3583
-1.36262
-1.36696
-1.37132
-1.37569
-1.38006
-1.38445
-1.38883
-1.3932
-1.39756
-1.40191
-1.40623
-1.41053
-1.4148
-1.41903
-1.42322
-1.42736
-0.539432
-0.528728
-0.518095
-0.507539
-0.497073
-0.486709
-0.476456
-0.466327
-0.456336
-0.446494
-0.436815
-0.427313
-0.418003
-0.408899
-0.400017
-0.391371
-0.38298
-0.37486
-0.367028
-0.359499
-0.352292
-0.345417
-0.338902
-0.332758
-0.327002
-0.321651
-0.316718
-0.312219
-0.308166
-0.304573
-0.30145
-0.298809
-0.296657
-0.295002
-0.29385
-0.293205
-0.293068
-0.293441
-0.294322
-0.295706
-0.297593
-0.299974
-0.302844
-0.306193
-0.310008
-0.314287
-0.319008
-0.32416
-0.32973
-0.335704
-0.342069
-0.348809
-0.355907
-0.363349
-0.37112
-0.379203
-0.387583
-0.396245
-0.405176
-0.414356
-0.423776
-0.433423
-0.443279
-0.453332
-0.46357
-0.47398
-0.48455
-0.495272
-0.506128
-0.517112
-0.528211
-0.539419
-0.550722
-0.562116
-0.573587
-0.585129
-0.596733
-0.608393
-0.6201
-0.631846
-0.643625
-0.65543
-0.667255
-0.679094
-0.690939
-0.702787
-0.714632
-0.726466
-0.738287
-0.750089
-0.761864
-0.773611
-0.785325
-0.797
-0.808635
-0.820221
-0.831756
-0.843236
-0.854659
-0.866019
-0.877312
-0.888534
-0.899684
-0.910758
-0.921752
-0.932665
-0.943488
-0.954221
-0.96486
-0.975404
-0.985848
-0.99619
-1.00643
-1.01655
-1.02657
-1.03647
-1.04626
-1.05593
-1.06547
-1.07489
-1.08418
-1.09333
-1.10236
-1.11125
-1.11999
-1.1286
-1.13706
-1.14538
-1.15355
-1.16157
-1.16943
-1.17713
-1.18468
-1.19206
-1.19928
-1.20633
-1.21322
-1.21994
-1.22648
-1.23285
-1.23904
-1.24505
-1.25089
-1.25654
-1.26201
-1.26729
-1.27239
-1.2773
-1.28202
-1.28656
-1.2909
-1.29505
-1.29901
-1.30277
-1.30635
-1.30973
-1.31292
-1.31592
-1.31872
-1.32134
-1.32376
-1.32599
-1.32804
-1.3299
-1.33158
-1.33307
-1.33439
-1.33552
-1.33648
-1.33728
-1.3379
-1.33835
-1.33864
-1.33877
-1.33875
-1.33857
-1.33825
-1.33778
-1.33718
-1.33644
-1.33558
-1.33459
-1.33348
-1.33225
-1.33092
-1.32949
-1.32796
-1.32633
-1.32462
-1.32283
-1.32096
-1.31902
-1.31702
-1.31495
-1.31283
-1.31067
-1.30846
-1.30622
-1.30394
-1.30164
-1.29932
-1.29698
-1.29464
-1.29228
-1.28993
-1.28758
-1.28525
-1.28293
-1.28063
-1.27835
-1.2761
-1.27389
-1.27172
-1.26959
-1.2675
-1.26547
-1.26349
-1.26157
-1.25971
-1.25792
-1.2562
-1.25456
-1.25298
-1.2515
-1.25009
-1.24877
-1.24753
-1.24638
-1.24533
-1.24438
-1.24353
-1.24277
-1.24212
-1.24158
-1.24114
-1.24081
-1.24059
-1.24048
-1.24048
-1.24059
-1.24082
-1.24117
-1.24163
-1.24221
-1.2429
-1.24371
-1.24464
-1.24568
-1.24684
-1.24812
-1.24952
-1.25103
-1.25266
-1.2544
-1.25625
-1.25822
-1.2603
-1.26249
-1.26479
-1.26719
-1.26971
-1.27232
-1.27504
-1.27785
-1.28077
-1.28378
-1.28688
-1.29007
-1.29335
-1.29672
-1.30017
-1.3037
-1.3073
-1.31098
-1.31473
-1.31854
-1.32242
-1.32635
-1.33035
-1.33439
-1.33848
-1.34262
-1.34679
-1.35101
-1.35525
-1.35952
-1.36382
-1.36813
-1.37246
-1.3768
-1.38114
-1.38547
-1.38981
-1.39413
-1.39844
-1.40273
-1.407
-1.41123
-1.41543
-1.41958
-1.42369
-0.52427
-0.513492
-0.502785
-0.492159
-0.481626
-0.471196
-0.460882
-0.450694
-0.440647
-0.430754
-0.421029
-0.411488
-0.402146
-0.393017
-0.384118
-0.375462
-0.36707
-0.358962
-0.351152
-0.343659
-0.336499
-0.329686
-0.323248
-0.317198
-0.31155
-0.306324
-0.301535
-0.297196
-0.293322
-0.289925
-0.287019
-0.284612
-0.282713
-0.281329
-0.280464
-0.280122
-0.280304
-0.28101
-0.282237
-0.283982
-0.286238
-0.288998
-0.292253
-0.295993
-0.300206
-0.304885
-0.310012
-0.315569
-0.321546
-0.327925
-0.334692
-0.34183
-0.349322
-0.357153
-0.365307
-0.373767
-0.382517
-0.391543
-0.400829
-0.410355
-0.420115
-0.430092
-0.440271
-0.450637
-0.46118
-0.471888
-0.482747
-0.493748
-0.504876
-0.516123
-0.527478
-0.538932
-0.550476
-0.5621
-0.573797
-0.585557
-0.597371
-0.609234
-0.621138
-0.633074
-0.645037
-0.65702
-0.669017
-0.681022
-0.693028
-0.705033
-0.717026
-0.729005
-0.740965
-0.752901
-0.764808
-0.77668
-0.788515
-0.800309
-0.812055
-0.82375
-0.835391
-0.846973
-0.858492
-0.869945
-0.88133
-0.892641
-0.903876
-0.91503
-0.926099
-0.937087
-0.947982
-0.958784
-0.96949
-0.980095
-0.9906
-1.001
-1.01129
-1.02148
-1.03154
-1.04149
-1.05133
-1.06103
-1.07062
-1.08007
-1.0894
-1.09859
-1.10765
-1.11656
-1.12534
-1.13397
-1.14246
-1.1508
-1.15899
-1.16703
-1.17491
-1.18263
-1.19018
-1.19758
-1.20481
-1.21187
-1.21876
-1.22548
-1.23203
-1.2384
-1.24459
-1.2506
-1.25644
-1.26208
-1.26755
-1.27282
-1.27791
-1.28281
-1.28752
-1.29204
-1.29637
-1.3005
-1.30444
-1.30819
-1.31175
-1.31511
-1.31827
-1.32125
-1.32403
-1.32662
-1.32901
-1.33122
-1.33323
-1.33507
-1.33671
-1.33817
-1.33945
-1.34055
-1.34148
-1.34223
-1.34282
-1.34323
-1.34348
-1.34357
-1.3435
-1.34328
-1.34292
-1.34241
-1.34176
-1.34098
-1.34006
-1.33902
-1.33786
-1.33658
-1.3352
-1.33371
-1.33212
-1.33045
-1.32868
-1.32683
-1.3249
-1.3229
-1.32083
-1.31871
-1.31653
-1.3143
-1.31203
-1.30972
-1.30738
-1.30501
-1.30262
-1.30021
-1.2978
-1.29537
-1.29295
-1.29053
-1.28812
-1.28572
-1.28335
-1.281
-1.27867
-1.27638
-1.27413
-1.27192
-1.26976
-1.26764
-1.26558
-1.26358
-1.26164
-1.25977
-1.25797
-1.25624
-1.25458
-1.25301
-1.25152
-1.25011
-1.24879
-1.24756
-1.24642
-1.24538
-1.24444
-1.2436
-1.24287
-1.24223
-1.24171
-1.24129
-1.24098
-1.24079
-1.2407
-1.24073
-1.24087
-1.24113
-1.24151
-1.242
-1.24261
-1.24333
-1.24418
-1.24514
-1.24622
-1.24741
-1.24873
-1.25016
-1.2517
-1.25337
-1.25514
-1.25703
-1.25903
-1.26114
-1.26336
-1.26569
-1.26813
-1.27067
-1.27332
-1.27606
-1.2789
-1.28184
-1.28487
-1.288
-1.29121
-1.29451
-1.29789
-1.30136
-1.3049
-1.30852
-1.3122
-1.31596
-1.31978
-1.32365
-1.32759
-1.33158
-1.33561
-1.3397
-1.34382
-1.34798
-1.35218
-1.3564
-1.36065
-1.36491
-1.36919
-1.37349
-1.37778
-1.38208
-1.38637
-1.39066
-1.39493
-1.39918
-1.4034
-1.4076
-1.41176
-1.41588
-1.41996
-0.509049
-0.498197
-0.487414
-0.476716
-0.46611
-0.455611
-0.445229
-0.434979
-0.424873
-0.414927
-0.405153
-0.395568
-0.386188
-0.377031
-0.36811
-0.359443
-0.351052
-0.342952
-0.335164
-0.327705
-0.320594
-0.31385
-0.307485
-0.301531
-0.295996
-0.290901
-0.28626
-0.28209
-0.278403
-0.275215
-0.272536
-0.270375
-0.26874
-0.267639
-0.267075
-0.26705
-0.267566
-0.268617
-0.270205
-0.272322
-0.274962
-0.278114
-0.28177
-0.285915
-0.290539
-0.295631
-0.30117
-0.307143
-0.313534
-0.320323
-0.327498
-0.33504
-0.34293
-0.351154
-0.359693
-0.368531
-0.377653
-0.387041
-0.396682
-0.406554
-0.416652
-0.426955
-0.437456
-0.448134
-0.458979
-0.46998
-0.481123
-0.4924
-0.503795
-0.515301
-0.526907
-0.538604
-0.550383
-0.562234
-0.57415
-0.586123
-0.598144
-0.610205
-0.622301
-0.634423
-0.646565
-0.658722
-0.670886
-0.683055
-0.695217
-0.70737
-0.719509
-0.731629
-0.743725
-0.755792
-0.767825
-0.77982
-0.791774
-0.803681
-0.815536
-0.827337
-0.83908
-0.85076
-0.862375
-0.873919
-0.885391
-0.896787
-0.908103
-0.919336
-0.930483
-0.941543
-0.952507
-0.963374
-0.974144
-0.984817
-0.99538
-1.00584
-1.01618
-1.02641
-1.03653
-1.04653
-1.0564
-1.06615
-1.07578
-1.08527
-1.09463
-1.10386
-1.11295
-1.12189
-1.1307
-1.13936
-1.14787
-1.15624
-1.16445
-1.1725
-1.1804
-1.18813
-1.1957
-1.20311
-1.21035
-1.21742
-1.22432
-1.23104
-1.23759
-1.24396
-1.25016
-1.25617
-1.262
-1.26764
-1.2731
-1.27837
-1.28345
-1.28834
-1.29304
-1.29755
-1.30186
-1.30598
-1.3099
-1.31364
-1.31717
-1.32051
-1.32366
-1.32661
-1.32936
-1.33193
-1.3343
-1.33647
-1.33846
-1.34026
-1.34188
-1.34331
-1.34456
-1.34562
-1.34651
-1.34723
-1.34778
-1.34815
-1.34836
-1.34841
-1.34831
-1.34805
-1.34764
-1.34708
-1.34639
-1.34556
-1.3446
-1.34351
-1.3423
-1.34097
-1.33953
-1.33799
-1.33635
-1.33461
-1.33279
-1.33088
-1.3289
-1.32684
-1.32471
-1.32253
-1.32029
-1.318
-1.31566
-1.31329
-1.31088
-1.30845
-1.30599
-1.30351
-1.30102
-1.29853
-1.29603
-1.29354
-1.29106
-1.28859
-1.28614
-1.28371
-1.28131
-1.27894
-1.27661
-1.27432
-1.27208
-1.26989
-1.26775
-1.26566
-1.26364
-1.26169
-1.2598
-1.25798
-1.25625
-1.25459
-1.25301
-1.25152
-1.25011
-1.24879
-1.24757
-1.24645
-1.24542
-1.24449
-1.24367
-1.24295
-1.24233
-1.24183
-1.24143
-1.24115
-1.24098
-1.24092
-1.24098
-1.24115
-1.24144
-1.24184
-1.24237
-1.24301
-1.24376
-1.24464
-1.24564
-1.24675
-1.24798
-1.24933
-1.25079
-1.25237
-1.25406
-1.25587
-1.25779
-1.25982
-1.26197
-1.26422
-1.26658
-1.26904
-1.27161
-1.27429
-1.27705
-1.27992
-1.28288
-1.28594
-1.28908
-1.29231
-1.29563
-1.29903
-1.30251
-1.30606
-1.30968
-1.31337
-1.31713
-1.32094
-1.32482
-1.32875
-1.33273
-1.33676
-1.34083
-1.34494
-1.34908
-1.35325
-1.35744
-1.36166
-1.3659
-1.37014
-1.37439
-1.37865
-1.3829
-1.38714
-1.39136
-1.39557
-1.39976
-1.40392
-1.40804
-1.41213
-1.41617
-0.493785
-0.482851
-0.471989
-0.461213
-0.450531
-0.439957
-0.429505
-0.419187
-0.409017
-0.399012
-0.389185
-0.379553
-0.370132
-0.360941
-0.351996
-0.343318
-0.334922
-0.326831
-0.319064
-0.311638
-0.304576
-0.297897
-0.291614
-0.285758
-0.280342
-0.275383
-0.270899
-0.266904
-0.263416
-0.260445
-0.258004
-0.256099
-0.254742
-0.253938
-0.253689
-0.253997
-0.254861
-0.256277
-0.258242
-0.260747
-0.263784
-0.267343
-0.271411
-0.275975
-0.281022
-0.286534
-0.292498
-0.298893
-0.305705
-0.312913
-0.320502
-0.328451
-0.336743
-0.345362
-0.354289
-0.363507
-0.373
-0.382752
-0.392746
-0.402962
-0.413395
-0.424024
-0.434842
-0.445827
-0.456971
-0.46826
-0.479684
-0.491232
-0.502891
-0.51465
-0.526502
-0.538437
-0.550446
-0.562519
-0.57465
-0.586831
-0.599052
-0.611307
-0.623589
-0.635892
-0.64821
-0.660535
-0.672864
-0.685187
-0.697502
-0.709802
-0.722082
-0.734338
-0.746567
-0.75876
-0.770917
-0.783031
-0.795098
-0.807115
-0.819077
-0.83098
-0.842822
-0.854597
-0.866304
-0.877937
-0.889494
-0.900972
-0.912368
-0.923677
-0.934896
-0.946033
-0.957065
-0.967998
-0.97883
-0.989556
-1.00018
-1.01069
-1.02109
-1.03137
-1.04153
-1.05158
-1.06149
-1.07129
-1.08095
-1.09048
-1.09988
-1.10914
-1.11826
-1.12724
-1.13607
-1.14476
-1.15329
-1.16168
-1.16991
-1.17798
-1.18589
-1.19364
-1.20123
-1.20864
-1.21589
-1.22297
-1.22988
-1.23661
-1.24316
-1.24954
-1.25573
-1.26174
-1.26757
-1.27321
-1.27867
-1.28393
-1.289
-1.29389
-1.29858
-1.30307
-1.30737
-1.31148
-1.31538
-1.3191
-1.32262
-1.32594
-1.32906
-1.33199
-1.33473
-1.33726
-1.33961
-1.34176
-1.34373
-1.3455
-1.34708
-1.34848
-1.3497
-1.35073
-1.35159
-1.35227
-1.35278
-1.35312
-1.35329
-1.3533
-1.35315
-1.35285
-1.3524
-1.35181
-1.35107
-1.35019
-1.34918
-1.34804
-1.34679
-1.34541
-1.34392
-1.34232
-1.34063
-1.33884
-1.33696
-1.335
-1.33296
-1.33084
-1.32866
-1.32641
-1.32411
-1.32175
-1.31935
-1.31692
-1.31444
-1.31194
-1.30941
-1.30687
-1.30431
-1.30175
-1.29918
-1.29662
-1.29406
-1.29152
-1.28899
-1.28649
-1.28401
-1.28157
-1.27916
-1.27679
-1.27447
-1.27219
-1.26997
-1.26781
-1.2657
-1.26366
-1.26169
-1.2598
-1.25797
-1.25623
-1.25456
-1.25299
-1.2515
-1.25009
-1.24878
-1.24757
-1.24646
-1.24544
-1.24453
-1.24372
-1.24302
-1.24243
-1.24194
-1.24157
-1.24131
-1.24116
-1.24113
-1.24122
-1.24142
-1.24174
-1.24217
-1.24273
-1.2434
-1.24419
-1.2451
-1.24612
-1.24727
-1.24853
-1.24991
-1.25141
-1.25302
-1.25475
-1.25659
-1.25854
-1.2606
-1.26277
-1.26505
-1.26744
-1.26993
-1.27253
-1.27522
-1.27802
-1.28091
-1.28389
-1.28696
-1.29012
-1.29337
-1.29671
-1.30011
-1.3036
-1.30715
-1.31078
-1.31447
-1.31823
-1.32205
-1.32592
-1.32984
-1.33381
-1.33782
-1.34187
-1.34596
-1.35008
-1.35422
-1.35839
-1.36257
-1.36677
-1.37097
-1.37518
-1.37938
-1.38358
-1.38776
-1.39193
-1.39607
-1.40019
-1.40428
-1.40832
-1.41233
-0.478483
-0.467463
-0.456518
-0.445657
-0.434897
-0.424244
-0.413715
-0.403325
-0.393086
-0.383017
-0.373133
-0.363447
-0.353982
-0.344755
-0.335781
-0.327086
-0.318684
-0.3106
-0.302852
-0.295461
-0.288449
-0.281835
-0.275636
-0.269883
-0.264587
-0.259772
-0.25545
-0.251642
-0.248361
-0.245619
-0.243428
-0.241797
-0.240733
-0.24024
-0.240322
-0.240979
-0.242207
-0.244003
-0.246359
-0.249268
-0.252718
-0.256697
-0.261192
-0.266188
-0.271667
-0.277614
-0.284012
-0.290838
-0.298078
-0.305709
-0.313715
-0.322076
-0.330775
-0.339791
-0.349106
-0.358704
-0.368568
-0.378682
-0.389027
-0.399586
-0.410351
-0.421303
-0.432433
-0.443722
-0.45516
-0.466734
-0.478432
-0.490248
-0.502164
-0.514173
-0.526265
-0.538433
-0.550666
-0.562957
-0.575296
-0.587678
-0.600096
-0.61254
-0.625004
-0.637483
-0.64997
-0.662461
-0.674946
-0.687422
-0.699884
-0.712327
-0.724744
-0.737132
-0.749488
-0.761807
-0.774083
-0.786309
-0.798488
-0.810611
-0.822676
-0.834679
-0.846616
-0.858484
-0.870279
-0.881999
-0.893638
-0.905195
-0.916674
-0.928057
-0.939347
-0.950546
-0.961644
-0.97264
-0.983533
-0.99432
-1.005
-1.01556
-1.02601
-1.03634
-1.04655
-1.05664
-1.0666
-1.07643
-1.08613
-1.0957
-1.10513
-1.11443
-1.12358
-1.13258
-1.14144
-1.15016
-1.15872
-1.16712
-1.17537
-1.18346
-1.19139
-1.19916
-1.20676
-1.21419
-1.22145
-1.22853
-1.23545
-1.24218
-1.24874
-1.25512
-1.26132
-1.26733
-1.27316
-1.27879
-1.28424
-1.2895
-1.29457
-1.29944
-1.30412
-1.30861
-1.3129
-1.31699
-1.32088
-1.32458
-1.32808
-1.33139
-1.33449
-1.3374
-1.34011
-1.34263
-1.34495
-1.34708
-1.34902
-1.35076
-1.35232
-1.35369
-1.35487
-1.35588
-1.3567
-1.35735
-1.35782
-1.35812
-1.35826
-1.35823
-1.35804
-1.3577
-1.35721
-1.35657
-1.35579
-1.35487
-1.35381
-1.35263
-1.35132
-1.3499
-1.34836
-1.34672
-1.34497
-1.34312
-1.34119
-1.33917
-1.33707
-1.3349
-1.33265
-1.33035
-1.32798
-1.32557
-1.3231
-1.3206
-1.31806
-1.3155
-1.3129
-1.31029
-1.30766
-1.30503
-1.30239
-1.29975
-1.29713
-1.29451
-1.29191
-1.28933
-1.28678
-1.28425
-1.28177
-1.27932
-1.27692
-1.27456
-1.27226
-1.27001
-1.26783
-1.26571
-1.26365
-1.26167
-1.25976
-1.25793
-1.25618
-1.25452
-1.25294
-1.25145
-1.25006
-1.24876
-1.24755
-1.24645
-1.24545
-1.24455
-1.24376
-1.24308
-1.24251
-1.24205
-1.2417
-1.24146
-1.24134
-1.24134
-1.24145
-1.24168
-1.24203
-1.2425
-1.24308
-1.24378
-1.24461
-1.24555
-1.24661
-1.24778
-1.24908
-1.25049
-1.25202
-1.25366
-1.25542
-1.25729
-1.25927
-1.26136
-1.26356
-1.26587
-1.26828
-1.2708
-1.27342
-1.27614
-1.27895
-1.28186
-1.28486
-1.28795
-1.29113
-1.29439
-1.29773
-1.30115
-1.30464
-1.3082
-1.31183
-1.31552
-1.31927
-1.32308
-1.32694
-1.33085
-1.3348
-1.3388
-1.34283
-1.34689
-1.35098
-1.35509
-1.35922
-1.36337
-1.36752
-1.37168
-1.37584
-1.37999
-1.38412
-1.38825
-1.39235
-1.39642
-1.40047
-1.40447
-1.40844
-0.463152
-0.452043
-0.44101
-0.430061
-0.419214
-0.408477
-0.397867
-0.387398
-0.377087
-0.366948
-0.356999
-0.347258
-0.337743
-0.328474
-0.319469
-0.310752
-0.302343
-0.294259
-0.28653
-0.279173
-0.27221
-0.265666
-0.259553
-0.253906
-0.24874
-0.244073
-0.239925
-0.236312
-0.233248
-0.230748
-0.22882
-0.227475
-0.226719
-0.226555
-0.226984
-0.228006
-0.229615
-0.231807
-0.234573
-0.237902
-0.24178
-0.246195
-0.251131
-0.25657
-0.262494
-0.268885
-0.275724
-0.282992
-0.290665
-0.298727
-0.307155
-0.315932
-0.325037
-0.334452
-0.344156
-0.354134
-0.364369
-0.374841
-0.385535
-0.396436
-0.407528
-0.418799
-0.430235
-0.441825
-0.453552
-0.465405
-0.477374
-0.489449
-0.501619
-0.513871
-0.526199
-0.538593
-0.551045
-0.563547
-0.576091
-0.588669
-0.601276
-0.613904
-0.626545
-0.639195
-0.651848
-0.664496
-0.677134
-0.689758
-0.702363
-0.714942
-0.727494
-0.740012
-0.752491
-0.764927
-0.777318
-0.789657
-0.801942
-0.814168
-0.826332
-0.838431
-0.850462
-0.862419
-0.874306
-0.886108
-0.897828
-0.909462
-0.921008
-0.932464
-0.943823
-0.955088
-0.966249
-0.977307
-0.988259
-0.999102
-1.00983
-1.02045
-1.03095
-1.04133
-1.05158
-1.06171
-1.07171
-1.08158
-1.09132
-1.10093
-1.11039
-1.11972
-1.1289
-1.13794
-1.14683
-1.15556
-1.16414
-1.17257
-1.18084
-1.18895
-1.1969
-1.20468
-1.21229
-1.21973
-1.22701
-1.2341
-1.24102
-1.24777
-1.25433
-1.26071
-1.26691
-1.27292
-1.27875
-1.28438
-1.28983
-1.29509
-1.30015
-1.30501
-1.30969
-1.31416
-1.31844
-1.32252
-1.3264
-1.33008
-1.33357
-1.33685
-1.33994
-1.34283
-1.34552
-1.34802
-1.35031
-1.35242
-1.35433
-1.35605
-1.35758
-1.35892
-1.36008
-1.36105
-1.36184
-1.36245
-1.3629
-1.36316
-1.36326
-1.3632
-1.36297
-1.36259
-1.36206
-1.36138
-1.36055
-1.35959
-1.35849
-1.35726
-1.3559
-1.35443
-1.35285
-1.35115
-1.34935
-1.34746
-1.34547
-1.34339
-1.34123
-1.339
-1.3367
-1.33434
-1.33191
-1.32944
-1.32691
-1.32435
-1.32174
-1.31911
-1.31645
-1.31377
-1.31107
-1.30837
-1.30566
-1.30295
-1.30025
-1.29756
-1.29489
-1.29223
-1.2896
-1.287
-1.28444
-1.28191
-1.27943
-1.277
-1.27461
-1.27229
-1.27002
-1.26781
-1.26568
-1.26361
-1.26162
-1.2597
-1.25787
-1.25611
-1.25445
-1.25287
-1.25139
-1.25
-1.24871
-1.24752
-1.24643
-1.24544
-1.24456
-1.24379
-1.24313
-1.24258
-1.24214
-1.24182
-1.24161
-1.24152
-1.24154
-1.24168
-1.24194
-1.24232
-1.24281
-1.24343
-1.24416
-1.24501
-1.24599
-1.24708
-1.24829
-1.24961
-1.25106
-1.25262
-1.25429
-1.25608
-1.25798
-1.25998
-1.2621
-1.26433
-1.26667
-1.2691
-1.27164
-1.27428
-1.27702
-1.27985
-1.28278
-1.2858
-1.2889
-1.29209
-1.29536
-1.29871
-1.30213
-1.30562
-1.30918
-1.31281
-1.3165
-1.32024
-1.32404
-1.32789
-1.33178
-1.33571
-1.33969
-1.34369
-1.34772
-1.35178
-1.35586
-1.35995
-1.36405
-1.36816
-1.37227
-1.37637
-1.38046
-1.38453
-1.38859
-1.39262
-1.39662
-1.40058
-1.40451
-0.447805
-0.436601
-0.425473
-0.414432
-0.403492
-0.392666
-0.381969
-0.371416
-0.361024
-0.350809
-0.34079
-0.330986
-0.321416
-0.312101
-0.303061
-0.294319
-0.285897
-0.277817
-0.270104
-0.262779
-0.255868
-0.249392
-0.24337
-0.237835
-0.2328
-0.228291
-0.224324
-0.220916
-0.218083
-0.215836
-0.214187
-0.213144
-0.212711
-0.212893
-0.213688
-0.215092
-0.217102
-0.219708
-0.222901
-0.226666
-0.230989
-0.235855
-0.241245
-0.24714
-0.25352
-0.260367
-0.267656
-0.275371
-0.283485
-0.29198
-0.300836
-0.310031
-0.319544
-0.329357
-0.33945
-0.349807
-0.360409
-0.371238
-0.382279
-0.393515
-0.404931
-0.416516
-0.428256
-0.44014
-0.45215
-0.464278
-0.476511
-0.48884
-0.501257
-0.513747
-0.526304
-0.538919
-0.551584
-0.564292
-0.577034
-0.589804
-0.602594
-0.6154
-0.628215
-0.641029
-0.65384
-0.666641
-0.679428
-0.692196
-0.704938
-0.717651
-0.730331
-0.742973
-0.755571
-0.768123
-0.780623
-0.79307
-0.805459
-0.817786
-0.830046
-0.842243
-0.854363
-0.866407
-0.878371
-0.890254
-0.90205
-0.913759
-0.925377
-0.936901
-0.948328
-0.959657
-0.97088
-0.981997
-0.993006
-1.0039
-1.01469
-1.02535
-1.0359
-1.04632
-1.05662
-1.0668
-1.07684
-1.08675
-1.09653
-1.10616
-1.11566
-1.12502
-1.13423
-1.1433
-1.15221
-1.16097
-1.16958
-1.17803
-1.18631
-1.19444
-1.2024
-1.2102
-1.21783
-1.22528
-1.23257
-1.23967
-1.2466
-1.25335
-1.25992
-1.26631
-1.27251
-1.27852
-1.28435
-1.28998
-1.29543
-1.30068
-1.30573
-1.31059
-1.31526
-1.31972
-1.32399
-1.32806
-1.33193
-1.3356
-1.33907
-1.34234
-1.34541
-1.34828
-1.35095
-1.35342
-1.3557
-1.35778
-1.35967
-1.36137
-1.36287
-1.36418
-1.36531
-1.36625
-1.36701
-1.36759
-1.368
-1.36824
-1.3683
-1.3682
-1.36794
-1.36752
-1.36695
-1.36622
-1.36535
-1.36435
-1.3632
-1.36193
-1.36053
-1.35901
-1.35737
-1.35563
-1.35378
-1.35183
-1.34979
-1.34766
-1.34545
-1.34316
-1.3408
-1.33838
-1.3359
-1.33336
-1.33077
-1.32814
-1.32547
-1.32278
-1.32005
-1.3173
-1.31454
-1.31177
-1.30899
-1.30621
-1.30344
-1.30067
-1.29792
-1.29519
-1.29249
-1.28981
-1.28717
-1.28457
-1.282
-1.27949
-1.27703
-1.27462
-1.27227
-1.26998
-1.26776
-1.26561
-1.26353
-1.26153
-1.25961
-1.25777
-1.25602
-1.25436
-1.25278
-1.25131
-1.24993
-1.24865
-1.24747
-1.2464
-1.24543
-1.24456
-1.24381
-1.24317
-1.24264
-1.24223
-1.24193
-1.24175
-1.24168
-1.24173
-1.2419
-1.24219
-1.24259
-1.24312
-1.24377
-1.24453
-1.24542
-1.24642
-1.24754
-1.24878
-1.25014
-1.25161
-1.2532
-1.2549
-1.25672
-1.25865
-1.26068
-1.26283
-1.26508
-1.26744
-1.2699
-1.27246
-1.27512
-1.27787
-1.28072
-1.28366
-1.28668
-1.28981
-1.29301
-1.29628
-1.29963
-1.30306
-1.30655
-1.31011
-1.31373
-1.31741
-1.32114
-1.32492
-1.32876
-1.33263
-1.33654
-1.34048
-1.34446
-1.34846
-1.35248
-1.35652
-1.36057
-1.36462
-1.36867
-1.37273
-1.37677
-1.3808
-1.3848
-1.38879
-1.39274
-1.39666
-1.40054
-0.432447
-0.421144
-0.409916
-0.398776
-0.387738
-0.376817
-0.366027
-0.355384
-0.344907
-0.334611
-0.324518
-0.314645
-0.305014
-0.295645
-0.286567
-0.277795
-0.269355
-0.261275
-0.253575
-0.246282
-0.239421
-0.233016
-0.227093
-0.221666
-0.216774
-0.21243
-0.208653
-0.205461
-0.20287
-0.200892
-0.199538
-0.198813
-0.198724
-0.199268
-0.200448
-0.202256
-0.204685
-0.207724
-0.211361
-0.21558
-0.220364
-0.225696
-0.231554
-0.237918
-0.244766
-0.252076
-0.259825
-0.267994
-0.276554
-0.285487
-0.294772
-0.304386
-0.314308
-0.324519
-0.335
-0.345734
-0.356699
-0.367882
-0.379265
-0.390833
-0.402568
-0.414462
-0.4265
-0.438672
-0.450959
-0.463354
-0.475846
-0.488425
-0.50108
-0.513803
-0.526583
-0.539412
-0.552285
-0.565192
-0.578126
-0.591081
-0.60405
-0.617028
-0.630008
-0.642982
-0.655947
-0.668897
-0.681827
-0.694733
-0.70761
-0.720451
-0.733254
-0.746015
-0.758729
-0.771392
-0.784
-0.796555
-0.809044
-0.821466
-0.833821
-0.846103
-0.858307
-0.870434
-0.882479
-0.894439
-0.90631
-0.918091
-0.929778
-0.941369
-0.95286
-0.964251
-0.975534
-0.986708
-0.997772
-1.00872
-1.01956
-1.03027
-1.04087
-1.05133
-1.06168
-1.07189
-1.08198
-1.09192
-1.10174
-1.11141
-1.12094
-1.13032
-1.13956
-1.14866
-1.15759
-1.16638
-1.17501
-1.18348
-1.19179
-1.19993
-1.20791
-1.21572
-1.22337
-1.23083
-1.23813
-1.24525
-1.25218
-1.25894
-1.26551
-1.27191
-1.27811
-1.28412
-1.28995
-1.29558
-1.30103
-1.30627
-1.31133
-1.31618
-1.32084
-1.3253
-1.32955
-1.33361
-1.33747
-1.34113
-1.34458
-1.34784
-1.35089
-1.35374
-1.3564
-1.35885
-1.36111
-1.36317
-1.36503
-1.3667
-1.36818
-1.36947
-1.37057
-1.37148
-1.37221
-1.37276
-1.37314
-1.37334
-1.37337
-1.37323
-1.37293
-1.37248
-1.37187
-1.3711
-1.37019
-1.36914
-1.36796
-1.36664
-1.36519
-1.36363
-1.36194
-1.36015
-1.35825
-1.35626
-1.35416
-1.35198
-1.34971
-1.34738
-1.34496
-1.34247
-1.33993
-1.33733
-1.33468
-1.33199
-1.32926
-1.3265
-1.3237
-1.32089
-1.31806
-1.31522
-1.31237
-1.30952
-1.30668
-1.30384
-1.30102
-1.29821
-1.29543
-1.29268
-1.28996
-1.28728
-1.28464
-1.28204
-1.2795
-1.27701
-1.27458
-1.2722
-1.2699
-1.26767
-1.2655
-1.26342
-1.26141
-1.25949
-1.25765
-1.2559
-1.25424
-1.25267
-1.2512
-1.24984
-1.24857
-1.2474
-1.24634
-1.24539
-1.24455
-1.24382
-1.2432
-1.2427
-1.24231
-1.24203
-1.24187
-1.24183
-1.24191
-1.24211
-1.24243
-1.24287
-1.24342
-1.2441
-1.24489
-1.24581
-1.24684
-1.24799
-1.24926
-1.25065
-1.25215
-1.25377
-1.2555
-1.25734
-1.25929
-1.26136
-1.26353
-1.2658
-1.26818
-1.27066
-1.27324
-1.27592
-1.27869
-1.28155
-1.2845
-1.28754
-1.29067
-1.29387
-1.29715
-1.30051
-1.30393
-1.30742
-1.31097
-1.31458
-1.31825
-1.32197
-1.32573
-1.32954
-1.33339
-1.33728
-1.34119
-1.34513
-1.34909
-1.35308
-1.35707
-1.36107
-1.36507
-1.36907
-1.37306
-1.37704
-1.38099
-1.38493
-1.38884
-1.39271
-1.39655
-0.417098
-0.40569
-0.394356
-0.383111
-0.371969
-0.360947
-0.350056
-0.339317
-0.328746
-0.318362
-0.308185
-0.298238
-0.28854
-0.279113
-0.269985
-0.26118
-0.25272
-0.244632
-0.236945
-0.229682
-0.222872
-0.216539
-0.21071
-0.205406
-0.200661
-0.196491
-0.192916
-0.189954
-0.187619
-0.185926
-0.184883
-0.184495
-0.184767
-0.185698
-0.187282
-0.189513
-0.192381
-0.195873
-0.199973
-0.204663
-0.209926
-0.215739
-0.222079
-0.228924
-0.23625
-0.244033
-0.252249
-0.260875
-0.269889
-0.279263
-0.288977
-0.299012
-0.309343
-0.319951
-0.330816
-0.341923
-0.353249
-0.364781
-0.376502
-0.388395
-0.400444
-0.412641
-0.424971
-0.437422
-0.449983
-0.462639
-0.475383
-0.488203
-0.501093
-0.51404
-0.527036
-0.540074
-0.553147
-0.566247
-0.579367
-0.592501
-0.605644
-0.618787
-0.631926
-0.645056
-0.65817
-0.671263
-0.684331
-0.697371
-0.710374
-0.72334
-0.736262
-0.749138
-0.761969
-0.774739
-0.78745
-0.8001
-0.812683
-0.8252
-0.837642
-0.850011
-0.8623
-0.874507
-0.886629
-0.898663
-0.910607
-0.922457
-0.934211
-0.945865
-0.957418
-0.968866
-0.980211
-0.991441
-1.00256
-1.01356
-1.02444
-1.0352
-1.04584
-1.05636
-1.06674
-1.077
-1.08712
-1.0971
-1.10695
-1.11665
-1.12622
-1.13563
-1.1449
-1.15402
-1.16298
-1.17179
-1.18044
-1.18893
-1.19726
-1.20543
-1.21342
-1.22125
-1.2289
-1.23638
-1.24369
-1.25082
-1.25777
-1.26453
-1.27111
-1.2775
-1.28371
-1.28973
-1.29556
-1.30119
-1.30663
-1.31188
-1.31692
-1.32177
-1.32642
-1.33087
-1.33512
-1.33917
-1.34302
-1.34667
-1.35011
-1.35335
-1.35639
-1.35922
-1.36186
-1.36429
-1.36653
-1.36857
-1.37041
-1.37206
-1.37351
-1.37477
-1.37585
-1.37673
-1.37743
-1.37795
-1.3783
-1.37847
-1.37846
-1.37829
-1.37796
-1.37747
-1.37682
-1.37601
-1.37507
-1.37397
-1.37275
-1.37138
-1.36989
-1.36828
-1.36655
-1.36471
-1.36276
-1.36072
-1.35857
-1.35634
-1.35402
-1.35162
-1.34915
-1.34661
-1.34401
-1.34135
-1.33864
-1.33588
-1.33309
-1.33026
-1.32741
-1.32453
-1.32163
-1.31872
-1.3158
-1.31288
-1.30997
-1.30706
-1.30416
-1.30129
-1.29843
-1.2956
-1.29281
-1.29005
-1.28733
-1.28465
-1.28203
-1.27946
-1.27694
-1.27449
-1.2721
-1.26978
-1.26754
-1.26536
-1.26327
-1.26126
-1.25934
-1.2575
-1.25575
-1.2541
-1.25254
-1.25108
-1.24973
-1.24847
-1.24732
-1.24628
-1.24535
-1.24453
-1.24382
-1.24322
-1.24274
-1.24237
-1.24213
-1.24199
-1.24198
-1.24209
-1.24231
-1.24266
-1.24313
-1.24371
-1.24442
-1.24524
-1.24619
-1.24725
-1.24843
-1.24973
-1.25115
-1.25268
-1.25432
-1.25608
-1.25795
-1.25992
-1.26201
-1.2642
-1.2665
-1.2689
-1.2714
-1.27399
-1.27668
-1.27947
-1.28234
-1.2853
-1.28836
-1.29148
-1.29469
-1.29797
-1.30132
-1.30474
-1.30822
-1.31177
-1.31537
-1.31902
-1.32272
-1.32646
-1.33025
-1.33407
-1.33792
-1.3418
-1.34571
-1.34963
-1.35356
-1.35751
-1.36145
-1.3654
-1.36933
-1.37326
-1.37717
-1.38105
-1.38491
-1.38874
-1.39253
-0.401768
-0.390248
-0.378803
-0.367447
-0.356194
-0.345061
-0.334065
-0.323221
-0.312549
-0.302069
-0.291802
-0.281771
-0.271997
-0.262507
-0.253325
-0.244477
-0.235991
-0.227895
-0.220215
-0.212983
-0.206223
-0.199963
-0.194235
-0.189057
-0.184466
-0.180479
-0.177117
-0.174399
-0.172338
-0.170945
-0.170233
-0.170204
-0.170859
-0.172196
-0.174207
-0.176883
-0.180212
-0.184177
-0.188761
-0.193941
-0.199698
-0.206006
-0.212842
-0.22018
-0.227994
-0.236259
-0.244949
-0.254038
-0.263506
-0.273323
-0.283469
-0.293923
-0.304661
-0.315663
-0.326912
-0.338385
-0.350068
-0.361943
-0.373995
-0.386208
-0.398566
-0.411059
-0.423674
-0.436399
-0.449224
-0.462135
-0.475122
-0.488178
-0.501294
-0.514458
-0.527665
-0.540904
-0.554171
-0.567457
-0.580757
-0.594066
-0.607374
-0.620677
-0.63397
-0.647247
-0.660505
-0.673738
-0.686939
-0.700105
-0.713239
-0.726323
-0.73936
-0.752347
-0.765278
-0.778151
-0.790961
-0.803707
-0.816383
-0.828987
-0.841518
-0.853969
-0.866338
-0.878622
-0.890819
-0.902925
-0.914937
-0.926854
-0.938672
-0.95039
-0.962002
-0.973508
-0.984907
-0.996191
-1.00736
-1.01841
-1.02934
-1.04015
-1.05083
-1.06139
-1.07181
-1.0821
-1.09226
-1.10228
-1.11216
-1.1219
-1.1315
-1.14094
-1.15024
-1.15938
-1.16837
-1.1772
-1.18587
-1.19439
-1.20273
-1.21092
-1.21893
-1.22677
-1.23444
-1.24193
-1.24925
-1.25639
-1.26334
-1.27012
-1.2767
-1.2831
-1.28931
-1.29533
-1.30116
-1.3068
-1.31224
-1.31748
-1.32252
-1.32737
-1.33201
-1.33646
-1.3407
-1.34474
-1.34858
-1.35221
-1.35564
-1.35887
-1.36189
-1.36471
-1.36733
-1.36975
-1.37196
-1.37398
-1.3758
-1.37743
-1.37886
-1.38009
-1.38114
-1.382
-1.38267
-1.38316
-1.38348
-1.38362
-1.38358
-1.38338
-1.38301
-1.38248
-1.38179
-1.38095
-1.37997
-1.37883
-1.37756
-1.37616
-1.37463
-1.37297
-1.37119
-1.36931
-1.36731
-1.36521
-1.36302
-1.36073
-1.35836
-1.35591
-1.35338
-1.35079
-1.34813
-1.34542
-1.34265
-1.33983
-1.33697
-1.33408
-1.33116
-1.32821
-1.32525
-1.32227
-1.31929
-1.3163
-1.31331
-1.31033
-1.30736
-1.30441
-1.30148
-1.29858
-1.2957
-1.29287
-1.29007
-1.28732
-1.28461
-1.28196
-1.27937
-1.27683
-1.27436
-1.27196
-1.26963
-1.26737
-1.26519
-1.26309
-1.26108
-1.25916
-1.25732
-1.25558
-1.25393
-1.25239
-1.25094
-1.2496
-1.24836
-1.24723
-1.2462
-1.24529
-1.24449
-1.2438
-1.24323
-1.24277
-1.24243
-1.24221
-1.2421
-1.24212
-1.24225
-1.24251
-1.24289
-1.24338
-1.24399
-1.24473
-1.24559
-1.24656
-1.24765
-1.24886
-1.25019
-1.25163
-1.25319
-1.25486
-1.25664
-1.25853
-1.26053
-1.26264
-1.26485
-1.26717
-1.26959
-1.2721
-1.27471
-1.27742
-1.28021
-1.2831
-1.28607
-1.28912
-1.29225
-1.29545
-1.29873
-1.30208
-1.3055
-1.30897
-1.3125
-1.31608
-1.31971
-1.32339
-1.32711
-1.33087
-1.33466
-1.33848
-1.34232
-1.34618
-1.35005
-1.35394
-1.35783
-1.36172
-1.3656
-1.36947
-1.37333
-1.37717
-1.38097
-1.38475
-1.38849
-0.386472
-0.374835
-0.363271
-0.351796
-0.340426
-0.329175
-0.318064
-0.307108
-0.296327
-0.285743
-0.275376
-0.265254
-0.255396
-0.245834
-0.236591
-0.227695
-0.219177
-0.211064
-0.203391
-0.196184
-0.189474
-0.183292
-0.177667
-0.172621
-0.168192
-0.1644
-0.161264
-0.158804
-0.157033
-0.155964
-0.155604
-0.155953
-0.157015
-0.158781
-0.161243
-0.164388
-0.168201
-0.17266
-0.177747
-0.183437
-0.189704
-0.196524
-0.203868
-0.211709
-0.22002
-0.228773
-0.237942
-0.2475
-0.257422
-0.267685
-0.278261
-0.289131
-0.300275
-0.311669
-0.323293
-0.335131
-0.347164
-0.359376
-0.371752
-0.384278
-0.396938
-0.409718
-0.422613
-0.435605
-0.448684
-0.461843
-0.475068
-0.488351
-0.501685
-0.515059
-0.528468
-0.541904
-0.555357
-0.568825
-0.582298
-0.595771
-0.609239
-0.622696
-0.636138
-0.649558
-0.662955
-0.676325
-0.689653
-0.702943
-0.716188
-0.729387
-0.742534
-0.755627
-0.76866
-0.781632
-0.794538
-0.807375
-0.82014
-0.83283
-0.845441
-0.857973
-0.87042
-0.882778
-0.895046
-0.907223
-0.919303
-0.931282
-0.943163
-0.954939
-0.966609
-0.978169
-0.989622
-1.00096
-1.01217
-1.02328
-1.03425
-1.04511
-1.05583
-1.06643
-1.07689
-1.08722
-1.09741
-1.10747
-1.11738
-1.12715
-1.13677
-1.14625
-1.15557
-1.16474
-1.17375
-1.18261
-1.19131
-1.19984
-1.2082
-1.2164
-1.22443
-1.23229
-1.23997
-1.24748
-1.2548
-1.26195
-1.26892
-1.2757
-1.28229
-1.28869
-1.29491
-1.30093
-1.30676
-1.3124
-1.31784
-1.32308
-1.32812
-1.33296
-1.3376
-1.34204
-1.34628
-1.35031
-1.35413
-1.35776
-1.36118
-1.36439
-1.3674
-1.37021
-1.37281
-1.37521
-1.37741
-1.37941
-1.38121
-1.38281
-1.38422
-1.38543
-1.38645
-1.38728
-1.38793
-1.38839
-1.38868
-1.38879
-1.38872
-1.38848
-1.38808
-1.38752
-1.3868
-1.38592
-1.38489
-1.38372
-1.38241
-1.38097
-1.37939
-1.37769
-1.37587
-1.37393
-1.37189
-1.36975
-1.3675
-1.36516
-1.36274
-1.36024
-1.35765
-1.35501
-1.35229
-1.34952
-1.34669
-1.34382
-1.3409
-1.33794
-1.33495
-1.33194
-1.32891
-1.32587
-1.32282
-1.31976
-1.3167
-1.31365
-1.31061
-1.30759
-1.30458
-1.3016
-1.29866
-1.29574
-1.29287
-1.29004
-1.28725
-1.28452
-1.28184
-1.27923
-1.27667
-1.27419
-1.27177
-1.26943
-1.26717
-1.26498
-1.26289
-1.26087
-1.25895
-1.25712
-1.25538
-1.25375
-1.25221
-1.25078
-1.24945
-1.24823
-1.24711
-1.24611
-1.24522
-1.24444
-1.24377
-1.24322
-1.24279
-1.24248
-1.24228
-1.24221
-1.24225
-1.24241
-1.2427
-1.2431
-1.24362
-1.24427
-1.24503
-1.24591
-1.24692
-1.24804
-1.24928
-1.25063
-1.2521
-1.25368
-1.25538
-1.25718
-1.2591
-1.26112
-1.26325
-1.26548
-1.26781
-1.27025
-1.27278
-1.2754
-1.27812
-1.28092
-1.28381
-1.28679
-1.28984
-1.29297
-1.29617
-1.29944
-1.30279
-1.30619
-1.30964
-1.31316
-1.31672
-1.32033
-1.32399
-1.32768
-1.3314
-1.33516
-1.33894
-1.34273
-1.34655
-1.35037
-1.3542
-1.35804
-1.36186
-1.36568
-1.36948
-1.37327
-1.37702
-1.38075
-1.38444
-0.371226
-0.359464
-0.347775
-0.336174
-0.324677
-0.313302
-0.302067
-0.290989
-0.28009
-0.269392
-0.258918
-0.248694
-0.238744
-0.229099
-0.219787
-0.210837
-0.20228
-0.194147
-0.186473
-0.17929
-0.172631
-0.166526
-0.161009
-0.156101
-0.151845
-0.148259
-0.145363
-0.143178
-0.141718
-0.140994
-0.141008
-0.141762
-0.143254
-0.145475
-0.148413
-0.152051
-0.15637
-0.161349
-0.166958
-0.173175
-0.179971
-0.187315
-0.195179
-0.203534
-0.21235
-0.221598
-0.23125
-0.241278
-0.251657
-0.262364
-0.27337
-0.284654
-0.296195
-0.307977
-0.319973
-0.332168
-0.344545
-0.357087
-0.369781
-0.382611
-0.395563
-0.408625
-0.421789
-0.435041
-0.448369
-0.461767
-0.47522
-0.488723
-0.502269
-0.515846
-0.529448
-0.543072
-0.556706
-0.570346
-0.583985
-0.597618
-0.61124
-0.624851
-0.638436
-0.651993
-0.665519
-0.679011
-0.692462
-0.705869
-0.719228
-0.732536
-0.74579
-0.758983
-0.772115
-0.785181
-0.798178
-0.811104
-0.823953
-0.836725
-0.849416
-0.862022
-0.874544
-0.886975
-0.899312
-0.911553
-0.923696
-0.935739
-0.947678
-0.959511
-0.971236
-0.982849
-0.994353
-1.00574
-1.01701
-1.02815
-1.03917
-1.05007
-1.06083
-1.07147
-1.08197
-1.09234
-1.10257
-1.11265
-1.1226
-1.1324
-1.14205
-1.15155
-1.1609
-1.1701
-1.17913
-1.18801
-1.19673
-1.20528
-1.21366
-1.22188
-1.22993
-1.2378
-1.2455
-1.25301
-1.26035
-1.26751
-1.27449
-1.28127
-1.28787
-1.29428
-1.3005
-1.30653
-1.31236
-1.318
-1.32344
-1.32868
-1.33372
-1.33856
-1.34319
-1.34762
-1.35185
-1.35587
-1.35969
-1.36331
-1.36672
-1.36992
-1.37292
-1.37571
-1.3783
-1.38068
-1.38286
-1.38484
-1.38662
-1.3882
-1.38958
-1.39078
-1.39177
-1.39258
-1.3932
-1.39364
-1.3939
-1.39397
-1.39387
-1.39361
-1.39318
-1.39258
-1.39182
-1.3909
-1.38984
-1.38863
-1.38728
-1.3858
-1.38418
-1.38243
-1.38057
-1.37859
-1.3765
-1.37431
-1.37201
-1.36963
-1.36715
-1.36459
-1.36196
-1.35926
-1.35649
-1.35365
-1.35077
-1.34783
-1.34486
-1.34184
-1.3388
-1.33572
-1.33262
-1.32951
-1.32639
-1.32327
-1.32014
-1.31702
-1.31391
-1.31081
-1.30773
-1.30468
-1.30166
-1.29867
-1.29571
-1.2928
-1.28994
-1.28713
-1.28437
-1.28168
-1.27904
-1.27647
-1.27397
-1.27155
-1.2692
-1.26693
-1.26474
-1.26265
-1.26063
-1.25871
-1.25689
-1.25517
-1.25354
-1.25202
-1.2506
-1.24929
-1.24808
-1.24698
-1.246
-1.24513
-1.24437
-1.24373
-1.24321
-1.2428
-1.24251
-1.24235
-1.2423
-1.24237
-1.24256
-1.24287
-1.2433
-1.24386
-1.24453
-1.24532
-1.24623
-1.24726
-1.24841
-1.24968
-1.25106
-1.25255
-1.25416
-1.25588
-1.25771
-1.25964
-1.26168
-1.26383
-1.26608
-1.26843
-1.27088
-1.27342
-1.27605
-1.27877
-1.28159
-1.28448
-1.28746
-1.29051
-1.29364
-1.29683
-1.30009
-1.30342
-1.30681
-1.31026
-1.31375
-1.31729
-1.32087
-1.3245
-1.32816
-1.33185
-1.33556
-1.3393
-1.34305
-1.34681
-1.35058
-1.35436
-1.35813
-1.36189
-1.36564
-1.36936
-1.37307
-1.37674
-1.38038
-0.356044
-0.34415
-0.332331
-0.320597
-0.308966
-0.297456
-0.286087
-0.274879
-0.263852
-0.253029
-0.242437
-0.2321
-0.222049
-0.212313
-0.202921
-0.193908
-0.185304
-0.177145
-0.169465
-0.162303
-0.155691
-0.14967
-0.144264
-0.139509
-0.135428
-0.13206
-0.129422
-0.127533
-0.126404
-0.126046
-0.126461
-0.127647
-0.129599
-0.132303
-0.135743
-0.139899
-0.144751
-0.150267
-0.156422
-0.163185
-0.170524
-0.178408
-0.186804
-0.195681
-0.205009
-0.214756
-0.224893
-0.235393
-0.246228
-0.257376
-0.268808
-0.280502
-0.292439
-0.3046
-0.31696
-0.329505
-0.342218
-0.355083
-0.368086
-0.381213
-0.394449
-0.407784
-0.421208
-0.43471
-0.448278
-0.461906
-0.47558
-0.489295
-0.503043
-0.516816
-0.530605
-0.544408
-0.558215
-0.572021
-0.585825
-0.599611
-0.61338
-0.627128
-0.640848
-0.654536
-0.668188
-0.6818
-0.695369
-0.708889
-0.722357
-0.735769
-0.749123
-0.762414
-0.77564
-0.788796
-0.80188
-0.81489
-0.827821
-0.840671
-0.853438
-0.866117
-0.878708
-0.891207
-0.90361
-0.915916
-0.92812
-0.940221
-0.952218
-0.964106
-0.975883
-0.987551
-0.999104
-1.01054
-1.02185
-1.03304
-1.0441
-1.05504
-1.06584
-1.07652
-1.08705
-1.09746
-1.10772
-1.11784
-1.12781
-1.13764
-1.14732
-1.15685
-1.16623
-1.17545
-1.18451
-1.19341
-1.20214
-1.21071
-1.21912
-1.22735
-1.23541
-1.2433
-1.25101
-1.25854
-1.26589
-1.27306
-1.28004
-1.28684
-1.29345
-1.29987
-1.30609
-1.31212
-1.31795
-1.32359
-1.32903
-1.33427
-1.33931
-1.34414
-1.34877
-1.3532
-1.35742
-1.36144
-1.36525
-1.36885
-1.37225
-1.37544
-1.37843
-1.38121
-1.38378
-1.38615
-1.38831
-1.39027
-1.39204
-1.39359
-1.39496
-1.39613
-1.3971
-1.39789
-1.39848
-1.39889
-1.39912
-1.39917
-1.39904
-1.39875
-1.39828
-1.39765
-1.39686
-1.39591
-1.39481
-1.39356
-1.39217
-1.39064
-1.38899
-1.3872
-1.3853
-1.38327
-1.38113
-1.37889
-1.37655
-1.37412
-1.37159
-1.36898
-1.3663
-1.36354
-1.36071
-1.35783
-1.35488
-1.35189
-1.34885
-1.34578
-1.34267
-1.33953
-1.33637
-1.33319
-1.33001
-1.32681
-1.32362
-1.32043
-1.31725
-1.31408
-1.31093
-1.3078
-1.3047
-1.30164
-1.29861
-1.29562
-1.29268
-1.28979
-1.28695
-1.28417
-1.28146
-1.27881
-1.27622
-1.27371
-1.27128
-1.26893
-1.26666
-1.26447
-1.26237
-1.26036
-1.25845
-1.25664
-1.25493
-1.25331
-1.2518
-1.2504
-1.2491
-1.24792
-1.24684
-1.24588
-1.24503
-1.2443
-1.24368
-1.24318
-1.2428
-1.24254
-1.2424
-1.24238
-1.24248
-1.2427
-1.24304
-1.2435
-1.24408
-1.24478
-1.2456
-1.24654
-1.2476
-1.24877
-1.25006
-1.25147
-1.25299
-1.25462
-1.25636
-1.25821
-1.26016
-1.26222
-1.26439
-1.26665
-1.26901
-1.27147
-1.27402
-1.27666
-1.2794
-1.28221
-1.28511
-1.28808
-1.29113
-1.29425
-1.29744
-1.30069
-1.304
-1.30737
-1.3108
-1.31427
-1.31778
-1.32134
-1.32493
-1.32855
-1.3322
-1.33587
-1.33956
-1.34326
-1.34697
-1.35068
-1.35439
-1.3581
-1.36179
-1.36546
-1.36911
-1.37273
-1.37631
-0.34095
-0.328918
-0.316956
-0.305079
-0.293304
-0.281652
-0.270142
-0.258792
-0.247626
-0.236668
-0.225946
-0.215486
-0.205322
-0.195483
-0.186001
-0.176913
-0.168255
-0.160061
-0.152372
-0.145228
-0.138664
-0.13272
-0.127434
-0.122833
-0.118947
-0.115814
-0.113452
-0.111878
-0.111105
-0.11114
-0.111983
-0.11363
-0.11607
-0.119287
-0.12326
-0.127964
-0.13337
-0.139449
-0.14617
-0.153496
-0.161395
-0.16983
-0.178769
-0.188175
-0.19802
-0.208269
-0.218893
-0.229863
-0.241152
-0.252735
-0.26459
-0.276689
-0.289015
-0.301545
-0.314264
-0.327151
-0.340191
-0.35337
-0.366673
-0.380087
-0.393598
-0.407196
-0.420872
-0.434614
-0.448413
-0.46226
-0.476149
-0.490068
-0.504011
-0.517969
-0.531947
-0.54592
-0.55989
-0.573854
-0.587805
-0.601737
-0.615648
-0.62953
-0.64338
-0.657193
-0.670965
-0.684693
-0.698373
-0.712
-0.725571
-0.739083
-0.752533
-0.765917
-0.779232
-0.792476
-0.805644
-0.818733
-0.831742
-0.844666
-0.857504
-0.870253
-0.88291
-0.895473
-0.907941
-0.920307
-0.93257
-0.944728
-0.956777
-0.968722
-0.980551
-0.992266
-1.00386
-1.01534
-1.0267
-1.03793
-1.04903
-1.06001
-1.07085
-1.08157
-1.09214
-1.10258
-1.11287
-1.12302
-1.13303
-1.14288
-1.15259
-1.16215
-1.17155
-1.18079
-1.18987
-1.19879
-1.20755
-1.21614
-1.22456
-1.23281
-1.24089
-1.24879
-1.25652
-1.26406
-1.27142
-1.2786
-1.28559
-1.2924
-1.29901
-1.30543
-1.31166
-1.31769
-1.32353
-1.32917
-1.33461
-1.33985
-1.34489
-1.34972
-1.35435
-1.35877
-1.36298
-1.367
-1.3708
-1.3744
-1.37778
-1.38096
-1.38394
-1.3867
-1.38926
-1.39162
-1.39376
-1.39571
-1.39745
-1.39899
-1.40034
-1.40148
-1.40243
-1.4032
-1.40376
-1.40415
-1.40435
-1.40437
-1.40422
-1.40389
-1.40339
-1.40273
-1.4019
-1.40092
-1.39979
-1.3985
-1.39708
-1.39551
-1.39382
-1.39199
-1.39004
-1.38797
-1.38579
-1.3835
-1.38111
-1.37863
-1.37606
-1.3734
-1.37066
-1.36785
-1.36497
-1.36202
-1.35903
-1.35598
-1.35288
-1.34975
-1.34658
-1.34338
-1.34016
-1.33692
-1.33366
-1.3304
-1.32714
-1.32388
-1.32062
-1.31739
-1.31416
-1.31097
-1.30779
-1.30465
-1.30155
-1.29849
-1.29547
-1.2925
-1.28958
-1.28672
-1.28392
-1.28119
-1.27853
-1.27593
-1.27342
-1.27098
-1.26862
-1.26635
-1.26416
-1.26207
-1.26007
-1.25817
-1.25636
-1.25466
-1.25306
-1.25157
-1.25018
-1.2489
-1.24774
-1.24668
-1.24574
-1.24492
-1.24421
-1.24362
-1.24314
-1.24279
-1.24256
-1.24244
-1.24245
-1.24257
-1.24282
-1.24319
-1.24368
-1.24429
-1.24502
-1.24587
-1.24683
-1.24792
-1.24912
-1.25043
-1.25186
-1.2534
-1.25506
-1.25682
-1.25869
-1.26066
-1.26274
-1.26491
-1.26719
-1.26957
-1.27203
-1.27459
-1.27725
-1.27998
-1.28279
-1.28569
-1.28866
-1.2917
-1.29481
-1.29798
-1.30122
-1.30452
-1.30787
-1.31126
-1.31471
-1.3182
-1.32172
-1.32528
-1.32886
-1.33246
-1.33609
-1.33972
-1.34337
-1.34702
-1.35067
-1.35431
-1.35795
-1.36156
-1.36515
-1.36872
-1.37225
-0.325964
-0.313785
-0.301674
-0.289646
-0.277719
-0.265913
-0.254246
-0.242744
-0.231426
-0.220321
-0.20946
-0.198864
-0.188573
-0.178618
-0.169035
-0.159861
-0.151136
-0.142902
-0.135196
-0.128065
-0.121548
-0.115687
-0.110519
-0.106086
-0.102408
-0.0995268
-0.0974602
-0.096227
-0.095837
-0.096295
-0.0975985
-0.099738
-0.102698
-0.106458
-0.110995
-0.116274
-0.122264
-0.12893
-0.136235
-0.144142
-0.152614
-0.161612
-0.171101
-0.181044
-0.191408
-0.20216
-0.21327
-0.224708
-0.236447
-0.248462
-0.260731
-0.273228
-0.285932
-0.298827
-0.311892
-0.325112
-0.33847
-0.351953
-0.365546
-0.379237
-0.393013
-0.406866
-0.420782
-0.434756
-0.448777
-0.462835
-0.476927
-0.491046
-0.505178
-0.519314
-0.533455
-0.547592
-0.56172
-0.575833
-0.589931
-0.604003
-0.618046
-0.632056
-0.646029
-0.659961
-0.673848
-0.687686
-0.701471
-0.715201
-0.72887
-0.742478
-0.756019
-0.769491
-0.782892
-0.796216
-0.809463
-0.822629
-0.835712
-0.848706
-0.861613
-0.874428
-0.88715
-0.899775
-0.9123
-0.924726
-0.937044
-0.94926
-0.961362
-0.973354
-0.985231
-0.996992
-1.00864
-1.02016
-1.03156
-1.04283
-1.05397
-1.06499
-1.07587
-1.08661
-1.09722
-1.10769
-1.11802
-1.1282
-1.13823
-1.14811
-1.15785
-1.16743
-1.17685
-1.18612
-1.19522
-1.20416
-1.21294
-1.22155
-1.22999
-1.23826
-1.24635
-1.25427
-1.262
-1.26956
-1.27694
-1.28412
-1.29112
-1.29794
-1.30456
-1.31099
-1.31722
-1.32326
-1.3291
-1.33474
-1.34018
-1.34542
-1.35045
-1.35528
-1.35991
-1.36433
-1.36854
-1.37255
-1.37634
-1.37993
-1.38331
-1.38648
-1.38944
-1.39219
-1.39474
-1.39708
-1.39921
-1.40114
-1.40286
-1.40439
-1.40571
-1.40684
-1.40777
-1.40851
-1.40905
-1.40941
-1.40959
-1.40958
-1.4094
-1.40905
-1.40852
-1.40782
-1.40696
-1.40595
-1.40478
-1.40346
-1.402
-1.40039
-1.39866
-1.39679
-1.3948
-1.39269
-1.39046
-1.38813
-1.3857
-1.38316
-1.38054
-1.37783
-1.37504
-1.37218
-1.36925
-1.36625
-1.3632
-1.36009
-1.35694
-1.35374
-1.35052
-1.34726
-1.34397
-1.34067
-1.33735
-1.33403
-1.3307
-1.32736
-1.32404
-1.32073
-1.31744
-1.31417
-1.31093
-1.30771
-1.30453
-1.30139
-1.2983
-1.29525
-1.29226
-1.28932
-1.28644
-1.28362
-1.28088
-1.2782
-1.2756
-1.27308
-1.27064
-1.26828
-1.266
-1.26382
-1.26174
-1.25975
-1.25786
-1.25607
-1.25438
-1.25279
-1.25132
-1.24995
-1.24869
-1.24754
-1.24651
-1.24559
-1.24479
-1.24411
-1.24354
-1.2431
-1.24277
-1.24256
-1.24247
-1.24251
-1.24266
-1.24294
-1.24334
-1.24385
-1.24449
-1.24525
-1.24612
-1.24711
-1.24822
-1.24945
-1.25079
-1.25224
-1.2538
-1.25547
-1.25726
-1.25914
-1.26113
-1.26322
-1.26541
-1.2677
-1.27009
-1.27256
-1.27513
-1.27778
-1.28051
-1.28333
-1.28622
-1.28918
-1.29221
-1.29531
-1.29847
-1.30169
-1.30497
-1.30829
-1.31166
-1.31508
-1.31854
-1.32202
-1.32553
-1.32907
-1.33263
-1.3362
-1.33978
-1.34337
-1.34696
-1.35054
-1.35411
-1.35767
-1.36121
-1.36472
-1.36819
-0.311107
-0.298775
-0.286506
-0.274318
-0.262229
-0.250257
-0.238425
-0.226756
-0.215277
-0.20401
-0.192988
-0.182244
-0.171812
-0.16173
-0.152032
-0.14276
-0.133957
-0.125669
-0.117941
-0.110818
-0.104346
-0.0985692
-0.0935302
-0.0892692
-0.0858125
-0.0832055
-0.0814602
-0.0805945
-0.0806188
-0.0815338
-0.0833318
-0.0859995
-0.0895157
-0.0938536
-0.0989827
-0.104865
-0.111466
-0.118742
-0.126654
-0.135159
-0.144216
-0.153787
-0.16383
-0.174313
-0.185199
-0.196452
-0.208045
-0.219946
-0.232129
-0.244569
-0.257241
-0.270129
-0.283204
-0.296451
-0.309853
-0.323396
-0.337061
-0.350836
-0.364708
-0.378666
-0.392696
-0.406792
-0.42094
-0.435142
-0.449374
-0.463635
-0.47792
-0.492219
-0.506526
-0.520833
-0.535137
-0.549429
-0.563707
-0.577965
-0.592199
-0.606402
-0.620573
-0.634705
-0.648795
-0.66284
-0.676834
-0.690776
-0.704663
-0.718488
-0.732253
-0.74595
-0.759577
-0.773133
-0.786613
-0.800016
-0.813338
-0.826577
-0.839729
-0.852792
-0.865764
-0.878641
-0.891424
-0.904108
-0.916689
-0.929172
-0.941546
-0.953809
-0.965961
-0.978001
-0.989925
-1.00173
-1.01342
-1.02498
-1.03642
-1.04773
-1.05891
-1.06997
-1.08088
-1.09166
-1.1023
-1.1128
-1.12315
-1.13336
-1.14343
-1.15334
-1.1631
-1.1727
-1.18215
-1.19144
-1.20056
-1.20952
-1.21832
-1.22695
-1.2354
-1.24369
-1.2518
-1.25973
-1.26748
-1.27505
-1.28243
-1.28963
-1.29664
-1.30346
-1.31009
-1.31653
-1.32276
-1.32881
-1.33464
-1.34029
-1.34573
-1.35097
-1.35601
-1.36083
-1.36546
-1.36987
-1.37408
-1.37808
-1.38187
-1.38545
-1.38882
-1.39198
-1.39493
-1.39767
-1.40021
-1.40253
-1.40465
-1.40656
-1.40827
-1.40978
-1.41108
-1.41219
-1.4131
-1.41381
-1.41433
-1.41467
-1.41482
-1.4148
-1.41458
-1.4142
-1.41364
-1.41291
-1.41202
-1.41098
-1.40977
-1.40842
-1.40692
-1.40528
-1.4035
-1.4016
-1.39957
-1.39741
-1.39515
-1.39277
-1.39029
-1.38771
-1.38504
-1.38229
-1.37945
-1.37653
-1.37355
-1.3705
-1.36739
-1.36423
-1.36102
-1.35777
-1.35448
-1.35116
-1.34781
-1.34445
-1.34107
-1.33768
-1.33428
-1.33089
-1.3275
-1.32412
-1.32075
-1.31741
-1.31409
-1.31081
-1.30755
-1.30434
-1.30117
-1.29804
-1.29497
-1.29195
-1.289
-1.2861
-1.28327
-1.28052
-1.27783
-1.27523
-1.2727
-1.27026
-1.2679
-1.26563
-1.26346
-1.26138
-1.2594
-1.25752
-1.25574
-1.25407
-1.2525
-1.25104
-1.24969
-1.24846
-1.24733
-1.24632
-1.24543
-1.24465
-1.24399
-1.24346
-1.24304
-1.24274
-1.24256
-1.2425
-1.24256
-1.24274
-1.24305
-1.24347
-1.24402
-1.24468
-1.24546
-1.24636
-1.24738
-1.24851
-1.24976
-1.25112
-1.2526
-1.25418
-1.25587
-1.25767
-1.25957
-1.26158
-1.26368
-1.26588
-1.26818
-1.27057
-1.27306
-1.27563
-1.27828
-1.28101
-1.28382
-1.2867
-1.28965
-1.29267
-1.29576
-1.2989
-1.3021
-1.30535
-1.30865
-1.31199
-1.31537
-1.31878
-1.32223
-1.3257
-1.3292
-1.3327
-1.33622
-1.33974
-1.34327
-1.34679
-1.3503
-1.3538
-1.35727
-1.36072
-1.36415
-0.296406
-0.283912
-0.271477
-0.259119
-0.246857
-0.234709
-0.222699
-0.210852
-0.199194
-0.187753
-0.176559
-0.165649
-0.15506
-0.144829
-0.135
-0.125614
-0.11672
-0.108372
-0.100609
-0.0934894
-0.0870599
-0.0813705
-0.0764663
-0.0723902
-0.0691802
-0.0668584
-0.0654637
-0.0649987
-0.0654725
-0.0668813
-0.069213
-0.0724477
-0.0765579
-0.0815105
-0.0872661
-0.0937829
-0.101018
-0.108927
-0.117461
-0.126579
-0.136234
-0.146384
-0.156989
-0.168013
-0.179418
-0.19117
-0.203239
-0.215596
-0.228215
-0.24107
-0.25414
-0.267404
-0.280838
-0.294427
-0.308156
-0.322007
-0.335969
-0.350025
-0.364163
-0.378376
-0.392656
-0.406984
-0.421353
-0.435759
-0.450193
-0.464647
-0.479115
-0.49359
-0.508065
-0.522533
-0.536989
-0.551431
-0.565852
-0.580245
-0.594607
-0.608937
-0.623227
-0.637474
-0.651677
-0.665827
-0.679924
-0.693964
-0.707944
-0.721862
-0.735714
-0.749495
-0.763205
-0.776839
-0.790396
-0.803872
-0.817266
-0.830573
-0.843791
-0.856918
-0.869952
-0.88289
-0.89573
-0.908471
-0.921107
-0.933638
-0.946062
-0.958376
-0.970575
-0.98266
-0.994628
-1.00648
-1.0182
-1.02981
-1.04129
-1.05263
-1.06386
-1.07494
-1.08589
-1.0967
-1.10737
-1.1179
-1.12828
-1.13852
-1.14861
-1.15855
-1.16833
-1.17796
-1.18743
-1.19674
-1.20589
-1.21487
-1.22368
-1.23233
-1.2408
-1.2491
-1.25722
-1.26517
-1.27293
-1.28051
-1.28791
-1.29512
-1.30214
-1.30897
-1.3156
-1.32204
-1.32829
-1.33433
-1.34018
-1.34582
-1.35126
-1.3565
-1.36154
-1.36637
-1.37099
-1.3754
-1.3796
-1.3836
-1.38738
-1.39095
-1.39431
-1.39747
-1.40041
-1.40314
-1.40566
-1.40797
-1.41007
-1.41197
-1.41367
-1.41515
-1.41644
-1.41753
-1.41842
-1.41911
-1.41961
-1.41992
-1.42005
-1.42
-1.41976
-1.41935
-1.41876
-1.418
-1.41708
-1.41601
-1.41477
-1.41338
-1.41185
-1.41017
-1.40836
-1.40641
-1.40434
-1.40215
-1.39984
-1.39742
-1.3949
-1.39228
-1.38956
-1.38675
-1.38387
-1.3809
-1.37787
-1.37476
-1.3716
-1.36839
-1.36512
-1.36181
-1.35847
-1.35509
-1.35168
-1.34825
-1.34481
-1.34136
-1.3379
-1.33444
-1.33098
-1.32754
-1.32411
-1.32069
-1.3173
-1.31394
-1.31061
-1.30733
-1.30408
-1.30088
-1.29773
-1.29463
-1.2916
-1.28862
-1.28571
-1.28288
-1.28011
-1.27742
-1.27481
-1.27228
-1.26984
-1.26749
-1.26523
-1.26306
-1.26099
-1.25902
-1.25716
-1.2554
-1.25374
-1.25219
-1.25075
-1.24942
-1.24821
-1.24711
-1.24612
-1.24525
-1.2445
-1.24387
-1.24336
-1.24296
-1.24269
-1.24254
-1.24251
-1.2426
-1.24281
-1.24314
-1.24359
-1.24417
-1.24486
-1.24566
-1.24659
-1.24763
-1.24879
-1.25006
-1.25144
-1.25294
-1.25454
-1.25625
-1.25806
-1.25998
-1.26199
-1.26411
-1.26632
-1.26863
-1.27103
-1.27351
-1.27608
-1.27873
-1.28146
-1.28426
-1.28713
-1.29007
-1.29308
-1.29615
-1.29927
-1.30244
-1.30567
-1.30893
-1.31224
-1.31558
-1.31896
-1.32236
-1.32579
-1.32923
-1.33268
-1.33613
-1.33959
-1.34305
-1.3465
-1.34994
-1.35335
-1.35675
-1.36011
-0.281888
-0.269224
-0.256614
-0.244077
-0.23163
-0.219294
-0.207094
-0.195054
-0.183204
-0.171571
-0.160188
-0.149096
-0.138331
-0.127936
-0.117955
-0.108441
-0.0994412
-0.0910112
-0.0832041
-0.0760784
-0.0696899
-0.0640918
-0.0593307
-0.0554548
-0.0525035
-0.0505034
-0.049486
-0.0494608
-0.0504233
-0.0523687
-0.0552773
-0.0591216
-0.0638671
-0.0694713
-0.0758878
-0.08307
-0.0909667
-0.0995276
-0.108702
-0.118444
-0.128703
-0.139438
-0.150606
-0.162168
-0.174089
-0.186334
-0.198873
-0.211678
-0.22472
-0.237979
-0.251433
-0.26506
-0.278843
-0.292762
-0.306803
-0.320951
-0.335194
-0.349526
-0.363921
-0.378377
-0.392881
-0.407429
-0.422008
-0.436615
-0.451239
-0.465877
-0.480517
-0.495159
-0.509792
-0.524411
-0.539014
-0.553594
-0.568147
-0.582669
-0.597155
-0.611602
-0.626006
-0.640361
-0.654667
-0.668919
-0.683112
-0.697245
-0.711315
-0.725318
-0.739252
-0.753115
-0.766901
-0.780609
-0.794238
-0.807783
-0.821244
-0.834615
-0.847896
-0.861085
-0.874176
-0.887173
-0.900067
-0.912859
-0.925546
-0.938127
-0.950597
-0.962958
-0.975201
-0.987331
-0.999341
-1.01123
-1.023
-1.03464
-1.04616
-1.05754
-1.06879
-1.07991
-1.09089
-1.10173
-1.11243
-1.12299
-1.1334
-1.14367
-1.15378
-1.16374
-1.17355
-1.1832
-1.19269
-1.20202
-1.21119
-1.22019
-1.22903
-1.23769
-1.24618
-1.25449
-1.26263
-1.27059
-1.27836
-1.28596
-1.29336
-1.30058
-1.30761
-1.31445
-1.32109
-1.32754
-1.33378
-1.33984
-1.34569
-1.35134
-1.35678
-1.36202
-1.36705
-1.37188
-1.3765
-1.38091
-1.3851
-1.38909
-1.39287
-1.39644
-1.39979
-1.40293
-1.40586
-1.40858
-1.41109
-1.41339
-1.41548
-1.41737
-1.41904
-1.42051
-1.42178
-1.42285
-1.42373
-1.4244
-1.42488
-1.42517
-1.42528
-1.42519
-1.42493
-1.42449
-1.42387
-1.42309
-1.42214
-1.42103
-1.41976
-1.41834
-1.41677
-1.41506
-1.41321
-1.41123
-1.40912
-1.40689
-1.40454
-1.40208
-1.39951
-1.39685
-1.39408
-1.39123
-1.3883
-1.38528
-1.3822
-1.37904
-1.37583
-1.37256
-1.36924
-1.36588
-1.36247
-1.35904
-1.35557
-1.35208
-1.34858
-1.34506
-1.34154
-1.33801
-1.33449
-1.33098
-1.32748
-1.324
-1.32054
-1.31711
-1.31371
-1.31035
-1.30702
-1.30375
-1.30053
-1.29735
-1.29424
-1.29118
-1.2882
-1.28528
-1.28243
-1.27966
-1.27697
-1.27436
-1.27182
-1.26939
-1.26704
-1.26479
-1.26264
-1.26058
-1.25863
-1.25678
-1.25503
-1.25339
-1.25186
-1.25044
-1.24913
-1.24794
-1.24687
-1.24591
-1.24506
-1.24434
-1.24373
-1.24325
-1.24288
-1.24264
-1.24251
-1.24251
-1.24263
-1.24287
-1.24323
-1.2437
-1.2443
-1.24502
-1.24585
-1.2468
-1.24787
-1.24905
-1.25034
-1.25174
-1.25326
-1.25488
-1.2566
-1.25843
-1.26036
-1.26239
-1.26451
-1.26673
-1.26905
-1.27145
-1.27393
-1.27649
-1.27914
-1.28186
-1.28465
-1.28751
-1.29044
-1.29343
-1.29647
-1.29957
-1.30272
-1.30591
-1.30915
-1.31242
-1.31572
-1.31905
-1.3224
-1.32577
-1.32916
-1.33255
-1.33595
-1.33934
-1.34273
-1.3461
-1.34946
-1.35279
-1.3561
-0.267584
-0.254742
-0.241949
-0.229222
-0.216579
-0.204043
-0.191639
-0.179392
-0.16733
-0.155488
-0.1439
-0.132605
-0.121644
-0.111063
-0.100914
-0.0912495
-0.082125
-0.0736006
-0.0657378
-0.0585968
-0.0522419
-0.0467334
-0.0421242
-0.038465
-0.0357975
-0.0341509
-0.0335511
-0.0340021
-0.0355005
-0.0380322
-0.0415657
-0.0460669
-0.0514901
-0.0577852
-0.0648993
-0.0727757
-0.0813583
-0.0905911
-0.10042
-0.110794
-0.121663
-0.132983
-0.14471
-0.156808
-0.169237
-0.181965
-0.194964
-0.208204
-0.221661
-0.235313
-0.249136
-0.263112
-0.277228
-0.291468
-0.305807
-0.320239
-0.334751
-0.349332
-0.36397
-0.378656
-0.393379
-0.408135
-0.422912
-0.43771
-0.452514
-0.467321
-0.482125
-0.496921
-0.511706
-0.526469
-0.541207
-0.555919
-0.570597
-0.585239
-0.599839
-0.614397
-0.628906
-0.643364
-0.657767
-0.672112
-0.686396
-0.700616
-0.71477
-0.728854
-0.742866
-0.756802
-0.770662
-0.784441
-0.798136
-0.811747
-0.825269
-0.838702
-0.852042
-0.865289
-0.878436
-0.891483
-0.904429
-0.917271
-0.930006
-0.942633
-0.95515
-0.967553
-0.979839
-0.992009
-1.00406
-1.01599
-1.02779
-1.03947
-1.05102
-1.06244
-1.07372
-1.08487
-1.09588
-1.10676
-1.11748
-1.12807
-1.13851
-1.1488
-1.15894
-1.16892
-1.17875
-1.18843
-1.19794
-1.20729
-1.21648
-1.22549
-1.23434
-1.24302
-1.25153
-1.25986
-1.26801
-1.27598
-1.28377
-1.29137
-1.29879
-1.30602
-1.31306
-1.3199
-1.32655
-1.333
-1.33926
-1.34531
-1.35117
-1.35682
-1.36227
-1.3675
-1.37254
-1.37736
-1.38198
-1.38638
-1.39058
-1.39456
-1.39834
-1.4019
-1.40524
-1.40838
-1.4113
-1.41401
-1.4165
-1.41879
-1.42087
-1.42274
-1.4244
-1.42586
-1.42711
-1.42816
-1.42901
-1.42967
-1.43013
-1.4304
-1.43048
-1.43037
-1.43008
-1.42962
-1.42898
-1.42817
-1.42719
-1.42605
-1.42475
-1.42329
-1.42169
-1.41994
-1.41806
-1.41604
-1.41389
-1.41163
-1.40924
-1.40673
-1.40413
-1.40142
-1.39861
-1.39571
-1.39273
-1.38967
-1.38653
-1.38333
-1.38007
-1.37674
-1.37337
-1.36995
-1.36649
-1.363
-1.35948
-1.35593
-1.35236
-1.34879
-1.3452
-1.34161
-1.33803
-1.33445
-1.33088
-1.32733
-1.32381
-1.32031
-1.31683
-1.3134
-1.31
-1.30666
-1.30336
-1.30011
-1.29691
-1.29378
-1.29072
-1.28772
-1.28479
-1.28194
-1.27916
-1.27647
-1.27386
-1.27134
-1.2689
-1.26657
-1.26433
-1.26218
-1.26014
-1.2582
-1.25637
-1.25464
-1.25302
-1.25151
-1.25012
-1.24883
-1.24766
-1.24661
-1.24568
-1.24486
-1.24416
-1.24359
-1.24313
-1.24279
-1.24257
-1.24248
-1.2425
-1.24265
-1.24291
-1.2433
-1.2438
-1.24443
-1.24517
-1.24603
-1.247
-1.24809
-1.24929
-1.2506
-1.25203
-1.25356
-1.25519
-1.25693
-1.25877
-1.26071
-1.26275
-1.26488
-1.26711
-1.26942
-1.27182
-1.27431
-1.27687
-1.2795
-1.28222
-1.285
-1.28784
-1.29075
-1.29372
-1.29674
-1.29981
-1.30293
-1.30609
-1.30928
-1.31251
-1.31577
-1.31905
-1.32235
-1.32567
-1.32899
-1.33233
-1.33566
-1.33898
-1.34229
-1.34558
-1.34886
-1.3521
-0.25353
-0.240502
-0.227516
-0.214588
-0.201739
-0.18899
-0.176367
-0.163897
-0.151609
-0.139538
-0.127723
-0.116202
-0.105022
-0.0942347
-0.0838928
-0.0740548
-0.0647837
-0.0561457
-0.0482093
-0.0410429
-0.0347192
-0.0293032
-0.0248579
-0.0214348
-0.0190795
-0.0178171
-0.017677
-0.0186569
-0.0207432
-0.0239139
-0.0281282
-0.0333354
-0.0394831
-0.0465104
-0.0543562
-0.0629554
-0.0722457
-0.0821662
-0.0926597
-0.103672
-0.115153
-0.127054
-0.139336
-0.151959
-0.164886
-0.178087
-0.191531
-0.205192
-0.219047
-0.233075
-0.24726
-0.261572
-0.276003
-0.290538
-0.305161
-0.319862
-0.334627
-0.349448
-0.364316
-0.379219
-0.39415
-0.409101
-0.424068
-0.439038
-0.454012
-0.46898
-0.483937
-0.498879
-0.513804
-0.528701
-0.543567
-0.5584
-0.573195
-0.587948
-0.602656
-0.617316
-0.631923
-0.646478
-0.660972
-0.675405
-0.689773
-0.704076
-0.718308
-0.732467
-0.746551
-0.760558
-0.774486
-0.788329
-0.802088
-0.81576
-0.829341
-0.842833
-0.856228
-0.869526
-0.882724
-0.895822
-0.908816
-0.921704
-0.934484
-0.947155
-0.959713
-0.972158
-0.984486
-0.996693
-1.00878
-1.02074
-1.03259
-1.0443
-1.05588
-1.06733
-1.07865
-1.08983
-1.10086
-1.11176
-1.12252
-1.13313
-1.1436
-1.15391
-1.16408
-1.17408
-1.18394
-1.19363
-1.20316
-1.21253
-1.22174
-1.23077
-1.23964
-1.24833
-1.25685
-1.2652
-1.27336
-1.28134
-1.28915
-1.29676
-1.30419
-1.31143
-1.31847
-1.32532
-1.33198
-1.33844
-1.3447
-1.35076
-1.35662
-1.36227
-1.36772
-1.37296
-1.37799
-1.38282
-1.38743
-1.39184
-1.39603
-1.40001
-1.40377
-1.40733
-1.41067
-1.41379
-1.4167
-1.4194
-1.42189
-1.42417
-1.42623
-1.42809
-1.42973
-1.43118
-1.43241
-1.43345
-1.43428
-1.43492
-1.43535
-1.43561
-1.43566
-1.43553
-1.43522
-1.43473
-1.43406
-1.43322
-1.43222
-1.43105
-1.42972
-1.42823
-1.4266
-1.42482
-1.4229
-1.42085
-1.41866
-1.41636
-1.41393
-1.41139
-1.40874
-1.40598
-1.40313
-1.40019
-1.39716
-1.39406
-1.39087
-1.38762
-1.38431
-1.38093
-1.37751
-1.37404
-1.37052
-1.36698
-1.36339
-1.35979
-1.35617
-1.35253
-1.34888
-1.34523
-1.34158
-1.33794
-1.33431
-1.33069
-1.3271
-1.32353
-1.31999
-1.31648
-1.31301
-1.30959
-1.30622
-1.30289
-1.29963
-1.29642
-1.29327
-1.2902
-1.28719
-1.28426
-1.2814
-1.27863
-1.27594
-1.27333
-1.27081
-1.26839
-1.26606
-1.26383
-1.2617
-1.25968
-1.25776
-1.25594
-1.25423
-1.25263
-1.25115
-1.24977
-1.24851
-1.24737
-1.24634
-1.24544
-1.24465
-1.24398
-1.24343
-1.243
-1.24269
-1.2425
-1.24243
-1.24248
-1.24266
-1.24295
-1.24336
-1.24389
-1.24454
-1.24531
-1.24619
-1.24719
-1.2483
-1.24952
-1.25085
-1.25229
-1.25384
-1.25548
-1.25724
-1.25909
-1.26104
-1.26308
-1.26523
-1.26745
-1.26977
-1.27216
-1.27464
-1.2772
-1.27982
-1.28252
-1.28529
-1.28812
-1.291
-1.29395
-1.29694
-1.29998
-1.30307
-1.30619
-1.30935
-1.31253
-1.31574
-1.31897
-1.32222
-1.32547
-1.32874
-1.332
-1.33526
-1.33851
-1.34174
-1.34495
-1.34813
-0.239762
-0.226541
-0.213354
-0.200216
-0.187148
-0.174174
-0.161317
-0.148607
-0.136075
-0.123754
-0.11169
-0.0999198
-0.0884974
-0.0774751
-0.0669124
-0.0568748
-0.0474311
-0.0386559
-0.0306267
-0.0234216
-0.0171225
-0.0118031
-0.00753199
-0.00436997
-0.00236025
-0.00152917
-0.00190125
-0.00346653
-0.006201
-0.0100683
-0.0150152
-0.0209831
-0.0279087
-0.0357101
-0.0443205
-0.0536684
-0.0636851
-0.0743055
-0.0854698
-0.0971213
-0.109209
-0.121687
-0.134513
-0.147649
-0.161061
-0.174718
-0.188598
-0.202663
-0.216901
-0.231286
-0.245803
-0.260434
-0.275165
-0.289984
-0.304875
-0.319829
-0.334832
-0.349879
-0.36496
-0.380068
-0.395191
-0.410327
-0.425466
-0.440601
-0.455733
-0.470851
-0.485952
-0.50103
-0.516083
-0.531105
-0.54609
-0.561035
-0.575939
-0.590796
-0.605604
-0.620359
-0.635058
-0.6497
-0.664281
-0.678795
-0.693242
-0.707619
-0.721924
-0.736154
-0.750306
-0.764378
-0.778367
-0.792273
-0.806091
-0.819822
-0.833458
-0.847
-0.860446
-0.873794
-0.88704
-0.900184
-0.913223
-0.926156
-0.938979
-0.951691
-0.964289
-0.976772
-0.989136
-1.00138
-1.0135
-1.0255
-1.03738
-1.04912
-1.06073
-1.07221
-1.08356
-1.09477
-1.10583
-1.11676
-1.12754
-1.13818
-1.14867
-1.15901
-1.16919
-1.17922
-1.18909
-1.19881
-1.20836
-1.21775
-1.22697
-1.23602
-1.24491
-1.25361
-1.26215
-1.27051
-1.27868
-1.28668
-1.29449
-1.30212
-1.30955
-1.3168
-1.32386
-1.33072
-1.33738
-1.34385
-1.35011
-1.35617
-1.36203
-1.36769
-1.37314
-1.37838
-1.38341
-1.38824
-1.39285
-1.39725
-1.40144
-1.40542
-1.40918
-1.41273
-1.41606
-1.41917
-1.42208
-1.42477
-1.42725
-1.42951
-1.43156
-1.4334
-1.43504
-1.43646
-1.43769
-1.4387
-1.43952
-1.44014
-1.44055
-1.44079
-1.44082
-1.44067
-1.44034
-1.43982
-1.43913
-1.43826
-1.43723
-1.43603
-1.43467
-1.43315
-1.43149
-1.42968
-1.42773
-1.42564
-1.42342
-1.42107
-1.41861
-1.41603
-1.41334
-1.41055
-1.40765
-1.40467
-1.4016
-1.39844
-1.39521
-1.39191
-1.38855
-1.38513
-1.38165
-1.37813
-1.37456
-1.37096
-1.36732
-1.36366
-1.35998
-1.35628
-1.35257
-1.34886
-1.34515
-1.34145
-1.33775
-1.33407
-1.33041
-1.32677
-1.32316
-1.31959
-1.31605
-1.31256
-1.30911
-1.30571
-1.30237
-1.29909
-1.29586
-1.29271
-1.28963
-1.28661
-1.28368
-1.28082
-1.27805
-1.27536
-1.27276
-1.27025
-1.26784
-1.26553
-1.26331
-1.2612
-1.25919
-1.25729
-1.25549
-1.2538
-1.25223
-1.25076
-1.24941
-1.24818
-1.24706
-1.24606
-1.24518
-1.24442
-1.24378
-1.24326
-1.24285
-1.24257
-1.24241
-1.24237
-1.24245
-1.24265
-1.24297
-1.24341
-1.24397
-1.24464
-1.24543
-1.24634
-1.24736
-1.24849
-1.24973
-1.25108
-1.25253
-1.25409
-1.25575
-1.25752
-1.25938
-1.26133
-1.26339
-1.26553
-1.26776
-1.27007
-1.27246
-1.27494
-1.27748
-1.2801
-1.28278
-1.28553
-1.28834
-1.2912
-1.29412
-1.29708
-1.30009
-1.30314
-1.30622
-1.30933
-1.31247
-1.31563
-1.31881
-1.32199
-1.32518
-1.32838
-1.33157
-1.33475
-1.33792
-1.34107
-1.3442
-0.22632
-0.212901
-0.199503
-0.186147
-0.17285
-0.159637
-0.146533
-0.133565
-0.120767
-0.108178
-0.0958386
-0.0837952
-0.0721004
-0.0608131
-0.0499988
-0.0397292
-0.0300824
-0.0211427
-0.0129974
-0.00573783
0.00054439
0.00576408
0.00984434
0.0127199
0.0143411
0.0146825
0.0137422
0.0115249
0.00807186
0.00343752
-0.00231022
-0.00909494
-0.0168358
-0.0254534
-0.0348588
-0.0449772
-0.0557368
-0.0670638
-0.0788993
-0.091186
-0.103873
-0.116915
-0.130271
-0.143911
-0.157789
-0.171883
-0.186168
-0.200619
-0.215218
-0.229943
-0.244778
-0.259709
-0.274722
-0.289805
-0.304949
-0.320138
-0.335366
-0.350624
-0.365904
-0.381199
-0.396503
-0.411808
-0.427109
-0.442398
-0.457675
-0.47293
-0.488163
-0.503367
-0.518538
-0.533677
-0.548771
-0.563822
-0.578826
-0.593779
-0.608678
-0.623522
-0.638307
-0.653029
-0.667687
-0.682278
-0.696798
-0.711245
-0.725617
-0.739911
-0.754126
-0.768259
-0.782306
-0.796271
-0.810143
-0.823924
-0.837611
-0.851202
-0.864696
-0.87809
-0.891381
-0.904569
-0.91765
-0.930623
-0.943486
-0.956236
-0.968871
-0.981389
-0.993789
-1.00607
-1.01823
-1.03026
-1.04216
-1.05394
-1.06558
-1.07708
-1.08846
-1.09969
-1.11078
-1.12174
-1.13254
-1.1432
-1.15371
-1.16407
-1.17428
-1.18433
-1.19422
-1.20396
-1.21353
-1.22293
-1.23217
-1.24124
-1.25014
-1.25886
-1.26741
-1.27578
-1.28397
-1.29198
-1.2998
-1.30744
-1.31488
-1.32214
-1.3292
-1.33607
-1.34274
-1.34921
-1.35548
-1.36155
-1.36741
-1.37307
-1.37852
-1.38377
-1.3888
-1.39362
-1.39823
-1.40263
-1.40681
-1.41079
-1.41454
-1.41809
-1.42141
-1.42452
-1.42742
-1.4301
-1.43256
-1.43482
-1.43686
-1.43869
-1.44031
-1.44172
-1.44292
-1.44393
-1.44473
-1.44532
-1.44573
-1.44593
-1.44595
-1.44578
-1.44542
-1.44488
-1.44417
-1.44327
-1.44221
-1.44099
-1.4396
-1.43805
-1.43636
-1.43451
-1.43253
-1.43041
-1.42815
-1.42577
-1.42327
-1.42066
-1.41793
-1.41509
-1.41216
-1.40913
-1.40602
-1.40282
-1.39955
-1.3962
-1.39279
-1.38932
-1.38579
-1.38222
-1.3786
-1.37494
-1.37125
-1.36754
-1.3638
-1.36004
-1.35628
-1.35251
-1.34873
-1.34497
-1.34121
-1.33746
-1.33374
-1.33003
-1.32636
-1.32272
-1.31911
-1.31555
-1.31203
-1.30856
-1.30514
-1.30178
-1.29849
-1.29526
-1.29209
-1.289
-1.28599
-1.28305
-1.2802
-1.27743
-1.27475
-1.27216
-1.26966
-1.26726
-1.26496
-1.26276
-1.26067
-1.25868
-1.25679
-1.25502
-1.25336
-1.2518
-1.25037
-1.24904
-1.24783
-1.24674
-1.24577
-1.24492
-1.24418
-1.24357
-1.24308
-1.2427
-1.24245
-1.24232
-1.24231
-1.24241
-1.24264
-1.24299
-1.24345
-1.24403
-1.24473
-1.24554
-1.24647
-1.24751
-1.24866
-1.24992
-1.25128
-1.25275
-1.25433
-1.256
-1.25777
-1.25964
-1.2616
-1.26366
-1.26581
-1.26803
-1.27034
-1.27273
-1.27519
-1.27772
-1.28032
-1.28299
-1.28572
-1.2885
-1.29134
-1.29423
-1.29716
-1.30013
-1.30313
-1.30617
-1.30924
-1.31233
-1.31543
-1.31855
-1.32167
-1.3248
-1.32792
-1.33104
-1.33414
-1.33722
-1.34029
-0.213255
-0.19963
-0.186016
-0.172431
-0.158894
-0.145429
-0.132062
-0.118821
-0.105738
-0.0928555
-0.0802191
-0.0678719
-0.0558733
-0.0442866
-0.033184
-0.0226455
-0.0127592
-0.0036202
0.0046689
0.0120034
0.0182797
0.023397
0.0272675
0.0298196
0.0310038
0.0307955
0.029207
0.0262576
0.022007
0.0165298
0.00991355
0.00225259
-0.00635715
-0.0158211
-0.0260506
-0.0369548
-0.0484591
-0.0604932
-0.0729941
-0.0859053
-0.0991861
-0.112774
-0.126642
-0.140753
-0.155076
-0.169587
-0.18426
-0.199076
-0.214013
-0.229057
-0.24419
-0.259401
-0.274677
-0.290007
-0.305383
-0.320791
-0.336226
-0.351681
-0.367145
-0.382616
-0.398085
-0.413545
-0.428992
-0.444424
-0.459833
-0.475217
-0.49057
-0.505889
-0.521171
-0.536414
-0.551609
-0.566756
-0.581852
-0.596894
-0.611878
-0.626803
-0.641665
-0.656462
-0.671191
-0.685851
-0.700437
-0.714949
-0.729383
-0.743737
-0.758009
-0.7722
-0.786301
-0.800314
-0.814237
-0.828067
-0.841801
-0.855438
-0.868975
-0.882412
-0.895746
-0.908973
-0.922093
-0.935103
-0.948003
-0.960788
-0.973458
-0.98601
-0.998444
-1.01075
-1.02294
-1.035
-1.04693
-1.05874
-1.07041
-1.08194
-1.09334
-1.1046
-1.11572
-1.12669
-1.13752
-1.1482
-1.15874
-1.16912
-1.17935
-1.18942
-1.19933
-1.20908
-1.21866
-1.22809
-1.23734
-1.24643
-1.25534
-1.26408
-1.27264
-1.28102
-1.28922
-1.29724
-1.30507
-1.31272
-1.32018
-1.32744
-1.33451
-1.34138
-1.34806
-1.35453
-1.36081
-1.36688
-1.37275
-1.37841
-1.38386
-1.38911
-1.39414
-1.39896
-1.40357
-1.40797
-1.41215
-1.41612
-1.41987
-1.4234
-1.42672
-1.42983
-1.43271
-1.43539
-1.43784
-1.44009
-1.44211
-1.44393
-1.44554
-1.44694
-1.44813
-1.44911
-1.44989
-1.45047
-1.45086
-1.45105
-1.45105
-1.45085
-1.45047
-1.44991
-1.44917
-1.44825
-1.44717
-1.44591
-1.4445
-1.44292
-1.4412
-1.43933
-1.43731
-1.43515
-1.43287
-1.43045
-1.42792
-1.42526
-1.4225
-1.41962
-1.41665
-1.41358
-1.41043
-1.40719
-1.40387
-1.40048
-1.39702
-1.3935
-1.38993
-1.3863
-1.38263
-1.37892
-1.37518
-1.37141
-1.36762
-1.36381
-1.35999
-1.35616
-1.35233
-1.3485
-1.34468
-1.34087
-1.33708
-1.33331
-1.32957
-1.32586
-1.32219
-1.31856
-1.31497
-1.31143
-1.30794
-1.30451
-1.30113
-1.29783
-1.29459
-1.29142
-1.28833
-1.28532
-1.28239
-1.27953
-1.27677
-1.2741
-1.27152
-1.26904
-1.26666
-1.26437
-1.26219
-1.26011
-1.25815
-1.25628
-1.25453
-1.25289
-1.25136
-1.24995
-1.24865
-1.24747
-1.24641
-1.24547
-1.24464
-1.24394
-1.24335
-1.24289
-1.24254
-1.24232
-1.24221
-1.24223
-1.24236
-1.24262
-1.24299
-1.24348
-1.24408
-1.24481
-1.24564
-1.24659
-1.24765
-1.24881
-1.25009
-1.25147
-1.25295
-1.25454
-1.25622
-1.258
-1.25988
-1.26185
-1.2639
-1.26604
-1.26827
-1.27057
-1.27295
-1.2754
-1.27792
-1.2805
-1.28315
-1.28585
-1.28861
-1.29142
-1.29427
-1.29717
-1.3001
-1.30306
-1.30605
-1.30907
-1.3121
-1.31515
-1.3182
-1.32126
-1.32432
-1.32736
-1.3304
-1.33342
-1.33642
-0.200614
-0.186779
-0.172943
-0.159122
-0.145337
-0.13161
-0.117966
-0.104432
-0.0910466
-0.0778489
-0.0648828
-0.0522025
-0.0398646
-0.0279399
-0.0165075
-0.00565628
0.00451399
0.0138912
0.0223605
0.0297978
0.036081
0.0410915
0.0447284
0.0469126
0.0475945
0.0467593
0.0444314
0.0406555
0.0355171
0.0291147
0.0215583
0.0129622
0.00343885
-0.0069044
-0.0179702
-0.0296685
-0.041928
-0.054661
-0.067814
-0.0813323
-0.0951686
-0.109282
-0.123636
-0.138199
-0.152946
-0.167847
-0.182885
-0.19804
-0.213294
-0.228633
-0.244043
-0.259512
-0.275031
-0.290589
-0.30618
-0.321789
-0.337414
-0.353047
-0.368679
-0.384308
-0.399926
-0.415532
-0.431116
-0.446674
-0.462204
-0.477704
-0.493168
-0.508593
-0.523974
-0.539311
-0.5546
-0.569834
-0.585014
-0.600136
-0.615197
-0.630196
-0.645128
-0.659994
-0.674788
-0.68951
-0.704157
-0.718727
-0.733218
-0.747629
-0.761954
-0.776192
-0.790344
-0.804404
-0.818372
-0.832247
-0.846024
-0.859702
-0.873281
-0.886756
-0.900128
-0.913392
-0.926548
-0.939593
-0.952527
-0.965345
-0.978047
-0.990631
-1.00309
-1.01543
-1.02765
-1.03973
-1.05169
-1.06352
-1.07522
-1.08678
-1.0982
-1.10949
-1.12063
-1.13162
-1.14247
-1.15318
-1.16373
-1.17413
-1.18438
-1.19447
-1.20439
-1.21416
-1.22377
-1.2332
-1.24247
-1.25157
-1.2605
-1.26925
-1.27782
-1.28622
-1.29443
-1.30246
-1.3103
-1.31796
-1.32542
-1.33269
-1.33977
-1.34665
-1.35333
-1.35981
-1.36609
-1.37217
-1.37804
-1.3837
-1.38916
-1.3944
-1.39943
-1.40426
-1.40886
-1.41325
-1.41743
-1.4214
-1.42514
-1.42868
-1.43199
-1.43508
-1.43796
-1.44063
-1.44307
-1.44531
-1.44732
-1.44913
-1.45072
-1.45211
-1.45328
-1.45425
-1.45502
-1.45559
-1.45596
-1.45612
-1.4561
-1.45589
-1.45548
-1.4549
-1.45413
-1.45319
-1.45208
-1.4508
-1.44936
-1.44776
-1.44601
-1.4441
-1.44206
-1.43987
-1.43755
-1.4351
-1.43253
-1.42984
-1.42704
-1.42413
-1.42112
-1.41801
-1.41482
-1.41154
-1.40817
-1.40474
-1.40124
-1.39767
-1.39405
-1.39038
-1.38666
-1.3829
-1.37911
-1.37529
-1.37144
-1.36758
-1.3637
-1.35981
-1.35592
-1.35203
-1.34815
-1.34428
-1.34043
-1.3366
-1.3328
-1.32902
-1.32528
-1.32158
-1.31792
-1.31431
-1.31076
-1.30726
-1.30381
-1.30043
-1.29711
-1.29387
-1.29071
-1.28761
-1.2846
-1.28167
-1.27883
-1.27608
-1.27342
-1.27086
-1.26839
-1.26602
-1.26375
-1.26159
-1.25954
-1.25759
-1.25575
-1.25402
-1.25241
-1.25091
-1.24952
-1.24825
-1.2471
-1.24607
-1.24515
-1.24435
-1.24368
-1.24312
-1.24269
-1.24237
-1.24217
-1.2421
-1.24214
-1.2423
-1.24258
-1.24298
-1.24349
-1.24412
-1.24487
-1.24572
-1.24669
-1.24777
-1.24895
-1.25024
-1.25164
-1.25313
-1.25473
-1.25642
-1.25821
-1.26009
-1.26206
-1.26411
-1.26625
-1.26847
-1.27076
-1.27313
-1.27556
-1.27807
-1.28063
-1.28325
-1.28593
-1.28866
-1.29144
-1.29425
-1.29711
-1.3
-1.30292
-1.30586
-1.30882
-1.31179
-1.31478
-1.31776
-1.32075
-1.32373
-1.32671
-1.32966
-1.33259
-0.188452
-0.174405
-0.160344
-0.146283
-0.132242
-0.118243
-0.104309
-0.0904678
-0.0767609
-0.0632239
-0.049903
-0.0368546
-0.0241394
-0.0118333
-2.305e-05
0.0111927
0.0216985
0.0313684
0.0400635
0.0476382
0.0539456
0.0588446
0.0622172
0.0639757
0.0640718
0.0625085
0.0593336
0.0546212
0.0484917
0.0410742
0.0325055
0.0229207
0.0124473
0.00119618
-0.0107168
-0.0232069
-0.0361934
-0.0496112
-0.0633944
-0.0774949
-0.0918682
-0.106477
-0.121289
-0.136276
-0.151413
-0.166677
-0.182053
-0.197519
-0.213066
-0.228676
-0.244339
-0.260046
-0.275786
-0.29155
-0.307332
-0.323126
-0.338924
-0.354717
-0.370502
-0.386275
-0.40203
-0.417763
-0.433469
-0.449145
-0.464786
-0.48039
-0.495954
-0.511471
-0.526944
-0.542366
-0.557737
-0.573051
-0.588306
-0.6035
-0.618631
-0.633696
-0.648692
-0.663619
-0.678473
-0.693252
-0.707954
-0.722581
-0.737122
-0.751578
-0.765951
-0.780237
-0.794432
-0.808536
-0.822545
-0.836459
-0.850276
-0.863993
-0.877608
-0.891119
-0.904525
-0.917823
-0.931011
-0.944088
-0.957053
-0.969902
-0.982634
-0.995246
-1.00774
-1.0201
-1.03234
-1.04446
-1.05644
-1.06829
-1.08002
-1.0916
-1.10304
-1.11435
-1.12551
-1.13653
-1.1474
-1.15812
-1.16869
-1.17911
-1.18938
-1.19948
-1.20943
-1.21921
-1.22883
-1.23828
-1.24757
-1.25668
-1.26562
-1.27438
-1.28297
-1.29137
-1.2996
-1.30763
-1.31548
-1.32315
-1.33062
-1.3379
-1.34498
-1.35187
-1.35856
-1.36504
-1.37132
-1.3774
-1.38328
-1.38894
-1.3944
-1.39964
-1.40468
-1.4095
-1.4141
-1.41849
-1.42266
-1.42663
-1.43037
-1.43389
-1.4372
-1.44029
-1.44316
-1.44581
-1.44825
-1.45047
-1.45248
-1.45428
-1.45586
-1.45723
-1.45839
-1.45935
-1.4601
-1.46065
-1.461
-1.46115
-1.4611
-1.46087
-1.46045
-1.45984
-1.45906
-1.45809
-1.45696
-1.45565
-1.45418
-1.45256
-1.45078
-1.44884
-1.44677
-1.44455
-1.4422
-1.43972
-1.43712
-1.4344
-1.43156
-1.42861
-1.42556
-1.42242
-1.41918
-1.41586
-1.41246
-1.40898
-1.40543
-1.40183
-1.39816
-1.39444
-1.39067
-1.38687
-1.38302
-1.37915
-1.37525
-1.37134
-1.3674
-1.36346
-1.35952
-1.35557
-1.35163
-1.3477
-1.34379
-1.3399
-1.33603
-1.33219
-1.32839
-1.32462
-1.3209
-1.31722
-1.31359
-1.31002
-1.30651
-1.30306
-1.29967
-1.29635
-1.2931
-1.28994
-1.28685
-1.28384
-1.28092
-1.27809
-1.27535
-1.27271
-1.27016
-1.26771
-1.26536
-1.26311
-1.26097
-1.25894
-1.25702
-1.2552
-1.2535
-1.25191
-1.25044
-1.24908
-1.24784
-1.24671
-1.24571
-1.24482
-1.24406
-1.24341
-1.24288
-1.24248
-1.24219
-1.24202
-1.24197
-1.24204
-1.24223
-1.24254
-1.24296
-1.2435
-1.24415
-1.24492
-1.24579
-1.24678
-1.24787
-1.24907
-1.25038
-1.25179
-1.25329
-1.2549
-1.25659
-1.25839
-1.26027
-1.26224
-1.26429
-1.26642
-1.26863
-1.27091
-1.27327
-1.27568
-1.27817
-1.28071
-1.28331
-1.28596
-1.28865
-1.29139
-1.29417
-1.29699
-1.29983
-1.30269
-1.30558
-1.30848
-1.3114
-1.31432
-1.31724
-1.32015
-1.32305
-1.32594
-1.32881
-0.176828
-0.162572
-0.148284
-0.133981
-0.119679
-0.105401
-0.0911663
-0.0770073
-0.0629598
-0.0490607
-0.0353574
-0.0219073
-0.00877421
0.0039608
0.0162046
0.0278438
0.03875
0.0487754
0.0577553
0.0655125
0.0718678
0.0766495
0.0797171
0.0809734
0.0803803
0.0779614
0.0738059
0.0680309
0.060796
0.0522725
0.0426179
0.0319967
0.0205479
0.00839223
-0.00436358
-0.01763
-0.0313303
-0.045399
-0.0597814
-0.0744339
-0.0893105
-0.104382
-0.119618
-0.134995
-0.150491
-0.166088
-0.181771
-0.197523
-0.213332
-0.229187
-0.245078
-0.260997
-0.276938
-0.292888
-0.308844
-0.324804
-0.340753
-0.356692
-0.372613
-0.388515
-0.404391
-0.420237
-0.436054
-0.451833
-0.467572
-0.48327
-0.498922
-0.514526
-0.530078
-0.545578
-0.561021
-0.576404
-0.591727
-0.606985
-0.622178
-0.637302
-0.652356
-0.667337
-0.682243
-0.697076
-0.711827
-0.726497
-0.741083
-0.755585
-0.77
-0.784326
-0.798561
-0.812703
-0.82675
-0.840701
-0.854554
-0.868303
-0.881951
-0.895495
-0.908932
-0.922261
-0.93548
-0.948586
-0.961582
-0.974457
-0.987215
-0.999853
-1.01237
-1.02476
-1.03702
-1.04916
-1.06117
-1.07304
-1.08479
-1.09639
-1.10786
-1.11918
-1.13037
-1.1414
-1.15229
-1.16303
-1.17362
-1.18406
-1.19434
-1.20446
-1.21442
-1.22422
-1.23385
-1.24332
-1.25261
-1.26174
-1.27069
-1.27946
-1.28806
-1.29648
-1.30471
-1.31276
-1.32062
-1.32829
-1.33577
-1.34305
-1.35014
-1.35703
-1.36373
-1.37022
-1.3765
-1.38258
-1.38846
-1.39412
-1.39958
-1.40483
-1.40986
-1.41468
-1.41928
-1.42367
-1.42784
-1.4318
-1.43553
-1.43905
-1.44235
-1.44543
-1.4483
-1.45095
-1.45338
-1.45559
-1.45759
-1.45937
-1.46094
-1.46229
-1.46345
-1.46439
-1.46512
-1.46566
-1.46599
-1.46612
-1.46606
-1.4658
-1.46536
-1.46473
-1.46393
-1.46294
-1.46178
-1.46045
-1.45896
-1.45731
-1.4555
-1.45354
-1.45144
-1.44919
-1.44681
-1.4443
-1.44167
-1.43891
-1.43604
-1.43306
-1.42997
-1.42679
-1.42352
-1.42016
-1.41671
-1.4132
-1.40961
-1.40596
-1.40225
-1.39848
-1.39467
-1.39082
-1.38693
-1.383
-1.37906
-1.37509
-1.3711
-1.36711
-1.36311
-1.3591
-1.35511
-1.35112
-1.34715
-1.3432
-1.33927
-1.33537
-1.3315
-1.32767
-1.32388
-1.32014
-1.31644
-1.3128
-1.30922
-1.3057
-1.30224
-1.29885
-1.29554
-1.29229
-1.28913
-1.28604
-1.28304
-1.28013
-1.27732
-1.27459
-1.27196
-1.26943
-1.267
-1.26467
-1.26245
-1.26033
-1.25832
-1.25642
-1.25464
-1.25296
-1.2514
-1.24995
-1.24862
-1.24741
-1.24632
-1.24534
-1.24449
-1.24375
-1.24313
-1.24264
-1.24226
-1.242
-1.24186
-1.24184
-1.24194
-1.24215
-1.24248
-1.24293
-1.24349
-1.24417
-1.24495
-1.24585
-1.24685
-1.24796
-1.24918
-1.25049
-1.25191
-1.25343
-1.25504
-1.25675
-1.25854
-1.26042
-1.26238
-1.26443
-1.26655
-1.26875
-1.27102
-1.27336
-1.27576
-1.27822
-1.28074
-1.28331
-1.28593
-1.28859
-1.29129
-1.29403
-1.29679
-1.29958
-1.3024
-1.30523
-1.30807
-1.31092
-1.31377
-1.31661
-1.31945
-1.32227
-1.32508
-0.165809
-0.151346
-0.136835
-0.12229
-0.107728
-0.0931651
-0.078625
-0.0641392
-0.0497368
-0.0354563
-0.0213443
-0.00745737
0.00613396
0.0193506
0.032087
0.0442212
0.0556063
0.0660682
0.0754086
0.0834091
0.0898454
0.0945021
0.0972088
0.0978594
0.0964331
0.0929982
0.0876896
0.080709
0.0722525
0.0625331
0.0517464
0.0400632
0.0276307
0.014574
0.00099587
-0.0130166
-0.0273946
-0.0420786
-0.0570199
-0.0721787
-0.0875209
-0.103014
-0.118637
-0.134368
-0.15019
-0.166086
-0.182043
-0.198048
-0.214092
-0.230166
-0.24626
-0.262368
-0.278483
-0.294598
-0.310711
-0.32681
-0.3429
-0.358966
-0.375008
-0.391021
-0.407004
-0.422952
-0.438863
-0.454734
-0.470559
-0.486338
-0.502068
-0.517746
-0.533369
-0.548937
-0.564444
-0.579891
-0.595272
-0.610585
-0.625832
-0.641008
-0.656112
-0.671142
-0.686097
-0.700972
-0.715766
-0.730477
-0.745105
-0.759645
-0.774098
-0.78846
-0.802729
-0.816906
-0.830986
-0.844969
-0.858852
-0.872635
-0.886313
-0.899886
-0.913351
-0.926707
-0.939952
-0.953089
-0.966106
-0.979007
-0.991789
-1.00445
-1.01699
-1.0294
-1.04169
-1.05385
-1.06587
-1.07777
-1.08953
-1.10116
-1.11264
-1.12399
-1.13519
-1.14624
-1.15715
-1.1679
-1.17851
-1.18896
-1.19926
-1.20939
-1.21937
-1.22918
-1.23882
-1.2483
-1.25761
-1.26675
-1.27571
-1.2845
-1.2931
-1.30153
-1.30977
-1.31782
-1.32569
-1.33337
-1.34086
-1.34815
-1.35524
-1.36214
-1.36884
-1.37533
-1.38162
-1.3877
-1.39358
-1.39925
-1.40471
-1.40995
-1.41498
-1.4198
-1.4244
-1.42879
-1.43296
-1.4369
-1.44064
-1.44415
-1.44744
-1.45052
-1.45338
-1.45602
-1.45843
-1.46064
-1.46262
-1.46439
-1.46595
-1.4673
-1.46843
-1.46936
-1.47008
-1.4706
-1.47092
-1.47103
-1.47095
-1.47068
-1.47022
-1.46957
-1.46874
-1.46773
-1.46655
-1.4652
-1.46369
-1.46201
-1.46017
-1.45819
-1.45606
-1.45378
-1.45138
-1.44883
-1.44617
-1.44338
-1.44047
-1.43746
-1.43434
-1.43113
-1.42782
-1.42442
-1.42094
-1.41738
-1.41375
-1.41006
-1.40631
-1.4025
-1.39864
-1.39474
-1.39081
-1.38684
-1.38284
-1.37882
-1.37479
-1.37074
-1.36669
-1.36263
-1.35858
-1.35454
-1.35051
-1.34649
-1.34251
-1.33855
-1.33462
-1.33072
-1.32687
-1.32306
-1.3193
-1.31559
-1.31194
-1.30835
-1.30483
-1.30137
-1.29798
-1.29466
-1.29143
-1.28827
-1.28519
-1.2822
-1.27931
-1.27651
-1.2738
-1.27119
-1.26868
-1.26627
-1.26396
-1.26176
-1.25967
-1.25769
-1.25581
-1.25405
-1.25241
-1.25087
-1.24946
-1.24816
-1.24698
-1.24591
-1.24497
-1.24414
-1.24343
-1.24285
-1.24238
-1.24203
-1.2418
-1.24169
-1.2417
-1.24182
-1.24206
-1.24242
-1.24289
-1.24347
-1.24417
-1.24497
-1.24589
-1.24691
-1.24803
-1.24926
-1.25059
-1.25202
-1.25354
-1.25516
-1.25687
-1.25866
-1.26054
-1.2625
-1.26454
-1.26665
-1.26884
-1.27109
-1.27341
-1.27579
-1.27823
-1.28072
-1.28326
-1.28584
-1.28846
-1.29112
-1.29381
-1.29653
-1.29927
-1.30202
-1.3048
-1.30757
-1.31035
-1.31313
-1.3159
-1.31865
-1.32139
-0.155465
-0.140801
-0.126074
-0.111293
-0.0964721
-0.0816302
-0.0667853
-0.0519663
-0.0372005
-0.022524
-0.0079821
0.00637006
0.0204635
0.0342128
0.0475097
0.0602206
0.0721787
0.0831799
0.0929821
0.10131
0.107873
0.112396
0.114662
0.114557
0.112106
0.107446
0.100804
0.0924539
0.0826596
0.0716743
0.0597135
0.0469607
0.0335612
0.0196341
0.00527533
-0.00943804
-0.0244439
-0.0396929
-0.0551432
-0.0707597
-0.0865154
-0.10239
-0.118356
-0.134401
-0.150508
-0.166668
-0.182867
-0.199096
-0.215346
-0.23161
-0.247881
-0.264154
-0.280423
-0.296681
-0.312925
-0.32915
-0.345356
-0.361532
-0.377677
-0.393788
-0.409863
-0.425899
-0.441892
-0.457842
-0.473741
-0.489591
-0.505387
-0.521129
-0.536813
-0.552439
-0.568001
-0.583502
-0.598934
-0.614297
-0.629591
-0.644811
-0.659962
-0.675032
-0.690025
-0.704938
-0.71977
-0.734516
-0.749179
-0.763754
-0.778239
-0.792633
-0.806934
-0.82114
-0.83525
-0.849261
-0.863173
-0.876982
-0.890687
-0.904284
-0.917775
-0.931156
-0.944428
-0.957583
-0.970624
-0.983547
-0.996351
-1.00903
-1.02159
-1.03403
-1.04633
-1.05851
-1.07056
-1.08247
-1.09425
-1.10589
-1.1174
-1.12876
-1.13997
-1.15104
-1.16196
-1.17274
-1.18336
-1.19382
-1.20413
-1.21428
-1.22427
-1.23409
-1.24375
-1.25324
-1.26256
-1.27171
-1.28068
-1.28947
-1.29809
-1.30652
-1.31477
-1.32283
-1.33071
-1.33839
-1.34588
-1.35318
-1.36028
-1.36718
-1.37388
-1.38038
-1.38667
-1.39276
-1.39864
-1.40431
-1.40976
-1.41501
-1.42004
-1.42485
-1.42945
-1.43384
-1.438
-1.44195
-1.44567
-1.44918
-1.45247
-1.45554
-1.45838
-1.46101
-1.46342
-1.46562
-1.46759
-1.46935
-1.4709
-1.47223
-1.47335
-1.47427
-1.47498
-1.47548
-1.47578
-1.47587
-1.47578
-1.47549
-1.47501
-1.47434
-1.47349
-1.47247
-1.47126
-1.46989
-1.46835
-1.46665
-1.46479
-1.46278
-1.46062
-1.45832
-1.45589
-1.45332
-1.45062
-1.4478
-1.44487
-1.44182
-1.43867
-1.43542
-1.43207
-1.42864
-1.42512
-1.42153
-1.41786
-1.41413
-1.41033
-1.40649
-1.40259
-1.39864
-1.39466
-1.39065
-1.3866
-1.38254
-1.37845
-1.37436
-1.37025
-1.36614
-1.36204
-1.35794
-1.35386
-1.34979
-1.34574
-1.34172
-1.33773
-1.33378
-1.32986
-1.32599
-1.32217
-1.3184
-1.31468
-1.31102
-1.30743
-1.3039
-1.30044
-1.29706
-1.29375
-1.29051
-1.28737
-1.2843
-1.28133
-1.27845
-1.27566
-1.27297
-1.27038
-1.26789
-1.26551
-1.26323
-1.26105
-1.25898
-1.25703
-1.25519
-1.25345
-1.25184
-1.25034
-1.24895
-1.24768
-1.24653
-1.24549
-1.24458
-1.24379
-1.24311
-1.24255
-1.24212
-1.2418
-1.2416
-1.24151
-1.24155
-1.2417
-1.24196
-1.24234
-1.24284
-1.24344
-1.24416
-1.24498
-1.24591
-1.24695
-1.24809
-1.24933
-1.25067
-1.2521
-1.25364
-1.25526
-1.25696
-1.25876
-1.26063
-1.26258
-1.26461
-1.26671
-1.26889
-1.27112
-1.27342
-1.27577
-1.27818
-1.28064
-1.28315
-1.28569
-1.28827
-1.29089
-1.29353
-1.2962
-1.29888
-1.30158
-1.30428
-1.30699
-1.3097
-1.3124
-1.31508
-1.31775
-0.145866
-0.131017
-0.116085
-0.101077
-0.0860115
-0.0708985
-0.0557547
-0.040606
-0.0254764
-0.0103986
0.00458684
0.0194288
0.0340584
0.0483904
0.062318
0.0756962
0.0883397
0.100011
0.110411
0.119187
0.125945
0.130318
0.132023
0.130956
0.127215
0.121066
0.112865
0.102987
0.0917586
0.0794653
0.0663328
0.0525366
0.038216
0.0234757
0.0083981
-0.00695207
-0.0225238
-0.0382774
-0.0541775
-0.0701979
-0.0863173
-0.102516
-0.11878
-0.135098
-0.151454
-0.167838
-0.184243
-0.200662
-0.217087
-0.233514
-0.249935
-0.266349
-0.282746
-0.299125
-0.315483
-0.331814
-0.348115
-0.364386
-0.380618
-0.396812
-0.412964
-0.429072
-0.445134
-0.461148
-0.47711
-0.493022
-0.508875
-0.52467
-0.540405
-0.55608
-0.571689
-0.587234
-0.602709
-0.618115
-0.633451
-0.648709
-0.663892
-0.678998
-0.694023
-0.70897
-0.723834
-0.738612
-0.753304
-0.767908
-0.782421
-0.796843
-0.81117
-0.825402
-0.839537
-0.853573
-0.867507
-0.881339
-0.895068
-0.908689
-0.922202
-0.935607
-0.948894
-0.962071
-0.975132
-0.988075
-1.0009
-1.0136
-1.02617
-1.03863
-1.05095
-1.06314
-1.07521
-1.08714
-1.09894
-1.11059
-1.12211
-1.13349
-1.14472
-1.1558
-1.16674
-1.17752
-1.18816
-1.19863
-1.20895
-1.21912
-1.22911
-1.23895
-1.24862
-1.25812
-1.26745
-1.27661
-1.28559
-1.29439
-1.30301
-1.31145
-1.31971
-1.32778
-1.33566
-1.34335
-1.35084
-1.35815
-1.36525
-1.37216
-1.37886
-1.38536
-1.39165
-1.39774
-1.40362
-1.40929
-1.41475
-1.41999
-1.42502
-1.42984
-1.43443
-1.43881
-1.44297
-1.44691
-1.45063
-1.45413
-1.45741
-1.46047
-1.46331
-1.46593
-1.46834
-1.47052
-1.47249
-1.47424
-1.47577
-1.47709
-1.4782
-1.4791
-1.47979
-1.48028
-1.48056
-1.48065
-1.48053
-1.48023
-1.47973
-1.47904
-1.47818
-1.47713
-1.4759
-1.47451
-1.47295
-1.47122
-1.46934
-1.46731
-1.46512
-1.4628
-1.46034
-1.45774
-1.45501
-1.45217
-1.4492
-1.44613
-1.44294
-1.43966
-1.43628
-1.43281
-1.42926
-1.42563
-1.42193
-1.41816
-1.41433
-1.41044
-1.4065
-1.40251
-1.39849
-1.39443
-1.39034
-1.38623
-1.3821
-1.37795
-1.3738
-1.36964
-1.36548
-1.36133
-1.35719
-1.35307
-1.34897
-1.34489
-1.34085
-1.33683
-1.33286
-1.32893
-1.32504
-1.3212
-1.31742
-1.3137
-1.31004
-1.30644
-1.30291
-1.29946
-1.29608
-1.29278
-1.28956
-1.28643
-1.28338
-1.28042
-1.27756
-1.27479
-1.27212
-1.26955
-1.26709
-1.26473
-1.26247
-1.26032
-1.25829
-1.25636
-1.25454
-1.25284
-1.25126
-1.24978
-1.24843
-1.24719
-1.24607
-1.24507
-1.24419
-1.24342
-1.24278
-1.24225
-1.24184
-1.24155
-1.24138
-1.24133
-1.24139
-1.24157
-1.24186
-1.24226
-1.24278
-1.2434
-1.24414
-1.24498
-1.24593
-1.24698
-1.24813
-1.24938
-1.25073
-1.25217
-1.25371
-1.25533
-1.25703
-1.25882
-1.26069
-1.26264
-1.26465
-1.26674
-1.26889
-1.27111
-1.27338
-1.27571
-1.27809
-1.28052
-1.28298
-1.28549
-1.28802
-1.29059
-1.29318
-1.29579
-1.29841
-1.30105
-1.30368
-1.30632
-1.30895
-1.31157
-1.31418
-0.13709
-0.122073
-0.106954
-0.0917429
-0.0764487
-0.0610778
-0.0456542
-0.0301902
-0.014708
0.00076504
0.0161951
0.0315336
0.046722
0.0616795
0.0763017
0.0904417
0.103899
0.116404
0.12759
0.136991
0.14406
0.148259
0.149212
0.146854
0.141454
0.133492
0.123503
0.111967
0.0992569
0.0856672
0.0714106
0.0566438
0.0414811
0.0260113
0.0102973
-0.00560907
-0.02167
-0.0378545
-0.0541383
-0.0705009
-0.0869268
-0.103402
-0.119915
-0.136455
-0.153019
-0.16959
-0.186167
-0.202742
-0.219312
-0.235872
-0.252419
-0.268945
-0.285448
-0.301927
-0.318375
-0.334791
-0.351173
-0.367519
-0.383823
-0.400084
-0.416299
-0.432466
-0.448586
-0.464653
-0.480666
-0.496623
-0.512522
-0.528361
-0.544138
-0.559854
-0.575501
-0.591079
-0.606594
-0.622033
-0.637398
-0.652689
-0.667902
-0.683038
-0.698093
-0.713067
-0.727956
-0.742759
-0.757475
-0.772102
-0.78664
-0.801084
-0.815434
-0.829688
-0.843843
-0.857899
-0.871854
-0.885706
-0.899452
-0.913097
-0.926629
-0.940048
-0.953355
-0.966549
-0.979627
-0.992585
-1.00542
-1.01814
-1.03073
-1.0432
-1.05554
-1.06775
-1.07983
-1.09177
-1.10358
-1.11526
-1.12679
-1.13817
-1.14942
-1.16052
-1.17146
-1.18226
-1.19291
-1.2034
-1.21373
-1.2239
-1.23391
-1.24376
-1.25343
-1.26294
-1.27228
-1.28145
-1.29043
-1.29924
-1.30787
-1.31632
-1.32458
-1.33266
-1.34054
-1.34824
-1.35574
-1.36304
-1.37015
-1.37706
-1.38376
-1.39027
-1.39656
-1.40265
-1.40853
-1.4142
-1.41966
-1.4249
-1.42992
-1.43474
-1.43933
-1.4437
-1.44786
-1.4518
-1.45551
-1.459
-1.46228
-1.46533
-1.46816
-1.47077
-1.47317
-1.47534
-1.4773
-1.47904
-1.48056
-1.48187
-1.48297
-1.48385
-1.48453
-1.485
-1.48527
-1.48534
-1.48521
-1.48489
-1.48437
-1.48367
-1.48278
-1.48171
-1.48047
-1.47906
-1.47747
-1.47573
-1.47382
-1.47177
-1.46956
-1.46721
-1.46472
-1.4621
-1.45935
-1.45647
-1.45348
-1.45038
-1.44716
-1.44385
-1.44044
-1.43694
-1.43335
-1.42969
-1.42595
-1.42214
-1.41827
-1.41435
-1.41037
-1.40634
-1.40228
-1.39818
-1.39404
-1.38989
-1.38571
-1.38152
-1.37732
-1.37311
-1.36891
-1.36471
-1.36052
-1.35634
-1.35218
-1.34805
-1.34395
-1.33988
-1.33585
-1.33186
-1.32791
-1.32401
-1.32017
-1.31638
-1.31265
-1.30899
-1.3054
-1.30188
-1.29843
-1.29505
-1.29177
-1.28856
-1.28544
-1.28242
-1.27948
-1.27663
-1.27389
-1.27124
-1.2687
-1.26626
-1.26392
-1.26169
-1.25958
-1.25757
-1.25567
-1.25389
-1.25222
-1.25066
-1.24922
-1.2479
-1.24669
-1.24561
-1.24464
-1.24379
-1.24305
-1.24244
-1.24194
-1.24157
-1.2413
-1.24116
-1.24113
-1.24122
-1.24142
-1.24174
-1.24217
-1.2427
-1.24335
-1.2441
-1.24496
-1.24593
-1.24699
-1.24815
-1.24941
-1.25077
-1.25222
-1.25375
-1.25537
-1.25707
-1.25886
-1.26072
-1.26265
-1.26466
-1.26673
-1.26886
-1.27105
-1.2733
-1.2756
-1.27795
-1.28033
-1.28276
-1.28522
-1.28771
-1.29023
-1.29276
-1.29531
-1.29787
-1.30044
-1.30301
-1.30557
-1.30812
-1.31065
-0.129213
-0.114052
-0.0987746
-0.0833847
-0.0678889
-0.0522937
-0.0366158
-0.020863
-0.00505466
0.010791
0.0266433
0.0424676
0.0582148
0.0738153
0.0891771
0.104162
0.118571
0.132108
0.144338
0.154638
0.162202
0.166187
0.166055
0.161889
0.154326
0.144196
0.132235
0.118991
0.10484
0.0900407
0.0747699
0.0591474
0.0432618
0.0271722
0.0109273
-0.00544005
-0.0219034
-0.0384405
-0.0550349
-0.0716737
-0.0883457
-0.105041
-0.121753
-0.138474
-0.155196
-0.171915
-0.188629
-0.205328
-0.222012
-0.238678
-0.255319
-0.271935
-0.288521
-0.305075
-0.321595
-0.338078
-0.354522
-0.370924
-0.387286
-0.403598
-0.419862
-0.436076
-0.452238
-0.468346
-0.484398
-0.500391
-0.516325
-0.532197
-0.548006
-0.563752
-0.579433
-0.595041
-0.610579
-0.626046
-0.641437
-0.656751
-0.671989
-0.687147
-0.702224
-0.717219
-0.732128
-0.746953
-0.761689
-0.776336
-0.790891
-0.805353
-0.81972
-0.833992
-0.848165
-0.862238
-0.876209
-0.890077
-0.903842
-0.917498
-0.931043
-0.944479
-0.957802
-0.971011
-0.984102
-0.997075
-1.00993
-1.02266
-1.03527
-1.04775
-1.0601
-1.07232
-1.08441
-1.09637
-1.10819
-1.11987
-1.13142
-1.14282
-1.15407
-1.16518
-1.17614
-1.18695
-1.1976
-1.2081
-1.21844
-1.22862
-1.23864
-1.2485
-1.25818
-1.2677
-1.27705
-1.28622
-1.29521
-1.30403
-1.31266
-1.32111
-1.32938
-1.33746
-1.34535
-1.35305
-1.36055
-1.36786
-1.37497
-1.38188
-1.38859
-1.39509
-1.40139
-1.40748
-1.41336
-1.41903
-1.42448
-1.42972
-1.43475
-1.43955
-1.44414
-1.44851
-1.45266
-1.45659
-1.4603
-1.46379
-1.46705
-1.4701
-1.47292
-1.47553
-1.47791
-1.48007
-1.48202
-1.48375
-1.48526
-1.48656
-1.48764
-1.48852
-1.48918
-1.48964
-1.48989
-1.48994
-1.4898
-1.48946
-1.48893
-1.48821
-1.4873
-1.48622
-1.48496
-1.48352
-1.48192
-1.48015
-1.47823
-1.47615
-1.47392
-1.47155
-1.46903
-1.46639
-1.46361
-1.46071
-1.45769
-1.45456
-1.45132
-1.44797
-1.44453
-1.441
-1.43739
-1.43369
-1.42992
-1.42608
-1.42217
-1.41821
-1.41419
-1.41013
-1.40602
-1.40188
-1.39771
-1.39351
-1.38929
-1.38506
-1.38081
-1.37656
-1.37231
-1.36806
-1.36382
-1.35959
-1.35538
-1.3512
-1.34704
-1.34292
-1.33883
-1.33478
-1.33077
-1.32682
-1.32291
-1.31906
-1.31527
-1.31155
-1.30789
-1.3043
-1.30079
-1.29735
-1.29399
-1.29071
-1.28753
-1.28443
-1.28142
-1.2785
-1.27568
-1.27296
-1.27034
-1.26782
-1.26541
-1.2631
-1.2609
-1.25881
-1.25684
-1.25497
-1.25322
-1.25158
-1.25006
-1.24865
-1.24736
-1.24619
-1.24513
-1.2442
-1.24338
-1.24268
-1.24209
-1.24163
-1.24128
-1.24105
-1.24093
-1.24093
-1.24105
-1.24127
-1.24161
-1.24206
-1.24262
-1.24329
-1.24406
-1.24493
-1.24591
-1.24699
-1.24816
-1.24943
-1.25079
-1.25224
-1.25377
-1.25539
-1.25709
-1.25887
-1.26072
-1.26264
-1.26462
-1.26668
-1.26879
-1.27095
-1.27317
-1.27544
-1.27775
-1.2801
-1.28248
-1.2849
-1.28734
-1.2898
-1.29227
-1.29476
-1.29726
-1.29975
-1.30224
-1.30473
-1.30719
-0.122313
-0.107041
-0.0916372
-0.0761034
-0.0604445
-0.0446643
-0.0287742
-0.0127798
0.00331101
0.019479
0.03571
0.0519764
0.068245
0.0844667
0.100568
0.11644
0.131909
0.146689
0.160303
0.171941
0.180351
0.184039
0.182174
0.17536
0.165024
0.15245
0.138484
0.123633
0.108203
0.0923734
0.0762641
0.0599523
0.0434913
0.0269187
0.01026
-0.00646126
-0.0232313
-0.0400357
-0.0568652
-0.0737105
-0.0905665
-0.107426
-0.124286
-0.141138
-0.157979
-0.174807
-0.191617
-0.208411
-0.225177
-0.241917
-0.258629
-0.275308
-0.291954
-0.308563
-0.325134
-0.341665
-0.358153
-0.374597
-0.390998
-0.407347
-0.423646
-0.439891
-0.456082
-0.47222
-0.488299
-0.504319
-0.52028
-0.536176
-0.552012
-0.567777
-0.583475
-0.599103
-0.614661
-0.630147
-0.645556
-0.660888
-0.676143
-0.691319
-0.706413
-0.721423
-0.736348
-0.751188
-0.765939
-0.7806
-0.79517
-0.809646
-0.824026
-0.838311
-0.852497
-0.866583
-0.880567
-0.894451
-0.908226
-0.921892
-0.93545
-0.948898
-0.962233
-0.975453
-0.988556
-1.00154
-1.01441
-1.02715
-1.03977
-1.05226
-1.06462
-1.07685
-1.08895
-1.10092
-1.11275
-1.12445
-1.136
-1.14741
-1.15867
-1.16979
-1.18076
-1.19157
-1.20224
-1.21275
-1.2231
-1.23328
-1.24331
-1.25317
-1.26286
-1.27239
-1.28174
-1.29092
-1.29992
-1.30874
-1.31738
-1.32583
-1.3341
-1.34219
-1.35008
-1.35778
-1.36529
-1.3726
-1.37971
-1.38663
-1.39333
-1.39984
-1.40613
-1.41222
-1.4181
-1.42376
-1.42921
-1.43445
-1.43947
-1.44428
-1.44886
-1.45322
-1.45737
-1.46129
-1.465
-1.46848
-1.47173
-1.47477
-1.47759
-1.48018
-1.48256
-1.48471
-1.48665
-1.48836
-1.48986
-1.49115
-1.49222
-1.49308
-1.49374
-1.49418
-1.49442
-1.49446
-1.4943
-1.49394
-1.49339
-1.49266
-1.49174
-1.49063
-1.48935
-1.4879
-1.48628
-1.4845
-1.48255
-1.48045
-1.4782
-1.47581
-1.47327
-1.4706
-1.4678
-1.46487
-1.46183
-1.45867
-1.4554
-1.45203
-1.44856
-1.445
-1.44136
-1.43763
-1.43383
-1.42995
-1.42601
-1.42202
-1.41797
-1.41387
-1.40972
-1.40555
-1.40133
-1.39709
-1.39283
-1.38856
-1.38427
-1.37997
-1.37567
-1.37138
-1.36709
-1.36282
-1.35856
-1.35432
-1.35011
-1.34594
-1.34179
-1.33769
-1.33363
-1.32961
-1.32565
-1.32174
-1.31789
-1.31411
-1.31039
-1.30674
-1.30316
-1.29965
-1.29622
-1.29288
-1.28962
-1.28645
-1.28337
-1.28039
-1.27749
-1.2747
-1.27201
-1.26941
-1.26692
-1.26453
-1.26226
-1.26009
-1.25803
-1.25609
-1.25425
-1.25254
-1.25093
-1.24944
-1.24807
-1.24681
-1.24567
-1.24465
-1.24375
-1.24296
-1.24229
-1.24174
-1.24131
-1.24099
-1.24079
-1.2407
-1.24073
-1.24087
-1.24112
-1.24148
-1.24195
-1.24253
-1.24321
-1.244
-1.24489
-1.24588
-1.24697
-1.24815
-1.24943
-1.25079
-1.25224
-1.25377
-1.25538
-1.25708
-1.25884
-1.26068
-1.26259
-1.26456
-1.26659
-1.26867
-1.27081
-1.273
-1.27523
-1.2775
-1.27981
-1.28215
-1.28451
-1.2869
-1.2893
-1.29171
-1.29414
-1.29656
-1.29898
-1.3014
-1.30379
-0.116468
-0.101121
-0.0856309
-0.0699991
-0.0542227
-0.0383123
-0.0222677
-0.00609098
0.0102085
0.0266262
0.0431526
0.0597756
0.0764774
0.0932289
0.109989
0.126695
0.143232
0.159391
0.174758
0.18843
0.198445
0.201615
0.196578
0.185884
0.17233
0.157372
0.141664
0.125522
0.109111
0.0925197
0.0758052
0.059004
0.0421406
0.025233
0.00829323
-0.00867054
-0.0256465
-0.0426299
-0.0596153
-0.0765986
-0.0935751
-0.110542
-0.127498
-0.144435
-0.161354
-0.178251
-0.195126
-0.211972
-0.228793
-0.245581
-0.262335
-0.279054
-0.295736
-0.312379
-0.328982
-0.345541
-0.362055
-0.378524
-0.394945
-0.41132
-0.427639
-0.443906
-0.460116
-0.47627
-0.492367
-0.508402
-0.52438
-0.540292
-0.556137
-0.571916
-0.587628
-0.603268
-0.618837
-0.634334
-0.649756
-0.665099
-0.680363
-0.695549
-0.710653
-0.725673
-0.740609
-0.755457
-0.77022
-0.784891
-0.79947
-0.813956
-0.828348
-0.842642
-0.856837
-0.870931
-0.884928
-0.898817
-0.9126
-0.926276
-0.939843
-0.9533
-0.966643
-0.979872
-0.992984
-1.00598
-1.01885
-1.0316
-1.04423
-1.05673
-1.0691
-1.08134
-1.09345
-1.10543
-1.11727
-1.12897
-1.14053
-1.15195
-1.16322
-1.17434
-1.18532
-1.19614
-1.20681
-1.21733
-1.22768
-1.23787
-1.24791
-1.25777
-1.26747
-1.277
-1.28636
-1.29554
-1.30454
-1.31337
-1.32201
-1.33047
-1.33874
-1.34683
-1.35473
-1.36243
-1.36994
-1.37725
-1.38436
-1.39127
-1.39798
-1.40448
-1.41078
-1.41686
-1.42274
-1.4284
-1.43385
-1.43908
-1.4441
-1.4489
-1.45348
-1.45784
-1.46198
-1.4659
-1.46959
-1.47307
-1.47632
-1.47934
-1.48215
-1.48474
-1.4871
-1.48924
-1.49117
-1.49287
-1.49436
-1.49564
-1.4967
-1.49755
-1.49819
-1.49862
-1.49885
-1.49887
-1.49869
-1.49832
-1.49776
-1.49701
-1.49607
-1.49495
-1.49366
-1.49219
-1.49055
-1.48874
-1.48678
-1.48466
-1.48239
-1.47998
-1.47742
-1.47473
-1.4719
-1.46895
-1.46589
-1.4627
-1.45941
-1.45602
-1.45252
-1.44893
-1.44526
-1.4415
-1.43767
-1.43377
-1.4298
-1.42577
-1.42168
-1.41755
-1.41337
-1.40916
-1.40491
-1.40063
-1.39633
-1.39201
-1.38768
-1.38335
-1.37901
-1.37467
-1.37033
-1.36601
-1.36171
-1.35742
-1.35317
-1.34894
-1.34474
-1.34058
-1.33647
-1.3324
-1.32838
-1.32442
-1.32051
-1.31666
-1.31288
-1.30917
-1.30553
-1.30196
-1.29846
-1.29506
-1.29173
-1.28849
-1.28534
-1.28229
-1.27933
-1.27646
-1.27369
-1.27103
-1.26846
-1.266
-1.26364
-1.2614
-1.25926
-1.25724
-1.25533
-1.25353
-1.25185
-1.25028
-1.24882
-1.24748
-1.24626
-1.24515
-1.24417
-1.2433
-1.24254
-1.24191
-1.24139
-1.24098
-1.2407
-1.24052
-1.24046
-1.24052
-1.24068
-1.24096
-1.24134
-1.24183
-1.24243
-1.24313
-1.24393
-1.24484
-1.24584
-1.24694
-1.24813
-1.2494
-1.25077
-1.25222
-1.25375
-1.25535
-1.25704
-1.25879
-1.26062
-1.2625
-1.26445
-1.26646
-1.26852
-1.27063
-1.27278
-1.27497
-1.2772
-1.27946
-1.28175
-1.28406
-1.28639
-1.28873
-1.29108
-1.29344
-1.29579
-1.29813
-1.30046
-0.111746
-0.0963696
-0.0808417
-0.0651634
-0.0493325
-0.0333548
-0.0172267
-0.00095359
0.0154653
0.0320281
0.0487321
0.0655744
0.0825501
0.0996522
0.11687
0.134185
0.151561
0.16893
0.186124
0.202626
0.21618
0.217886
0.206358
0.191074
0.174807
0.158168
0.141348
0.124427
0.107445
0.0904214
0.0733701
0.0563008
0.0392204
0.0221335
0.00504495
-0.0120429
-0.0291263
-0.0462007
-0.0632644
-0.0803155
-0.0973509
-0.114371
-0.13137
-0.148348
-0.165302
-0.182232
-0.199133
-0.216005
-0.232844
-0.249651
-0.266424
-0.283159
-0.299856
-0.316512
-0.333126
-0.349697
-0.366222
-0.3827
-0.39913
-0.415512
-0.431839
-0.448112
-0.464328
-0.480489
-0.496594
-0.512634
-0.528613
-0.544529
-0.560382
-0.576165
-0.591881
-0.607526
-0.623099
-0.638601
-0.654026
-0.669375
-0.684644
-0.699835
-0.714943
-0.729968
-0.744908
-0.759763
-0.774528
-0.789204
-0.803789
-0.81828
-0.832677
-0.846977
-0.861181
-0.875282
-0.88928
-0.903174
-0.916962
-0.930644
-0.944217
-0.957679
-0.97103
-0.984264
-0.997383
-1.01038
-1.02326
-1.03602
-1.04865
-1.06116
-1.07354
-1.08578
-1.0979
-1.10988
-1.12173
-1.13343
-1.145
-1.15642
-1.1677
-1.17883
-1.18981
-1.20064
-1.21132
-1.22183
-1.23219
-1.24239
-1.25243
-1.2623
-1.272
-1.28153
-1.29089
-1.30008
-1.30909
-1.31791
-1.32656
-1.33503
-1.3433
-1.35139
-1.35928
-1.36699
-1.3745
-1.38181
-1.38892
-1.39583
-1.40253
-1.40903
-1.41532
-1.42141
-1.42728
-1.43294
-1.43838
-1.44361
-1.44862
-1.45342
-1.45799
-1.46234
-1.46648
-1.47039
-1.47408
-1.47755
-1.48079
-1.48381
-1.4866
-1.48918
-1.49153
-1.49367
-1.49558
-1.49728
-1.49876
-1.50002
-1.50107
-1.50191
-1.50253
-1.50295
-1.50316
-1.50317
-1.50298
-1.5026
-1.50202
-1.50126
-1.5003
-1.49917
-1.49786
-1.49637
-1.49471
-1.49289
-1.49091
-1.48877
-1.48648
-1.48405
-1.48147
-1.47876
-1.47592
-1.47295
-1.46986
-1.46665
-1.46334
-1.45992
-1.4564
-1.45278
-1.44908
-1.4453
-1.44144
-1.43751
-1.43351
-1.42945
-1.42534
-1.42117
-1.41696
-1.41271
-1.40843
-1.40412
-1.39978
-1.39542
-1.39105
-1.38668
-1.3823
-1.37792
-1.37354
-1.36918
-1.36483
-1.3605
-1.35619
-1.35191
-1.34766
-1.34346
-1.33929
-1.33517
-1.3311
-1.32708
-1.32311
-1.31921
-1.31537
-1.3116
-1.30789
-1.30427
-1.30071
-1.29724
-1.29385
-1.29054
-1.28733
-1.2842
-1.28117
-1.27824
-1.2754
-1.27266
-1.27002
-1.26749
-1.26506
-1.26274
-1.26053
-1.25842
-1.25644
-1.25456
-1.2528
-1.25115
-1.24961
-1.24819
-1.24689
-1.2457
-1.24463
-1.24368
-1.24284
-1.24212
-1.24152
-1.24103
-1.24066
-1.2404
-1.24025
-1.24022
-1.2403
-1.24049
-1.24079
-1.24119
-1.24171
-1.24232
-1.24304
-1.24385
-1.24477
-1.24578
-1.24689
-1.24808
-1.24936
-1.25073
-1.25217
-1.2537
-1.2553
-1.25697
-1.25871
-1.26052
-1.26239
-1.26431
-1.26629
-1.26832
-1.27039
-1.27251
-1.27466
-1.27685
-1.27906
-1.2813
-1.28355
-1.28582
-1.2881
-1.29038
-1.29266
-1.29493
-1.29719
-0.108207
-0.0928518
-0.0773424
-0.0616799
-0.0458612
-0.0298911
-0.0137717
0.00250075
0.0189249
0.0355003
0.0522266
0.0691034
0.0861303
0.103307
0.120631
0.138102
0.155722
0.173481
0.191374
0.209363
0.227044
0.222416
0.205621
0.188629
0.171588
0.154522
0.137438
0.120342
0.103238
0.0861265
0.0690115
0.0518951
0.0347799
0.0176674
0.00055916
-0.0165413
-0.0336325
-0.0507126
-0.0677806
-0.0848325
-0.101868
-0.118885
-0.135881
-0.152854
-0.169805
-0.186726
-0.203621
-0.220486
-0.237319
-0.254118
-0.270883
-0.287614
-0.304303
-0.320952
-0.337559
-0.354123
-0.370642
-0.387113
-0.403536
-0.41991
-0.436233
-0.4525
-0.468715
-0.48487
-0.500967
-0.517003
-0.532977
-0.548888
-0.564737
-0.580518
-0.59623
-0.611872
-0.627443
-0.64294
-0.658365
-0.673711
-0.688979
-0.704168
-0.719275
-0.734301
-0.749241
-0.764095
-0.778861
-0.793537
-0.808122
-0.822614
-0.837011
-0.851316
-0.865518
-0.879621
-0.893621
-0.907519
-0.92131
-0.934994
-0.94857
-0.962033
-0.975386
-0.988624
-1.00175
-1.01475
-1.02763
-1.04039
-1.05303
-1.06554
-1.07793
-1.09018
-1.10229
-1.11428
-1.12613
-1.13784
-1.14941
-1.16084
-1.17212
-1.18325
-1.19424
-1.20507
-1.21575
-1.22627
-1.23663
-1.24683
-1.25687
-1.26675
-1.27645
-1.28598
-1.29535
-1.30454
-1.31354
-1.32237
-1.33102
-1.33948
-1.34776
-1.35585
-1.36374
-1.37145
-1.37895
-1.38626
-1.39337
-1.40028
-1.40698
-1.41348
-1.41977
-1.42585
-1.43171
-1.43737
-1.44281
-1.44803
-1.45304
-1.45782
-1.46239
-1.46674
-1.47087
-1.47477
-1.47845
-1.48191
-1.48514
-1.48815
-1.49094
-1.49351
-1.49585
-1.49797
-1.49988
-1.50156
-1.50303
-1.50428
-1.50532
-1.50614
-1.50676
-1.50716
-1.50736
-1.50736
-1.50716
-1.50676
-1.50617
-1.50539
-1.50442
-1.50327
-1.50194
-1.50044
-1.49877
-1.49693
-1.49493
-1.49278
-1.49047
-1.48802
-1.48543
-1.4827
-1.47983
-1.47685
-1.47373
-1.47051
-1.46717
-1.46373
-1.46019
-1.45655
-1.45283
-1.44902
-1.44513
-1.44118
-1.43715
-1.43306
-1.42892
-1.42472
-1.42048
-1.4162
-1.41189
-1.40754
-1.40317
-1.39878
-1.39437
-1.38996
-1.38554
-1.38112
-1.3767
-1.3723
-1.36791
-1.36353
-1.35918
-1.35486
-1.35056
-1.34631
-1.34209
-1.33792
-1.33379
-1.32972
-1.3257
-1.32175
-1.31785
-1.31402
-1.31026
-1.30657
-1.30295
-1.29942
-1.29597
-1.2926
-1.28932
-1.28613
-1.28303
-1.28003
-1.27712
-1.27431
-1.2716
-1.269
-1.2665
-1.26411
-1.26182
-1.25964
-1.25757
-1.25562
-1.25378
-1.25205
-1.25044
-1.24894
-1.24756
-1.24629
-1.24514
-1.2441
-1.24319
-1.24238
-1.2417
-1.24112
-1.24067
-1.24033
-1.2401
-1.23998
-1.23998
-1.24008
-1.24029
-1.24061
-1.24104
-1.24157
-1.2422
-1.24294
-1.24377
-1.24469
-1.24572
-1.24682
-1.24802
-1.2493
-1.25067
-1.25211
-1.25362
-1.25522
-1.25688
-1.2586
-1.26039
-1.26223
-1.26413
-1.26608
-1.26808
-1.27012
-1.27219
-1.2743
-1.27644
-1.2786
-1.28078
-1.28297
-1.28518
-1.28739
-1.2896
-1.2918
-1.294
-0.105903
-0.0906228
-0.0751925
-0.0596094
-0.0438807
-0.0280079
-0.0119906
0.00416816
0.020467
0.0369021
0.053468
0.070158
0.0869649
0.103867
0.120843
0.137848
0.154804
0.171536
0.187625
0.201783
0.20983
0.205904
0.193867
0.179018
0.163143
0.146805
0.13022
0.11349
0.0966673
0.0797803
0.0628494
0.0458876
0.0289048
0.0119075
-0.0050993
-0.0221088
-0.0391185
-0.0561246
-0.0731237
-0.0901147
-0.107092
-0.124055
-0.141001
-0.15793
-0.174836
-0.191718
-0.208573
-0.225402
-0.2422
-0.258967
-0.275701
-0.292399
-0.309061
-0.325686
-0.342268
-0.358808
-0.375304
-0.391754
-0.408156
-0.424509
-0.440817
-0.457067
-0.473261
-0.489399
-0.505481
-0.521503
-0.537463
-0.553361
-0.569195
-0.584966
-0.600668
-0.6163
-0.631861
-0.647349
-0.662765
-0.678103
-0.693364
-0.708546
-0.723647
-0.738665
-0.753601
-0.76845
-0.783212
-0.797884
-0.812465
-0.826953
-0.841351
-0.855649
-0.86985
-0.883949
-0.897948
-0.911843
-0.925634
-0.939318
-0.952894
-0.966359
-0.979712
-0.992949
-1.00607
-1.01908
-1.03196
-1.04472
-1.05736
-1.06987
-1.08226
-1.09451
-1.10663
-1.11862
-1.13047
-1.14218
-1.15375
-1.16518
-1.17647
-1.1876
-1.19859
-1.20942
-1.2201
-1.23062
-1.24099
-1.25119
-1.26123
-1.2711
-1.28081
-1.29035
-1.29971
-1.3089
-1.31791
-1.32674
-1.33538
-1.34384
-1.35212
-1.3602
-1.3681
-1.3758
-1.3833
-1.39061
-1.39772
-1.40462
-1.41132
-1.41781
-1.4241
-1.43017
-1.43603
-1.44168
-1.44712
-1.45233
-1.45733
-1.46211
-1.46667
-1.47101
-1.47513
-1.47903
-1.4827
-1.48615
-1.48937
-1.49237
-1.49515
-1.49771
-1.50004
-1.50215
-1.50405
-1.50572
-1.50718
-1.50842
-1.50944
-1.51026
-1.51086
-1.51125
-1.51144
-1.51142
-1.51121
-1.5108
-1.51019
-1.5094
-1.50842
-1.50725
-1.50591
-1.50439
-1.50271
-1.50086
-1.49885
-1.49668
-1.49435
-1.49189
-1.48927
-1.48653
-1.48365
-1.48064
-1.47751
-1.47427
-1.47091
-1.46745
-1.46389
-1.46023
-1.45648
-1.45265
-1.44874
-1.44476
-1.44071
-1.4366
-1.43243
-1.4282
-1.42393
-1.41962
-1.41528
-1.4109
-1.4065
-1.40208
-1.39764
-1.39319
-1.38873
-1.38428
-1.37982
-1.37538
-1.37094
-1.36653
-1.36213
-1.35777
-1.35343
-1.34912
-1.34486
-1.34064
-1.33647
-1.33235
-1.32828
-1.32427
-1.32032
-1.31643
-1.31261
-1.30887
-1.30519
-1.3016
-1.29809
-1.29466
-1.29132
-1.28806
-1.2849
-1.28183
-1.27886
-1.27598
-1.2732
-1.27053
-1.26796
-1.26549
-1.26314
-1.26089
-1.25874
-1.25671
-1.2548
-1.25299
-1.2513
-1.24973
-1.24826
-1.24692
-1.24569
-1.24457
-1.24357
-1.24269
-1.24192
-1.24127
-1.24073
-1.2403
-1.23999
-1.23979
-1.2397
-1.23973
-1.23986
-1.24009
-1.24043
-1.24088
-1.24143
-1.24208
-1.24282
-1.24367
-1.24461
-1.24563
-1.24675
-1.24794
-1.24923
-1.25059
-1.25202
-1.25353
-1.25511
-1.25675
-1.25846
-1.26022
-1.26205
-1.26392
-1.26583
-1.2678
-1.26979
-1.27183
-1.27389
-1.27598
-1.27808
-1.2802
-1.28233
-1.28447
-1.28661
-1.28874
-1.29087
-0.104869
-0.0897203
-0.0744321
-0.0589982
-0.0434395
-0.0277516
-0.01194
0.00398919
0.0200259
0.0361599
0.0523742
0.0686458
0.0849416
0.101211
0.117375
0.133303
0.148762
0.163322
0.176133
0.185576
0.18929
0.185984
0.177079
0.164867
0.150862
0.135852
0.120244
0.104256
0.0880143
0.0715968
0.0550518
0.038414
0.0217066
0.00494616
-0.0118519
-0.0286764
-0.0455228
-0.0623823
-0.0792493
-0.096119
-0.11299
-0.129854
-0.146708
-0.163549
-0.180374
-0.197182
-0.213968
-0.230732
-0.24747
-0.26418
-0.280859
-0.297507
-0.31412
-0.330698
-0.34724
-0.363739
-0.380197
-0.39661
-0.412981
-0.429301
-0.445573
-0.461794
-0.477961
-0.494073
-0.510129
-0.526126
-0.542064
-0.557941
-0.573754
-0.589503
-0.605189
-0.620803
-0.636347
-0.65182
-0.667219
-0.682545
-0.697792
-0.712961
-0.728051
-0.743058
-0.757983
-0.772822
-0.787574
-0.802238
-0.816811
-0.831296
-0.845683
-0.859974
-0.874168
-0.888262
-0.902256
-0.916147
-0.929934
-0.943614
-0.957186
-0.970648
-0.983998
-0.997234
-1.01035
-1.02336
-1.03624
-1.049
-1.06164
-1.07415
-1.08653
-1.09878
-1.11091
-1.12289
-1.13474
-1.14646
-1.15803
-1.16945
-1.18074
-1.19187
-1.20286
-1.21369
-1.22437
-1.23489
-1.24526
-1.25546
-1.2655
-1.27538
-1.28508
-1.29461
-1.30397
-1.31316
-1.32217
-1.33099
-1.33964
-1.3481
-1.35637
-1.36445
-1.37235
-1.38004
-1.38754
-1.39484
-1.40195
-1.40885
-1.41554
-1.42203
-1.42831
-1.43437
-1.44023
-1.44587
-1.4513
-1.45651
-1.4615
-1.46627
-1.47083
-1.47516
-1.47927
-1.48316
-1.48681
-1.49025
-1.49347
-1.49646
-1.49923
-1.50178
-1.5041
-1.5062
-1.50808
-1.50975
-1.51119
-1.51242
-1.51343
-1.51423
-1.51483
-1.51521
-1.51538
-1.51536
-1.51513
-1.5147
-1.51409
-1.51328
-1.51229
-1.51111
-1.50975
-1.50822
-1.50653
-1.50466
-1.50263
-1.50045
-1.49811
-1.49563
-1.49301
-1.49024
-1.48735
-1.48432
-1.48118
-1.47792
-1.47454
-1.47106
-1.46748
-1.46381
-1.46004
-1.45619
-1.45226
-1.44826
-1.44418
-1.44005
-1.43585
-1.4316
-1.42731
-1.42297
-1.4186
-1.41419
-1.40976
-1.40531
-1.40084
-1.39636
-1.39187
-1.38737
-1.38289
-1.37841
-1.37393
-1.36948
-1.36505
-1.36064
-1.35626
-1.35191
-1.3476
-1.34334
-1.33912
-1.33495
-1.33083
-1.32677
-1.32277
-1.31883
-1.31496
-1.31116
-1.30743
-1.30378
-1.30021
-1.29672
-1.29331
-1.29
-1.28677
-1.28364
-1.2806
-1.27766
-1.27482
-1.27208
-1.26944
-1.2669
-1.26447
-1.26215
-1.25994
-1.25784
-1.25584
-1.25397
-1.2522
-1.25055
-1.24901
-1.24759
-1.24628
-1.24508
-1.244
-1.24304
-1.24219
-1.24146
-1.24084
-1.24033
-1.23994
-1.23966
-1.23949
-1.23943
-1.23947
-1.23963
-1.23989
-1.24025
-1.24072
-1.24128
-1.24194
-1.2427
-1.24356
-1.2445
-1.24554
-1.24665
-1.24785
-1.24913
-1.25048
-1.25191
-1.25341
-1.25497
-1.2566
-1.25829
-1.26003
-1.26182
-1.26366
-1.26555
-1.26747
-1.26943
-1.27141
-1.27342
-1.27545
-1.2775
-1.27956
-1.28163
-1.2837
-1.28576
-1.28781
-0.105121
-0.0901612
-0.0750736
-0.0598723
-0.0445601
-0.0291462
-0.01364
0.00194416
0.0175884
0.0332682
0.0489526
0.064596
0.0801348
0.0954751
0.110478
0.124927
0.138476
0.150578
0.160386
0.166766
0.168637
0.165664
0.158515
0.148333
0.136116
0.122565
0.108126
0.0930807
0.0776079
0.0618277
0.0458163
0.0296319
0.0133145
-0.00310728
-0.0196079
-0.0361713
-0.0527832
-0.0694323
-0.0861095
-0.102808
-0.119521
-0.136241
-0.152962
-0.169681
-0.186393
-0.203095
-0.219784
-0.236456
-0.253108
-0.269737
-0.286341
-0.302918
-0.319465
-0.33598
-0.35246
-0.368903
-0.385313
-0.401676
-0.417996
-0.43427
-0.450498
-0.46668
-0.482806
-0.498881
-0.514902
-0.530867
-0.546773
-0.56262
-0.578404
-0.594126
-0.609785
-0.625374
-0.640895
-0.656346
-0.671724
-0.68703
-0.702259
-0.717409
-0.732482
-0.747473
-0.762383
-0.777206
-0.791945
-0.806599
-0.82116
-0.835629
-0.850006
-0.864288
-0.878469
-0.892555
-0.906541
-0.920424
-0.934203
-0.947876
-0.961442
-0.974898
-0.988242
-1.00147
-1.01459
-1.02759
-1.04046
-1.05322
-1.06585
-1.07836
-1.09074
-1.10299
-1.11511
-1.12709
-1.13894
-1.15065
-1.16222
-1.17365
-1.18493
-1.19606
-1.20704
-1.21788
-1.22856
-1.23908
-1.24944
-1.25964
-1.26967
-1.27955
-1.28925
-1.29878
-1.30813
-1.31732
-1.32632
-1.33514
-1.34379
-1.35224
-1.36051
-1.36859
-1.37648
-1.38417
-1.39166
-1.39896
-1.40606
-1.41295
-1.41964
-1.42612
-1.43239
-1.43845
-1.4443
-1.44993
-1.45535
-1.46055
-1.46553
-1.4703
-1.47484
-1.47917
-1.48327
-1.48714
-1.49079
-1.49422
-1.49743
-1.50041
-1.50317
-1.5057
-1.50802
-1.5101
-1.51198
-1.51363
-1.51506
-1.51628
-1.51728
-1.51807
-1.51865
-1.51902
-1.51918
-1.51915
-1.51891
-1.51847
-1.51784
-1.51702
-1.51602
-1.51483
-1.51346
-1.51192
-1.51021
-1.50833
-1.50629
-1.5041
-1.50175
-1.49925
-1.49661
-1.49384
-1.49093
-1.48789
-1.48473
-1.48146
-1.47807
-1.47457
-1.47097
-1.46728
-1.4635
-1.45963
-1.45568
-1.45165
-1.44756
-1.4434
-1.43919
-1.43492
-1.4306
-1.42624
-1.42184
-1.41741
-1.41295
-1.40847
-1.40397
-1.39946
-1.39494
-1.39042
-1.38589
-1.38138
-1.37687
-1.37238
-1.36791
-1.36346
-1.35904
-1.35466
-1.35031
-1.346
-1.34173
-1.33752
-1.33335
-1.32924
-1.32519
-1.32121
-1.31729
-1.31343
-1.30965
-1.30594
-1.30232
-1.29877
-1.29531
-1.29193
-1.28865
-1.28545
-1.28235
-1.27935
-1.27644
-1.27363
-1.27093
-1.26833
-1.26583
-1.26344
-1.26116
-1.25898
-1.25692
-1.25497
-1.25313
-1.2514
-1.24979
-1.24829
-1.2469
-1.24563
-1.24448
-1.24343
-1.24251
-1.24169
-1.241
-1.24041
-1.23994
-1.23957
-1.23932
-1.23918
-1.23915
-1.23922
-1.2394
-1.23968
-1.24006
-1.24054
-1.24113
-1.2418
-1.24258
-1.24344
-1.24439
-1.24543
-1.24654
-1.24774
-1.24902
-1.25036
-1.25178
-1.25326
-1.25481
-1.25642
-1.25808
-1.2598
-1.26156
-1.26337
-1.26522
-1.26709
-1.26901
-1.27094
-1.2729
-1.27488
-1.27687
-1.27886
-1.28086
-1.28285
-1.28483
-0.106666
-0.0919488
-0.0771285
-0.0622188
-0.0472279
-0.0321693
-0.0170607
-0.00192428
0.0132113
0.0283087
0.0433173
0.0581705
0.0727758
0.0870024
0.100667
0.113507
0.125147
0.135075
0.142639
0.147145
0.148076
0.145337
0.139297
0.130587
0.119869
0.107681
0.0944243
0.0803875
0.0657733
0.0507242
0.0353423
0.0197027
0.003859
-0.0121442
-0.0282759
-0.0445107
-0.060828
-0.077212
-0.0936492
-0.110132
-0.126644
-0.14318
-0.159733
-0.176296
-0.192864
-0.209432
-0.225996
-0.242552
-0.259094
-0.275622
-0.292131
-0.308618
-0.325081
-0.341515
-0.357923
-0.374294
-0.390631
-0.406932
-0.423191
-0.439409
-0.455582
-0.471709
-0.487789
-0.503818
-0.519794
-0.535717
-0.551582
-0.56739
-0.583139
-0.598825
-0.61445
-0.630009
-0.6455
-0.660922
-0.676273
-0.691553
-0.706757
-0.721884
-0.736934
-0.751904
-0.766793
-0.781598
-0.796321
-0.810954
-0.825499
-0.839952
-0.854314
-0.868579
-0.88275
-0.896823
-0.910797
-0.924669
-0.938437
-0.9521
-0.965656
-0.979104
-0.99244
-1.00566
-1.01877
-1.03176
-1.04463
-1.05738
-1.07001
-1.08251
-1.09489
-1.10713
-1.11924
-1.13122
-1.14306
-1.15477
-1.16633
-1.17776
-1.18903
-1.20016
-1.21114
-1.22197
-1.23264
-1.24316
-1.25351
-1.26371
-1.27374
-1.28361
-1.29331
-1.30283
-1.31218
-1.32136
-1.33036
-1.33918
-1.34782
-1.35627
-1.36453
-1.3726
-1.38048
-1.38817
-1.39566
-1.40295
-1.41004
-1.41692
-1.4236
-1.43007
-1.43634
-1.44239
-1.44823
-1.45385
-1.45926
-1.46445
-1.46943
-1.47418
-1.47871
-1.48303
-1.48712
-1.49098
-1.49463
-1.49804
-1.50124
-1.50421
-1.50696
-1.50948
-1.51178
-1.51386
-1.51572
-1.51736
-1.51878
-1.51999
-1.52098
-1.52176
-1.52233
-1.52268
-1.52284
-1.52279
-1.52254
-1.52209
-1.52145
-1.52062
-1.51961
-1.51841
-1.51703
-1.51548
-1.51376
-1.51187
-1.50982
-1.50761
-1.50525
-1.50274
-1.50009
-1.4973
-1.49438
-1.49133
-1.48816
-1.48487
-1.48147
-1.47796
-1.47435
-1.47064
-1.46684
-1.46296
-1.45899
-1.45495
-1.45084
-1.44666
-1.44243
-1.43814
-1.4338
-1.42942
-1.425
-1.42054
-1.41606
-1.41155
-1.40703
-1.40249
-1.39794
-1.39339
-1.38884
-1.38429
-1.37975
-1.37523
-1.37072
-1.36624
-1.36178
-1.35736
-1.35297
-1.34862
-1.34431
-1.34006
-1.33585
-1.33169
-1.3276
-1.32356
-1.31959
-1.31569
-1.31185
-1.3081
-1.30442
-1.30082
-1.2973
-1.29387
-1.29052
-1.28727
-1.28411
-1.28104
-1.27807
-1.2752
-1.27243
-1.26977
-1.2672
-1.26475
-1.2624
-1.26015
-1.25802
-1.256
-1.25409
-1.25229
-1.2506
-1.24903
-1.24757
-1.24622
-1.24499
-1.24387
-1.24287
-1.24198
-1.2412
-1.24053
-1.23998
-1.23954
-1.23921
-1.23899
-1.23887
-1.23886
-1.23896
-1.23916
-1.23947
-1.23987
-1.24037
-1.24096
-1.24166
-1.24244
-1.24331
-1.24427
-1.2453
-1.24642
-1.24761
-1.24888
-1.25022
-1.25162
-1.2531
-1.25462
-1.25621
-1.25785
-1.25954
-1.26126
-1.26303
-1.26484
-1.26668
-1.26854
-1.27043
-1.27233
-1.27424
-1.27617
-1.27809
-1.28001
-1.28193
-0.109484
-0.0950633
-0.0805637
-0.0660054
-0.0514001
-0.036768
-0.0221343
-0.00752956
0.0070069
0.0214247
0.0356578
0.0496208
0.0631998
0.0762435
0.0885492
0.0998499
0.109802
0.117989
0.123949
0.127261
0.127655
0.125103
0.119831
0.112222
0.102721
0.091726
0.0795758
0.0665351
0.0528009
0.038527
0.0238276
0.00878984
-0.00652099
-0.02205
-0.037758
-0.0536121
-0.0695867
-0.0856598
-0.101818
-0.11804
-0.134315
-0.150633
-0.166985
-0.183363
-0.199759
-0.216167
-0.232582
-0.248998
-0.265411
-0.281817
-0.298211
-0.31459
-0.330954
-0.347293
-0.363607
-0.379892
-0.396148
-0.41237
-0.428558
-0.444707
-0.460814
-0.476879
-0.492901
-0.508873
-0.524795
-0.540667
-0.556485
-0.572246
-0.58795
-0.603595
-0.619179
-0.634699
-0.650154
-0.665541
-0.680859
-0.696105
-0.711281
-0.72638
-0.741402
-0.756346
-0.77121
-0.785994
-0.800692
-0.815303
-0.829826
-0.84426
-0.858601
-0.87285
-0.887004
-0.901061
-0.91502
-0.928877
-0.942631
-0.956282
-0.969825
-0.98326
-0.996584
-1.0098
-1.02289
-1.03587
-1.04874
-1.06148
-1.07409
-1.08659
-1.09895
-1.11119
-1.12329
-1.13527
-1.1471
-1.1588
-1.17036
-1.18178
-1.19304
-1.20417
-1.21514
-1.22596
-1.23663
-1.24714
-1.25749
-1.26768
-1.2777
-1.28756
-1.29725
-1.30677
-1.31612
-1.32529
-1.33428
-1.3431
-1.35173
-1.36017
-1.36842
-1.37649
-1.38436
-1.39204
-1.39952
-1.4068
-1.41388
-1.42075
-1.42743
-1.43389
-1.44014
-1.44618
-1.45201
-1.45763
-1.46303
-1.46821
-1.47317
-1.47792
-1.48244
-1.48674
-1.49082
-1.49467
-1.4983
-1.50171
-1.50489
-1.50785
-1.51059
-1.5131
-1.51539
-1.51746
-1.5193
-1.52093
-1.52234
-1.52354
-1.52452
-1.52528
-1.52584
-1.52619
-1.52633
-1.52627
-1.52601
-1.52556
-1.52491
-1.52407
-1.52304
-1.52183
-1.52045
-1.51888
-1.51715
-1.51526
-1.5132
-1.51098
-1.50861
-1.50609
-1.50343
-1.50063
-1.4977
-1.49464
-1.49146
-1.48816
-1.48475
-1.48123
-1.4776
-1.47388
-1.47007
-1.46617
-1.46219
-1.45814
-1.45401
-1.44982
-1.44557
-1.44126
-1.43691
-1.4325
-1.42806
-1.42359
-1.41908
-1.41455
-1.41001
-1.40544
-1.40087
-1.39629
-1.39171
-1.38714
-1.38257
-1.37802
-1.37348
-1.36896
-1.36447
-1.36001
-1.35559
-1.3512
-1.34685
-1.34255
-1.33831
-1.33411
-1.32997
-1.32589
-1.32187
-1.31792
-1.31404
-1.31023
-1.3065
-1.30285
-1.29928
-1.29579
-1.29239
-1.28908
-1.28586
-1.28274
-1.27971
-1.27678
-1.27395
-1.27122
-1.26859
-1.26607
-1.26365
-1.26134
-1.25914
-1.25705
-1.25507
-1.2532
-1.25145
-1.2498
-1.24826
-1.24684
-1.24554
-1.24434
-1.24327
-1.2423
-1.24145
-1.2407
-1.24007
-1.23956
-1.23915
-1.23885
-1.23865
-1.23857
-1.23858
-1.23871
-1.23893
-1.23925
-1.23967
-1.24019
-1.2408
-1.24151
-1.2423
-1.24317
-1.24413
-1.24517
-1.24628
-1.24747
-1.24873
-1.25006
-1.25145
-1.2529
-1.25441
-1.25597
-1.25758
-1.25924
-1.26093
-1.26266
-1.26442
-1.26621
-1.26803
-1.26986
-1.2717
-1.27355
-1.2754
-1.27726
-1.2791
-0.113545
-0.0994602
-0.0853313
-0.0711737
-0.0570077
-0.0428589
-0.0287593
-0.0147474
-0.0008722
0.0128065
0.0262112
0.039244
0.0517795
0.0636611
0.0746898
0.0846208
0.0931648
0.100001
0.104809
0.107323
0.107388
0.104999
0.100302
0.0935475
0.0850341
0.0750687
0.0639186
0.0518132
0.0389396
0.0254466
0.0114499
-0.00295727
-0.0176978
-0.0327142
-0.0479592
-0.0633941
-0.0789875
-0.0947158
-0.110555
-0.126484
-0.142491
-0.158562
-0.174685
-0.19085
-0.207051
-0.223275
-0.239517
-0.255773
-0.272037
-0.288302
-0.304563
-0.320821
-0.337064
-0.353292
-0.369501
-0.385686
-0.401848
-0.417982
-0.434084
-0.450152
-0.466186
-0.482179
-0.498128
-0.514038
-0.529899
-0.545711
-0.561471
-0.577179
-0.592832
-0.608427
-0.623964
-0.639439
-0.654852
-0.670197
-0.685476
-0.700686
-0.715826
-0.73089
-0.745881
-0.760793
-0.775631
-0.790384
-0.805053
-0.819638
-0.834136
-0.848545
-0.862865
-0.877093
-0.891227
-0.905264
-0.919203
-0.933043
-0.94678
-0.960413
-0.973941
-0.987361
-1.00067
-1.01387
-1.02695
-1.03992
-1.05277
-1.0655
-1.0781
-1.09059
-1.10295
-1.11517
-1.12726
-1.13923
-1.15105
-1.16274
-1.17429
-1.1857
-1.19696
-1.20807
-1.21904
-1.22985
-1.24051
-1.25101
-1.26135
-1.27153
-1.28155
-1.2914
-1.30108
-1.3106
-1.31993
-1.3291
-1.33808
-1.34688
-1.3555
-1.36394
-1.37219
-1.38024
-1.3881
-1.39577
-1.40324
-1.41051
-1.41758
-1.42444
-1.4311
-1.43756
-1.4438
-1.44983
-1.45565
-1.46125
-1.46664
-1.47181
-1.47676
-1.48149
-1.486
-1.49029
-1.49435
-1.4982
-1.50181
-1.50521
-1.50838
-1.51133
-1.51405
-1.51655
-1.51883
-1.52089
-1.52272
-1.52434
-1.52574
-1.52692
-1.52789
-1.52864
-1.52919
-1.52953
-1.52966
-1.52959
-1.52932
-1.52886
-1.5282
-1.52735
-1.52631
-1.5251
-1.5237
-1.52213
-1.5204
-1.51849
-1.51642
-1.5142
-1.51182
-1.50929
-1.50663
-1.50382
-1.50088
-1.49781
-1.49462
-1.49131
-1.48789
-1.48436
-1.48073
-1.477
-1.47318
-1.46926
-1.46527
-1.46121
-1.45707
-1.45286
-1.4486
-1.44428
-1.43991
-1.43549
-1.43103
-1.42654
-1.42202
-1.41747
-1.4129
-1.40831
-1.40372
-1.39912
-1.39451
-1.38991
-1.38532
-1.38074
-1.37617
-1.37162
-1.3671
-1.36261
-1.35815
-1.35373
-1.34935
-1.34501
-1.34072
-1.33649
-1.33231
-1.32818
-1.32413
-1.32013
-1.3162
-1.31235
-1.30857
-1.30487
-1.30124
-1.29771
-1.29425
-1.29089
-1.28762
-1.28444
-1.28135
-1.27836
-1.27547
-1.27268
-1.26999
-1.2674
-1.26492
-1.26255
-1.26028
-1.25813
-1.25608
-1.25414
-1.25232
-1.2506
-1.249
-1.24751
-1.24612
-1.24486
-1.2437
-1.24266
-1.24174
-1.24092
-1.24021
-1.23962
-1.23913
-1.23875
-1.23848
-1.23832
-1.23826
-1.2383
-1.23845
-1.23869
-1.23903
-1.23947
-1.24001
-1.24063
-1.24134
-1.24214
-1.24302
-1.24398
-1.24502
-1.24613
-1.24731
-1.24856
-1.24988
-1.25125
-1.25268
-1.25417
-1.2557
-1.25728
-1.2589
-1.26056
-1.26225
-1.26396
-1.2657
-1.26746
-1.26923
-1.27101
-1.27279
-1.27458
-1.27635
-0.118798
-0.105089
-0.091365
-0.0776474
-0.0639606
-0.050336
-0.0368103
-0.0234287
-0.0102466
0.00266797
0.0152318
0.0273415
0.0388719
0.04967
0.0595528
0.0683099
0.0757064
0.0815001
0.0854656
0.0874259
0.0872846
0.0850444
0.0808013
0.0747276
0.0670338
0.0579518
0.0476934
0.0364529
0.0243955
0.0116609
-0.00163453
-0.0153988
-0.0295529
-0.0440339
-0.0587898
-0.07378
-0.0889646
-0.104316
-0.119807
-0.135418
-0.15113
-0.166928
-0.182798
-0.198728
-0.214707
-0.230727
-0.246779
-0.262856
-0.278951
-0.29506
-0.311174
-0.327288
-0.343398
-0.3595
-0.375591
-0.391666
-0.407722
-0.423755
-0.439761
-0.455738
-0.471683
-0.487597
-0.503469
-0.519302
-0.535094
-0.550839
-0.566535
-0.582181
-0.597775
-0.613315
-0.628798
-0.644222
-0.659584
-0.674885
-0.690118
-0.705285
-0.720384
-0.73541
-0.750362
-0.765243
-0.780043
-0.794763
-0.8094
-0.823956
-0.838424
-0.852807
-0.8671
-0.881303
-0.895412
-0.909426
-0.923343
-0.937161
-0.950878
-0.964492
-0.977999
-0.991402
-1.0047
-1.01788
-1.03094
-1.0439
-1.05673
-1.06945
-1.08204
-1.09451
-1.10685
-1.11906
-1.13114
-1.14309
-1.15491
-1.16658
-1.17812
-1.18952
-1.20077
-1.21187
-1.22282
-1.23363
-1.24427
-1.25477
-1.2651
-1.27527
-1.28528
-1.29512
-1.30479
-1.31429
-1.32362
-1.33277
-1.34174
-1.35054
-1.35915
-1.36757
-1.3758
-1.38385
-1.3917
-1.39936
-1.40681
-1.41407
-1.42113
-1.42798
-1.43463
-1.44107
-1.4473
-1.45332
-1.45912
-1.46471
-1.47009
-1.47524
-1.48018
-1.4849
-1.48939
-1.49367
-1.49772
-1.50155
-1.50515
-1.50854
-1.51169
-1.51463
-1.51734
-1.51982
-1.52209
-1.52414
-1.52596
-1.52757
-1.52895
-1.53012
-1.53108
-1.53183
-1.53236
-1.53269
-1.53282
-1.53274
-1.53246
-1.53198
-1.53132
-1.53046
-1.52942
-1.5282
-1.52679
-1.52522
-1.52347
-1.52156
-1.51948
-1.51725
-1.51487
-1.51234
-1.50966
-1.50685
-1.50391
-1.50083
-1.49764
-1.49432
-1.49089
-1.48735
-1.48371
-1.47998
-1.47615
-1.47223
-1.46823
-1.46415
-1.46
-1.45579
-1.45151
-1.44718
-1.4428
-1.43837
-1.4339
-1.42939
-1.42485
-1.42028
-1.4157
-1.41109
-1.40648
-1.40186
-1.39723
-1.39261
-1.38799
-1.38338
-1.37879
-1.37422
-1.36967
-1.36515
-1.36066
-1.3562
-1.35179
-1.34742
-1.34309
-1.33882
-1.3346
-1.33044
-1.32634
-1.32231
-1.31833
-1.31443
-1.31061
-1.30686
-1.30319
-1.29961
-1.2961
-1.29269
-1.28936
-1.28613
-1.28298
-1.27994
-1.27699
-1.27414
-1.27139
-1.26875
-1.26621
-1.26377
-1.26144
-1.25922
-1.2571
-1.2551
-1.25321
-1.25143
-1.24976
-1.24819
-1.24675
-1.24541
-1.24418
-1.24307
-1.24207
-1.24118
-1.2404
-1.23973
-1.23917
-1.23871
-1.23837
-1.23813
-1.23799
-1.23796
-1.23802
-1.23819
-1.23846
-1.23882
-1.23928
-1.23982
-1.24046
-1.24118
-1.24198
-1.24286
-1.24382
-1.24486
-1.24596
-1.24714
-1.24837
-1.24967
-1.25103
-1.25244
-1.2539
-1.2554
-1.25695
-1.25853
-1.26015
-1.26179
-1.26346
-1.26514
-1.26684
-1.26855
-1.27027
-1.27198
-1.27369
-0.125183
-0.111874
-0.0985845
-0.0853346
-0.0721546
-0.0590778
-0.0461464
-0.0334107
-0.0209297
-0.0087748
0.00296829
0.0141969
0.0247915
0.0346108
0.0434936
0.0512626
0.0577312
0.0627154
0.0660519
0.067618
0.067349
0.065247
0.0613792
0.0558668
0.0488654
0.040543
0.0310769
0.020625
0.00933206
-0.00267509
-0.0152902
-0.0284167
-0.0419803
-0.0559137
-0.070168
-0.084691
-0.0994448
-0.114399
-0.129522
-0.144792
-0.160188
-0.175692
-0.191288
-0.206962
-0.222702
-0.238498
-0.254342
-0.270225
-0.286135
-0.302068
-0.318016
-0.333976
-0.349941
-0.365906
-0.381866
-0.397818
-0.413755
-0.429677
-0.445577
-0.461454
-0.477304
-0.493123
-0.508909
-0.524661
-0.540375
-0.556044
-0.571668
-0.587245
-0.602774
-0.61825
-0.633674
-0.64904
-0.664348
-0.679595
-0.69478
-0.709898
-0.724949
-0.739937
-0.754847
-0.769683
-0.784444
-0.799126
-0.813729
-0.828248
-0.842686
-0.857037
-0.8713
-0.885473
-0.899556
-0.913542
-0.927434
-0.941227
-0.954919
-0.968511
-0.982
-0.99538
-1.00865
-1.02182
-1.03487
-1.0478
-1.06061
-1.07331
-1.08589
-1.09834
-1.11066
-1.12286
-1.13493
-1.14686
-1.15866
-1.17033
-1.18185
-1.19323
-1.20447
-1.21556
-1.2265
-1.23729
-1.24792
-1.2584
-1.26872
-1.27888
-1.28887
-1.2987
-1.30836
-1.31785
-1.32717
-1.33631
-1.34527
-1.35405
-1.36264
-1.37105
-1.37928
-1.38731
-1.39515
-1.40279
-1.41023
-1.41748
-1.42452
-1.43136
-1.43799
-1.44441
-1.45063
-1.45663
-1.46242
-1.468
-1.47336
-1.4785
-1.48342
-1.48813
-1.49261
-1.49687
-1.50091
-1.50472
-1.50831
-1.51168
-1.51482
-1.51774
-1.52044
-1.52292
-1.52517
-1.5272
-1.52902
-1.53061
-1.53199
-1.53314
-1.53409
-1.53483
-1.53535
-1.53567
-1.53579
-1.5357
-1.53541
-1.53493
-1.53426
-1.53339
-1.53235
-1.53112
-1.52971
-1.52813
-1.52637
-1.52446
-1.52238
-1.52014
-1.51776
-1.51522
-1.51254
-1.50973
-1.50678
-1.5037
-1.5005
-1.49718
-1.49374
-1.4902
-1.48656
-1.48282
-1.47898
-1.47506
-1.47105
-1.46697
-1.46281
-1.45859
-1.45431
-1.44997
-1.44557
-1.44113
-1.43665
-1.43213
-1.42758
-1.423
-1.4184
-1.41378
-1.40915
-1.40451
-1.39987
-1.39522
-1.39058
-1.38595
-1.38134
-1.37674
-1.37217
-1.36762
-1.36311
-1.35862
-1.35418
-1.34977
-1.34542
-1.34111
-1.33686
-1.33266
-1.32852
-1.32445
-1.32043
-1.31649
-1.31263
-1.30884
-1.30512
-1.30149
-1.29794
-1.29447
-1.2911
-1.28781
-1.28461
-1.28152
-1.27851
-1.27561
-1.2728
-1.2701
-1.2675
-1.265
-1.26261
-1.26033
-1.25815
-1.25608
-1.25412
-1.25228
-1.25054
-1.24891
-1.2474
-1.24599
-1.2447
-1.24351
-1.24243
-1.24147
-1.24062
-1.23988
-1.23924
-1.23872
-1.2383
-1.23798
-1.23777
-1.23766
-1.23766
-1.23775
-1.23794
-1.23822
-1.23861
-1.23908
-1.23963
-1.24028
-1.241
-1.24181
-1.2427
-1.24365
-1.24469
-1.24578
-1.24695
-1.24817
-1.24945
-1.25079
-1.25217
-1.2536
-1.25508
-1.25659
-1.25813
-1.2597
-1.26129
-1.26291
-1.26454
-1.26618
-1.26782
-1.26946
-1.2711
-0.132623
-0.119739
-0.106901
-0.0941353
-0.0814739
-0.0689553
-0.0566235
-0.0445299
-0.0327374
-0.0213172
-0.010354
5.603e-05
0.0098004
0.0187531
0.0267755
0.0337203
0.039438
0.0437876
0.0466476
0.0479287
0.0475827
0.0456129
0.0420656
0.0370283
0.0306165
0.0229586
0.0141976
0.00446247
-0.00612121
-0.0174409
-0.0293988
-0.041904
-0.0548829
-0.0682734
-0.0820141
-0.096059
-0.110371
-0.124912
-0.139651
-0.154563
-0.169625
-0.184817
-0.200122
-0.215522
-0.231008
-0.246567
-0.262185
-0.277855
-0.293563
-0.309308
-0.32508
-0.340872
-0.356678
-0.372493
-0.388311
-0.404127
-0.419937
-0.435737
-0.451522
-0.467288
-0.483033
-0.498753
-0.514443
-0.530102
-0.545728
-0.561317
-0.576863
-0.592364
-0.60782
-0.623228
-0.638585
-0.653888
-0.669135
-0.684324
-0.699454
-0.714519
-0.729523
-0.744457
-0.75932
-0.77411
-0.788828
-0.80347
-0.818031
-0.832514
-0.846914
-0.86123
-0.87546
-0.889601
-0.90365
-0.917607
-0.931469
-0.945234
-0.958903
-0.972473
-0.985934
-0.99929
-1.01254
-1.02568
-1.0387
-1.05161
-1.06441
-1.07709
-1.08964
-1.10207
-1.11438
-1.12656
-1.13861
-1.15053
-1.16231
-1.17396
-1.18546
-1.19683
-1.20805
-1.21912
-1.23005
-1.24083
-1.25144
-1.26191
-1.27221
-1.28236
-1.29234
-1.30215
-1.3118
-1.32127
-1.33057
-1.3397
-1.34864
-1.35741
-1.36599
-1.37438
-1.38259
-1.39061
-1.39843
-1.40606
-1.41348
-1.42071
-1.42774
-1.43456
-1.44118
-1.44759
-1.45379
-1.45978
-1.46555
-1.47111
-1.47645
-1.48158
-1.48648
-1.49117
-1.49564
-1.49988
-1.50391
-1.50771
-1.51128
-1.51463
-1.51776
-1.52067
-1.52335
-1.52581
-1.52806
-1.53008
-1.53188
-1.53346
-1.53482
-1.53597
-1.53691
-1.53763
-1.53815
-1.53846
-1.53856
-1.53847
-1.53818
-1.53769
-1.53701
-1.53614
-1.53509
-1.53385
-1.53244
-1.53085
-1.5291
-1.52718
-1.52509
-1.52286
-1.52047
-1.51793
-1.51525
-1.51243
-1.50948
-1.5064
-1.5032
-1.49988
-1.49644
-1.4929
-1.48925
-1.48551
-1.48167
-1.47775
-1.47374
-1.46965
-1.46549
-1.46126
-1.45697
-1.45263
-1.44823
-1.44378
-1.43929
-1.43476
-1.4302
-1.42561
-1.421
-1.41636
-1.41172
-1.40707
-1.40241
-1.39775
-1.39309
-1.38844
-1.38381
-1.37919
-1.3746
-1.37003
-1.36548
-1.36097
-1.3565
-1.35207
-1.34769
-1.34335
-1.33906
-1.33483
-1.33066
-1.32655
-1.3225
-1.31852
-1.31461
-1.31078
-1.30702
-1.30334
-1.29975
-1.29624
-1.29281
-1.28948
-1.28624
-1.28308
-1.28003
-1.27707
-1.27421
-1.27145
-1.26879
-1.26624
-1.26379
-1.26145
-1.25921
-1.25708
-1.25506
-1.25315
-1.25135
-1.24965
-1.24807
-1.2466
-1.24524
-1.24399
-1.24285
-1.24181
-1.24089
-1.24007
-1.23937
-1.23877
-1.23828
-1.23789
-1.23761
-1.23742
-1.23734
-1.23736
-1.23748
-1.23769
-1.23799
-1.23839
-1.23887
-1.23944
-1.24009
-1.24083
-1.24164
-1.24252
-1.24348
-1.2445
-1.24559
-1.24674
-1.24795
-1.24921
-1.25052
-1.25188
-1.25328
-1.25471
-1.25619
-1.25769
-1.25921
-1.26075
-1.26231
-1.26388
-1.26545
-1.26703
-1.2686
-0.141048
-0.128597
-0.116218
-0.103942
-0.0918024
-0.0798389
-0.0680972
-0.0566295
-0.0454984
-0.0347731
-0.0245348
-0.0148729
-0.00588923
0.00230536
0.00959252
0.0158502
0.0209584
0.0248061
0.0273007
0.0283733
0.0279886
0.0261466
0.0228802
0.0182538
0.0123547
0.00528377
-0.00285044
-0.0119336
-0.0218615
-0.0325372
-0.0438665
-0.0557703
-0.0681803
-0.0810264
-0.094256
-0.107822
-0.121685
-0.135803
-0.150145
-0.164686
-0.179401
-0.194268
-0.209265
-0.224383
-0.239599
-0.254901
-0.270278
-0.285722
-0.301221
-0.316765
-0.332346
-0.347958
-0.363594
-0.379247
-0.394912
-0.410583
-0.426255
-0.441923
-0.457583
-0.473231
-0.488862
-0.504473
-0.52006
-0.53562
-0.55115
-0.566649
-0.582111
-0.597531
-0.612907
-0.62824
-0.643524
-0.658759
-0.673939
-0.689064
-0.704131
-0.719143
-0.734088
-0.748967
-0.763779
-0.77852
-0.79319
-0.807784
-0.822303
-0.836743
-0.851104
-0.865381
-0.879573
-0.893676
-0.907691
-0.921614
-0.935452
-0.949185
-0.962821
-0.976356
-0.98979
-1.00312
-1.01634
-1.02945
-1.04245
-1.05534
-1.06811
-1.08076
-1.0933
-1.10571
-1.118
-1.13016
-1.14218
-1.15408
-1.16585
-1.17747
-1.18896
-1.20031
-1.21151
-1.22257
-1.23348
-1.24423
-1.25483
-1.26528
-1.27557
-1.2857
-1.29566
-1.30546
-1.31509
-1.32454
-1.33383
-1.34293
-1.35186
-1.36061
-1.36918
-1.37755
-1.38574
-1.39374
-1.40154
-1.40915
-1.41656
-1.42378
-1.43079
-1.43759
-1.44419
-1.45058
-1.45676
-1.46273
-1.46849
-1.47403
-1.47935
-1.48446
-1.48935
-1.49402
-1.49847
-1.5027
-1.50671
-1.51049
-1.51405
-1.51739
-1.5205
-1.52339
-1.52606
-1.52851
-1.53074
-1.53274
-1.53453
-1.5361
-1.53746
-1.5386
-1.53952
-1.54023
-1.54074
-1.54104
-1.54114
-1.54104
-1.54074
-1.54024
-1.53956
-1.53869
-1.53763
-1.53639
-1.53498
-1.53339
-1.53163
-1.52971
-1.52762
-1.52539
-1.523
-1.52046
-1.51778
-1.51496
-1.51201
-1.50893
-1.50573
-1.50241
-1.49898
-1.49543
-1.49179
-1.48804
-1.48421
-1.48028
-1.47627
-1.47219
-1.46803
-1.4638
-1.4595
-1.45515
-1.45075
-1.4463
-1.4418
-1.43727
-1.4327
-1.4281
-1.42348
-1.41884
-1.41419
-1.40952
-1.40485
-1.40018
-1.39551
-1.39084
-1.38619
-1.38156
-1.37694
-1.37235
-1.36779
-1.36326
-1.35876
-1.35431
-1.34989
-1.34553
-1.34121
-1.33695
-1.33275
-1.3286
-1.32452
-1.3205
-1.31656
-1.31269
-1.30889
-1.30518
-1.30154
-1.29798
-1.29451
-1.29113
-1.28784
-1.28464
-1.28154
-1.27853
-1.27562
-1.27281
-1.27009
-1.26749
-1.26498
-1.26258
-1.26028
-1.25809
-1.25601
-1.25404
-1.25218
-1.25042
-1.24878
-1.24724
-1.24581
-1.24449
-1.24329
-1.24219
-1.2412
-1.24031
-1.23953
-1.23887
-1.2383
-1.23784
-1.23749
-1.23724
-1.23708
-1.23703
-1.23707
-1.23721
-1.23744
-1.23777
-1.23817
-1.23867
-1.23925
-1.23991
-1.24064
-1.24145
-1.24234
-1.24329
-1.2443
-1.24538
-1.24651
-1.2477
-1.24894
-1.25023
-1.25156
-1.25292
-1.25432
-1.25575
-1.25721
-1.25868
-1.26017
-1.26167
-1.26317
-1.26468
-1.26618
-0.150373
-0.138357
-0.126439
-0.11465
-0.103024
-0.0916034
-0.0804326
-0.0695642
-0.0590573
-0.0489794
-0.0394058
-0.0304187
-0.0221089
-0.0145731
-0.00791215
-0.00222752
0.00238305
0.00583146
0.00804257
0.00896415
0.00856695
0.00684935
0.00383436
-0.00042997
-0.00587719
-0.0124273
-0.019995
-0.0284836
-0.0378058
-0.0478768
-0.0586144
-0.0699426
-0.0817935
-0.0941086
-0.106834
-0.119923
-0.13333
-0.147021
-0.160962
-0.175123
-0.189479
-0.20401
-0.218692
-0.233508
-0.248441
-0.263478
-0.278605
-0.293811
-0.309084
-0.324417
-0.339797
-0.355219
-0.370674
-0.386155
-0.401657
-0.417172
-0.432697
-0.448224
-0.463751
-0.479271
-0.49478
-0.510275
-0.525751
-0.541205
-0.556633
-0.572032
-0.587402
-0.602736
-0.618027
-0.633278
-0.648485
-0.663644
-0.678753
-0.693809
-0.708814
-0.723758
-0.738643
-0.753462
-0.768219
-0.782906
-0.797522
-0.812068
-0.82654
-0.840934
-0.855249
-0.869482
-0.883637
-0.897701
-0.911681
-0.925567
-0.93936
-0.953059
-0.966661
-0.980163
-0.993565
-1.00686
-1.02006
-1.03314
-1.04611
-1.05897
-1.07172
-1.08434
-1.09685
-1.10924
-1.1215
-1.13364
-1.14564
-1.15752
-1.16926
-1.18087
-1.19233
-1.20366
-1.21484
-1.22588
-1.23677
-1.2475
-1.25808
-1.26851
-1.27878
-1.28889
-1.29883
-1.30861
-1.31822
-1.32766
-1.33692
-1.34601
-1.35492
-1.36365
-1.37219
-1.38055
-1.38872
-1.3967
-1.40448
-1.41207
-1.41947
-1.42666
-1.43364
-1.44043
-1.44701
-1.45338
-1.45954
-1.46549
-1.47123
-1.47675
-1.48206
-1.48715
-1.49202
-1.49667
-1.5011
-1.50531
-1.5093
-1.51307
-1.51661
-1.51993
-1.52303
-1.5259
-1.52856
-1.53099
-1.5332
-1.5352
-1.53697
-1.53853
-1.53987
-1.541
-1.54192
-1.54262
-1.54312
-1.54342
-1.54351
-1.5434
-1.54309
-1.54259
-1.5419
-1.54103
-1.53997
-1.53873
-1.53731
-1.53572
-1.53397
-1.53204
-1.52996
-1.52772
-1.52533
-1.5228
-1.52012
-1.51731
-1.51436
-1.51129
-1.50809
-1.50477
-1.50134
-1.4978
-1.49416
-1.49042
-1.48658
-1.48266
-1.47866
-1.47457
-1.47041
-1.46618
-1.46189
-1.45754
-1.45314
-1.44868
-1.44419
-1.43965
-1.43508
-1.43048
-1.42585
-1.42121
-1.41654
-1.41187
-1.40719
-1.40251
-1.39783
-1.39315
-1.38849
-1.38384
-1.37921
-1.3746
-1.37002
-1.36547
-1.36095
-1.35647
-1.35204
-1.34765
-1.3433
-1.33902
-1.33478
-1.33061
-1.32649
-1.32245
-1.31847
-1.31456
-1.31073
-1.30697
-1.3033
-1.2997
-1.29619
-1.29277
-1.28943
-1.28619
-1.28304
-1.27998
-1.27702
-1.27416
-1.27139
-1.26873
-1.26617
-1.26372
-1.26136
-1.25912
-1.25698
-1.25495
-1.25302
-1.25121
-1.2495
-1.2479
-1.24641
-1.24503
-1.24376
-1.24259
-1.24154
-1.24059
-1.23975
-1.239
-1.23837
-1.23784
-1.23742
-1.2371
-1.23687
-1.23675
-1.23672
-1.23679
-1.23694
-1.2372
-1.23754
-1.23796
-1.23846
-1.23905
-1.23972
-1.24046
-1.24127
-1.24214
-1.24309
-1.24409
-1.24516
-1.24627
-1.24744
-1.24866
-1.24991
-1.25121
-1.25254
-1.2539
-1.25528
-1.25669
-1.25811
-1.25954
-1.26097
-1.26241
-1.26384
-0.160515
-0.148932
-0.137468
-0.126156
-0.115031
-0.104132
-0.0935052
-0.0832016
-0.0732773
-0.0637962
-0.0548262
-0.0464428
-0.0387258
-0.0317605
-0.0256325
-0.0204269
-0.0162237
-0.0130965
-0.0111045
-0.0102912
-0.0106807
-0.0122763
-0.0150623
-0.0190026
-0.024046
-0.030129
-0.0371811
-0.0451294
-0.0538935
-0.0634
-0.0735728
-0.0843476
-0.0956622
-0.10746
-0.119688
-0.132303
-0.145259
-0.158522
-0.172056
-0.185836
-0.199826
-0.214011
-0.228365
-0.242872
-0.257514
-0.272275
-0.287141
-0.302099
-0.317137
-0.332246
-0.347416
-0.362637
-0.377902
-0.393202
-0.408531
-0.423883
-0.439251
-0.454629
-0.470013
-0.485397
-0.500777
-0.516148
-0.531507
-0.546847
-0.562167
-0.577463
-0.592733
-0.607969
-0.62317
-0.638336
-0.653459
-0.668538
-0.683574
-0.698556
-0.713486
-0.728361
-0.74318
-0.757937
-0.772633
-0.78726
-0.801821
-0.816314
-0.830733
-0.845081
-0.859348
-0.873534
-0.887642
-0.901663
-0.915597
-0.929443
-0.943197
-0.956857
-0.970422
-0.983888
-0.997255
-1.01052
-1.02368
-1.03673
-1.04967
-1.0625
-1.07522
-1.08782
-1.1003
-1.11266
-1.12489
-1.13701
-1.14898
-1.16084
-1.17255
-1.18413
-1.19558
-1.20688
-1.21804
-1.22905
-1.23991
-1.25063
-1.26119
-1.27159
-1.28184
-1.29193
-1.30185
-1.3116
-1.32119
-1.33061
-1.33985
-1.34892
-1.3578
-1.36651
-1.37503
-1.38337
-1.39152
-1.39947
-1.40723
-1.4148
-1.42217
-1.42934
-1.43631
-1.44307
-1.44963
-1.45598
-1.46212
-1.46805
-1.47376
-1.47927
-1.48455
-1.48962
-1.49447
-1.4991
-1.50351
-1.50771
-1.51168
-1.51542
-1.51895
-1.52225
-1.52534
-1.5282
-1.53084
-1.53326
-1.53545
-1.53743
-1.53919
-1.54074
-1.54207
-1.54319
-1.5441
-1.54479
-1.54528
-1.54557
-1.54566
-1.54554
-1.54523
-1.54473
-1.54404
-1.54316
-1.5421
-1.54086
-1.53944
-1.53785
-1.53609
-1.53417
-1.5321
-1.52986
-1.52748
-1.52495
-1.52227
-1.51946
-1.51652
-1.51345
-1.51026
-1.50695
-1.50352
-1.49999
-1.49636
-1.49262
-1.48879
-1.48488
-1.48088
-1.4768
-1.47264
-1.46842
-1.46413
-1.45978
-1.45538
-1.45093
-1.44643
-1.4419
-1.43733
-1.43273
-1.4281
-1.42345
-1.41878
-1.41411
-1.40942
-1.40473
-1.40004
-1.39536
-1.39068
-1.38602
-1.38138
-1.37676
-1.37216
-1.3676
-1.36306
-1.35857
-1.35411
-1.3497
-1.34533
-1.34102
-1.33676
-1.33256
-1.32842
-1.32434
-1.32033
-1.31639
-1.31253
-1.30874
-1.30502
-1.30139
-1.29784
-1.29438
-1.291
-1.28771
-1.28452
-1.28142
-1.27841
-1.2755
-1.27269
-1.26998
-1.26737
-1.26486
-1.26245
-1.26015
-1.25796
-1.25587
-1.25389
-1.25201
-1.25025
-1.24859
-1.24704
-1.24559
-1.24426
-1.24303
-1.24191
-1.2409
-1.23999
-1.23919
-1.23849
-1.23789
-1.2374
-1.23701
-1.23671
-1.23652
-1.23642
-1.23642
-1.23651
-1.23669
-1.23696
-1.23731
-1.23775
-1.23826
-1.23885
-1.23952
-1.24026
-1.24107
-1.24195
-1.24288
-1.24387
-1.24492
-1.24602
-1.24716
-1.24835
-1.24958
-1.25084
-1.25213
-1.25344
-1.25478
-1.25613
-1.25749
-1.25886
-1.26023
-1.2616
-0.171395
-0.160236
-0.149215
-0.138364
-0.127717
-0.117316
-0.107203
-0.0974266
-0.0880402
-0.0791033
-0.0706777
-0.0628314
-0.0556356
-0.0491638
-0.0434893
-0.038684
-0.0348172
-0.031948
-0.0301258
-0.0293872
-0.0297534
-0.031229
-0.0338034
-0.0374497
-0.0421282
-0.0477882
-0.054373
-0.0618221
-0.0700701
-0.0790446
-0.0886863
-0.0989352
-0.109734
-0.12103
-0.132775
-0.144921
-0.15743
-0.170266
-0.183392
-0.196779
-0.210402
-0.224236
-0.238259
-0.252451
-0.266792
-0.281268
-0.295864
-0.310565
-0.32536
-0.340237
-0.355187
-0.370199
-0.385264
-0.400374
-0.415522
-0.430701
-0.445905
-0.461126
-0.47636
-0.491601
-0.506844
-0.522084
-0.537317
-0.552538
-0.567744
-0.582929
-0.598092
-0.61323
-0.628334
-0.643404
-0.65844
-0.673438
-0.688387
-0.703291
-0.718144
-0.732946
-0.747693
-0.762384
-0.777012
-0.79158
-0.806086
-0.820519
-0.834881
-0.849171
-0.863385
-0.877524
-0.89158
-0.905554
-0.919442
-0.933243
-0.946954
-0.960573
-0.974097
-0.987525
-1.00085
-1.01408
-1.02721
-1.04022
-1.05313
-1.06593
-1.07861
-1.09118
-1.10363
-1.11596
-1.12816
-1.14025
-1.1522
-1.16402
-1.17571
-1.18726
-1.19868
-1.20995
-1.22109
-1.23207
-1.24291
-1.2536
-1.26414
-1.27452
-1.28474
-1.2948
-1.3047
-1.31443
-1.32399
-1.33339
-1.34261
-1.35165
-1.36051
-1.36919
-1.37769
-1.386
-1.39412
-1.40206
-1.40979
-1.41734
-1.42468
-1.43183
-1.43877
-1.44551
-1.45205
-1.45837
-1.46449
-1.47039
-1.47609
-1.48157
-1.48683
-1.49188
-1.4967
-1.50131
-1.5057
-1.50988
-1.51383
-1.51756
-1.52106
-1.52435
-1.52741
-1.53026
-1.53288
-1.53529
-1.53747
-1.53944
-1.54118
-1.54271
-1.54403
-1.54514
-1.54604
-1.54673
-1.54721
-1.54749
-1.54757
-1.54746
-1.54714
-1.54664
-1.54594
-1.54507
-1.544
-1.54276
-1.54135
-1.53976
-1.53801
-1.53609
-1.53402
-1.53179
-1.52941
-1.52689
-1.52422
-1.52142
-1.51849
-1.51543
-1.51224
-1.50894
-1.50552
-1.502
-1.49838
-1.49465
-1.49083
-1.48692
-1.48293
-1.47886
-1.47471
-1.47049
-1.46621
-1.46187
-1.45748
-1.45303
-1.44854
-1.44401
-1.43944
-1.43484
-1.43022
-1.42557
-1.4209
-1.41622
-1.41153
-1.40684
-1.40215
-1.39746
-1.39278
-1.38811
-1.38346
-1.37883
-1.37422
-1.36964
-1.36509
-1.36058
-1.35611
-1.35168
-1.34729
-1.34296
-1.33868
-1.33445
-1.33029
-1.32618
-1.32215
-1.31818
-1.31428
-1.31046
-1.30671
-1.30305
-1.29946
-1.29596
-1.29255
-1.28922
-1.28598
-1.28284
-1.27979
-1.27683
-1.27397
-1.27121
-1.26856
-1.266
-1.26354
-1.26119
-1.25894
-1.2568
-1.25476
-1.25283
-1.25101
-1.24929
-1.24769
-1.24618
-1.24479
-1.2435
-1.24232
-1.24124
-1.24027
-1.2394
-1.23864
-1.23798
-1.23742
-1.23696
-1.2366
-1.23634
-1.23618
-1.23611
-1.23613
-1.23624
-1.23644
-1.23672
-1.23709
-1.23753
-1.23806
-1.23866
-1.23933
-1.24007
-1.24087
-1.24174
-1.24266
-1.24364
-1.24467
-1.24575
-1.24687
-1.24802
-1.24921
-1.25043
-1.25168
-1.25295
-1.25423
-1.25553
-1.25683
-1.25813
-1.25943
-0.182935
-0.172186
-0.161592
-0.151182
-0.140992
-0.131059
-0.121426
-0.112138
-0.103245
-0.0948014
-0.0868643
-0.0794943
-0.0727544
-0.066709
-0.0614212
-0.0569538
-0.0533635
-0.0507018
-0.04901
-0.0483201
-0.0486507
-0.0500079
-0.0523846
-0.055761
-0.0601063
-0.06538
-0.071536
-0.0785269
-0.0862899
-0.0947683
-0.103909
-0.113657
-0.123961
-0.134771
-0.146044
-0.157735
-0.169802
-0.182212
-0.194931
-0.20793
-0.221181
-0.234661
-0.248346
-0.262216
-0.276252
-0.290436
-0.304753
-0.31919
-0.333735
-0.348372
-0.363093
-0.377887
-0.392745
-0.407657
-0.422617
-0.437616
-0.452647
-0.467704
-0.482781
-0.497872
-0.512971
-0.528074
-0.543175
-0.55827
-0.573355
-0.588424
-0.603475
-0.618506
-0.633508
-0.64848
-0.663422
-0.678328
-0.693189
-0.708008
-0.722782
-0.737506
-0.752183
-0.766799
-0.781361
-0.795861
-0.810298
-0.824669
-0.838971
-0.853205
-0.867362
-0.881444
-0.895448
-0.90937
-0.923209
-0.936963
-0.950628
-0.964202
-0.977683
-0.991068
-1.00436
-1.01754
-1.03063
-1.04361
-1.05648
-1.06924
-1.08189
-1.09442
-1.10684
-1.11913
-1.13131
-1.14336
-1.15528
-1.16707
-1.17873
-1.19025
-1.20163
-1.21288
-1.22399
-1.23495
-1.24576
-1.25642
-1.26693
-1.27728
-1.28747
-1.29751
-1.30738
-1.31708
-1.32662
-1.33598
-1.34517
-1.35419
-1.36302
-1.37168
-1.38015
-1.38844
-1.39653
-1.40444
-1.41215
-1.41967
-1.42699
-1.43411
-1.44102
-1.44774
-1.45425
-1.46055
-1.46664
-1.47252
-1.47818
-1.48364
-1.48888
-1.4939
-1.49871
-1.5033
-1.50766
-1.51181
-1.51574
-1.51945
-1.52294
-1.52621
-1.52925
-1.53208
-1.53469
-1.53708
-1.53924
-1.5412
-1.54293
-1.54445
-1.54576
-1.54686
-1.54775
-1.54843
-1.54891
-1.54918
-1.54926
-1.54914
-1.54882
-1.54831
-1.54762
-1.54674
-1.54568
-1.54444
-1.54303
-1.54145
-1.5397
-1.53779
-1.53573
-1.53351
-1.53114
-1.52862
-1.52596
-1.52317
-1.52025
-1.5172
-1.51403
-1.51074
-1.50733
-1.50382
-1.50021
-1.49649
-1.49268
-1.48879
-1.48481
-1.48075
-1.47661
-1.4724
-1.46814
-1.4638
-1.45942
-1.45498
-1.4505
-1.44597
-1.44141
-1.43682
-1.4322
-1.42755
-1.42289
-1.41821
-1.41353
-1.40883
-1.40414
-1.39945
-1.39476
-1.39009
-1.38543
-1.3808
-1.37618
-1.37159
-1.36703
-1.36251
-1.35802
-1.35358
-1.34918
-1.34483
-1.34053
-1.33628
-1.3321
-1.32797
-1.32391
-1.31991
-1.31599
-1.31214
-1.30836
-1.30466
-1.30105
-1.29751
-1.29406
-1.2907
-1.28742
-1.28424
-1.28115
-1.27815
-1.27525
-1.27244
-1.26974
-1.26713
-1.26463
-1.26223
-1.25993
-1.25774
-1.25565
-1.25367
-1.25179
-1.25002
-1.24835
-1.24679
-1.24534
-1.24399
-1.24275
-1.24161
-1.24058
-1.23965
-1.23883
-1.23811
-1.23749
-1.23696
-1.23654
-1.23621
-1.23598
-1.23584
-1.23579
-1.23584
-1.23597
-1.23619
-1.23649
-1.23687
-1.23733
-1.23786
-1.23846
-1.23914
-1.23987
-1.24067
-1.24153
-1.24244
-1.2434
-1.24441
-1.24546
-1.24655
-1.24767
-1.24883
-1.25001
-1.25121
-1.25242
-1.25365
-1.25489
-1.25612
-1.25736
-0.195059
-0.184706
-0.174519
-0.164528
-0.154768
-0.145274
-0.136086
-0.127248
-0.118805
-0.110807
-0.103307
-0.096358
-0.0900171
-0.0843401
-0.0793828
-0.0751989
-0.0718375
-0.0693421
-0.0677497
-0.0670873
-0.0673726
-0.0686114
-0.0708014
-0.0739277
-0.0779655
-0.0828845
-0.0886474
-0.095208
-0.102521
-0.110534
-0.119201
-0.128472
-0.138302
-0.148648
-0.15946
-0.170703
-0.182337
-0.194326
-0.206642
-0.219254
-0.232134
-0.245258
-0.258601
-0.272145
-0.28587
-0.299758
-0.313792
-0.327959
-0.342242
-0.356633
-0.371118
-0.385687
-0.40033
-0.415038
-0.429803
-0.444615
-0.459467
-0.474353
-0.489266
-0.5042
-0.519149
-0.534108
-0.549071
-0.564033
-0.578991
-0.593939
-0.608873
-0.623789
-0.638685
-0.653557
-0.668396
-0.683202
-0.697972
-0.712711
-0.727398
-0.742041
-0.756631
-0.771172
-0.785657
-0.800087
-0.814456
-0.828764
-0.843002
-0.85717
-0.871268
-0.885291
-0.899239
-0.913107
-0.926894
-0.940596
-0.954211
-0.967737
-0.981171
-0.994511
-1.00775
-1.0209
-1.03394
-1.04688
-1.05971
-1.07243
-1.08504
-1.09754
-1.10992
-1.12218
-1.13432
-1.14633
-1.15822
-1.16997
-1.1816
-1.19309
-1.20444
-1.21565
-1.22673
-1.23766
-1.24844
-1.25907
-1.26954
-1.27987
-1.29003
-1.30003
-1.30987
-1.31955
-1.32906
-1.33839
-1.34755
-1.35654
-1.36534
-1.37397
-1.38241
-1.39067
-1.39874
-1.40661
-1.41429
-1.42178
-1.42907
-1.43616
-1.44305
-1.44974
-1.45622
-1.46249
-1.46856
-1.47441
-1.48005
-1.48548
-1.49069
-1.49569
-1.50047
-1.50504
-1.50938
-1.51351
-1.51741
-1.5211
-1.52457
-1.52782
-1.53084
-1.53365
-1.53624
-1.53861
-1.54077
-1.54271
-1.54443
-1.54594
-1.54724
-1.54833
-1.54921
-1.54988
-1.55036
-1.55063
-1.55069
-1.55057
-1.55025
-1.54974
-1.54905
-1.54818
-1.54712
-1.54589
-1.54448
-1.54291
-1.54117
-1.53927
-1.53721
-1.535
-1.53264
-1.53013
-1.52749
-1.52471
-1.5218
-1.51876
-1.51561
-1.51233
-1.50894
-1.50544
-1.50184
-1.49814
-1.49435
-1.49047
-1.4865
-1.48246
-1.47834
-1.47414
-1.46989
-1.46557
-1.4612
-1.45677
-1.4523
-1.44779
-1.44324
-1.43865
-1.43404
-1.4294
-1.42475
-1.42007
-1.41539
-1.4107
-1.40601
-1.40132
-1.39664
-1.39197
-1.38731
-1.38266
-1.37804
-1.37345
-1.36888
-1.36435
-1.35985
-1.3554
-1.35099
-1.34662
-1.3423
-1.33804
-1.33384
-1.32969
-1.32561
-1.32159
-1.31764
-1.31377
-1.30996
-1.30624
-1.30259
-1.29902
-1.29554
-1.29214
-1.28883
-1.28561
-1.28248
-1.27945
-1.27651
-1.27366
-1.27091
-1.26826
-1.26572
-1.26327
-1.26092
-1.25868
-1.25654
-1.25451
-1.25258
-1.25075
-1.24904
-1.24742
-1.24591
-1.24451
-1.24321
-1.24202
-1.24093
-1.23994
-1.23905
-1.23827
-1.23759
-1.237
-1.23652
-1.23613
-1.23583
-1.23563
-1.23552
-1.2355
-1.23557
-1.23572
-1.23596
-1.23627
-1.23666
-1.23713
-1.23767
-1.23827
-1.23894
-1.23967
-1.24046
-1.24131
-1.2422
-1.24314
-1.24413
-1.24515
-1.24621
-1.2473
-1.24841
-1.24955
-1.2507
-1.25186
-1.25303
-1.2542
-1.25537
-0.207698
-0.197723
-0.187923
-0.178328
-0.16897
-0.159885
-0.151109
-0.142682
-0.134648
-0.127051
-0.11994
-0.113363
-0.107371
-0.102012
-0.0973369
-0.0933914
-0.0902185
-0.0878565
-0.0863373
-0.0856852
-0.0859164
-0.0870394
-0.089052
-0.0919441
-0.0956996
-0.100288
-0.105683
-0.111844
-0.118733
-0.126311
-0.134529
-0.143347
-0.152725
-0.162618
-0.172986
-0.183792
-0.195
-0.206579
-0.218496
-0.230723
-0.243232
-0.255999
-0.269001
-0.282216
-0.295625
-0.309212
-0.322958
-0.336848
-0.350869
-0.365007
-0.379249
-0.393587
-0.408009
-0.422505
-0.437067
-0.451685
-0.466352
-0.48106
-0.495802
-0.510573
-0.525367
-0.540176
-0.554995
-0.569819
-0.584644
-0.599465
-0.614277
-0.629075
-0.643862
-0.658625
-0.673359
-0.688065
-0.702738
-0.717376
-0.731976
-0.746529
-0.761037
-0.775497
-0.789905
-0.804263
-0.818558
-0.832792
-0.846962
-0.861065
-0.875099
-0.88906
-0.902948
-0.916758
-0.930488
-0.944135
-0.957697
-0.971171
-0.984555
-0.997846
-1.01104
-1.02414
-1.03714
-1.05003
-1.06282
-1.0755
-1.08807
-1.10052
-1.11286
-1.12508
-1.13718
-1.14916
-1.16101
-1.17272
-1.18431
-1.19577
-1.20708
-1.21826
-1.2293
-1.2402
-1.25094
-1.26154
-1.27198
-1.28227
-1.2924
-1.30238
-1.31218
-1.32182
-1.3313
-1.3406
-1.34973
-1.35868
-1.36745
-1.37605
-1.38446
-1.39268
-1.40072
-1.40856
-1.41622
-1.42367
-1.43093
-1.43799
-1.44485
-1.4515
-1.45796
-1.4642
-1.47024
-1.47606
-1.48168
-1.48707
-1.49226
-1.49723
-1.50199
-1.50652
-1.51084
-1.51495
-1.51883
-1.5225
-1.52594
-1.52917
-1.53218
-1.53497
-1.53754
-1.5399
-1.54204
-1.54396
-1.54567
-1.54717
-1.54846
-1.54954
-1.55041
-1.55108
-1.55155
-1.55181
-1.55188
-1.55175
-1.55144
-1.55093
-1.55024
-1.54937
-1.54832
-1.54709
-1.54569
-1.54413
-1.54239
-1.5405
-1.53846
-1.53626
-1.53391
-1.53142
-1.52879
-1.52603
-1.52313
-1.52011
-1.51697
-1.51371
-1.51034
-1.50686
-1.50328
-1.4996
-1.49582
-1.49196
-1.48801
-1.48398
-1.47988
-1.47571
-1.47147
-1.46716
-1.46281
-1.4584
-1.45394
-1.44944
-1.44491
-1.44033
-1.43573
-1.43111
-1.42646
-1.4218
-1.41712
-1.41244
-1.40776
-1.40307
-1.39839
-1.39372
-1.38906
-1.38442
-1.3798
-1.3752
-1.37063
-1.3661
-1.36159
-1.35713
-1.35271
-1.34833
-1.344
-1.33973
-1.33551
-1.33134
-1.32724
-1.32321
-1.31924
-1.31534
-1.31152
-1.30776
-1.30409
-1.3005
-1.29698
-1.29355
-1.29021
-1.28696
-1.28379
-1.28072
-1.27774
-1.27486
-1.27207
-1.26938
-1.26679
-1.2643
-1.26191
-1.25962
-1.25744
-1.25535
-1.25338
-1.2515
-1.24973
-1.24807
-1.24651
-1.24505
-1.24369
-1.24244
-1.2413
-1.24025
-1.23931
-1.23847
-1.23773
-1.23708
-1.23654
-1.23609
-1.23573
-1.23547
-1.23529
-1.23521
-1.23522
-1.23531
-1.23548
-1.23573
-1.23606
-1.23646
-1.23693
-1.23747
-1.23808
-1.23875
-1.23947
-1.24025
-1.24108
-1.24196
-1.24288
-1.24383
-1.24483
-1.24585
-1.2469
-1.24797
-1.24906
-1.25016
-1.25126
-1.25237
-1.25347
-0.220789
-0.211172
-0.201737
-0.192513
-0.18353
-0.174823
-0.166425
-0.158374
-0.150711
-0.143475
-0.13671
-0.130461
-0.124774
-0.119691
-0.115256
-0.11151
-0.108492
-0.106235
-0.104768
-0.104113
-0.104284
-0.105291
-0.107134
-0.109808
-0.113294
-0.117575
-0.122626
-0.128414
-0.134907
-0.142073
-0.149868
-0.158255
-0.167197
-0.176654
-0.186592
-0.196974
-0.207768
-0.218942
-0.230466
-0.242311
-0.254452
-0.266863
-0.279521
-0.292406
-0.305498
-0.318779
-0.332233
-0.345843
-0.359595
-0.373475
-0.387472
-0.401574
-0.415767
-0.430046
-0.444398
-0.458816
-0.473293
-0.487817
-0.502384
-0.516985
-0.531616
-0.546269
-0.560938
-0.575618
-0.590306
-0.604993
-0.619687
-0.634363
-0.649024
-0.663671
-0.678296
-0.692897
-0.707469
-0.722008
-0.736508
-0.750972
-0.765395
-0.779773
-0.794098
-0.808371
-0.822592
-0.836751
-0.850849
-0.864882
-0.878848
-0.892744
-0.906568
-0.920316
-0.933986
-0.947575
-0.96108
-0.974499
-0.987829
-1.00107
-1.01421
-1.02726
-1.04021
-1.05305
-1.0658
-1.07843
-1.09095
-1.10336
-1.11566
-1.12784
-1.1399
-1.15183
-1.16364
-1.17532
-1.18687
-1.19828
-1.20956
-1.2207
-1.23171
-1.24256
-1.25327
-1.26383
-1.27424
-1.28449
-1.29458
-1.30452
-1.31429
-1.3239
-1.33334
-1.3426
-1.3517
-1.36061
-1.36935
-1.37791
-1.38629
-1.39448
-1.40248
-1.41029
-1.41791
-1.42533
-1.43256
-1.43958
-1.44641
-1.45303
-1.45945
-1.46566
-1.47167
-1.47746
-1.48304
-1.48842
-1.49357
-1.49851
-1.50324
-1.50775
-1.51205
-1.51612
-1.51999
-1.52363
-1.52705
-1.53026
-1.53325
-1.53602
-1.53857
-1.54091
-1.54304
-1.54495
-1.54665
-1.54813
-1.54941
-1.55048
-1.55135
-1.55201
-1.55247
-1.55274
-1.5528
-1.55267
-1.55236
-1.55186
-1.55117
-1.5503
-1.54926
-1.54804
-1.54665
-1.5451
-1.54338
-1.5415
-1.53947
-1.53728
-1.53495
-1.53248
-1.52986
-1.52712
-1.52424
-1.52124
-1.51812
-1.51488
-1.51153
-1.50807
-1.50451
-1.50085
-1.49709
-1.49325
-1.48932
-1.48532
-1.48124
-1.47708
-1.47286
-1.46858
-1.46424
-1.45985
-1.45542
-1.45093
-1.44641
-1.44186
-1.43727
-1.43266
-1.42803
-1.42338
-1.41872
-1.41405
-1.40937
-1.40469
-1.40002
-1.39536
-1.3907
-1.38607
-1.38145
-1.37685
-1.37228
-1.36774
-1.36324
-1.35877
-1.35434
-1.34996
-1.34562
-1.34134
-1.33711
-1.33292
-1.32881
-1.32476
-1.32077
-1.31686
-1.31301
-1.30924
-1.30554
-1.30192
-1.29838
-1.29493
-1.29156
-1.28827
-1.28508
-1.28197
-1.27896
-1.27604
-1.27321
-1.27049
-1.26786
-1.26532
-1.26289
-1.26056
-1.25833
-1.2562
-1.25418
-1.25226
-1.25044
-1.24872
-1.24711
-1.2456
-1.2442
-1.2429
-1.24169
-1.2406
-1.2396
-1.2387
-1.2379
-1.2372
-1.2366
-1.23609
-1.23567
-1.23535
-1.23512
-1.23498
-1.23492
-1.23495
-1.23506
-1.23525
-1.23551
-1.23585
-1.23626
-1.23674
-1.23728
-1.23789
-1.23855
-1.23927
-1.24004
-1.24085
-1.2417
-1.2426
-1.24353
-1.24448
-1.24547
-1.24648
-1.2475
-1.24854
-1.24958
-1.25062
-1.25166
-0.234272
-0.224992
-0.2159
-0.207023
-0.198388
-0.190029
-0.181978
-0.17427
-0.16694
-0.160028
-0.153572
-0.147613
-0.142191
-0.137346
-0.133116
-0.129539
-0.126647
-0.124472
-0.123039
-0.122368
-0.122474
-0.123366
-0.125047
-0.127509
-0.130744
-0.134737
-0.139465
-0.144903
-0.151026
-0.157797
-0.165191
-0.173164
-0.18169
-0.190731
-0.200251
-0.210223
-0.220613
-0.23139
-0.242526
-0.253994
-0.265768
-0.277825
-0.290141
-0.302695
-0.315468
-0.328443
-0.3416
-0.354927
-0.368406
-0.382025
-0.39577
-0.40963
-0.423593
-0.437649
-0.451786
-0.465999
-0.480277
-0.494613
-0.508998
-0.523425
-0.537888
-0.55238
-0.566894
-0.58143
-0.595973
-0.610527
-0.625077
-0.639625
-0.654165
-0.668691
-0.683204
-0.697694
-0.712161
-0.726595
-0.740999
-0.75537
-0.769698
-0.783985
-0.798224
-0.812413
-0.826548
-0.840633
-0.854655
-0.868615
-0.882509
-0.896336
-0.910092
-0.923774
-0.937381
-0.950907
-0.964353
-0.977713
-0.990986
-1.00417
-1.01726
-1.03025
-1.04315
-1.05594
-1.06864
-1.08122
-1.0937
-1.10606
-1.11831
-1.13044
-1.14246
-1.15434
-1.16611
-1.17774
-1.18925
-1.20063
-1.21186
-1.22296
-1.23393
-1.24474
-1.25541
-1.26593
-1.27629
-1.28651
-1.29657
-1.30646
-1.31619
-1.32576
-1.33516
-1.34439
-1.35345
-1.36233
-1.37103
-1.37955
-1.38789
-1.39604
-1.404
-1.41178
-1.41936
-1.42675
-1.43394
-1.44093
-1.44772
-1.45431
-1.46069
-1.46687
-1.47284
-1.4786
-1.48415
-1.48949
-1.49462
-1.49953
-1.50423
-1.50871
-1.51298
-1.51703
-1.52087
-1.52448
-1.52788
-1.53107
-1.53404
-1.53679
-1.53933
-1.54165
-1.54376
-1.54566
-1.54734
-1.54882
-1.55009
-1.55115
-1.55201
-1.55267
-1.55313
-1.55339
-1.55346
-1.55333
-1.55302
-1.55252
-1.55184
-1.55098
-1.54994
-1.54873
-1.54736
-1.54581
-1.54411
-1.54224
-1.54023
-1.53806
-1.53575
-1.53329
-1.5307
-1.52797
-1.52512
-1.52214
-1.51904
-1.51582
-1.51249
-1.50906
-1.50552
-1.50188
-1.49816
-1.49434
-1.49044
-1.48645
-1.4824
-1.47827
-1.47407
-1.46981
-1.4655
-1.46113
-1.45672
-1.45226
-1.44776
-1.44322
-1.43865
-1.43406
-1.42945
-1.42481
-1.42017
-1.41551
-1.41085
-1.40618
-1.40152
-1.39687
-1.39222
-1.38759
-1.38298
-1.37839
-1.37382
-1.36928
-1.36478
-1.36031
-1.35588
-1.35149
-1.34715
-1.34286
-1.33862
-1.33443
-1.3303
-1.32624
-1.32224
-1.31831
-1.31445
-1.31065
-1.30694
-1.3033
-1.29974
-1.29625
-1.29286
-1.28955
-1.28632
-1.28319
-1.28014
-1.27719
-1.27433
-1.27157
-1.2689
-1.26634
-1.26387
-1.26149
-1.25922
-1.25705
-1.25498
-1.25302
-1.25115
-1.24939
-1.24773
-1.24617
-1.24472
-1.24337
-1.24212
-1.24097
-1.23991
-1.23896
-1.23811
-1.23735
-1.23669
-1.23613
-1.23566
-1.23528
-1.23499
-1.2348
-1.23468
-1.23465
-1.23469
-1.23482
-1.23503
-1.23531
-1.23566
-1.23607
-1.23656
-1.2371
-1.2377
-1.23836
-1.23906
-1.23981
-1.24061
-1.24144
-1.2423
-1.2432
-1.24413
-1.24507
-1.24603
-1.247
-1.24798
-1.24897
-1.24994
-0.248094
-0.239131
-0.230359
-0.221804
-0.213492
-0.205453
-0.197719
-0.190321
-0.183292
-0.17667
-0.170489
-0.164785
-0.159595
-0.154955
-0.1509
-0.147462
-0.144673
-0.14256
-0.141146
-0.14045
-0.140486
-0.141265
-0.142785
-0.145047
-0.148044
-0.151766
-0.156191
-0.161299
-0.167068
-0.173469
-0.180478
-0.188061
-0.196185
-0.204822
-0.213942
-0.223515
-0.23351
-0.243898
-0.254654
-0.265749
-0.277161
-0.288866
-0.30084
-0.313064
-0.325518
-0.338184
-0.351045
-0.364084
-0.377287
-0.390641
-0.40413
-0.417744
-0.431471
-0.445299
-0.459219
-0.473222
-0.487296
-0.501437
-0.515636
-0.529888
-0.544178
-0.558503
-0.572858
-0.587235
-0.601634
-0.61604
-0.630453
-0.644868
-0.65928
-0.673683
-0.688077
-0.702453
-0.716805
-0.731137
-0.745437
-0.759704
-0.773935
-0.788127
-0.802275
-0.81638
-0.830431
-0.844433
-0.858374
-0.872257
-0.886076
-0.899829
-0.913514
-0.927127
-0.940666
-0.954127
-0.967508
-0.980807
-0.994019
-1.00714
-1.02017
-1.03311
-1.04595
-1.05869
-1.07133
-1.08386
-1.09629
-1.1086
-1.1208
-1.13288
-1.14485
-1.15669
-1.16841
-1.18
-1.19146
-1.20279
-1.21398
-1.22504
-1.23595
-1.24673
-1.25735
-1.26783
-1.27815
-1.28832
-1.29834
-1.30819
-1.31788
-1.32741
-1.33676
-1.34595
-1.35497
-1.36381
-1.37247
-1.38095
-1.38925
-1.39736
-1.40528
-1.41302
-1.42056
-1.42791
-1.43506
-1.44202
-1.44877
-1.45532
-1.46167
-1.46781
-1.47375
-1.47947
-1.48499
-1.4903
-1.49539
-1.50027
-1.50494
-1.50939
-1.51363
-1.51766
-1.52147
-1.52506
-1.52843
-1.5316
-1.53455
-1.53728
-1.5398
-1.5421
-1.5442
-1.54608
-1.54776
-1.54922
-1.55048
-1.55154
-1.55239
-1.55305
-1.5535
-1.55377
-1.55384
-1.55372
-1.55341
-1.55291
-1.55223
-1.55138
-1.55036
-1.54916
-1.5478
-1.54627
-1.54458
-1.54273
-1.54073
-1.53859
-1.53629
-1.53386
-1.53129
-1.52859
-1.52575
-1.5228
-1.51972
-1.51653
-1.51323
-1.50982
-1.50631
-1.50271
-1.499
-1.49521
-1.49134
-1.48739
-1.48336
-1.47925
-1.47509
-1.47085
-1.46657
-1.46222
-1.45783
-1.4534
-1.44892
-1.44441
-1.43987
-1.4353
-1.4307
-1.42609
-1.42146
-1.41683
-1.41218
-1.40753
-1.40288
-1.39824
-1.39361
-1.38899
-1.38439
-1.3798
-1.37524
-1.37071
-1.36621
-1.36175
-1.35732
-1.35293
-1.34859
-1.34429
-1.34005
-1.33585
-1.33172
-1.32765
-1.32364
-1.31969
-1.31582
-1.31201
-1.30828
-1.30462
-1.30104
-1.29753
-1.29412
-1.29078
-1.28753
-1.28437
-1.2813
-1.27832
-1.27543
-1.27263
-1.26993
-1.26733
-1.26482
-1.26241
-1.26011
-1.2579
-1.25579
-1.25378
-1.25187
-1.25006
-1.24836
-1.24676
-1.24526
-1.24386
-1.24256
-1.24136
-1.24025
-1.23925
-1.23835
-1.23754
-1.23683
-1.23621
-1.23568
-1.23525
-1.23491
-1.23465
-1.23448
-1.23439
-1.23439
-1.23446
-1.2346
-1.23482
-1.23511
-1.23547
-1.23589
-1.23638
-1.23692
-1.23752
-1.23816
-1.23885
-1.23958
-1.24036
-1.24116
-1.242
-1.24286
-1.24375
-1.24465
-1.24556
-1.24648
-1.2474
-1.24831
-0.262204
-0.253538
-0.245066
-0.236809
-0.228794
-0.221049
-0.213604
-0.206487
-0.19973
-0.193367
-0.187429
-0.181949
-0.176961
-0.172499
-0.168591
-0.165271
-0.162563
-0.160495
-0.159087
-0.158357
-0.158321
-0.158983
-0.160349
-0.162421
-0.165195
-0.168655
-0.172792
-0.177587
-0.18302
-0.18907
-0.195711
-0.20292
-0.21066
-0.218911
-0.227643
-0.236827
-0.246437
-0.256446
-0.266827
-0.277557
-0.288611
-0.299966
-0.311601
-0.323496
-0.33563
-0.347987
-0.360549
-0.3733
-0.386225
-0.399309
-0.412539
-0.425904
-0.439389
-0.452986
-0.466683
-0.480471
-0.494345
-0.508287
-0.522292
-0.536356
-0.550468
-0.564622
-0.578812
-0.593032
-0.607274
-0.621534
-0.635805
-0.650083
-0.664362
-0.678637
-0.692904
-0.707164
-0.721403
-0.73562
-0.749812
-0.763975
-0.778105
-0.792199
-0.806252
-0.820261
-0.834225
-0.848138
-0.861999
-0.8758
-0.88954
-0.903218
-0.916827
-0.930368
-0.943835
-0.957227
-0.970541
-0.983773
-0.996921
-1.00998
-1.02295
-1.03583
-1.04861
-1.06129
-1.07387
-1.08635
-1.09872
-1.11098
-1.12313
-1.13515
-1.14707
-1.15886
-1.17053
-1.18207
-1.19348
-1.20476
-1.21591
-1.22691
-1.23778
-1.24851
-1.25909
-1.26952
-1.2798
-1.28992
-1.29989
-1.3097
-1.31934
-1.32882
-1.33814
-1.34728
-1.35625
-1.36505
-1.37367
-1.3821
-1.39036
-1.39843
-1.40631
-1.414
-1.42151
-1.42881
-1.43592
-1.44284
-1.44955
-1.45606
-1.46237
-1.46848
-1.47438
-1.48007
-1.48555
-1.49082
-1.49588
-1.50073
-1.50536
-1.50979
-1.514
-1.51799
-1.52177
-1.52534
-1.5287
-1.53184
-1.53476
-1.53747
-1.53998
-1.54227
-1.54434
-1.54621
-1.54788
-1.54933
-1.55059
-1.55164
-1.55249
-1.55314
-1.55359
-1.55386
-1.55393
-1.55381
-1.55351
-1.55302
-1.55235
-1.55151
-1.5505
-1.54931
-1.54797
-1.54645
-1.54478
-1.54296
-1.54098
-1.53885
-1.53658
-1.53417
-1.53163
-1.52895
-1.52615
-1.52322
-1.52017
-1.51701
-1.51374
-1.51036
-1.50688
-1.5033
-1.49963
-1.49587
-1.49203
-1.48811
-1.48411
-1.48004
-1.4759
-1.4717
-1.46744
-1.46313
-1.45877
-1.45436
-1.44991
-1.44543
-1.44091
-1.43637
-1.4318
-1.42721
-1.4226
-1.41799
-1.41336
-1.40873
-1.4041
-1.39948
-1.39486
-1.39026
-1.38567
-1.3811
-1.37655
-1.37202
-1.36753
-1.36307
-1.35865
-1.35427
-1.34993
-1.34563
-1.34139
-1.33719
-1.33305
-1.32897
-1.32496
-1.321
-1.31712
-1.3133
-1.30955
-1.30588
-1.30228
-1.29876
-1.29532
-1.29197
-1.2887
-1.28551
-1.28242
-1.27941
-1.27649
-1.27367
-1.27094
-1.2683
-1.26576
-1.26332
-1.26097
-1.25873
-1.25658
-1.25453
-1.25259
-1.25074
-1.24899
-1.24735
-1.24581
-1.24436
-1.24301
-1.24177
-1.24062
-1.23957
-1.23861
-1.23776
-1.23699
-1.23632
-1.23575
-1.23526
-1.23486
-1.23455
-1.23433
-1.23419
-1.23413
-1.23414
-1.23423
-1.23439
-1.23463
-1.23493
-1.2353
-1.23572
-1.2362
-1.23674
-1.23733
-1.23796
-1.23864
-1.23935
-1.2401
-1.24088
-1.24168
-1.24251
-1.24335
-1.2442
-1.24506
-1.24592
-1.24677
-0.27656
-0.268172
-0.259976
-0.251995
-0.244253
-0.236779
-0.229595
-0.222733
-0.216221
-0.210089
-0.204366
-0.199084
-0.194272
-0.189961
-0.18618
-0.182954
-0.180311
-0.178273
-0.17686
-0.176091
-0.175974
-0.176523
-0.177741
-0.179628
-0.182184
-0.185398
-0.18926
-0.193758
-0.198874
-0.204588
-0.210882
-0.217724
-0.225101
-0.232978
-0.241334
-0.250142
-0.259377
-0.269014
-0.279029
-0.289398
-0.300099
-0.311109
-0.322407
-0.333973
-0.345789
-0.357837
-0.3701
-0.38256
-0.395204
-0.408017
-0.420985
-0.434096
-0.447343
-0.460705
-0.474175
-0.487744
-0.501402
-0.51514
-0.528951
-0.542825
-0.556754
-0.570736
-0.584755
-0.598809
-0.612893
-0.627
-0.641125
-0.65526
-0.669402
-0.683548
-0.697686
-0.71182
-0.725939
-0.74004
-0.75412
-0.768174
-0.782199
-0.79619
-0.810144
-0.824058
-0.837927
-0.851748
-0.865523
-0.87924
-0.892897
-0.906493
-0.920024
-0.933487
-0.94688
-0.960199
-0.973441
-0.986605
-0.999686
-1.01268
-1.02559
-1.0384
-1.05112
-1.06374
-1.07626
-1.08868
-1.10099
-1.11319
-1.12528
-1.13725
-1.14911
-1.16085
-1.17246
-1.18395
-1.19531
-1.20654
-1.21763
-1.22859
-1.23941
-1.25008
-1.26061
-1.27099
-1.28122
-1.2913
-1.30121
-1.31097
-1.32057
-1.33001
-1.33927
-1.34837
-1.35729
-1.36604
-1.37461
-1.383
-1.39121
-1.39924
-1.40708
-1.41472
-1.42218
-1.42944
-1.43651
-1.44338
-1.45005
-1.45653
-1.46279
-1.46886
-1.47472
-1.48037
-1.48582
-1.49105
-1.49608
-1.50089
-1.50549
-1.50989
-1.51406
-1.51803
-1.52179
-1.52533
-1.52866
-1.53177
-1.53468
-1.53737
-1.53985
-1.54212
-1.54419
-1.54605
-1.5477
-1.54915
-1.55039
-1.55144
-1.55228
-1.55294
-1.55339
-1.55365
-1.55373
-1.55362
-1.55332
-1.55285
-1.55219
-1.55136
-1.55036
-1.54919
-1.54786
-1.54637
-1.54471
-1.54291
-1.54096
-1.53885
-1.53661
-1.53423
-1.53171
-1.52906
-1.52629
-1.52339
-1.52037
-1.51724
-1.51401
-1.51066
-1.50722
-1.50367
-1.50004
-1.49631
-1.4925
-1.48861
-1.48465
-1.48061
-1.47651
-1.47234
-1.46812
-1.46384
-1.45951
-1.45514
-1.45072
-1.44627
-1.44178
-1.43727
-1.43272
-1.42816
-1.42358
-1.41899
-1.41439
-1.40978
-1.40518
-1.40057
-1.39598
-1.39139
-1.38682
-1.38226
-1.37773
-1.37322
-1.36873
-1.36429
-1.35987
-1.3555
-1.35116
-1.34687
-1.34263
-1.33843
-1.33429
-1.33021
-1.32619
-1.32223
-1.31834
-1.31451
-1.31076
-1.30707
-1.30346
-1.29993
-1.29648
-1.2931
-1.28982
-1.28661
-1.28349
-1.28046
-1.27752
-1.27467
-1.27191
-1.26925
-1.26668
-1.26421
-1.26183
-1.25955
-1.25737
-1.25529
-1.2533
-1.25142
-1.24963
-1.24795
-1.24636
-1.24487
-1.24348
-1.24219
-1.241
-1.23991
-1.23891
-1.238
-1.23719
-1.23647
-1.23585
-1.23531
-1.23486
-1.2345
-1.23423
-1.23403
-1.23392
-1.23388
-1.23392
-1.23403
-1.23421
-1.23445
-1.23476
-1.23513
-1.23556
-1.23604
-1.23657
-1.23715
-1.23777
-1.23843
-1.23912
-1.23984
-1.24058
-1.24135
-1.24213
-1.24293
-1.24372
-1.24453
-1.24532
-0.291122
-0.282992
-0.275052
-0.267326
-0.259836
-0.252606
-0.245661
-0.23903
-0.232737
-0.226811
-0.221279
-0.21617
-0.211511
-0.20733
-0.203653
-0.200506
-0.197911
-0.195893
-0.194466
-0.193647
-0.193451
-0.193885
-0.194954
-0.196666
-0.199012
-0.20199
-0.205592
-0.209807
-0.214619
-0.220013
-0.225968
-0.232467
-0.239489
-0.247006
-0.254998
-0.26344
-0.272311
-0.281585
-0.291242
-0.301257
-0.311609
-0.322277
-0.333241
-0.344481
-0.35598
-0.367718
-0.379681
-0.39185
-0.404212
-0.416757
-0.429461
-0.442317
-0.455311
-0.468434
-0.481674
-0.49502
-0.508463
-0.521994
-0.535604
-0.549284
-0.563029
-0.576829
-0.590673
-0.60456
-0.618482
-0.632431
-0.646404
-0.660396
-0.674397
-0.688401
-0.702408
-0.716411
-0.730409
-0.74439
-0.758353
-0.772294
-0.78621
-0.800095
-0.813946
-0.82776
-0.841532
-0.855258
-0.868938
-0.882569
-0.896139
-0.90965
-0.923099
-0.936482
-0.949797
-0.963039
-0.976206
-0.989295
-1.0023
-1.01523
-1.02806
-1.04081
-1.05346
-1.06602
-1.07848
-1.09083
-1.10308
-1.11522
-1.12725
-1.13916
-1.15096
-1.16264
-1.1742
-1.18563
-1.19693
-1.20811
-1.21915
-1.23005
-1.24081
-1.25144
-1.26191
-1.27224
-1.28241
-1.29244
-1.30231
-1.31202
-1.32156
-1.33094
-1.34016
-1.3492
-1.35808
-1.36677
-1.3753
-1.38364
-1.3918
-1.39978
-1.40757
-1.41517
-1.42258
-1.4298
-1.43682
-1.44364
-1.45027
-1.4567
-1.46293
-1.46895
-1.47477
-1.48038
-1.48579
-1.49098
-1.49597
-1.50075
-1.50532
-1.50968
-1.51383
-1.51777
-1.52149
-1.52501
-1.52831
-1.5314
-1.53428
-1.53696
-1.53942
-1.54168
-1.54373
-1.54557
-1.54721
-1.54865
-1.54989
-1.55093
-1.55178
-1.55243
-1.55288
-1.55315
-1.55323
-1.55313
-1.55284
-1.55237
-1.55174
-1.55092
-1.54994
-1.54879
-1.54747
-1.546
-1.54437
-1.54259
-1.54066
-1.53859
-1.53637
-1.53402
-1.53153
-1.52891
-1.52617
-1.52331
-1.52033
-1.51723
-1.51403
-1.51072
-1.50731
-1.5038
-1.50021
-1.49652
-1.49275
-1.4889
-1.48497
-1.48097
-1.47691
-1.47278
-1.46859
-1.46435
-1.46006
-1.45572
-1.45134
-1.44692
-1.44246
-1.43798
-1.43347
-1.42894
-1.42439
-1.41983
-1.41526
-1.41068
-1.4061
-1.40152
-1.39694
-1.39238
-1.38783
-1.38329
-1.37877
-1.37428
-1.36981
-1.36538
-1.36098
-1.35661
-1.35229
-1.34801
-1.34377
-1.33958
-1.33544
-1.33136
-1.32734
-1.32338
-1.31949
-1.31565
-1.31189
-1.3082
-1.30458
-1.30104
-1.29757
-1.29419
-1.29088
-1.28766
-1.28452
-1.28147
-1.27851
-1.27564
-1.27286
-1.27017
-1.26757
-1.26507
-1.26267
-1.26036
-1.25814
-1.25603
-1.25401
-1.25209
-1.25027
-1.24854
-1.24692
-1.24539
-1.24397
-1.24263
-1.2414
-1.24026
-1.23922
-1.23827
-1.23741
-1.23665
-1.23598
-1.23539
-1.23489
-1.23448
-1.23416
-1.23392
-1.23375
-1.23367
-1.23365
-1.23371
-1.23384
-1.23403
-1.23429
-1.2346
-1.23498
-1.23541
-1.23588
-1.23641
-1.23697
-1.23757
-1.23821
-1.23888
-1.23956
-1.24027
-1.241
-1.24174
-1.24248
-1.24322
-1.24396
-0.305855
-0.297964
-0.290262
-0.282769
-0.275508
-0.268502
-0.261775
-0.255351
-0.249254
-0.243512
-0.238148
-0.23319
-0.228664
-0.224593
-0.221004
-0.217919
-0.215362
-0.213348
-0.211898
-0.211027
-0.210746
-0.211066
-0.211991
-0.21353
-0.215676
-0.218429
-0.221782
-0.225724
-0.230246
-0.235332
-0.240967
-0.247132
-0.253809
-0.260982
-0.268621
-0.276708
-0.285223
-0.294144
-0.303448
-0.313115
-0.323124
-0.333455
-0.344089
-0.355005
-0.366188
-0.377619
-0.389285
-0.401163
-0.413242
-0.425507
-0.437945
-0.450542
-0.463288
-0.476168
-0.489174
-0.502294
-0.515519
-0.528838
-0.542243
-0.555729
-0.569281
-0.582895
-0.596564
-0.610277
-0.624031
-0.637823
-0.65164
-0.665478
-0.679332
-0.693196
-0.707066
-0.720936
-0.734803
-0.748662
-0.762505
-0.77633
-0.790131
-0.803906
-0.81765
-0.83136
-0.84503
-0.858658
-0.872241
-0.885775
-0.899257
-0.912682
-0.926045
-0.939343
-0.952576
-0.965738
-0.978826
-0.991838
-1.00477
-1.01762
-1.03038
-1.04306
-1.05564
-1.06813
-1.08052
-1.0928
-1.10498
-1.11706
-1.12903
-1.14088
-1.15262
-1.16424
-1.17573
-1.1871
-1.19835
-1.20946
-1.22044
-1.23129
-1.24199
-1.25256
-1.26298
-1.27325
-1.28337
-1.29334
-1.30315
-1.31281
-1.3223
-1.33163
-1.34079
-1.34978
-1.3586
-1.36724
-1.37571
-1.384
-1.39211
-1.40004
-1.40778
-1.41533
-1.42269
-1.42986
-1.43683
-1.44361
-1.45019
-1.45658
-1.46276
-1.46874
-1.47451
-1.48008
-1.48545
-1.49061
-1.49556
-1.5003
-1.50484
-1.50916
-1.51328
-1.51719
-1.52088
-1.52437
-1.52765
-1.53072
-1.53358
-1.53623
-1.53868
-1.54092
-1.54295
-1.54479
-1.54642
-1.54785
-1.54908
-1.55012
-1.55096
-1.55161
-1.55207
-1.55234
-1.55243
-1.55233
-1.55206
-1.55161
-1.55098
-1.55018
-1.54922
-1.54809
-1.5468
-1.54535
-1.54374
-1.54199
-1.54009
-1.53804
-1.53586
-1.53354
-1.53108
-1.5285
-1.52579
-1.52297
-1.52002
-1.51697
-1.5138
-1.51053
-1.50716
-1.5037
-1.50014
-1.4965
-1.49277
-1.48896
-1.48507
-1.48111
-1.47709
-1.473
-1.46885
-1.46465
-1.4604
-1.4561
-1.45176
-1.44737
-1.44296
-1.43851
-1.43404
-1.42954
-1.42503
-1.4205
-1.41596
-1.41141
-1.40686
-1.40231
-1.39776
-1.39322
-1.38869
-1.38418
-1.37968
-1.37521
-1.37077
-1.36635
-1.36196
-1.35761
-1.3533
-1.34903
-1.3448
-1.34062
-1.33649
-1.33242
-1.3284
-1.32444
-1.32055
-1.31671
-1.31295
-1.30925
-1.30563
-1.30208
-1.2986
-1.29521
-1.29189
-1.28865
-1.2855
-1.28243
-1.27945
-1.27656
-1.27376
-1.27105
-1.26843
-1.26591
-1.26348
-1.26114
-1.2589
-1.25675
-1.25471
-1.25275
-1.2509
-1.24914
-1.24748
-1.24592
-1.24445
-1.24308
-1.24181
-1.24063
-1.23955
-1.23856
-1.23766
-1.23685
-1.23614
-1.23551
-1.23496
-1.23451
-1.23414
-1.23385
-1.23364
-1.2335
-1.23344
-1.23345
-1.23353
-1.23367
-1.23388
-1.23414
-1.23447
-1.23484
-1.23526
-1.23574
-1.23625
-1.2368
-1.23738
-1.23799
-1.23862
-1.23928
-1.23995
-1.24063
-1.24132
-1.24201
-1.24269
-0.320725
-0.313056
-0.305573
-0.298295
-0.291245
-0.284443
-0.277911
-0.271673
-0.265752
-0.260172
-0.254957
-0.250132
-0.245719
-0.241743
-0.238225
-0.23519
-0.232654
-0.230639
-0.229158
-0.228229
-0.227861
-0.228067
-0.228854
-0.230223
-0.232176
-0.23471
-0.237823
-0.241505
-0.245746
-0.250538
-0.255864
-0.261709
-0.268057
-0.274892
-0.282189
-0.289932
-0.2981
-0.306675
-0.315634
-0.32496
-0.334632
-0.34463
-0.35494
-0.365536
-0.376405
-0.387529
-0.398891
-0.410477
-0.422272
-0.434261
-0.446431
-0.458768
-0.471261
-0.483898
-0.496667
-0.509557
-0.522559
-0.535662
-0.548864
-0.562146
-0.575503
-0.588928
-0.602413
-0.615955
-0.629539
-0.643162
-0.656817
-0.6705
-0.684203
-0.697923
-0.711651
-0.725385
-0.739119
-0.75285
-0.766568
-0.780271
-0.793955
-0.807616
-0.821249
-0.834851
-0.848416
-0.861942
-0.875425
-0.888862
-0.902247
-0.915579
-0.928854
-0.942064
-0.95521
-0.968288
-0.981294
-0.994224
-1.00708
-1.01985
-1.03254
-1.04514
-1.05764
-1.07006
-1.08238
-1.09459
-1.10671
-1.11871
-1.13061
-1.1424
-1.15407
-1.16562
-1.17706
-1.18836
-1.19954
-1.2106
-1.22152
-1.2323
-1.24295
-1.25345
-1.26381
-1.27402
-1.28408
-1.29399
-1.30374
-1.31334
-1.32277
-1.33204
-1.34115
-1.35008
-1.35884
-1.36743
-1.37585
-1.38409
-1.39214
-1.40001
-1.4077
-1.4152
-1.42251
-1.42962
-1.43655
-1.44328
-1.44981
-1.45615
-1.46228
-1.46821
-1.47395
-1.47947
-1.4848
-1.48992
-1.49483
-1.49953
-1.50403
-1.50832
-1.51241
-1.51628
-1.51995
-1.52341
-1.52666
-1.52971
-1.53255
-1.53518
-1.53761
-1.53983
-1.54186
-1.54368
-1.5453
-1.54672
-1.54795
-1.54899
-1.54983
-1.55048
-1.55095
-1.55123
-1.55132
-1.55123
-1.55097
-1.55053
-1.54992
-1.54915
-1.5482
-1.54709
-1.54582
-1.5444
-1.54283
-1.5411
-1.53923
-1.53722
-1.53507
-1.53278
-1.53036
-1.52782
-1.52515
-1.52236
-1.51946
-1.51644
-1.51332
-1.5101
-1.50677
-1.50335
-1.49983
-1.49623
-1.49255
-1.48878
-1.48494
-1.48103
-1.47705
-1.473
-1.4689
-1.46474
-1.46053
-1.45628
-1.45198
-1.44764
-1.44326
-1.43885
-1.43442
-1.42996
-1.42549
-1.42099
-1.41649
-1.41197
-1.40745
-1.40294
-1.39842
-1.39391
-1.38941
-1.38492
-1.38045
-1.37601
-1.37158
-1.36719
-1.36282
-1.35849
-1.35419
-1.34994
-1.34572
-1.34155
-1.33743
-1.33337
-1.32936
-1.32541
-1.32152
-1.31769
-1.31392
-1.31023
-1.3066
-1.30305
-1.29956
-1.29616
-1.29283
-1.28959
-1.28643
-1.28335
-1.28035
-1.27745
-1.27463
-1.2719
-1.26926
-1.26671
-1.26426
-1.2619
-1.25963
-1.25746
-1.25538
-1.2534
-1.25152
-1.24973
-1.24804
-1.24644
-1.24494
-1.24354
-1.24223
-1.24102
-1.23989
-1.23886
-1.23793
-1.23708
-1.23632
-1.23565
-1.23507
-1.23457
-1.23416
-1.23382
-1.23356
-1.23338
-1.23327
-1.23323
-1.23327
-1.23336
-1.23352
-1.23374
-1.23402
-1.23434
-1.23472
-1.23513
-1.2356
-1.23609
-1.23663
-1.23719
-1.23777
-1.23837
-1.23899
-1.23962
-1.24025
-1.24089
-1.24151
-0.335705
-0.328241
-0.320958
-0.313879
-0.30702
-0.300403
-0.294048
-0.287978
-0.282214
-0.276778
-0.271693
-0.266982
-0.262667
-0.25877
-0.255312
-0.252312
-0.249789
-0.247761
-0.246243
-0.245252
-0.244798
-0.24489
-0.245538
-0.246742
-0.248507
-0.250831
-0.253711
-0.25714
-0.261117
-0.265624
-0.270653
-0.276189
-0.282218
-0.288724
-0.295692
-0.3031
-0.31093
-0.319166
-0.327788
-0.336782
-0.346121
-0.355791
-0.365774
-0.376052
-0.386609
-0.397427
-0.40849
-0.419785
-0.431295
-0.443008
-0.454908
-0.466984
-0.479222
-0.491612
-0.504142
-0.5168
-0.529575
-0.542466
-0.555452
-0.568528
-0.581687
-0.594919
-0.608221
-0.621578
-0.634988
-0.648442
-0.661934
-0.675456
-0.689005
-0.702575
-0.716159
-0.729752
-0.743349
-0.756944
-0.770536
-0.784114
-0.797676
-0.811219
-0.824736
-0.838225
-0.851682
-0.865101
-0.878481
-0.891815
-0.905102
-0.918338
-0.931516
-0.944634
-0.957692
-0.970682
-0.983601
-0.996448
-1.00922
-1.02191
-1.03452
-1.04704
-1.05947
-1.07181
-1.08404
-1.09619
-1.10823
-1.12016
-1.13199
-1.14371
-1.15531
-1.1668
-1.17816
-1.1894
-1.20052
-1.2115
-1.22235
-1.23307
-1.24365
-1.25409
-1.26439
-1.27454
-1.28453
-1.29438
-1.30407
-1.31361
-1.32298
-1.33219
-1.34123
-1.35011
-1.35881
-1.36734
-1.3757
-1.38388
-1.39187
-1.39969
-1.40732
-1.41476
-1.42202
-1.42908
-1.43595
-1.44263
-1.44911
-1.4554
-1.46149
-1.46737
-1.47306
-1.47854
-1.48382
-1.4889
-1.49377
-1.49844
-1.5029
-1.50715
-1.51121
-1.51505
-1.51869
-1.52212
-1.52535
-1.52837
-1.53119
-1.5338
-1.53621
-1.53842
-1.54043
-1.54224
-1.54386
-1.54528
-1.5465
-1.54753
-1.54838
-1.54903
-1.5495
-1.54979
-1.54989
-1.54982
-1.54957
-1.54915
-1.54856
-1.5478
-1.54688
-1.5458
-1.54455
-1.54316
-1.54162
-1.53992
-1.53809
-1.53611
-1.53399
-1.53174
-1.52936
-1.52686
-1.52423
-1.52149
-1.51863
-1.51566
-1.51258
-1.5094
-1.50612
-1.50275
-1.49928
-1.49572
-1.49209
-1.48837
-1.48458
-1.48071
-1.47678
-1.47278
-1.46873
-1.46462
-1.46045
-1.45624
-1.45199
-1.44769
-1.44336
-1.439
-1.43461
-1.43019
-1.42576
-1.42131
-1.41684
-1.41236
-1.40788
-1.4034
-1.39892
-1.39444
-1.38997
-1.38552
-1.38108
-1.37666
-1.37226
-1.36789
-1.36354
-1.35923
-1.35496
-1.35072
-1.34653
-1.34237
-1.33827
-1.33421
-1.33022
-1.32627
-1.32239
-1.31857
-1.3148
-1.31111
-1.30749
-1.30393
-1.30045
-1.29704
-1.29371
-1.29046
-1.28729
-1.2842
-1.2812
-1.27828
-1.27545
-1.2727
-1.27005
-1.26748
-1.26501
-1.26263
-1.26034
-1.25814
-1.25604
-1.25404
-1.25213
-1.25031
-1.24859
-1.24696
-1.24543
-1.244
-1.24266
-1.24141
-1.24025
-1.23919
-1.23821
-1.23733
-1.23653
-1.23582
-1.2352
-1.23466
-1.2342
-1.23383
-1.23353
-1.2333
-1.23315
-1.23307
-1.23306
-1.23311
-1.23322
-1.2334
-1.23362
-1.2339
-1.23423
-1.23461
-1.23501
-1.23546
-1.23595
-1.23646
-1.23699
-1.23754
-1.23811
-1.23869
-1.23927
-1.23985
-1.24042
-0.350767
-0.343492
-0.336395
-0.329496
-0.322812
-0.316363
-0.310168
-0.304248
-0.298624
-0.293316
-0.288345
-0.283733
-0.2795
-0.27567
-0.272255
-0.269279
-0.266759
-0.264713
-0.263155
-0.262098
-0.261553
-0.261534
-0.262043
-0.263087
-0.264669
-0.266789
-0.269444
-0.272633
-0.276349
-0.280582
-0.285325
-0.290562
-0.296283
-0.302473
-0.309119
-0.3162
-0.323705
-0.33161
-0.339902
-0.348562
-0.357574
-0.36692
-0.376583
-0.386545
-0.396792
-0.407306
-0.418072
-0.429076
-0.440302
-0.451736
-0.463366
-0.475179
-0.487161
-0.499302
-0.511588
-0.524015
-0.536565
-0.549229
-0.561999
-0.574868
-0.587828
-0.600864
-0.613973
-0.627146
-0.640375
-0.653657
-0.666979
-0.680339
-0.693731
-0.707147
-0.720581
-0.734028
-0.747485
-0.760943
-0.774402
-0.78785
-0.801287
-0.814706
-0.828105
-0.841478
-0.854821
-0.86813
-0.881402
-0.89463
-0.907815
-0.920948
-0.93403
-0.947052
-0.960013
-0.972913
-0.985742
-0.9985
-1.01118
-1.02379
-1.03631
-1.04875
-1.0611
-1.07335
-1.08552
-1.09758
-1.10955
-1.12141
-1.13316
-1.1448
-1.15633
-1.16774
-1.17904
-1.19021
-1.20125
-1.21217
-1.22295
-1.2336
-1.24411
-1.25448
-1.26471
-1.27479
-1.28472
-1.2945
-1.30413
-1.3136
-1.3229
-1.33205
-1.34103
-1.34984
-1.35848
-1.36695
-1.37525
-1.38337
-1.3913
-1.39906
-1.40663
-1.41402
-1.42122
-1.42823
-1.43504
-1.44167
-1.4481
-1.45433
-1.46037
-1.46621
-1.47185
-1.47728
-1.48252
-1.48755
-1.49238
-1.49701
-1.50143
-1.50565
-1.50967
-1.51348
-1.51709
-1.5205
-1.5237
-1.5267
-1.52949
-1.53209
-1.53448
-1.53668
-1.53867
-1.54048
-1.54208
-1.5435
-1.54472
-1.54575
-1.5466
-1.54726
-1.54774
-1.54803
-1.54815
-1.54809
-1.54786
-1.54745
-1.54688
-1.54615
-1.54525
-1.5442
-1.54298
-1.54162
-1.54011
-1.53845
-1.53665
-1.53471
-1.53263
-1.53042
-1.52809
-1.52562
-1.52304
-1.52034
-1.51753
-1.51461
-1.51158
-1.50844
-1.50521
-1.50189
-1.49847
-1.49497
-1.49138
-1.48772
-1.48397
-1.48016
-1.47628
-1.47234
-1.46833
-1.46427
-1.46016
-1.456
-1.45179
-1.44755
-1.44326
-1.43895
-1.4346
-1.43023
-1.42584
-1.42143
-1.41701
-1.41258
-1.40813
-1.40369
-1.39925
-1.39481
-1.39037
-1.38595
-1.38155
-1.37716
-1.37279
-1.36845
-1.36413
-1.35985
-1.35559
-1.35138
-1.34721
-1.34307
-1.33899
-1.33495
-1.33096
-1.32703
-1.32316
-1.31935
-1.3156
-1.31191
-1.30829
-1.30474
-1.30126
-1.29785
-1.29452
-1.29127
-1.28809
-1.285
-1.28199
-1.27906
-1.27621
-1.27346
-1.27079
-1.26821
-1.26572
-1.26332
-1.26102
-1.2588
-1.25668
-1.25465
-1.25272
-1.25088
-1.24913
-1.24748
-1.24592
-1.24445
-1.24308
-1.2418
-1.24062
-1.23952
-1.23851
-1.23759
-1.23676
-1.23601
-1.23535
-1.23478
-1.23428
-1.23387
-1.23353
-1.23326
-1.23307
-1.23295
-1.2329
-1.23291
-1.23298
-1.23311
-1.23329
-1.23353
-1.23381
-1.23414
-1.23451
-1.23491
-1.23534
-1.2358
-1.23629
-1.2368
-1.23731
-1.23784
-1.23837
-1.2389
-1.23943
-0.365889
-0.358788
-0.351862
-0.345128
-0.338603
-0.332306
-0.326255
-0.320469
-0.314969
-0.309773
-0.304902
-0.300377
-0.296213
-0.292432
-0.289051
-0.286091
-0.283567
-0.281495
-0.27989
-0.278763
-0.278128
-0.277995
-0.278368
-0.279256
-0.28066
-0.28258
-0.28502
-0.287976
-0.291441
-0.295409
-0.299872
-0.304821
-0.310243
-0.31613
-0.32246
-0.329226
-0.336406
-0.343988
-0.351955
-0.360292
-0.368982
-0.378008
-0.387355
-0.397005
-0.406944
-0.417156
-0.427626
-0.438338
-0.44928
-0.460437
-0.471796
-0.483344
-0.495068
-0.506957
-0.519004
-0.53119
-0.543508
-0.555948
-0.568505
-0.58116
-0.593911
-0.606748
-0.619663
-0.632648
-0.645695
-0.658796
-0.671948
-0.685143
-0.698372
-0.71163
-0.724911
-0.73821
-0.75152
-0.764837
-0.778155
-0.791473
-0.80478
-0.818073
-0.831348
-0.8446
-0.857826
-0.87102
-0.88418
-0.8973
-0.910377
-0.923406
-0.936384
-0.949308
-0.962171
-0.974972
-0.987706
-1.00037
-1.01297
-1.02548
-1.03792
-1.05027
-1.06253
-1.0747
-1.08678
-1.09877
-1.11065
-1.12243
-1.13411
-1.14567
-1.15712
-1.16846
-1.17968
-1.19077
-1.20174
-1.21258
-1.22329
-1.23387
-1.24431
-1.25461
-1.26476
-1.27477
-1.28464
-1.29435
-1.3039
-1.3133
-1.32254
-1.33162
-1.34053
-1.34928
-1.35786
-1.36626
-1.37449
-1.38255
-1.39042
-1.39812
-1.40563
-1.41296
-1.4201
-1.42705
-1.43381
-1.44038
-1.44675
-1.45293
-1.45892
-1.46471
-1.47029
-1.47568
-1.48087
-1.48586
-1.49065
-1.49524
-1.49963
-1.50381
-1.50779
-1.51157
-1.51515
-1.51853
-1.5217
-1.52468
-1.52746
-1.53003
-1.53241
-1.53459
-1.53658
-1.53837
-1.53997
-1.54138
-1.54261
-1.54364
-1.54449
-1.54516
-1.54564
-1.54595
-1.54608
-1.54604
-1.54582
-1.54544
-1.54489
-1.54418
-1.54331
-1.54229
-1.5411
-1.53977
-1.5383
-1.53667
-1.53491
-1.53301
-1.53098
-1.52881
-1.52652
-1.52411
-1.52157
-1.51892
-1.51615
-1.51328
-1.5103
-1.50722
-1.50404
-1.50077
-1.49741
-1.49396
-1.49043
-1.48682
-1.48313
-1.47937
-1.47554
-1.47165
-1.4677
-1.4637
-1.45964
-1.45553
-1.45138
-1.44719
-1.44295
-1.43869
-1.4344
-1.43008
-1.42573
-1.42137
-1.41699
-1.4126
-1.40821
-1.40381
-1.39941
-1.39501
-1.39061
-1.38623
-1.38186
-1.37751
-1.37317
-1.36886
-1.36458
-1.36032
-1.3561
-1.35191
-1.34776
-1.34365
-1.33958
-1.33557
-1.3316
-1.32769
-1.32383
-1.32003
-1.31629
-1.31261
-1.309
-1.30546
-1.30198
-1.29858
-1.29525
-1.292
-1.28882
-1.28572
-1.28271
-1.27977
-1.27692
-1.27416
-1.27148
-1.26889
-1.26639
-1.26398
-1.26166
-1.25942
-1.25729
-1.25524
-1.25329
-1.25142
-1.24965
-1.24798
-1.2464
-1.2449
-1.2435
-1.2422
-1.24098
-1.23986
-1.23882
-1.23787
-1.237
-1.23623
-1.23553
-1.23492
-1.2344
-1.23394
-1.23357
-1.23327
-1.23304
-1.23288
-1.23278
-1.23275
-1.23278
-1.23287
-1.23301
-1.23321
-1.23345
-1.23374
-1.23406
-1.23442
-1.23481
-1.23523
-1.23567
-1.23613
-1.2366
-1.23708
-1.23756
-1.23804
-1.23852
-0.38105
-0.374109
-0.367339
-0.360755
-0.354375
-0.348215
-0.342293
-0.336627
-0.331237
-0.32614
-0.321357
-0.316901
-0.312794
-0.309055
-0.305699
-0.302745
-0.300208
-0.298105
-0.296448
-0.295249
-0.294524
-0.294276
-0.294515
-0.295248
-0.296476
-0.298206
-0.300436
-0.303165
-0.306387
-0.310102
-0.314296
-0.318963
-0.324095
-0.32968
-0.335705
-0.342161
-0.349028
-0.356293
-0.363943
-0.371962
-0.380335
-0.389046
-0.39808
-0.407422
-0.417056
-0.426967
-0.437141
-0.447564
-0.458221
-0.4691
-0.480187
-0.491468
-0.502935
-0.514575
-0.526372
-0.538318
-0.550406
-0.562619
-0.574951
-0.587392
-0.599933
-0.612567
-0.625284
-0.638078
-0.650936
-0.663858
-0.676833
-0.689857
-0.70292
-0.716016
-0.72914
-0.742286
-0.755448
-0.76862
-0.781796
-0.794973
-0.808148
-0.821311
-0.834458
-0.847586
-0.860691
-0.873766
-0.88681
-0.899816
-0.912781
-0.925703
-0.938574
-0.951392
-0.964155
-0.976855
-0.989491
-1.00206
-1.01456
-1.02698
-1.03932
-1.05158
-1.06376
-1.07584
-1.08784
-1.09973
-1.11153
-1.12323
-1.13482
-1.1463
-1.15767
-1.16893
-1.18007
-1.19109
-1.20197
-1.21274
-1.22337
-1.23387
-1.24423
-1.25446
-1.26454
-1.27448
-1.28427
-1.29391
-1.30339
-1.31272
-1.32189
-1.33089
-1.33974
-1.34842
-1.35693
-1.36526
-1.37343
-1.38141
-1.38922
-1.39685
-1.4043
-1.41157
-1.41865
-1.42554
-1.43224
-1.43875
-1.44507
-1.4512
-1.45712
-1.46286
-1.4684
-1.47374
-1.47889
-1.48383
-1.48858
-1.49313
-1.49747
-1.50162
-1.50557
-1.50932
-1.51287
-1.51621
-1.51937
-1.52232
-1.52507
-1.52763
-1.53
-1.53217
-1.53414
-1.53593
-1.53752
-1.53893
-1.54015
-1.54119
-1.54205
-1.54272
-1.54322
-1.54354
-1.54368
-1.54366
-1.54347
-1.5431
-1.54258
-1.5419
-1.54106
-1.54006
-1.53892
-1.53762
-1.53618
-1.5346
-1.53287
-1.53102
-1.52903
-1.52691
-1.52467
-1.5223
-1.51981
-1.51721
-1.5145
-1.51168
-1.50876
-1.50573
-1.50261
-1.49939
-1.49609
-1.49269
-1.48922
-1.48566
-1.48204
-1.47834
-1.47457
-1.47074
-1.46684
-1.4629
-1.45889
-1.45484
-1.45074
-1.44661
-1.44243
-1.43822
-1.43398
-1.42971
-1.42542
-1.42111
-1.41678
-1.41244
-1.4081
-1.40374
-1.39939
-1.39503
-1.39068
-1.38634
-1.38201
-1.37769
-1.3734
-1.36912
-1.36487
-1.36065
-1.35646
-1.3523
-1.34818
-1.3441
-1.34005
-1.33606
-1.33212
-1.32822
-1.32438
-1.3206
-1.31688
-1.31321
-1.30962
-1.30608
-1.30262
-1.29922
-1.2959
-1.29265
-1.28948
-1.28638
-1.28336
-1.28043
-1.27758
-1.2748
-1.27212
-1.26952
-1.26701
-1.26459
-1.26226
-1.26001
-1.25786
-1.2558
-1.25383
-1.25195
-1.25016
-1.24846
-1.24686
-1.24534
-1.24392
-1.24259
-1.24135
-1.2402
-1.23913
-1.23815
-1.23726
-1.23646
-1.23573
-1.23509
-1.23453
-1.23405
-1.23364
-1.2333
-1.23304
-1.23284
-1.23271
-1.23265
-1.23264
-1.23269
-1.23279
-1.23295
-1.23315
-1.2334
-1.23368
-1.234
-1.23435
-1.23473
-1.23513
-1.23554
-1.23596
-1.2364
-1.23683
-1.23727
-1.23769
-0.396231
-0.389437
-0.382809
-0.376362
-0.370113
-0.364076
-0.35827
-0.352712
-0.347418
-0.342409
-0.337698
-0.333302
-0.329242
-0.325534
-0.322194
-0.319239
-0.316683
-0.314542
-0.312829
-0.311555
-0.310736
-0.310374
-0.310482
-0.311061
-0.31212
-0.313663
-0.315692
-0.318199
-0.321186
-0.324649
-0.328581
-0.332976
-0.337826
-0.34312
-0.348848
-0.354999
-0.361561
-0.368517
-0.375856
-0.383562
-0.391623
-0.400023
-0.408749
-0.417785
-0.427116
-0.436729
-0.446609
-0.456743
-0.467117
-0.477717
-0.48853
-0.499546
-0.510755
-0.522137
-0.53369
-0.545394
-0.557242
-0.569226
-0.581334
-0.593557
-0.605887
-0.618314
-0.63083
-0.643425
-0.656096
-0.668833
-0.681629
-0.694476
-0.70737
-0.7203
-0.733263
-0.746251
-0.759259
-0.772282
-0.785314
-0.79835
-0.811385
-0.824413
-0.837429
-0.850429
-0.863407
-0.87636
-0.889284
-0.902172
-0.915022
-0.927831
-0.940591
-0.9533
-0.965957
-0.978553
-0.991087
-1.00355
-1.01595
-1.02828
-1.04052
-1.05269
-1.06477
-1.07676
-1.08867
-1.10048
-1.11219
-1.12379
-1.1353
-1.1467
-1.15798
-1.16915
-1.18021
-1.19114
-1.20195
-1.21263
-1.22318
-1.2336
-1.24389
-1.25403
-1.26404
-1.2739
-1.28361
-1.29317
-1.30258
-1.31183
-1.32093
-1.32986
-1.33863
-1.34724
-1.35568
-1.36394
-1.37204
-1.37996
-1.3877
-1.39526
-1.40265
-1.40985
-1.41686
-1.42369
-1.43033
-1.43678
-1.44304
-1.44911
-1.45499
-1.46067
-1.46616
-1.47145
-1.47655
-1.48145
-1.48615
-1.49066
-1.49497
-1.49908
-1.503
-1.50671
-1.51023
-1.51355
-1.51668
-1.51961
-1.52234
-1.52488
-1.52723
-1.52939
-1.53136
-1.53314
-1.53473
-1.53614
-1.53736
-1.5384
-1.53926
-1.53995
-1.54046
-1.54079
-1.54096
-1.54095
-1.54078
-1.54044
-1.53995
-1.53929
-1.53849
-1.53753
-1.53641
-1.53516
-1.53375
-1.53221
-1.53054
-1.52872
-1.52678
-1.52471
-1.52252
-1.5202
-1.51777
-1.51522
-1.51257
-1.5098
-1.50693
-1.50397
-1.5009
-1.49774
-1.4945
-1.49117
-1.48775
-1.48426
-1.48069
-1.47705
-1.47335
-1.46958
-1.46574
-1.46186
-1.45792
-1.45392
-1.44989
-1.44581
-1.44169
-1.43754
-1.43336
-1.42915
-1.42491
-1.42065
-1.41638
-1.41209
-1.4078
-1.40349
-1.39919
-1.39488
-1.39058
-1.38628
-1.38199
-1.37772
-1.37346
-1.36923
-1.36501
-1.36083
-1.35667
-1.35255
-1.34846
-1.34441
-1.34039
-1.33643
-1.33251
-1.32864
-1.32482
-1.32106
-1.31736
-1.31371
-1.31013
-1.30661
-1.30316
-1.29977
-1.29646
-1.29322
-1.29005
-1.28696
-1.28395
-1.28101
-1.27816
-1.27539
-1.2727
-1.2701
-1.26758
-1.26515
-1.26281
-1.26056
-1.2584
-1.25632
-1.25434
-1.25244
-1.25064
-1.24893
-1.2473
-1.24577
-1.24433
-1.24297
-1.24171
-1.24054
-1.23945
-1.23845
-1.23753
-1.23669
-1.23594
-1.23527
-1.23468
-1.23417
-1.23373
-1.23337
-1.23307
-1.23284
-1.23268
-1.23258
-1.23254
-1.23255
-1.23263
-1.23275
-1.23291
-1.23312
-1.23337
-1.23365
-1.23396
-1.23429
-1.23465
-1.23503
-1.23541
-1.2358
-1.23619
-1.23658
-1.23696
-0.411415
-0.404757
-0.398258
-0.391936
-0.385804
-0.379879
-0.374177
-0.368712
-0.363506
-0.358567
-0.353918
-0.349573
-0.34555
-0.341865
-0.338533
-0.335569
-0.332989
-0.330806
-0.329034
-0.327684
-0.326767
-0.326291
-0.326265
-0.326699
-0.327593
-0.328952
-0.330779
-0.333071
-0.335829
-0.339049
-0.342727
-0.346858
-0.351433
-0.356444
-0.361882
-0.367736
-0.373995
-0.380652
-0.387684
-0.395084
-0.402838
-0.410932
-0.419352
-0.428085
-0.437116
-0.446433
-0.456021
-0.465867
-0.475955
-0.486278
-0.49682
-0.507572
-0.518518
-0.529645
-0.540943
-0.552403
-0.564013
-0.575765
-0.587646
-0.599649
-0.611763
-0.623981
-0.636291
-0.648689
-0.661165
-0.673714
-0.686326
-0.698995
-0.711712
-0.724474
-0.737271
-0.750097
-0.762949
-0.775819
-0.788702
-0.801592
-0.814483
-0.827374
-0.840253
-0.85312
-0.865969
-0.878795
-0.891594
-0.90436
-0.917091
-0.929781
-0.942428
-0.955025
-0.967569
-0.980058
-0.992488
-1.00485
-1.01714
-1.02936
-1.04151
-1.05358
-1.06556
-1.07746
-1.08927
-1.10098
-1.1126
-1.12412
-1.13553
-1.14684
-1.15803
-1.16912
-1.18008
-1.19093
-1.20165
-1.21225
-1.22272
-1.23305
-1.24326
-1.25332
-1.26324
-1.27302
-1.28265
-1.29213
-1.30146
-1.31064
-1.31966
-1.32851
-1.33721
-1.34574
-1.3541
-1.3623
-1.37032
-1.37817
-1.38584
-1.39333
-1.40065
-1.40778
-1.41473
-1.4215
-1.42808
-1.43446
-1.44067
-1.44668
-1.4525
-1.45813
-1.46357
-1.46881
-1.47386
-1.47871
-1.48337
-1.48784
-1.4921
-1.49618
-1.50006
-1.50374
-1.50723
-1.51053
-1.51363
-1.51654
-1.51926
-1.52178
-1.52412
-1.52627
-1.52822
-1.53
-1.53159
-1.533
-1.53422
-1.53527
-1.53614
-1.53684
-1.53736
-1.53771
-1.53789
-1.53791
-1.53777
-1.53746
-1.53699
-1.53637
-1.53559
-1.53467
-1.5336
-1.53238
-1.53102
-1.52952
-1.52789
-1.52613
-1.52423
-1.52221
-1.52007
-1.51781
-1.51544
-1.51295
-1.51035
-1.50764
-1.50483
-1.50193
-1.49892
-1.49583
-1.49264
-1.48938
-1.48602
-1.4826
-1.4791
-1.47552
-1.47188
-1.46817
-1.4644
-1.46058
-1.4567
-1.45277
-1.4488
-1.44479
-1.44073
-1.43664
-1.43251
-1.42836
-1.42419
-1.41999
-1.41577
-1.41154
-1.4073
-1.40305
-1.3988
-1.39454
-1.39029
-1.38604
-1.3818
-1.37757
-1.37336
-1.36917
-1.365
-1.36085
-1.35674
-1.35265
-1.34859
-1.34458
-1.3406
-1.33666
-1.33277
-1.32893
-1.32514
-1.3214
-1.31772
-1.3141
-1.31053
-1.30703
-1.3036
-1.30023
-1.29692
-1.2937
-1.29054
-1.28745
-1.28445
-1.28152
-1.27867
-1.2759
-1.27322
-1.27061
-1.2681
-1.26566
-1.26332
-1.26106
-1.25889
-1.2568
-1.25481
-1.25291
-1.25109
-1.24936
-1.24773
-1.24618
-1.24472
-1.24335
-1.24207
-1.24087
-1.23976
-1.23874
-1.2378
-1.23694
-1.23617
-1.23547
-1.23486
-1.23432
-1.23385
-1.23346
-1.23314
-1.23288
-1.23269
-1.23255
-1.23248
-1.23247
-1.23251
-1.23259
-1.23272
-1.2329
-1.23311
-1.23335
-1.23363
-1.23393
-1.23425
-1.23459
-1.23493
-1.23528
-1.23563
-1.23598
-1.23632
-0.426587
-0.420051
-0.413671
-0.407461
-0.401436
-0.395611
-0.39
-0.38462
-0.379485
-0.374612
-0.370015
-0.365711
-0.361716
-0.358045
-0.354713
-0.351735
-0.349125
-0.346896
-0.34506
-0.343631
-0.34262
-0.342028
-0.341873
-0.342157
-0.342888
-0.344068
-0.345698
-0.347782
-0.350316
-0.3533
-0.356731
-0.360603
-0.36491
-0.369645
-0.374801
-0.380365
-0.386331
-0.392689
-0.399422
-0.406519
-0.41397
-0.421762
-0.429881
-0.438314
-0.447048
-0.45607
-0.465367
-0.474925
-0.484733
-0.49478
-0.505052
-0.515532
-0.526213
-0.537082
-0.548129
-0.559342
-0.570712
-0.582228
-0.59388
-0.605659
-0.617556
-0.629559
-0.641663
-0.653859
-0.666138
-0.678494
-0.690918
-0.703404
-0.715943
-0.72853
-0.741157
-0.75382
-0.76651
-0.779223
-0.791952
-0.804692
-0.817437
-0.830185
-0.842925
-0.855654
-0.868368
-0.881062
-0.893733
-0.906375
-0.918982
-0.93155
-0.944078
-0.956561
-0.96899
-0.981364
-0.993682
-1.00593
-1.01812
-1.03024
-1.04228
-1.05424
-1.06612
-1.07792
-1.08963
-1.10125
-1.11277
-1.12419
-1.13551
-1.14672
-1.15782
-1.16881
-1.17969
-1.19045
-1.20108
-1.21159
-1.22197
-1.23222
-1.24233
-1.25231
-1.26215
-1.27184
-1.28139
-1.29079
-1.30003
-1.30913
-1.31807
-1.32684
-1.33546
-1.34391
-1.3522
-1.36032
-1.36827
-1.37604
-1.38364
-1.39106
-1.39831
-1.40537
-1.41226
-1.41896
-1.42547
-1.4318
-1.43794
-1.44389
-1.44966
-1.45523
-1.46062
-1.46581
-1.47081
-1.47562
-1.48023
-1.48465
-1.48888
-1.49292
-1.49677
-1.50042
-1.50388
-1.50715
-1.51022
-1.51311
-1.51581
-1.51832
-1.52065
-1.52278
-1.52474
-1.52651
-1.52809
-1.52951
-1.53074
-1.53179
-1.53267
-1.53338
-1.53392
-1.53429
-1.5345
-1.53454
-1.53442
-1.53414
-1.53371
-1.53311
-1.53238
-1.53149
-1.53046
-1.52929
-1.52797
-1.52652
-1.52494
-1.52322
-1.52138
-1.51942
-1.51733
-1.51513
-1.51281
-1.51038
-1.50784
-1.5052
-1.50245
-1.49961
-1.49667
-1.49364
-1.49052
-1.48732
-1.48403
-1.48067
-1.47724
-1.47373
-1.47016
-1.46652
-1.46282
-1.45906
-1.45525
-1.45139
-1.44748
-1.44353
-1.43954
-1.43551
-1.43145
-1.42737
-1.42325
-1.41911
-1.41496
-1.41079
-1.4066
-1.40241
-1.39821
-1.39401
-1.38981
-1.38562
-1.38143
-1.37725
-1.37309
-1.36895
-1.36482
-1.36072
-1.35664
-1.3526
-1.34858
-1.3446
-1.34066
-1.33676
-1.3329
-1.32909
-1.32533
-1.32162
-1.31797
-1.31437
-1.31083
-1.30735
-1.30393
-1.30058
-1.29729
-1.29408
-1.29093
-1.28786
-1.28487
-1.28195
-1.27911
-1.27635
-1.27366
-1.27106
-1.26855
-1.26612
-1.26377
-1.26151
-1.25933
-1.25724
-1.25524
-1.25333
-1.2515
-1.24977
-1.24812
-1.24656
-1.24509
-1.2437
-1.24241
-1.2412
-1.24007
-1.23903
-1.23807
-1.2372
-1.2364
-1.23568
-1.23504
-1.23449
-1.234
-1.23358
-1.23323
-1.23295
-1.23273
-1.23257
-1.23247
-1.23243
-1.23243
-1.23249
-1.23259
-1.23274
-1.23292
-1.23313
-1.23337
-1.23364
-1.23392
-1.23422
-1.23453
-1.23485
-1.23516
-1.23546
-1.23576
-0.441733
-0.435309
-0.429036
-0.422929
-0.417
-0.411264
-0.405734
-0.400426
-0.395354
-0.390534
-0.385981
-0.38171
-0.377734
-0.374071
-0.370732
-0.367734
-0.365091
-0.362811
-0.360912
-0.3594
-0.358286
-0.357583
-0.357298
-0.357437
-0.358005
-0.359009
-0.360449
-0.362326
-0.364643
-0.367398
-0.370587
-0.374207
-0.378253
-0.382719
-0.387597
-0.392879
-0.398556
-0.404619
-0.411059
-0.41786
-0.425014
-0.432507
-0.440327
-0.448464
-0.456903
-0.465632
-0.47464
-0.483912
-0.493445
-0.503211
-0.513206
-0.523417
-0.533834
-0.544445
-0.555238
-0.566204
-0.577331
-0.58861
-0.60003
-0.611582
-0.623255
-0.635043
-0.646937
-0.658928
-0.671006
-0.683167
-0.695399
-0.707698
-0.720055
-0.732464
-0.744918
-0.757411
-0.769936
-0.782488
-0.795059
-0.807644
-0.820239
-0.832837
-0.845435
-0.858024
-0.8706
-0.883159
-0.895694
-0.908205
-0.920686
-0.93313
-0.945535
-0.957893
-0.970204
-0.982461
-0.994662
-1.0068
-1.01887
-1.03088
-1.04281
-1.05467
-1.06645
-1.07814
-1.08975
-1.10126
-1.11268
-1.124
-1.13522
-1.14634
-1.15734
-1.16824
-1.17902
-1.18968
-1.20022
-1.21063
-1.22092
-1.23108
-1.2411
-1.25099
-1.26074
-1.27035
-1.27981
-1.28912
-1.29828
-1.30729
-1.31615
-1.32484
-1.33338
-1.34175
-1.34996
-1.358
-1.36587
-1.37357
-1.38109
-1.38844
-1.39562
-1.40261
-1.40942
-1.41605
-1.42251
-1.42877
-1.43485
-1.44075
-1.44645
-1.45197
-1.4573
-1.46244
-1.4674
-1.47216
-1.47673
-1.48111
-1.4853
-1.4893
-1.49311
-1.49673
-1.50016
-1.5034
-1.50646
-1.50933
-1.51201
-1.51451
-1.51682
-1.51895
-1.52089
-1.52266
-1.52425
-1.52567
-1.5269
-1.52797
-1.52886
-1.52959
-1.53014
-1.53053
-1.53076
-1.53083
-1.53074
-1.53049
-1.53009
-1.52953
-1.52884
-1.52799
-1.527
-1.52587
-1.52461
-1.52321
-1.52167
-1.52001
-1.51823
-1.51632
-1.51429
-1.51215
-1.50989
-1.50752
-1.50505
-1.50247
-1.49979
-1.49701
-1.49414
-1.49118
-1.48813
-1.48499
-1.48178
-1.47849
-1.47512
-1.47168
-1.46818
-1.46461
-1.46098
-1.4573
-1.45356
-1.44976
-1.44593
-1.44204
-1.43812
-1.43416
-1.43017
-1.42615
-1.4221
-1.41803
-1.41394
-1.40983
-1.4057
-1.40157
-1.39743
-1.39329
-1.38915
-1.38501
-1.38088
-1.37676
-1.37264
-1.36855
-1.36447
-1.36042
-1.35639
-1.35239
-1.34841
-1.34448
-1.34057
-1.33671
-1.33289
-1.32912
-1.32539
-1.32171
-1.31808
-1.31451
-1.311
-1.30754
-1.30415
-1.30082
-1.29756
-1.29436
-1.29124
-1.28818
-1.2852
-1.28229
-1.27946
-1.27671
-1.27404
-1.27144
-1.26893
-1.2665
-1.26416
-1.2619
-1.25972
-1.25763
-1.25563
-1.25371
-1.25188
-1.25014
-1.24848
-1.24692
-1.24544
-1.24404
-1.24273
-1.24151
-1.24037
-1.23931
-1.23834
-1.23745
-1.23664
-1.2359
-1.23524
-1.23467
-1.23416
-1.23372
-1.23335
-1.23304
-1.2328
-1.23262
-1.23249
-1.23242
-1.23241
-1.23244
-1.23251
-1.23263
-1.23278
-1.23296
-1.23317
-1.23341
-1.23366
-1.23393
-1.2342
-1.23448
-1.23476
-1.23504
-1.23529
-0.456841
-0.45052
-0.444343
-0.438326
-0.432484
-0.426826
-0.421367
-0.416123
-0.411106
-0.406331
-0.401813
-0.397565
-0.393603
-0.389941
-0.386591
-0.383567
-0.380882
-0.378549
-0.37658
-0.374985
-0.373772
-0.372956
-0.372541
-0.372536
-0.372947
-0.373776
-0.375029
-0.376706
-0.378809
-0.381339
-0.384292
-0.387667
-0.391457
-0.395659
-0.400266
-0.405271
-0.410665
-0.416442
-0.422591
-0.4291
-0.435959
-0.443157
-0.450684
-0.458527
-0.466673
-0.475112
-0.483835
-0.492826
-0.50207
-0.511559
-0.52128
-0.531223
-0.541375
-0.551726
-0.562264
-0.57298
-0.583862
-0.594901
-0.606087
-0.617408
-0.628858
-0.640428
-0.652108
-0.663889
-0.675763
-0.687724
-0.699762
-0.71187
-0.724041
-0.736269
-0.748546
-0.760865
-0.77322
-0.785607
-0.798016
-0.810443
-0.822882
-0.835328
-0.847774
-0.86022
-0.872655
-0.885074
-0.897474
-0.90985
-0.922196
-0.934509
-0.946784
-0.95902
-0.971205
-0.983341
-0.995421
-1.00744
-1.0194
-1.03129
-1.04311
-1.05486
-1.06652
-1.07811
-1.08961
-1.10101
-1.11233
-1.12355
-1.13467
-1.14568
-1.15658
-1.16738
-1.17806
-1.18862
-1.19907
-1.20938
-1.21958
-1.22964
-1.23957
-1.24936
-1.25902
-1.26854
-1.27791
-1.28713
-1.29621
-1.30513
-1.3139
-1.32251
-1.33096
-1.33925
-1.34737
-1.35533
-1.36312
-1.37074
-1.37819
-1.38547
-1.39257
-1.39949
-1.40623
-1.4128
-1.41918
-1.42538
-1.4314
-1.43723
-1.44288
-1.44834
-1.45362
-1.45871
-1.46361
-1.46833
-1.47285
-1.47719
-1.48135
-1.48531
-1.48909
-1.49268
-1.49608
-1.4993
-1.50233
-1.50518
-1.50785
-1.51033
-1.51263
-1.51475
-1.5167
-1.51847
-1.52006
-1.52148
-1.52272
-1.5238
-1.52471
-1.52545
-1.52602
-1.52644
-1.52669
-1.52678
-1.52672
-1.52651
-1.52614
-1.52563
-1.52497
-1.52417
-1.52323
-1.52215
-1.52093
-1.51958
-1.5181
-1.51649
-1.51476
-1.51292
-1.51095
-1.50887
-1.50667
-1.50437
-1.50196
-1.49945
-1.49684
-1.49413
-1.49133
-1.48844
-1.48546
-1.48239
-1.47925
-1.47603
-1.47274
-1.46937
-1.46594
-1.46245
-1.45889
-1.45528
-1.45161
-1.4479
-1.44413
-1.44032
-1.43647
-1.43258
-1.42866
-1.42471
-1.42072
-1.41672
-1.4127
-1.40865
-1.4046
-1.40053
-1.39645
-1.39237
-1.38829
-1.38421
-1.38014
-1.37607
-1.37202
-1.36798
-1.36395
-1.35995
-1.35597
-1.35201
-1.34809
-1.34419
-1.34033
-1.33651
-1.33273
-1.329
-1.32531
-1.32166
-1.31807
-1.31453
-1.31105
-1.30762
-1.30426
-1.30095
-1.29771
-1.29454
-1.29143
-1.2884
-1.28543
-1.28254
-1.27973
-1.27699
-1.27433
-1.27174
-1.26924
-1.26682
-1.26448
-1.26222
-1.26005
-1.25796
-1.25596
-1.25405
-1.25221
-1.25047
-1.24881
-1.24724
-1.24575
-1.24435
-1.24303
-1.2418
-1.24065
-1.23958
-1.2386
-1.2377
-1.23687
-1.23612
-1.23545
-1.23486
-1.23433
-1.23387
-1.23348
-1.23316
-1.2329
-1.2327
-1.23255
-1.23246
-1.23242
-1.23243
-1.23248
-1.23257
-1.2327
-1.23285
-1.23304
-1.23324
-1.23347
-1.23371
-1.23395
-1.2342
-1.23445
-1.23468
-1.2349
-0.471899
-0.465668
-0.45958
-0.453647
-0.447879
-0.442291
-0.436895
-0.431705
-0.426734
-0.421996
-0.417507
-0.413277
-0.40932
-0.405651
-0.402283
-0.399228
-0.396499
-0.39411
-0.392069
-0.390386
-0.389076
-0.388146
-0.387603
-0.387455
-0.387709
-0.388368
-0.389437
-0.390918
-0.392813
-0.395121
-0.397843
-0.400977
-0.404517
-0.408461
-0.412803
-0.417536
-0.422654
-0.428147
-0.434009
-0.440232
-0.446801
-0.453708
-0.460942
-0.468495
-0.476351
-0.484505
-0.492942
-0.501646
-0.510609
-0.51982
-0.529268
-0.538941
-0.548827
-0.558917
-0.569199
-0.579664
-0.590299
-0.601096
-0.612043
-0.623134
-0.634358
-0.645705
-0.657167
-0.668737
-0.680404
-0.692161
-0.704
-0.715914
-0.727895
-0.739936
-0.752032
-0.764174
-0.776355
-0.788571
-0.800815
-0.813079
-0.825358
-0.837649
-0.849943
-0.862239
-0.874525
-0.8868
-0.899057
-0.911295
-0.923505
-0.935685
-0.947827
-0.959931
-0.97199
-0.983999
-0.995953
-1.00785
-1.01969
-1.03147
-1.04317
-1.0548
-1.06635
-1.07782
-1.08921
-1.10051
-1.11171
-1.12282
-1.13383
-1.14474
-1.15554
-1.16623
-1.17681
-1.18727
-1.19761
-1.20783
-1.21792
-1.22789
-1.23772
-1.24742
-1.25698
-1.2664
-1.27568
-1.28481
-1.29379
-1.30262
-1.3113
-1.31983
-1.32819
-1.33639
-1.34444
-1.35231
-1.36002
-1.36756
-1.37493
-1.38213
-1.38915
-1.396
-1.40268
-1.40917
-1.41549
-1.42162
-1.42758
-1.43335
-1.43894
-1.44435
-1.44957
-1.45461
-1.45946
-1.46413
-1.46861
-1.47291
-1.47702
-1.48095
-1.4847
-1.48826
-1.49164
-1.49483
-1.49784
-1.50067
-1.50333
-1.5058
-1.50809
-1.51021
-1.51215
-1.51392
-1.51551
-1.51694
-1.51819
-1.51928
-1.5202
-1.52096
-1.52156
-1.522
-1.52228
-1.5224
-1.52238
-1.5222
-1.52187
-1.5214
-1.52078
-1.52002
-1.51913
-1.51809
-1.51693
-1.51564
-1.51421
-1.51266
-1.51099
-1.5092
-1.5073
-1.50529
-1.50316
-1.50092
-1.49858
-1.49614
-1.4936
-1.49096
-1.48823
-1.48541
-1.48251
-1.47952
-1.47646
-1.47331
-1.47009
-1.4668
-1.46345
-1.46003
-1.45655
-1.45301
-1.44942
-1.44578
-1.44209
-1.43835
-1.43458
-1.43076
-1.42691
-1.42303
-1.41913
-1.41519
-1.41124
-1.40727
-1.40328
-1.39928
-1.39527
-1.39125
-1.38724
-1.38322
-1.37921
-1.3752
-1.3712
-1.36722
-1.36325
-1.3593
-1.35537
-1.35147
-1.3476
-1.34375
-1.33993
-1.33616
-1.33242
-1.32873
-1.32508
-1.32148
-1.31792
-1.31442
-1.31097
-1.30757
-1.30424
-1.30096
-1.29775
-1.2946
-1.29152
-1.28851
-1.28557
-1.2827
-1.2799
-1.27718
-1.27453
-1.27196
-1.26947
-1.26706
-1.26473
-1.26248
-1.26032
-1.25824
-1.25624
-1.25433
-1.2525
-1.25075
-1.2491
-1.24752
-1.24603
-1.24463
-1.24331
-1.24207
-1.24091
-1.23984
-1.23884
-1.23793
-1.2371
-1.23634
-1.23565
-1.23505
-1.23451
-1.23404
-1.23364
-1.2333
-1.23302
-1.2328
-1.23264
-1.23253
-1.23247
-1.23246
-1.23249
-1.23256
-1.23267
-1.2328
-1.23296
-1.23314
-1.23334
-1.23355
-1.23377
-1.23399
-1.23421
-1.23441
-1.2346
-0.486895
-0.480749
-0.474741
-0.46888
-0.46318
-0.457653
-0.452311
-0.447169
-0.442236
-0.437528
-0.433057
-0.428837
-0.42488
-0.421199
-0.417808
-0.414718
-0.411942
-0.409493
-0.407377
-0.405609
-0.404198
-0.403154
-0.402483
-0.402195
-0.402293
-0.402784
-0.403672
-0.40496
-0.406651
-0.408744
-0.411239
-0.414136
-0.417431
-0.421122
-0.425203
-0.429669
-0.434515
-0.439731
-0.445312
-0.451248
-0.457535
-0.464153
-0.471099
-0.478365
-0.485933
-0.493802
-0.50195
-0.510372
-0.519055
-0.527989
-0.537162
-0.546564
-0.556185
-0.566013
-0.576037
-0.586248
-0.596636
-0.607187
-0.617897
-0.628753
-0.639746
-0.650869
-0.66211
-0.673464
-0.684918
-0.696468
-0.708105
-0.719821
-0.731609
-0.743461
-0.75537
-0.76733
-0.779333
-0.791378
-0.80345
-0.815547
-0.827663
-0.839792
-0.851928
-0.864067
-0.876204
-0.88833
-0.900442
-0.912537
-0.924606
-0.936647
-0.948653
-0.960622
-0.972548
-0.984426
-0.996254
-1.00803
-1.01974
-1.03139
-1.04297
-1.05448
-1.06592
-1.07727
-1.08854
-1.09972
-1.11081
-1.12181
-1.13271
-1.14351
-1.1542
-1.16478
-1.17525
-1.18561
-1.19585
-1.20596
-1.21595
-1.22582
-1.23555
-1.24514
-1.25461
-1.26393
-1.27311
-1.28215
-1.29104
-1.29978
-1.30836
-1.3168
-1.32507
-1.33318
-1.34114
-1.34893
-1.35656
-1.36402
-1.37131
-1.37843
-1.38538
-1.39215
-1.39875
-1.40518
-1.41142
-1.41749
-1.42338
-1.4291
-1.43463
-1.43998
-1.44515
-1.45013
-1.45494
-1.45956
-1.464
-1.46826
-1.47233
-1.47623
-1.47994
-1.48347
-1.48682
-1.49
-1.49299
-1.4958
-1.49844
-1.5009
-1.50319
-1.5053
-1.50724
-1.50901
-1.51061
-1.51204
-1.51331
-1.51442
-1.51536
-1.51614
-1.51676
-1.51722
-1.51753
-1.51769
-1.5177
-1.51755
-1.51727
-1.51684
-1.51627
-1.51556
-1.51471
-1.51373
-1.51262
-1.51138
-1.51002
-1.50853
-1.50692
-1.50519
-1.50335
-1.5014
-1.49934
-1.49717
-1.4949
-1.49253
-1.49007
-1.4875
-1.48485
-1.48211
-1.47928
-1.47637
-1.47338
-1.47032
-1.46718
-1.46397
-1.46069
-1.45735
-1.45395
-1.45049
-1.44698
-1.44341
-1.4398
-1.43614
-1.43245
-1.42871
-1.42494
-1.42113
-1.4173
-1.41344
-1.40956
-1.40566
-1.40174
-1.39781
-1.39387
-1.38993
-1.38598
-1.38202
-1.37808
-1.37413
-1.3702
-1.36627
-1.36237
-1.35847
-1.3546
-1.35075
-1.34693
-1.34314
-1.33937
-1.33565
-1.33196
-1.32831
-1.3247
-1.32114
-1.31763
-1.31416
-1.31075
-1.30739
-1.30409
-1.30085
-1.29767
-1.29455
-1.2915
-1.28851
-1.2856
-1.28275
-1.27997
-1.27727
-1.27464
-1.27209
-1.26962
-1.26722
-1.2649
-1.26267
-1.26051
-1.25844
-1.25645
-1.25455
-1.25272
-1.25099
-1.24933
-1.24776
-1.24627
-1.24487
-1.24354
-1.2423
-1.24115
-1.24007
-1.23907
-1.23815
-1.23731
-1.23655
-1.23586
-1.23524
-1.23469
-1.23421
-1.2338
-1.23345
-1.23316
-1.23293
-1.23275
-1.23263
-1.23256
-1.23253
-1.23255
-1.2326
-1.23268
-1.2328
-1.23294
-1.2331
-1.23328
-1.23347
-1.23366
-1.23385
-1.23404
-1.23422
-1.23439
-0.501822
-0.495753
-0.489815
-0.484021
-0.47838
-0.472906
-0.46761
-0.462505
-0.457604
-0.452918
-0.448461
-0.444245
-0.440282
-0.436585
-0.433166
-0.430037
-0.427212
-0.424696
-0.422506
-0.420649
-0.419138
-0.417979
-0.417181
-0.416753
-0.416698
-0.417023
-0.417734
-0.418832
-0.420322
-0.422203
-0.424476
-0.427141
-0.430196
-0.433638
-0.437463
-0.441667
-0.446244
-0.451188
-0.456493
-0.462148
-0.468151
-0.474488
-0.481149
-0.488129
-0.495412
-0.502991
-0.510855
-0.518996
-0.5274
-0.536057
-0.544958
-0.554089
-0.563443
-0.573007
-0.582773
-0.592728
-0.602862
-0.613169
-0.623637
-0.634256
-0.645016
-0.65591
-0.666928
-0.678062
-0.689302
-0.700642
-0.712073
-0.723587
-0.735177
-0.746835
-0.758556
-0.77033
-0.782151
-0.794014
-0.805912
-0.817838
-0.829787
-0.841751
-0.853726
-0.865705
-0.877684
-0.88966
-0.901621
-0.913567
-0.925491
-0.937387
-0.949254
-0.961084
-0.972873
-0.984618
-0.996313
-1.00795
-1.01954
-1.03106
-1.04252
-1.0539
-1.06521
-1.07645
-1.0876
-1.09866
-1.10963
-1.12051
-1.1313
-1.14198
-1.15256
-1.16303
-1.17339
-1.18364
-1.19377
-1.20377
-1.21366
-1.22342
-1.23304
-1.24254
-1.2519
-1.26113
-1.27021
-1.27914
-1.28794
-1.29658
-1.30507
-1.31341
-1.32159
-1.32962
-1.33749
-1.34519
-1.35273
-1.36011
-1.36732
-1.37436
-1.38123
-1.38793
-1.39446
-1.40081
-1.40699
-1.41299
-1.41882
-1.42447
-1.42994
-1.43523
-1.44035
-1.44528
-1.45004
-1.45461
-1.45901
-1.46323
-1.46727
-1.47113
-1.47481
-1.47832
-1.48164
-1.48479
-1.48777
-1.49057
-1.49319
-1.49564
-1.49792
-1.50003
-1.50198
-1.50375
-1.50536
-1.5068
-1.50808
-1.5092
-1.51016
-1.51097
-1.51161
-1.51211
-1.51245
-1.51264
-1.51268
-1.51258
-1.51233
-1.51195
-1.51142
-1.51077
-1.50997
-1.50904
-1.50799
-1.50681
-1.50551
-1.50408
-1.50254
-1.50088
-1.4991
-1.49722
-1.49523
-1.49314
-1.49094
-1.48864
-1.48625
-1.48376
-1.48119
-1.47852
-1.47577
-1.47294
-1.47003
-1.46705
-1.46399
-1.46086
-1.45767
-1.45441
-1.45109
-1.44771
-1.44428
-1.4408
-1.43727
-1.43369
-1.43007
-1.42642
-1.42272
-1.419
-1.41524
-1.41146
-1.40766
-1.40383
-1.39999
-1.39613
-1.39226
-1.38839
-1.38451
-1.38063
-1.37674
-1.37287
-1.369
-1.36514
-1.36129
-1.35746
-1.35365
-1.34986
-1.3461
-1.34236
-1.33864
-1.33497
-1.33133
-1.32773
-1.32417
-1.32066
-1.31719
-1.31376
-1.31039
-1.30707
-1.30381
-1.30061
-1.29746
-1.29438
-1.29136
-1.2884
-1.28551
-1.28269
-1.27994
-1.27726
-1.27466
-1.27212
-1.26967
-1.26729
-1.26499
-1.26277
-1.26063
-1.25858
-1.2566
-1.2547
-1.25289
-1.25116
-1.24951
-1.24795
-1.24646
-1.24506
-1.24374
-1.24251
-1.24135
-1.24027
-1.23927
-1.23835
-1.23751
-1.23674
-1.23605
-1.23543
-1.23488
-1.23439
-1.23397
-1.23361
-1.23331
-1.23308
-1.23289
-1.23276
-1.23268
-1.23264
-1.23264
-1.23267
-1.23275
-1.23285
-1.23297
-1.23312
-1.23327
-1.23344
-1.23362
-1.23379
-1.23395
-1.23411
-1.23425
-0.516675
-0.510673
-0.504797
-0.499059
-0.49347
-0.488042
-0.482785
-0.477712
-0.472835
-0.468166
-0.463716
-0.459498
-0.455524
-0.451805
-0.448355
-0.445183
-0.442301
-0.439722
-0.437455
-0.435509
-0.433895
-0.432621
-0.431698
-0.431129
-0.430923
-0.431085
-0.43162
-0.432532
-0.433823
-0.435496
-0.437552
-0.439989
-0.442808
-0.446005
-0.449579
-0.453525
-0.457837
-0.462513
-0.467543
-0.472926
-0.478646
-0.484703
-0.491084
-0.497778
-0.504777
-0.512073
-0.519655
-0.527513
-0.535638
-0.54402
-0.552646
-0.561506
-0.570592
-0.579892
-0.589397
-0.599093
-0.608977
-0.619035
-0.629258
-0.639637
-0.650162
-0.660825
-0.671616
-0.682527
-0.693549
-0.704675
-0.715895
-0.727206
-0.738594
-0.750055
-0.761581
-0.773165
-0.7848
-0.79648
-0.808198
-0.819948
-0.831723
-0.843519
-0.855327
-0.867144
-0.878962
-0.89078
-0.902587
-0.914381
-0.926153
-0.937904
-0.949625
-0.961309
-0.97296
-0.984566
-0.996124
-1.00763
-1.01908
-1.03047
-1.0418
-1.05305
-1.06424
-1.07534
-1.08637
-1.09731
-1.10816
-1.11892
-1.12958
-1.14015
-1.15061
-1.16097
-1.17122
-1.18135
-1.19136
-1.20126
-1.21104
-1.22068
-1.2302
-1.2396
-1.24885
-1.25797
-1.26695
-1.27579
-1.28448
-1.29303
-1.30142
-1.30967
-1.31776
-1.32569
-1.33347
-1.34108
-1.34854
-1.35583
-1.36296
-1.36992
-1.37671
-1.38333
-1.38979
-1.39607
-1.40218
-1.40811
-1.41388
-1.41946
-1.42488
-1.43011
-1.43517
-1.44006
-1.44477
-1.4493
-1.45366
-1.45784
-1.46184
-1.46566
-1.46932
-1.47279
-1.4761
-1.47922
-1.48218
-1.48497
-1.48758
-1.49003
-1.49231
-1.49441
-1.49636
-1.49814
-1.49975
-1.50121
-1.50251
-1.50365
-1.50463
-1.50545
-1.50612
-1.50665
-1.50702
-1.50725
-1.50734
-1.50728
-1.50707
-1.50674
-1.50626
-1.50565
-1.50491
-1.50404
-1.50305
-1.50193
-1.50069
-1.49933
-1.49785
-1.49625
-1.49455
-1.49274
-1.49082
-1.4888
-1.48668
-1.48446
-1.48214
-1.47974
-1.47724
-1.47466
-1.47199
-1.46924
-1.46641
-1.46351
-1.46053
-1.45749
-1.45437
-1.4512
-1.44796
-1.44467
-1.44132
-1.43793
-1.43448
-1.43098
-1.42745
-1.42388
-1.42027
-1.41662
-1.41295
-1.40925
-1.40552
-1.40177
-1.39801
-1.39423
-1.39044
-1.38664
-1.38283
-1.37902
-1.37521
-1.3714
-1.3676
-1.36381
-1.36003
-1.35626
-1.35251
-1.34878
-1.34508
-1.3414
-1.33774
-1.33412
-1.33054
-1.32699
-1.32348
-1.32001
-1.31659
-1.31321
-1.30989
-1.30661
-1.30339
-1.30023
-1.29712
-1.29407
-1.29109
-1.28816
-1.28531
-1.28251
-1.27979
-1.27714
-1.27456
-1.27206
-1.26963
-1.26727
-1.26499
-1.26279
-1.26067
-1.25863
-1.25667
-1.25479
-1.25299
-1.25127
-1.24963
-1.24808
-1.2466
-1.24521
-1.2439
-1.24267
-1.24151
-1.24044
-1.23945
-1.23853
-1.23769
-1.23692
-1.23623
-1.23561
-1.23506
-1.23457
-1.23414
-1.23378
-1.23348
-1.23324
-1.23305
-1.23291
-1.23282
-1.23277
-1.23276
-1.23279
-1.23285
-1.23294
-1.23305
-1.23318
-1.23333
-1.23348
-1.23364
-1.23379
-1.23394
-1.23407
-1.23419
-0.531439
-0.525497
-0.519678
-0.51399
-0.508446
-0.503057
-0.497832
-0.492785
-0.487926
-0.483267
-0.478819
-0.474594
-0.470604
-0.46686
-0.463373
-0.460155
-0.457217
-0.454569
-0.452222
-0.450185
-0.448468
-0.447081
-0.44603
-0.445323
-0.444967
-0.444967
-0.44533
-0.446058
-0.447154
-0.448622
-0.450464
-0.452677
-0.455264
-0.458221
-0.461547
-0.465239
-0.469291
-0.473705
-0.478466
-0.483572
-0.489017
-0.494798
-0.500896
-0.507308
-0.514025
-0.521039
-0.52834
-0.535918
-0.543764
-0.551868
-0.56022
-0.56881
-0.577626
-0.586661
-0.595902
-0.605343
-0.614971
-0.624779
-0.634756
-0.644891
-0.655178
-0.665606
-0.676167
-0.686854
-0.697654
-0.708562
-0.71957
-0.730668
-0.741851
-0.75311
-0.764438
-0.775828
-0.787273
-0.798766
-0.8103
-0.82187
-0.833469
-0.84509
-0.856728
-0.868377
-0.88003
-0.891683
-0.903332
-0.914969
-0.926588
-0.938186
-0.949754
-0.961294
-0.972797
-0.98426
-0.995677
-1.00704
-1.01836
-1.02961
-1.0408
-1.05192
-1.06298
-1.07395
-1.08485
-1.09566
-1.10639
-1.11702
-1.12757
-1.13801
-1.14835
-1.15859
-1.16871
-1.17873
-1.18863
-1.19842
-1.20808
-1.21761
-1.22703
-1.23631
-1.24546
-1.25447
-1.26334
-1.27208
-1.28067
-1.28911
-1.29741
-1.30556
-1.31355
-1.32139
-1.32908
-1.33661
-1.34397
-1.35118
-1.35822
-1.3651
-1.37181
-1.37836
-1.38474
-1.39095
-1.39699
-1.40286
-1.40856
-1.41408
-1.41944
-1.42462
-1.42963
-1.43446
-1.43912
-1.44361
-1.44792
-1.45206
-1.45603
-1.45983
-1.46345
-1.4669
-1.47018
-1.47329
-1.47623
-1.47901
-1.48162
-1.48406
-1.48633
-1.48844
-1.49039
-1.49217
-1.4938
-1.49527
-1.49659
-1.49774
-1.49875
-1.4996
-1.5003
-1.50086
-1.50127
-1.50153
-1.50166
-1.50164
-1.50149
-1.5012
-1.50078
-1.50022
-1.49954
-1.49873
-1.49779
-1.49673
-1.49556
-1.49426
-1.49285
-1.49133
-1.4897
-1.48796
-1.48612
-1.48417
-1.48213
-1.47998
-1.47775
-1.47542
-1.47301
-1.47051
-1.46792
-1.46525
-1.46251
-1.45969
-1.4568
-1.45384
-1.45082
-1.44773
-1.44458
-1.44137
-1.43811
-1.4348
-1.43144
-1.42803
-1.42458
-1.42109
-1.41756
-1.414
-1.41041
-1.40679
-1.40315
-1.39948
-1.3958
-1.3921
-1.38839
-1.38466
-1.38093
-1.3772
-1.37346
-1.36973
-1.366
-1.36227
-1.35856
-1.35486
-1.35118
-1.34752
-1.34387
-1.34026
-1.33666
-1.3331
-1.32957
-1.32608
-1.32262
-1.31921
-1.31584
-1.31251
-1.30923
-1.306
-1.30283
-1.2997
-1.29664
-1.29363
-1.29068
-1.2878
-1.28497
-1.28222
-1.27953
-1.27691
-1.27436
-1.27188
-1.26948
-1.26715
-1.2649
-1.26272
-1.26062
-1.2586
-1.25666
-1.25479
-1.25301
-1.25131
-1.24968
-1.24814
-1.24668
-1.2453
-1.244
-1.24278
-1.24164
-1.24057
-1.23958
-1.23867
-1.23784
-1.23708
-1.23638
-1.23577
-1.23522
-1.23473
-1.23431
-1.23395
-1.23365
-1.23341
-1.23321
-1.23307
-1.23298
-1.23293
-1.23291
-1.23294
-1.23299
-1.23307
-1.23318
-1.2333
-1.23343
-1.23358
-1.23372
-1.23386
-1.23399
-1.23411
-1.2342
-0.546111
-0.540222
-0.534452
-0.528808
-0.523303
-0.517946
-0.512748
-0.50772
-0.502873
-0.498219
-0.493768
-0.489531
-0.485521
-0.481747
-0.478218
-0.474953
-0.471955
-0.469237
-0.466808
-0.46468
-0.46286
-0.461358
-0.46018
-0.459336
-0.458831
-0.458672
-0.458863
-0.459409
-0.460314
-0.46158
-0.463211
-0.465204
-0.467562
-0.470284
-0.473366
-0.476809
-0.480605
-0.484754
-0.489248
-0.494085
-0.499259
-0.504758
-0.51058
-0.516713
-0.52315
-0.529884
-0.536905
-0.544203
-0.551772
-0.559599
-0.567676
-0.575993
-0.584542
-0.593308
-0.602287
-0.611467
-0.62084
-0.630394
-0.640121
-0.650012
-0.660059
-0.67025
-0.680578
-0.691033
-0.701608
-0.712295
-0.723085
-0.733971
-0.744944
-0.755998
-0.767124
-0.778315
-0.789565
-0.800867
-0.812214
-0.823599
-0.835015
-0.846457
-0.857919
-0.869397
-0.880881
-0.892366
-0.903849
-0.915326
-0.926786
-0.938225
-0.949641
-0.961029
-0.972381
-0.983697
-0.994968
-1.00619
-1.01736
-1.02847
-1.03953
-1.05051
-1.06143
-1.07227
-1.08303
-1.09372
-1.10431
-1.11482
-1.12523
-1.13555
-1.14577
-1.15588
-1.16589
-1.17578
-1.18557
-1.19523
-1.20478
-1.2142
-1.2235
-1.23267
-1.24171
-1.25061
-1.25938
-1.26801
-1.2765
-1.28484
-1.29304
-1.30108
-1.30898
-1.31673
-1.32432
-1.33176
-1.33904
-1.34615
-1.35311
-1.35991
-1.36654
-1.37301
-1.37932
-1.38545
-1.39142
-1.39723
-1.40286
-1.40833
-1.41362
-1.41875
-1.4237
-1.42849
-1.4331
-1.43755
-1.44182
-1.44592
-1.44986
-1.45362
-1.45722
-1.46064
-1.4639
-1.467
-1.46993
-1.47269
-1.47529
-1.47773
-1.48
-1.48211
-1.48407
-1.48586
-1.4875
-1.48899
-1.49032
-1.4915
-1.49253
-1.49341
-1.49415
-1.49474
-1.49518
-1.49549
-1.49566
-1.49568
-1.49558
-1.49534
-1.49497
-1.49447
-1.49384
-1.49309
-1.49222
-1.49123
-1.49012
-1.48889
-1.48755
-1.4861
-1.48454
-1.48288
-1.48111
-1.47924
-1.47728
-1.47522
-1.47306
-1.47082
-1.46849
-1.46607
-1.46357
-1.46099
-1.45834
-1.45561
-1.4528
-1.44993
-1.44699
-1.44399
-1.44093
-1.43781
-1.43464
-1.43142
-1.42815
-1.42483
-1.42146
-1.41806
-1.41462
-1.41114
-1.40764
-1.40411
-1.40055
-1.39696
-1.39336
-1.38974
-1.38611
-1.38246
-1.37881
-1.37515
-1.37149
-1.36783
-1.36418
-1.36053
-1.35689
-1.35327
-1.34965
-1.34606
-1.34248
-1.33893
-1.33539
-1.33189
-1.32842
-1.32499
-1.32159
-1.31823
-1.31492
-1.31165
-1.30842
-1.30524
-1.30211
-1.29903
-1.29601
-1.29305
-1.29014
-1.2873
-1.28451
-1.2818
-1.27914
-1.27656
-1.27404
-1.2716
-1.26922
-1.26692
-1.2647
-1.26255
-1.26047
-1.25848
-1.25656
-1.25472
-1.25295
-1.25127
-1.24967
-1.24814
-1.2467
-1.24533
-1.24404
-1.24284
-1.24171
-1.24066
-1.23968
-1.23878
-1.23795
-1.2372
-1.23652
-1.2359
-1.23537
-1.23489
-1.23447
-1.23411
-1.23382
-1.23358
-1.23339
-1.23325
-1.23316
-1.23311
-1.23309
-1.23311
-1.23317
-1.23325
-1.23335
-1.23346
-1.23359
-1.23373
-1.23386
-1.234
-1.23411
-1.23422
-1.23429
-0.560683
-0.554842
-0.549114
-0.543509
-0.538036
-0.532706
-0.527529
-0.522514
-0.517675
-0.51302
-0.508561
-0.504308
-0.500272
-0.496463
-0.492896
-0.489576
-0.486516
-0.483726
-0.481214
-0.478992
-0.477068
-0.475451
-0.474147
-0.473166
-0.472514
-0.472196
-0.472218
-0.472585
-0.473301
-0.474368
-0.47579
-0.477566
-0.479699
-0.482189
-0.485031
-0.488225
-0.491768
-0.495658
-0.49989
-0.504462
-0.509363
-0.514589
-0.520132
-0.52599
-0.532149
-0.538603
-0.545345
-0.552365
-0.559656
-0.567206
-0.575008
-0.583052
-0.591327
-0.599828
-0.608543
-0.617462
-0.626575
-0.635876
-0.645352
-0.654996
-0.664797
-0.674748
-0.684839
-0.695062
-0.705408
-0.71587
-0.726439
-0.737107
-0.747866
-0.758709
-0.769629
-0.780618
-0.791669
-0.802775
-0.813929
-0.825125
-0.836356
-0.847615
-0.858898
-0.870196
-0.881506
-0.892821
-0.904135
-0.915447
-0.92674
-0.93802
-0.949277
-0.960507
-0.971706
-0.982867
-0.993992
-1.00507
-1.01609
-1.02706
-1.03796
-1.04881
-1.05959
-1.07029
-1.08092
-1.09146
-1.10193
-1.1123
-1.12258
-1.13277
-1.14286
-1.15285
-1.16273
-1.1725
-1.18216
-1.19171
-1.20113
-1.21044
-1.21962
-1.22868
-1.2376
-1.2464
-1.25506
-1.26358
-1.27196
-1.2802
-1.28829
-1.29624
-1.30404
-1.31169
-1.31919
-1.32653
-1.33372
-1.34075
-1.34763
-1.35434
-1.36089
-1.36729
-1.37352
-1.37958
-1.38548
-1.39122
-1.39679
-1.40219
-1.40743
-1.4125
-1.4174
-1.42214
-1.42671
-1.43111
-1.43535
-1.43941
-1.44331
-1.44705
-1.45062
-1.45402
-1.45727
-1.46034
-1.46326
-1.46601
-1.46861
-1.47104
-1.47332
-1.47543
-1.4774
-1.47921
-1.48086
-1.48236
-1.48371
-1.48492
-1.48598
-1.48689
-1.48766
-1.48828
-1.48877
-1.48912
-1.48933
-1.4894
-1.48935
-1.48916
-1.48884
-1.4884
-1.48784
-1.48715
-1.48634
-1.48541
-1.48437
-1.48321
-1.48195
-1.48057
-1.47909
-1.4775
-1.47581
-1.47402
-1.47214
-1.47016
-1.46809
-1.46593
-1.46368
-1.46135
-1.45894
-1.45645
-1.45388
-1.45124
-1.44853
-1.44574
-1.4429
-1.43999
-1.43702
-1.43399
-1.43091
-1.42778
-1.4246
-1.42137
-1.41809
-1.41478
-1.41143
-1.40804
-1.40462
-1.40118
-1.3977
-1.39421
-1.39069
-1.38716
-1.38361
-1.38004
-1.37647
-1.3729
-1.36932
-1.36573
-1.36216
-1.35858
-1.35502
-1.35146
-1.34792
-1.34439
-1.34089
-1.3374
-1.33393
-1.3305
-1.32709
-1.32373
-1.32039
-1.31709
-1.31383
-1.31061
-1.30744
-1.30431
-1.30123
-1.29821
-1.29524
-1.29232
-1.28946
-1.28666
-1.28392
-1.28124
-1.27863
-1.27608
-1.2736
-1.27119
-1.26885
-1.26658
-1.26439
-1.26227
-1.26022
-1.25825
-1.25636
-1.25455
-1.25281
-1.25115
-1.24957
-1.24806
-1.24664
-1.24529
-1.24403
-1.24284
-1.24172
-1.24069
-1.23973
-1.23884
-1.23803
-1.23729
-1.23662
-1.23602
-1.23549
-1.23502
-1.23461
-1.23427
-1.23398
-1.23375
-1.23356
-1.23343
-1.23334
-1.2333
-1.23329
-1.23332
-1.23337
-1.23345
-1.23355
-1.23367
-1.2338
-1.23393
-1.23406
-1.23419
-1.2343
-1.23439
-1.23445
-0.575151
-0.569351
-0.56366
-0.558087
-0.552641
-0.547332
-0.54217
-0.537165
-0.532327
-0.527667
-0.523196
-0.518922
-0.514856
-0.511011
-0.507399
-0.504023
-0.500899
-0.498034
-0.495439
-0.493122
-0.491094
-0.489361
-0.487932
-0.486814
-0.486015
-0.485539
-0.485394
-0.485584
-0.486113
-0.486984
-0.4882
-0.489765
-0.491675
-0.493933
-0.496538
-0.499488
-0.502782
-0.506419
-0.510391
-0.514695
-0.519328
-0.524281
-0.529551
-0.535134
-0.541015
-0.547191
-0.553654
-0.560397
-0.567409
-0.574683
-0.582213
-0.589981
-0.597987
-0.606219
-0.614667
-0.623324
-0.632177
-0.641219
-0.65044
-0.659832
-0.669387
-0.679093
-0.688945
-0.698932
-0.709045
-0.719278
-0.729622
-0.740069
-0.750611
-0.76124
-0.771949
-0.782731
-0.793578
-0.804484
-0.815442
-0.826444
-0.837485
-0.848557
-0.859655
-0.870771
-0.881902
-0.893042
-0.904183
-0.915317
-0.926449
-0.937562
-0.948656
-0.959725
-0.970764
-0.981771
-0.992738
-1.00366
-1.01453
-1.02535
-1.03611
-1.04681
-1.05744
-1.068
-1.07849
-1.0889
-1.09922
-1.10946
-1.11961
-1.12967
-1.13962
-1.14948
-1.15924
-1.16888
-1.17842
-1.18784
-1.19714
-1.20633
-1.21539
-1.22433
-1.23314
-1.24182
-1.25037
-1.25878
-1.26706
-1.27519
-1.28318
-1.29103
-1.29873
-1.30628
-1.31368
-1.32093
-1.32803
-1.33498
-1.34176
-1.3484
-1.35487
-1.36118
-1.36734
-1.37333
-1.37917
-1.38483
-1.39034
-1.39568
-1.40086
-1.40588
-1.41073
-1.41542
-1.41994
-1.42431
-1.4285
-1.43254
-1.4364
-1.44011
-1.44366
-1.44704
-1.45027
-1.45333
-1.45624
-1.45898
-1.46157
-1.46401
-1.46629
-1.46841
-1.47038
-1.4722
-1.47387
-1.47539
-1.47677
-1.478
-1.47909
-1.48003
-1.48084
-1.4815
-1.48203
-1.48242
-1.48268
-1.4828
-1.48279
-1.48266
-1.4824
-1.48202
-1.48152
-1.48089
-1.48015
-1.47929
-1.47832
-1.47723
-1.47604
-1.47474
-1.47334
-1.47183
-1.47021
-1.46851
-1.46671
-1.46481
-1.46283
-1.46076
-1.4586
-1.45636
-1.45403
-1.45163
-1.44915
-1.4466
-1.44398
-1.44129
-1.43853
-1.43572
-1.43284
-1.42991
-1.42692
-1.42388
-1.42079
-1.41765
-1.41447
-1.41125
-1.40799
-1.40469
-1.40137
-1.39801
-1.39462
-1.39121
-1.38778
-1.38434
-1.38087
-1.3774
-1.37391
-1.37042
-1.36692
-1.36342
-1.35992
-1.35642
-1.35293
-1.34945
-1.34598
-1.34253
-1.3391
-1.33568
-1.33229
-1.32892
-1.32558
-1.32227
-1.319
-1.31576
-1.31256
-1.3094
-1.30628
-1.30321
-1.30019
-1.29722
-1.2943
-1.29144
-1.28862
-1.28587
-1.28318
-1.28054
-1.27797
-1.27547
-1.27303
-1.27066
-1.26835
-1.26612
-1.26397
-1.26188
-1.25987
-1.25793
-1.25607
-1.25428
-1.25257
-1.25094
-1.24938
-1.2479
-1.2465
-1.24518
-1.24393
-1.24277
-1.24167
-1.24066
-1.23972
-1.23885
-1.23805
-1.23733
-1.23668
-1.23609
-1.23558
-1.23513
-1.23474
-1.2344
-1.23413
-1.23391
-1.23374
-1.23362
-1.23354
-1.2335
-1.2335
-1.23354
-1.2336
-1.23369
-1.23379
-1.23392
-1.23405
-1.23418
-1.23431
-1.23444
-1.23455
-1.23463
-1.23469
-0.589508
-0.583744
-0.578084
-0.572538
-0.567113
-0.56182
-0.556669
-0.551668
-0.546828
-0.542158
-0.53767
-0.533371
-0.529275
-0.525392
-0.521728
-0.518295
-0.515104
-0.512163
-0.509481
-0.507068
-0.504935
-0.503087
-0.501532
-0.500278
-0.499333
-0.498702
-0.498391
-0.498406
-0.49875
-0.499427
-0.500441
-0.501792
-0.503483
-0.505514
-0.507884
-0.510593
-0.513644
-0.517026
-0.520739
-0.524781
-0.529147
-0.533832
-0.538831
-0.544137
-0.549746
-0.555645
-0.561831
-0.568295
-0.575031
-0.582028
-0.589279
-0.596776
-0.60451
-0.612471
-0.620651
-0.629041
-0.637631
-0.646414
-0.655379
-0.664518
-0.673823
-0.683283
-0.692891
-0.702638
-0.712516
-0.722516
-0.732632
-0.742853
-0.753174
-0.763585
-0.774079
-0.784649
-0.795289
-0.80599
-0.816747
-0.827551
-0.838396
-0.849277
-0.860185
-0.871116
-0.882063
-0.893021
-0.903981
-0.914944
-0.925901
-0.936846
-0.947772
-0.958677
-0.969553
-0.980397
-0.991204
-1.00197
-1.01268
-1.02335
-1.03396
-1.04451
-1.05499
-1.06541
-1.07575
-1.08601
-1.0962
-1.1063
-1.11631
-1.12623
-1.13605
-1.14578
-1.1554
-1.16491
-1.17432
-1.18362
-1.1928
-1.20186
-1.2108
-1.21962
-1.22832
-1.23688
-1.24532
-1.25362
-1.26178
-1.26981
-1.27769
-1.28544
-1.29304
-1.30049
-1.3078
-1.31496
-1.32197
-1.32882
-1.33552
-1.34207
-1.34847
-1.3547
-1.36078
-1.3667
-1.37247
-1.37807
-1.38352
-1.3888
-1.39392
-1.39889
-1.40369
-1.40833
-1.41281
-1.41713
-1.4213
-1.4253
-1.42914
-1.43282
-1.43634
-1.43971
-1.44291
-1.44596
-1.44886
-1.4516
-1.45419
-1.45663
-1.45891
-1.46104
-1.46303
-1.46486
-1.46655
-1.46809
-1.46949
-1.47075
-1.47187
-1.47285
-1.47369
-1.47439
-1.47496
-1.4754
-1.4757
-1.47588
-1.47593
-1.47585
-1.47565
-1.47533
-1.47489
-1.47433
-1.47365
-1.47287
-1.47196
-1.47095
-1.46983
-1.46861
-1.46728
-1.46586
-1.46433
-1.4627
-1.46099
-1.45918
-1.45728
-1.4553
-1.45323
-1.45107
-1.44884
-1.44653
-1.44414
-1.44169
-1.43916
-1.43656
-1.4339
-1.43118
-1.4284
-1.42556
-1.42266
-1.41972
-1.41672
-1.41368
-1.41059
-1.40746
-1.40429
-1.40109
-1.39786
-1.39459
-1.3913
-1.38798
-1.38464
-1.38128
-1.37791
-1.37452
-1.37112
-1.36771
-1.36429
-1.36088
-1.35746
-1.35404
-1.35063
-1.34723
-1.34384
-1.34047
-1.33711
-1.33376
-1.33044
-1.32714
-1.32387
-1.32063
-1.31742
-1.31425
-1.31111
-1.30802
-1.30496
-1.30195
-1.29899
-1.29607
-1.2932
-1.29039
-1.28763
-1.28492
-1.28228
-1.27969
-1.27717
-1.27471
-1.27231
-1.26998
-1.26772
-1.26554
-1.26342
-1.26137
-1.25939
-1.25749
-1.25566
-1.25391
-1.25223
-1.25063
-1.2491
-1.24765
-1.24628
-1.24498
-1.24376
-1.24262
-1.24155
-1.24056
-1.23964
-1.2388
-1.23803
-1.23732
-1.23669
-1.23613
-1.23563
-1.2352
-1.23483
-1.23451
-1.23426
-1.23405
-1.2339
-1.23379
-1.23373
-1.23371
-1.23372
-1.23377
-1.23385
-1.23395
-1.23407
-1.2342
-1.23434
-1.23448
-1.23462
-1.23474
-1.23486
-1.23494
-1.235
-0.60375
-0.598017
-0.592383
-0.586858
-0.58145
-0.576168
-0.571023
-0.566021
-0.561175
-0.556492
-0.551981
-0.547656
-0.543525
-0.539599
-0.535883
-0.53239
-0.52913
-0.526111
-0.523342
-0.520834
-0.518594
-0.516629
-0.514949
-0.51356
-0.512469
-0.511683
-0.511208
-0.511049
-0.511211
-0.511696
-0.512508
-0.51365
-0.515124
-0.516929
-0.519069
-0.521544
-0.524347
-0.527478
-0.530937
-0.534719
-0.538821
-0.543239
-0.547967
-0.553
-0.558334
-0.563958
-0.569867
-0.576056
-0.582514
-0.589232
-0.596208
-0.60343
-0.61089
-0.61858
-0.62649
-0.634613
-0.642939
-0.651459
-0.660165
-0.66905
-0.6781
-0.687311
-0.696672
-0.706177
-0.715814
-0.725579
-0.735461
-0.745454
-0.755548
-0.765737
-0.776013
-0.786368
-0.796795
-0.807287
-0.817837
-0.828439
-0.839084
-0.849768
-0.860483
-0.871224
-0.881984
-0.892753
-0.903534
-0.914315
-0.925095
-0.935866
-0.946621
-0.957354
-0.968062
-0.97874
-0.989382
-0.999987
-1.01054
-1.02105
-1.0315
-1.0419
-1.05223
-1.06249
-1.07269
-1.08281
-1.09285
-1.10281
-1.11268
-1.12245
-1.13214
-1.14172
-1.15121
-1.1606
-1.16988
-1.17904
-1.1881
-1.19704
-1.20586
-1.21455
-1.22313
-1.23158
-1.2399
-1.24808
-1.25614
-1.26406
-1.27184
-1.27948
-1.28698
-1.29433
-1.30154
-1.30861
-1.31552
-1.32229
-1.32891
-1.33537
-1.34169
-1.34785
-1.35385
-1.3597
-1.3654
-1.37094
-1.37632
-1.38155
-1.38661
-1.39152
-1.39628
-1.40088
-1.40532
-1.4096
-1.41373
-1.41769
-1.42151
-1.42517
-1.42867
-1.43202
-1.43521
-1.43825
-1.44114
-1.44388
-1.44646
-1.4489
-1.45119
-1.45334
-1.45533
-1.45719
-1.4589
-1.46046
-1.46189
-1.46317
-1.46432
-1.46534
-1.46622
-1.46696
-1.46758
-1.46806
-1.46842
-1.46865
-1.46875
-1.46873
-1.46859
-1.46833
-1.46795
-1.46746
-1.46685
-1.46613
-1.46531
-1.46437
-1.46333
-1.46219
-1.46094
-1.45959
-1.45815
-1.45661
-1.45498
-1.45326
-1.45145
-1.44955
-1.44757
-1.44551
-1.44337
-1.44115
-1.43886
-1.4365
-1.43406
-1.43156
-1.429
-1.42637
-1.42369
-1.42094
-1.41815
-1.4153
-1.41239
-1.40945
-1.40646
-1.40343
-1.40035
-1.39725
-1.39411
-1.39093
-1.38773
-1.38451
-1.38126
-1.37799
-1.3747
-1.3714
-1.36809
-1.36477
-1.36144
-1.35811
-1.35478
-1.35145
-1.34812
-1.3448
-1.34149
-1.33819
-1.33491
-1.33164
-1.32839
-1.32517
-1.32197
-1.3188
-1.31566
-1.31255
-1.30948
-1.30645
-1.30346
-1.30051
-1.29761
-1.29475
-1.29194
-1.28918
-1.28647
-1.28382
-1.28123
-1.2787
-1.27622
-1.27381
-1.27146
-1.26918
-1.26696
-1.26481
-1.26273
-1.26072
-1.25879
-1.25692
-1.25513
-1.25341
-1.25177
-1.2502
-1.24872
-1.2473
-1.24596
-1.2447
-1.24351
-1.24239
-1.24136
-1.24039
-1.2395
-1.23868
-1.23794
-1.23726
-1.23665
-1.23611
-1.23564
-1.23523
-1.23488
-1.23459
-1.23436
-1.23418
-1.23405
-1.23396
-1.23392
-1.23392
-1.23395
-1.23402
-1.23411
-1.23422
-1.23436
-1.23451
-1.23466
-1.23481
-1.23496
-1.2351
-1.23521
-1.2353
-1.23536
-0.617873
-0.612165
-0.606553
-0.601045
-0.595649
-0.590374
-0.585229
-0.580223
-0.575365
-0.570664
-0.566131
-0.561775
-0.557608
-0.553632
-0.549863
-0.546308
-0.542977
-0.539877
-0.53702
-0.534415
-0.532068
-0.529987
-0.528181
-0.526657
-0.525422
-0.524483
-0.523848
-0.523515
-0.523494
-0.52379
-0.524403
-0.525338
-0.526597
-0.528181
-0.530093
-0.532329
-0.534889
-0.537773
-0.540979
-0.544504
-0.548344
-0.552496
-0.556955
-0.561718
-0.566776
-0.572128
-0.577761
-0.583672
-0.58985
-0.596293
-0.602992
-0.609939
-0.617124
-0.624541
-0.63218
-0.640034
-0.648093
-0.656348
-0.664793
-0.673418
-0.682213
-0.691172
-0.700284
-0.709542
-0.718937
-0.728461
-0.738106
-0.747866
-0.75773
-0.767693
-0.777745
-0.78788
-0.79809
-0.808369
-0.818709
-0.829102
-0.839544
-0.850027
-0.860544
-0.87109
-0.881654
-0.892237
-0.902832
-0.913428
-0.924025
-0.934617
-0.945196
-0.955755
-0.96629
-0.976797
-0.987271
-0.997708
-1.0081
-1.01845
-1.02874
-1.03898
-1.04915
-1.05926
-1.06931
-1.07928
-1.08917
-1.09898
-1.1087
-1.11834
-1.12788
-1.13733
-1.14668
-1.15593
-1.16508
-1.17411
-1.18304
-1.19185
-1.20054
-1.20912
-1.21757
-1.2259
-1.2341
-1.24218
-1.25013
-1.25793
-1.26561
-1.27314
-1.28054
-1.28779
-1.29491
-1.30188
-1.3087
-1.31538
-1.32192
-1.3283
-1.33453
-1.34062
-1.34655
-1.35233
-1.35796
-1.36343
-1.36875
-1.37392
-1.37894
-1.3838
-1.3885
-1.39306
-1.39746
-1.40171
-1.4058
-1.40974
-1.41352
-1.41716
-1.42064
-1.42397
-1.42716
-1.43019
-1.43307
-1.43581
-1.4384
-1.44084
-1.44314
-1.44529
-1.44731
-1.44918
-1.45091
-1.4525
-1.45396
-1.45527
-1.45646
-1.45751
-1.45843
-1.45922
-1.45988
-1.46041
-1.46082
-1.4611
-1.46126
-1.4613
-1.46122
-1.46102
-1.46071
-1.46029
-1.45975
-1.45911
-1.45836
-1.4575
-1.45653
-1.45547
-1.4543
-1.45304
-1.45168
-1.45023
-1.44868
-1.44705
-1.44533
-1.44352
-1.44164
-1.43967
-1.43762
-1.4355
-1.4333
-1.43104
-1.4287
-1.4263
-1.42383
-1.4213
-1.41871
-1.41606
-1.41336
-1.41061
-1.40781
-1.40496
-1.40207
-1.39913
-1.39616
-1.39314
-1.3901
-1.38702
-1.38392
-1.38079
-1.37763
-1.37446
-1.37127
-1.36806
-1.36483
-1.3616
-1.35836
-1.35512
-1.35187
-1.34862
-1.34538
-1.34214
-1.33892
-1.3357
-1.3325
-1.32931
-1.32613
-1.32299
-1.31986
-1.31677
-1.3137
-1.31066
-1.30766
-1.3047
-1.30177
-1.29888
-1.29604
-1.29325
-1.2905
-1.2878
-1.28515
-1.28256
-1.28002
-1.27754
-1.27512
-1.27276
-1.27046
-1.26822
-1.26606
-1.26395
-1.26192
-1.25995
-1.25806
-1.25624
-1.25449
-1.25281
-1.25121
-1.24968
-1.24822
-1.24684
-1.24554
-1.2443
-1.24315
-1.24207
-1.24106
-1.24013
-1.23927
-1.23849
-1.23777
-1.23713
-1.23655
-1.23604
-1.2356
-1.23522
-1.2349
-1.23463
-1.23443
-1.23427
-1.23416
-1.23411
-1.23409
-1.23411
-1.23417
-1.23426
-1.23437
-1.23452
-1.23467
-1.23483
-1.23501
-1.23518
-1.23534
-1.23549
-1.23561
-1.23572
-1.23579
-0.631872
-0.626186
-0.62059
-0.615094
-0.609706
-0.604433
-0.599285
-0.594271
-0.589397
-0.584676
-0.580117
-0.575726
-0.571517
-0.567492
-0.563667
-0.560047
-0.556643
-0.553463
-0.550519
-0.547814
-0.545359
-0.543161
-0.541229
-0.539571
-0.538195
-0.537101
-0.536301
-0.535798
-0.535598
-0.535705
-0.536122
-0.536852
-0.537898
-0.539265
-0.540948
-0.542949
-0.54527
-0.547908
-0.550863
-0.554132
-0.557714
-0.561601
-0.565794
-0.570285
-0.575071
-0.580145
-0.585506
-0.591137
-0.59704
-0.603207
-0.609629
-0.616299
-0.623209
-0.630351
-0.637717
-0.645299
-0.653089
-0.661079
-0.669259
-0.677621
-0.686158
-0.694859
-0.70372
-0.712728
-0.721876
-0.731156
-0.740562
-0.750084
-0.759714
-0.769446
-0.779271
-0.789182
-0.799171
-0.809233
-0.819357
-0.82954
-0.839773
-0.85005
-0.860365
-0.870707
-0.881077
-0.891466
-0.901867
-0.912275
-0.922687
-0.933092
-0.943488
-0.95387
-0.964228
-0.974561
-0.984862
-0.995128
-1.00535
-1.01553
-1.02566
-1.03574
-1.04576
-1.05571
-1.06559
-1.07541
-1.08515
-1.09481
-1.10439
-1.11388
-1.12328
-1.13259
-1.1418
-1.15091
-1.15992
-1.16883
-1.17762
-1.1863
-1.19487
-1.20332
-1.21165
-1.21986
-1.22795
-1.23591
-1.24374
-1.25144
-1.259
-1.26643
-1.27373
-1.28088
-1.2879
-1.29478
-1.30152
-1.30811
-1.31455
-1.32085
-1.32701
-1.33301
-1.33887
-1.34459
-1.35015
-1.35556
-1.36082
-1.36594
-1.3709
-1.37571
-1.38037
-1.38488
-1.38924
-1.39346
-1.39752
-1.40143
-1.40519
-1.40881
-1.41227
-1.41559
-1.41876
-1.42179
-1.42467
-1.4274
-1.43
-1.43245
-1.43476
-1.43693
-1.43896
-1.44085
-1.4426
-1.44422
-1.44571
-1.44706
-1.44828
-1.44937
-1.45033
-1.45116
-1.45187
-1.45245
-1.45291
-1.45325
-1.45347
-1.45357
-1.45355
-1.45342
-1.45318
-1.45282
-1.45236
-1.45179
-1.45111
-1.45033
-1.44945
-1.44846
-1.44738
-1.4462
-1.44493
-1.44356
-1.44211
-1.44056
-1.43893
-1.43722
-1.43543
-1.43355
-1.4316
-1.42957
-1.42747
-1.4253
-1.42306
-1.42076
-1.41839
-1.41595
-1.41346
-1.41092
-1.40832
-1.40566
-1.40296
-1.40021
-1.39742
-1.39458
-1.39171
-1.38879
-1.38584
-1.38287
-1.37986
-1.37682
-1.37376
-1.37068
-1.36758
-1.36447
-1.36134
-1.3582
-1.35505
-1.35189
-1.34873
-1.34558
-1.34242
-1.33927
-1.33613
-1.33299
-1.32987
-1.32676
-1.32367
-1.3206
-1.31755
-1.31453
-1.31154
-1.30857
-1.30565
-1.30275
-1.29989
-1.29707
-1.2943
-1.29156
-1.28888
-1.28624
-1.28366
-1.28112
-1.27864
-1.27622
-1.27385
-1.27154
-1.2693
-1.26712
-1.265
-1.26295
-1.26096
-1.25904
-1.25719
-1.25542
-1.25371
-1.25208
-1.25052
-1.24903
-1.24761
-1.24628
-1.24501
-1.24382
-1.2427
-1.24166
-1.24069
-1.23979
-1.23897
-1.23821
-1.23753
-1.23692
-1.23638
-1.2359
-1.23549
-1.23514
-1.23485
-1.23462
-1.23444
-1.23432
-1.23424
-1.23422
-1.23424
-1.23429
-1.23438
-1.23449
-1.23464
-1.23481
-1.23499
-1.23518
-1.23537
-1.23557
-1.23575
-1.23592
-1.23607
-1.23619
-1.23628
-0.645744
-0.640074
-0.634491
-0.629003
-0.623618
-0.618344
-0.613189
-0.60816
-0.60327
-0.598526
-0.593937
-0.589511
-0.585255
-0.58118
-0.577295
-0.573609
-0.570131
-0.566869
-0.563832
-0.561027
-0.558464
-0.55615
-0.554096
-0.552303
-0.550779
-0.549534
-0.548573
-0.547901
-0.547522
-0.547442
-0.547664
-0.548195
-0.54903
-0.550176
-0.551633
-0.553403
-0.555486
-0.557882
-0.560588
-0.563603
-0.566925
-0.570551
-0.574476
-0.578699
-0.583213
-0.588014
-0.593096
-0.598453
-0.604079
-0.609968
-0.616112
-0.622505
-0.629138
-0.636004
-0.643096
-0.650405
-0.657923
-0.665643
-0.673557
-0.681654
-0.689929
-0.698372
-0.706975
-0.715729
-0.72463
-0.733663
-0.742824
-0.752105
-0.761497
-0.770994
-0.780587
-0.790269
-0.800033
-0.80987
-0.819776
-0.829742
-0.839762
-0.849829
-0.859933
-0.870074
-0.880242
-0.890431
-0.900637
-0.910854
-0.921073
-0.931289
-0.941497
-0.951696
-0.961873
-0.972028
-0.982153
-0.992245
-1.0023
-1.01231
-1.02227
-1.03218
-1.04203
-1.05183
-1.06155
-1.07121
-1.0808
-1.09031
-1.09974
-1.10908
-1.11833
-1.1275
-1.13657
-1.14554
-1.15441
-1.16318
-1.17184
-1.18039
-1.18883
-1.19716
-1.20536
-1.21345
-1.22142
-1.22926
-1.23698
-1.24457
-1.25203
-1.25935
-1.26655
-1.2736
-1.28053
-1.28731
-1.29395
-1.30046
-1.30682
-1.31304
-1.31911
-1.32505
-1.33083
-1.33648
-1.34197
-1.34733
-1.35253
-1.35759
-1.3625
-1.36726
-1.37188
-1.37635
-1.38068
-1.38485
-1.38889
-1.39277
-1.39651
-1.40011
-1.40356
-1.40686
-1.41003
-1.41305
-1.41593
-1.41867
-1.42126
-1.42372
-1.42605
-1.42823
-1.43028
-1.43219
-1.43397
-1.43562
-1.43714
-1.43852
-1.43978
-1.44091
-1.44191
-1.44279
-1.44355
-1.44419
-1.4447
-1.4451
-1.44537
-1.44554
-1.44559
-1.44552
-1.44535
-1.44506
-1.44467
-1.44418
-1.44358
-1.44287
-1.44207
-1.44117
-1.44017
-1.43908
-1.43789
-1.43662
-1.43525
-1.4338
-1.43225
-1.43064
-1.42893
-1.42716
-1.4253
-1.42337
-1.42137
-1.41929
-1.41715
-1.41495
-1.41268
-1.41035
-1.40796
-1.40551
-1.40301
-1.40046
-1.39786
-1.39521
-1.39251
-1.38978
-1.387
-1.38419
-1.38134
-1.37846
-1.37555
-1.37261
-1.36965
-1.36666
-1.36366
-1.36064
-1.3576
-1.35456
-1.3515
-1.34843
-1.34537
-1.3423
-1.33923
-1.33617
-1.33311
-1.33006
-1.32702
-1.324
-1.32099
-1.318
-1.31503
-1.31209
-1.30917
-1.30628
-1.30343
-1.30061
-1.29782
-1.29507
-1.29236
-1.2897
-1.28708
-1.2845
-1.28198
-1.27951
-1.27709
-1.27472
-1.27242
-1.27017
-1.26798
-1.26585
-1.26378
-1.26178
-1.25985
-1.25799
-1.25619
-1.25446
-1.2528
-1.25121
-1.2497
-1.24825
-1.24688
-1.24559
-1.24436
-1.24321
-1.24214
-1.24113
-1.2402
-1.23935
-1.23856
-1.23785
-1.23721
-1.23663
-1.23613
-1.23569
-1.23532
-1.235
-1.23475
-1.23455
-1.23441
-1.23433
-1.23429
-1.2343
-1.23435
-1.23443
-1.23456
-1.23471
-1.23489
-1.23509
-1.2353
-1.23552
-1.23575
-1.23597
-1.23619
-1.23639
-1.23657
-1.23672
-1.23682
-0.659484
-0.653827
-0.648253
-0.64277
-0.637384
-0.632105
-0.626938
-0.621896
-0.616985
-0.612213
-0.607589
-0.603123
-0.598819
-0.594691
-0.590746
-0.586992
-0.583437
-0.580092
-0.576962
-0.574057
-0.571389
-0.568958
-0.566774
-0.564847
-0.563181
-0.561784
-0.560663
-0.559822
-0.559266
-0.559001
-0.559032
-0.559358
-0.559985
-0.560915
-0.56215
-0.56369
-0.565537
-0.56769
-0.570148
-0.572911
-0.575976
-0.57934
-0.583002
-0.586956
-0.591199
-0.595724
-0.600531
-0.605614
-0.610963
-0.616573
-0.622439
-0.628553
-0.634908
-0.641497
-0.648313
-0.655347
-0.662593
-0.670042
-0.677685
-0.685516
-0.693525
-0.701705
-0.710048
-0.718546
-0.727189
-0.735971
-0.744885
-0.753921
-0.763071
-0.772328
-0.781685
-0.791134
-0.800667
-0.810278
-0.81996
-0.829706
-0.839507
-0.849357
-0.859252
-0.869184
-0.879145
-0.889134
-0.899138
-0.909156
-0.919179
-0.929202
-0.93922
-0.949227
-0.959223
-0.969195
-0.97914
-0.989053
-0.998931
-1.00877
-1.01856
-1.0283
-1.03799
-1.04761
-1.05718
-1.06668
-1.07611
-1.08546
-1.09473
-1.10393
-1.11303
-1.12205
-1.13098
-1.13981
-1.14855
-1.15718
-1.1657
-1.17412
-1.18243
-1.19063
-1.19871
-1.20668
-1.21452
-1.22225
-1.22985
-1.23733
-1.24468
-1.2519
-1.259
-1.26595
-1.27278
-1.27947
-1.28602
-1.29244
-1.29872
-1.30485
-1.31086
-1.31671
-1.32243
-1.32801
-1.33344
-1.33873
-1.34388
-1.34889
-1.35375
-1.35847
-1.36304
-1.36747
-1.37176
-1.37591
-1.37991
-1.38377
-1.38749
-1.39107
-1.39451
-1.39781
-1.40096
-1.40398
-1.40686
-1.4096
-1.41221
-1.41468
-1.41701
-1.41922
-1.42128
-1.42322
-1.42503
-1.42671
-1.42826
-1.42968
-1.43098
-1.43215
-1.4332
-1.43413
-1.43493
-1.43562
-1.43619
-1.43665
-1.43698
-1.43721
-1.43733
-1.43733
-1.43722
-1.43701
-1.4367
-1.43628
-1.43575
-1.43513
-1.43441
-1.43359
-1.43268
-1.43167
-1.43057
-1.42939
-1.42811
-1.42675
-1.4253
-1.42377
-1.42217
-1.42049
-1.41873
-1.4169
-1.41499
-1.41302
-1.41098
-1.40887
-1.4067
-1.40447
-1.40218
-1.39984
-1.39744
-1.39499
-1.39249
-1.38994
-1.38735
-1.38472
-1.38204
-1.37933
-1.37658
-1.3738
-1.37099
-1.36815
-1.36528
-1.3624
-1.35949
-1.35657
-1.35363
-1.35068
-1.34771
-1.34474
-1.34177
-1.33879
-1.33581
-1.33283
-1.32986
-1.32691
-1.32395
-1.32101
-1.31809
-1.31518
-1.31229
-1.30943
-1.30659
-1.30378
-1.301
-1.29826
-1.29554
-1.29287
-1.29023
-1.28763
-1.28508
-1.28258
-1.28012
-1.27771
-1.27536
-1.27305
-1.27081
-1.26862
-1.26649
-1.26442
-1.26241
-1.26046
-1.25859
-1.25677
-1.25503
-1.25335
-1.25174
-1.2502
-1.24874
-1.24734
-1.24602
-1.24477
-1.24359
-1.24249
-1.24145
-1.2405
-1.23961
-1.2388
-1.23806
-1.23739
-1.23679
-1.23625
-1.23579
-1.23539
-1.23506
-1.23479
-1.23458
-1.23443
-1.23433
-1.23428
-1.23428
-1.23433
-1.23442
-1.23455
-1.23472
-1.23491
-1.23513
-1.23537
-1.23562
-1.23588
-1.23614
-1.2364
-1.23665
-1.23688
-1.23709
-1.23726
-1.2374
-0.673091
-0.667443
-0.661873
-0.65639
-0.651001
-0.64571
-0.640531
-0.63547
-0.630535
-0.625732
-0.621074
-0.616564
-0.612212
-0.608028
-0.604019
-0.600195
-0.596563
-0.593132
-0.589912
-0.586907
-0.584126
-0.581576
-0.579268
-0.577207
-0.575399
-0.573851
-0.57257
-0.571561
-0.570829
-0.570383
-0.57022
-0.570346
-0.570765
-0.571481
-0.572494
-0.573806
-0.575418
-0.577331
-0.579543
-0.582055
-0.584864
-0.587969
-0.591366
-0.595053
-0.599023
-0.603278
-0.60781
-0.612614
-0.617689
-0.62302
-0.628607
-0.634441
-0.640517
-0.646827
-0.653365
-0.660122
-0.667091
-0.674266
-0.681637
-0.689197
-0.696938
-0.704852
-0.712932
-0.721168
-0.729554
-0.738081
-0.746741
-0.755528
-0.764433
-0.773447
-0.782562
-0.791774
-0.801073
-0.810453
-0.819907
-0.829427
-0.839004
-0.848636
-0.858315
-0.868033
-0.877786
-0.887565
-0.897365
-0.907178
-0.917002
-0.926828
-0.936652
-0.946467
-0.956269
-0.966058
-0.975819
-0.98555
-0.995246
-1.00491
-1.01452
-1.02409
-1.03361
-1.04307
-1.05247
-1.06181
-1.07107
-1.08027
-1.08939
-1.09843
-1.10739
-1.11626
-1.12504
-1.13373
-1.14232
-1.15081
-1.1592
-1.16748
-1.17566
-1.18373
-1.19169
-1.19953
-1.20726
-1.21487
-1.22236
-1.22972
-1.23697
-1.24408
-1.25107
-1.25794
-1.26466
-1.27126
-1.27772
-1.28406
-1.29025
-1.29631
-1.30223
-1.30802
-1.31367
-1.31918
-1.32455
-1.32979
-1.33488
-1.33983
-1.34465
-1.34932
-1.35386
-1.35825
-1.36251
-1.36662
-1.3706
-1.37444
-1.37814
-1.3817
-1.38513
-1.38842
-1.39157
-1.39459
-1.39747
-1.40022
-1.40283
-1.40532
-1.40767
-1.40989
-1.41198
-1.41394
-1.41578
-1.41749
-1.41907
-1.42054
-1.42187
-1.42309
-1.42418
-1.42516
-1.42602
-1.42676
-1.42739
-1.4279
-1.4283
-1.42859
-1.42878
-1.42885
-1.42882
-1.42868
-1.42844
-1.42809
-1.42765
-1.42711
-1.42647
-1.42573
-1.42491
-1.42398
-1.42297
-1.42188
-1.42069
-1.41943
-1.41808
-1.41664
-1.41513
-1.41355
-1.41189
-1.41015
-1.40835
-1.40648
-1.40454
-1.40253
-1.40046
-1.39833
-1.39615
-1.39391
-1.39161
-1.38926
-1.38686
-1.38442
-1.38193
-1.3794
-1.37683
-1.37422
-1.37156
-1.36889
-1.36618
-1.36344
-1.36067
-1.35789
-1.35508
-1.35225
-1.34941
-1.34655
-1.34369
-1.34081
-1.33793
-1.33505
-1.33216
-1.32927
-1.32639
-1.32352
-1.32066
-1.31781
-1.31497
-1.31214
-1.30934
-1.30656
-1.3038
-1.30107
-1.29837
-1.2957
-1.29306
-1.29046
-1.2879
-1.28537
-1.28289
-1.28046
-1.27807
-1.27573
-1.27344
-1.2712
-1.26902
-1.26689
-1.26482
-1.26281
-1.26086
-1.25898
-1.25715
-1.2554
-1.2537
-1.25208
-1.25053
-1.24904
-1.24763
-1.24628
-1.24501
-1.24381
-1.24268
-1.24163
-1.24064
-1.23973
-1.2389
-1.23813
-1.23744
-1.23681
-1.23626
-1.23577
-1.23536
-1.235
-1.23472
-1.2345
-1.23433
-1.23422
-1.23417
-1.23417
-1.23422
-1.23432
-1.23445
-1.23463
-1.23484
-1.23508
-1.23534
-1.23562
-1.23592
-1.23623
-1.23654
-1.23684
-1.23713
-1.2374
-1.23764
-1.23785
-1.23802
-0.686559
-0.680916
-0.675348
-0.669862
-0.664463
-0.659163
-0.653967
-0.648884
-0.643921
-0.639086
-0.634389
-0.629834
-0.62543
-0.621189
-0.617115
-0.613219
-0.609509
-0.605993
-0.602676
-0.599568
-0.596677
-0.594011
-0.591577
-0.589382
-0.587432
-0.585734
-0.584294
-0.583119
-0.582215
-0.581582
-0.581228
-0.581155
-0.581369
-0.581871
-0.582664
-0.583749
-0.585129
-0.586802
-0.58877
-0.591034
-0.593588
-0.596434
-0.599568
-0.602987
-0.60669
-0.610672
-0.614928
-0.619455
-0.624251
-0.629303
-0.634609
-0.640163
-0.645958
-0.651988
-0.658246
-0.664723
-0.671416
-0.678313
-0.685409
-0.692696
-0.700166
-0.707811
-0.715624
-0.723596
-0.73172
-0.739988
-0.748392
-0.756924
-0.765577
-0.774344
-0.783216
-0.792186
-0.801247
-0.810391
-0.819612
-0.8289
-0.838252
-0.847661
-0.857118
-0.86662
-0.876157
-0.885723
-0.895313
-0.904919
-0.914539
-0.924164
-0.933789
-0.943409
-0.953018
-0.962612
-0.972185
-0.981731
-0.991246
-1.00073
-1.01017
-1.01956
-1.0289
-1.03819
-1.04742
-1.0566
-1.0657
-1.07473
-1.0837
-1.09258
-1.10139
-1.11011
-1.11874
-1.12728
-1.13573
-1.14408
-1.15233
-1.16049
-1.16853
-1.17648
-1.18431
-1.19203
-1.19963
-1.20712
-1.2145
-1.22176
-1.22889
-1.2359
-1.24279
-1.24955
-1.25618
-1.26269
-1.26907
-1.27531
-1.28143
-1.28741
-1.29326
-1.29897
-1.30456
-1.31
-1.31531
-1.32049
-1.32553
-1.33043
-1.3352
-1.33984
-1.34433
-1.34869
-1.35292
-1.35701
-1.36096
-1.36478
-1.36846
-1.37201
-1.37543
-1.37871
-1.38186
-1.38487
-1.38776
-1.39052
-1.39314
-1.39564
-1.39801
-1.40025
-1.40237
-1.40436
-1.40622
-1.40797
-1.40959
-1.41109
-1.41247
-1.41373
-1.41487
-1.4159
-1.41681
-1.41761
-1.4183
-1.41887
-1.41934
-1.41969
-1.41994
-1.42008
-1.42012
-1.42006
-1.41989
-1.41963
-1.41926
-1.4188
-1.41825
-1.4176
-1.41686
-1.41602
-1.41511
-1.4141
-1.41301
-1.41184
-1.41058
-1.40925
-1.40783
-1.40634
-1.40478
-1.40314
-1.40144
-1.39967
-1.39783
-1.39593
-1.39396
-1.39193
-1.38985
-1.38771
-1.38552
-1.38327
-1.38098
-1.37864
-1.37625
-1.37383
-1.37135
-1.36885
-1.3663
-1.36372
-1.36112
-1.35848
-1.35582
-1.35313
-1.35042
-1.34769
-1.34495
-1.34219
-1.33942
-1.33664
-1.33386
-1.33107
-1.32827
-1.32548
-1.32269
-1.31991
-1.31713
-1.31437
-1.31162
-1.30888
-1.30616
-1.30347
-1.3008
-1.29815
-1.29552
-1.29293
-1.29037
-1.28785
-1.28536
-1.28291
-1.2805
-1.27813
-1.27581
-1.27355
-1.27132
-1.26915
-1.26703
-1.26497
-1.26297
-1.26102
-1.25913
-1.25731
-1.25555
-1.25385
-1.25221
-1.25065
-1.24915
-1.24772
-1.24636
-1.24507
-1.24385
-1.24271
-1.24163
-1.24063
-1.2397
-1.23884
-1.23806
-1.23734
-1.23669
-1.23612
-1.23562
-1.23518
-1.23481
-1.23451
-1.23428
-1.23411
-1.23399
-1.23393
-1.23393
-1.23398
-1.23408
-1.23423
-1.23443
-1.23465
-1.23491
-1.23521
-1.23552
-1.23586
-1.23621
-1.23657
-1.23692
-1.23727
-1.23761
-1.23792
-1.23822
-1.23847
-1.23868
-0.699888
-0.694247
-0.688676
-0.683182
-0.677775
-0.67246
-0.667245
-0.662136
-0.657143
-0.652274
-0.647534
-0.642931
-0.638475
-0.634173
-0.630033
-0.626066
-0.622275
-0.618669
-0.615256
-0.612046
-0.609046
-0.606261
-0.603701
-0.601371
-0.59928
-0.597433
-0.595834
-0.594495
-0.593414
-0.5926
-0.592055
-0.591786
-0.591795
-0.592086
-0.59266
-0.593521
-0.594668
-0.596104
-0.597829
-0.599842
-0.602143
-0.60473
-0.6076
-0.610755
-0.614189
-0.617899
-0.621881
-0.62613
-0.630644
-0.635419
-0.640444
-0.645715
-0.651229
-0.656976
-0.662952
-0.669149
-0.675562
-0.68218
-0.688998
-0.696009
-0.703205
-0.710578
-0.71812
-0.725825
-0.733684
-0.741687
-0.749831
-0.758106
-0.766503
-0.775017
-0.783641
-0.792366
-0.801185
-0.810089
-0.81907
-0.828126
-0.837247
-0.846426
-0.855661
-0.864938
-0.874255
-0.883604
-0.89298
-0.902376
-0.911787
-0.921207
-0.930629
-0.940046
-0.949458
-0.958857
-0.968241
-0.977599
-0.986927
-0.996222
-1.00548
-1.01469
-1.02386
-1.03298
-1.04204
-1.05104
-1.05998
-1.06886
-1.07766
-1.08639
-1.09504
-1.1036
-1.11209
-1.12048
-1.12879
-1.137
-1.14511
-1.15313
-1.16105
-1.16886
-1.17656
-1.18416
-1.19164
-1.19902
-1.20628
-1.21343
-1.22045
-1.22736
-1.23415
-1.24081
-1.24735
-1.25376
-1.26006
-1.26622
-1.27225
-1.27816
-1.28393
-1.28958
-1.2951
-1.30048
-1.30573
-1.31085
-1.31584
-1.3207
-1.32542
-1.33002
-1.33448
-1.3388
-1.343
-1.34706
-1.35099
-1.35479
-1.35846
-1.362
-1.3654
-1.36868
-1.37183
-1.37485
-1.37774
-1.38051
-1.38315
-1.38566
-1.38805
-1.39031
-1.39245
-1.39447
-1.39637
-1.39815
-1.39981
-1.40135
-1.40277
-1.40408
-1.40527
-1.40635
-1.40732
-1.40817
-1.40892
-1.40956
-1.41008
-1.41051
-1.41082
-1.41104
-1.41115
-1.41116
-1.41107
-1.41089
-1.41061
-1.41023
-1.40975
-1.40919
-1.40854
-1.4078
-1.40697
-1.40605
-1.40506
-1.40398
-1.40282
-1.40158
-1.40026
-1.39887
-1.39741
-1.39587
-1.39427
-1.3926
-1.39086
-1.38906
-1.38719
-1.38527
-1.38329
-1.38126
-1.37917
-1.37703
-1.37484
-1.3726
-1.37032
-1.368
-1.36563
-1.36323
-1.36079
-1.35831
-1.35581
-1.35327
-1.35071
-1.34813
-1.34552
-1.34289
-1.34025
-1.33759
-1.33491
-1.33223
-1.32954
-1.32685
-1.32415
-1.32145
-1.31876
-1.31607
-1.31338
-1.31071
-1.30805
-1.30539
-1.30277
-1.30015
-1.29756
-1.295
-1.29246
-1.28995
-1.28746
-1.28502
-1.28261
-1.28023
-1.2779
-1.27561
-1.27336
-1.27116
-1.26901
-1.26691
-1.26486
-1.26286
-1.26093
-1.25904
-1.25722
-1.25546
-1.25376
-1.25212
-1.25055
-1.24904
-1.2476
-1.24623
-1.24493
-1.2437
-1.24254
-1.24145
-1.24043
-1.23948
-1.2386
-1.2378
-1.23707
-1.23641
-1.23582
-1.2353
-1.23485
-1.23447
-1.23416
-1.23391
-1.23373
-1.23361
-1.23355
-1.23355
-1.2336
-1.23371
-1.23387
-1.23407
-1.23432
-1.23461
-1.23493
-1.23528
-1.23566
-1.23605
-1.23646
-1.23687
-1.23728
-1.23769
-1.23808
-1.23846
-1.2388
-1.23911
-1.23937
-0.713073
-0.707431
-0.701854
-0.696352
-0.690931
-0.685599
-0.680361
-0.675225
-0.670199
-0.665292
-0.660508
-0.655856
-0.651344
-0.646983
-0.642775
-0.638731
-0.634856
-0.631161
-0.627654
-0.624341
-0.62123
-0.618327
-0.61564
-0.613178
-0.610944
-0.608946
-0.607194
-0.605686
-0.604432
-0.603436
-0.602703
-0.602237
-0.602042
-0.602122
-0.602479
-0.603115
-0.604032
-0.605232
-0.606714
-0.60848
-0.610528
-0.612856
-0.615466
-0.618355
-0.62152
-0.624957
-0.628665
-0.632637
-0.636871
-0.641365
-0.646108
-0.651097
-0.656326
-0.66179
-0.667482
-0.673397
-0.679526
-0.685863
-0.692401
-0.699133
-0.706051
-0.713149
-0.720418
-0.727851
-0.73544
-0.743178
-0.751057
-0.759069
-0.767209
-0.775467
-0.783836
-0.79231
-0.80088
-0.809539
-0.81828
-0.827099
-0.835983
-0.844933
-0.853935
-0.862986
-0.872078
-0.881207
-0.890364
-0.899545
-0.90874
-0.917952
-0.927167
-0.936383
-0.945595
-0.954795
-0.963981
-0.973148
-0.982287
-0.991396
-1.00047
-1.0095
-1.01849
-1.02743
-1.03632
-1.04515
-1.05392
-1.06263
-1.07127
-1.07984
-1.08833
-1.09675
-1.10508
-1.11333
-1.12149
-1.12956
-1.13753
-1.14542
-1.1532
-1.16088
-1.16846
-1.17594
-1.1833
-1.19056
-1.19771
-1.20474
-1.21166
-1.21847
-1.22515
-1.23172
-1.23816
-1.24449
-1.25069
-1.25677
-1.26273
-1.26856
-1.27426
-1.27984
-1.28529
-1.29062
-1.29581
-1.30088
-1.30582
-1.31063
-1.31531
-1.31986
-1.32429
-1.32858
-1.33275
-1.33679
-1.3407
-1.34448
-1.34814
-1.35167
-1.35507
-1.35834
-1.36149
-1.36452
-1.36742
-1.37019
-1.37285
-1.37538
-1.37779
-1.38008
-1.38225
-1.3843
-1.38623
-1.38804
-1.38974
-1.39132
-1.39279
-1.39415
-1.39539
-1.39652
-1.39754
-1.39846
-1.39926
-1.39996
-1.40056
-1.40105
-1.40143
-1.40172
-1.40191
-1.40199
-1.40198
-1.40188
-1.40168
-1.40138
-1.40099
-1.40052
-1.39995
-1.3993
-1.39857
-1.39774
-1.39684
-1.39585
-1.39479
-1.39365
-1.39243
-1.39113
-1.38977
-1.38834
-1.38683
-1.38527
-1.38363
-1.38193
-1.38017
-1.37835
-1.37648
-1.37455
-1.37257
-1.37053
-1.36844
-1.36631
-1.36414
-1.36191
-1.35965
-1.35736
-1.35502
-1.35265
-1.35025
-1.34782
-1.34536
-1.34287
-1.34037
-1.33784
-1.3353
-1.33274
-1.33017
-1.32758
-1.32499
-1.32239
-1.31979
-1.31719
-1.31459
-1.31199
-1.3094
-1.30681
-1.30424
-1.30168
-1.29913
-1.29661
-1.29411
-1.29162
-1.28917
-1.28674
-1.28434
-1.28197
-1.27964
-1.27734
-1.27509
-1.27287
-1.27069
-1.26857
-1.26649
-1.26446
-1.26248
-1.26056
-1.25869
-1.25687
-1.25511
-1.25342
-1.25178
-1.25021
-1.2487
-1.24725
-1.24588
-1.24457
-1.24333
-1.24215
-1.24105
-1.24002
-1.23906
-1.23817
-1.23735
-1.23661
-1.23594
-1.23533
-1.2348
-1.23434
-1.23395
-1.23363
-1.23337
-1.23318
-1.23306
-1.233
-1.233
-1.23306
-1.23318
-1.23335
-1.23357
-1.23384
-1.23415
-1.23449
-1.23488
-1.23529
-1.23574
-1.23619
-1.23666
-1.23714
-1.23761
-1.23809
-1.23854
-1.23898
-1.23939
-1.23975
-1.24007
-0.726114
-0.720465
-0.714882
-0.709368
-0.703932
-0.698578
-0.693315
-0.688149
-0.68309
-0.67814
-0.67331
-0.668608
-0.66404
-0.659613
-0.655335
-0.651214
-0.647258
-0.643474
-0.639869
-0.636452
-0.633229
-0.630207
-0.627394
-0.624797
-0.622424
-0.620277
-0.618364
-0.616692
-0.615265
-0.614089
-0.613168
-0.612507
-0.61211
-0.61198
-0.61212
-0.612533
-0.613221
-0.614185
-0.615426
-0.616945
-0.618739
-0.620812
-0.623161
-0.625785
-0.628681
-0.631846
-0.635278
-0.638973
-0.642928
-0.647136
-0.651599
-0.656303
-0.661248
-0.666426
-0.671833
-0.677462
-0.683306
-0.689359
-0.695614
-0.702065
-0.708702
-0.715521
-0.722513
-0.729671
-0.736987
-0.744455
-0.752065
-0.759813
-0.767689
-0.775687
-0.783799
-0.792017
-0.800333
-0.808743
-0.817239
-0.825818
-0.834464
-0.843173
-0.851942
-0.860761
-0.869626
-0.878528
-0.887461
-0.896423
-0.905404
-0.914402
-0.923407
-0.932416
-0.941423
-0.950422
-0.959409
-0.968381
-0.977327
-0.986245
-0.995131
-1.00398
-1.01279
-1.02155
-1.03026
-1.03892
-1.04752
-1.05606
-1.06454
-1.07294
-1.08128
-1.08954
-1.09772
-1.10582
-1.11384
-1.12177
-1.1296
-1.13735
-1.145
-1.15255
-1.16
-1.16736
-1.1746
-1.18174
-1.18878
-1.1957
-1.20252
-1.20922
-1.2158
-1.22227
-1.22863
-1.23486
-1.24098
-1.24698
-1.25286
-1.25861
-1.26425
-1.26976
-1.27515
-1.28042
-1.28556
-1.29057
-1.29546
-1.30023
-1.30487
-1.30939
-1.31378
-1.31805
-1.32219
-1.3262
-1.33009
-1.33386
-1.33751
-1.34103
-1.34442
-1.3477
-1.35085
-1.35388
-1.35679
-1.35958
-1.36225
-1.3648
-1.36723
-1.36955
-1.37175
-1.37383
-1.3758
-1.37765
-1.37939
-1.38102
-1.38253
-1.38393
-1.38523
-1.38641
-1.38749
-1.38847
-1.38933
-1.3901
-1.39076
-1.39132
-1.39177
-1.39213
-1.39239
-1.39256
-1.39263
-1.3926
-1.39248
-1.39227
-1.39197
-1.39158
-1.39111
-1.39055
-1.3899
-1.38917
-1.38836
-1.38747
-1.3865
-1.38546
-1.38434
-1.38314
-1.38188
-1.38054
-1.37914
-1.37767
-1.37614
-1.37455
-1.37289
-1.37118
-1.36941
-1.36758
-1.3657
-1.36377
-1.36179
-1.35977
-1.3577
-1.35558
-1.35343
-1.35123
-1.349
-1.34673
-1.34444
-1.34211
-1.33976
-1.33738
-1.33497
-1.33255
-1.33011
-1.32765
-1.32517
-1.32269
-1.3202
-1.3177
-1.31519
-1.31268
-1.31018
-1.30767
-1.30517
-1.30268
-1.3002
-1.29773
-1.29527
-1.29283
-1.29042
-1.28802
-1.28565
-1.28331
-1.28099
-1.2787
-1.27645
-1.27424
-1.27205
-1.26992
-1.26782
-1.26577
-1.26376
-1.26181
-1.2599
-1.25804
-1.25624
-1.2545
-1.25281
-1.25118
-1.24961
-1.2481
-1.24666
-1.24528
-1.24397
-1.24272
-1.24154
-1.24043
-1.23939
-1.23842
-1.23752
-1.23669
-1.23594
-1.23525
-1.23464
-1.2341
-1.23363
-1.23323
-1.2329
-1.23264
-1.23244
-1.23232
-1.23226
-1.23227
-1.23233
-1.23246
-1.23264
-1.23287
-1.23316
-1.2335
-1.23387
-1.23429
-1.23475
-1.23523
-1.23574
-1.23627
-1.23681
-1.23736
-1.23791
-1.23845
-1.23898
-1.23949
-1.23996
-1.2404
-1.24078
-0.739006
-0.733352
-0.727758
-0.72223
-0.716774
-0.711397
-0.706106
-0.700908
-0.695812
-0.690823
-0.685944
-0.681187
-0.676559
-0.672065
-0.667718
-0.663519
-0.659479
-0.655603
-0.6519
-0.648378
-0.645043
-0.641902
-0.638963
-0.636234
-0.633716
-0.63142
-0.62935
-0.627513
-0.625914
-0.624559
-0.62345
-0.622595
-0.621997
-0.621658
-0.621583
-0.621774
-0.622232
-0.622962
-0.623963
-0.625233
-0.626778
-0.628595
-0.630684
-0.633042
-0.635669
-0.638562
-0.641719
-0.645136
-0.64881
-0.652736
-0.656911
-0.661333
-0.665991
-0.670882
-0.676002
-0.681343
-0.6869
-0.692666
-0.698636
-0.704801
-0.711155
-0.717692
-0.724403
-0.731283
-0.738322
-0.745515
-0.752854
-0.760332
-0.767942
-0.775675
-0.783525
-0.791482
-0.799544
-0.807701
-0.815949
-0.824277
-0.832679
-0.841148
-0.849678
-0.858259
-0.866892
-0.875565
-0.884274
-0.893012
-0.901774
-0.910555
-0.919346
-0.928145
-0.936944
-0.945738
-0.954523
-0.963292
-0.972044
-0.980769
-0.989465
-0.998129
-1.00675
-1.01533
-1.02387
-1.03235
-1.04078
-1.04916
-1.05747
-1.06571
-1.07389
-1.08199
-1.09002
-1.09797
-1.10584
-1.11362
-1.12132
-1.12893
-1.13645
-1.14387
-1.1512
-1.15842
-1.16555
-1.17258
-1.1795
-1.18632
-1.19302
-1.19962
-1.20611
-1.21249
-1.21875
-1.2249
-1.23093
-1.23685
-1.24265
-1.24834
-1.2539
-1.25935
-1.26468
-1.26989
-1.27498
-1.27994
-1.28479
-1.28951
-1.29412
-1.2986
-1.30296
-1.3072
-1.31131
-1.31531
-1.31918
-1.32294
-1.32657
-1.33009
-1.33348
-1.33676
-1.33992
-1.34296
-1.34588
-1.34868
-1.35137
-1.35394
-1.3564
-1.35874
-1.36097
-1.36308
-1.36509
-1.36698
-1.36876
-1.37043
-1.37199
-1.37345
-1.37479
-1.37603
-1.37717
-1.37821
-1.37913
-1.37996
-1.38069
-1.38132
-1.38185
-1.38228
-1.38262
-1.38286
-1.383
-1.38306
-1.38302
-1.3829
-1.38269
-1.38239
-1.382
-1.38153
-1.38097
-1.38034
-1.37962
-1.37883
-1.37796
-1.37701
-1.37599
-1.3749
-1.37373
-1.3725
-1.3712
-1.36983
-1.3684
-1.36691
-1.36536
-1.36375
-1.36208
-1.36036
-1.35859
-1.35677
-1.35489
-1.35297
-1.35101
-1.349
-1.34695
-1.34486
-1.34273
-1.34057
-1.33838
-1.33616
-1.33391
-1.33163
-1.32933
-1.32701
-1.32467
-1.32231
-1.31994
-1.31755
-1.31516
-1.31276
-1.31035
-1.30794
-1.30553
-1.30312
-1.30071
-1.29832
-1.29593
-1.29354
-1.29118
-1.28883
-1.2865
-1.28419
-1.2819
-1.27964
-1.27741
-1.27521
-1.27304
-1.2709
-1.2688
-1.26674
-1.26473
-1.26275
-1.26082
-1.25894
-1.25711
-1.25532
-1.25359
-1.25192
-1.2503
-1.24874
-1.24724
-1.2458
-1.24442
-1.24311
-1.24186
-1.24068
-1.23957
-1.23852
-1.23755
-1.23664
-1.2358
-1.23504
-1.23435
-1.23373
-1.23317
-1.2327
-1.23229
-1.23195
-1.23169
-1.23149
-1.23137
-1.23131
-1.23131
-1.23139
-1.23152
-1.23171
-1.23197
-1.23227
-1.23263
-1.23304
-1.23349
-1.23398
-1.23451
-1.23507
-1.23566
-1.23627
-1.23689
-1.23751
-1.23814
-1.23877
-1.23938
-1.23997
-1.24052
-1.24104
-1.2415
-0.751751
-0.746087
-0.74048
-0.734934
-0.729456
-0.724054
-0.718733
-0.713502
-0.708367
-0.703331
-0.698402
-0.69359
-0.6889
-0.68434
-0.679919
-0.675642
-0.671516
-0.667548
-0.663747
-0.660119
-0.656672
-0.653411
-0.650347
-0.647481
-0.644822
-0.642376
-0.64015
-0.638149
-0.636378
-0.634843
-0.633549
-0.632501
-0.631701
-0.631155
-0.630865
-0.630835
-0.631067
-0.631563
-0.632321
-0.633348
-0.634643
-0.636204
-0.638032
-0.640126
-0.642484
-0.645105
-0.647986
-0.651124
-0.654517
-0.65816
-0.66205
-0.666184
-0.670554
-0.675156
-0.679987
-0.685039
-0.690306
-0.695783
-0.701464
-0.707341
-0.713409
-0.71966
-0.726088
-0.732685
-0.739444
-0.746358
-0.753422
-0.760627
-0.767965
-0.77543
-0.783012
-0.790708
-0.79851
-0.806411
-0.814403
-0.822478
-0.830631
-0.838851
-0.84714
-0.855484
-0.86388
-0.872321
-0.880799
-0.889311
-0.897851
-0.90641
-0.914984
-0.923566
-0.932154
-0.94074
-0.949319
-0.957887
-0.96644
-0.974972
-0.983475
-0.991947
-1.00039
-1.00878
-1.01714
-1.02545
-1.0337
-1.04191
-1.05005
-1.05813
-1.06615
-1.07409
-1.08197
-1.08977
-1.09749
-1.10513
-1.11269
-1.12016
-1.12755
-1.13484
-1.14204
-1.14915
-1.15615
-1.16306
-1.16987
-1.17658
-1.18319
-1.18969
-1.19608
-1.20236
-1.20853
-1.2146
-1.22055
-1.22639
-1.23212
-1.23773
-1.24323
-1.24861
-1.25388
-1.25904
-1.26407
-1.26899
-1.27379
-1.27848
-1.28305
-1.28749
-1.29182
-1.29604
-1.30013
-1.30411
-1.30797
-1.31172
-1.31534
-1.31886
-1.32225
-1.32553
-1.32869
-1.33174
-1.33468
-1.3375
-1.3402
-1.3428
-1.34528
-1.34765
-1.34991
-1.35206
-1.3541
-1.35603
-1.35786
-1.35957
-1.36118
-1.36269
-1.36409
-1.36539
-1.36659
-1.36768
-1.36867
-1.36957
-1.37036
-1.37106
-1.37166
-1.37217
-1.37258
-1.3729
-1.37313
-1.37326
-1.37331
-1.37327
-1.37315
-1.37293
-1.37264
-1.37226
-1.37179
-1.37125
-1.37063
-1.36993
-1.36916
-1.36831
-1.36739
-1.36639
-1.36533
-1.3642
-1.363
-1.36173
-1.36041
-1.35902
-1.35758
-1.35607
-1.35451
-1.3529
-1.35123
-1.34951
-1.34774
-1.34593
-1.34407
-1.34216
-1.34022
-1.33824
-1.33622
-1.33416
-1.33208
-1.32996
-1.32781
-1.32564
-1.32344
-1.32122
-1.31898
-1.31673
-1.31446
-1.31217
-1.30988
-1.30757
-1.30527
-1.30295
-1.30064
-1.29832
-1.29601
-1.29371
-1.29141
-1.28912
-1.28685
-1.28459
-1.28235
-1.28013
-1.27793
-1.27576
-1.27361
-1.27149
-1.2694
-1.26735
-1.26533
-1.26335
-1.26141
-1.25951
-1.25766
-1.25585
-1.25409
-1.25238
-1.25073
-1.24912
-1.24758
-1.24609
-1.24466
-1.24329
-1.24198
-1.24074
-1.23956
-1.23844
-1.23739
-1.23642
-1.23551
-1.23467
-1.2339
-1.2332
-1.23257
-1.23201
-1.23153
-1.23112
-1.23078
-1.23051
-1.23031
-1.23019
-1.23013
-1.23014
-1.23021
-1.23036
-1.23056
-1.23083
-1.23115
-1.23154
-1.23197
-1.23246
-1.23299
-1.23356
-1.23417
-1.23481
-1.23548
-1.23618
-1.23688
-1.23759
-1.23831
-1.23903
-1.23973
-1.2404
-1.24105
-1.24165
-1.24219
-0.764344
-0.758669
-0.753044
-0.747479
-0.741978
-0.736547
-0.731196
-0.725929
-0.720749
-0.715666
-0.710685
-0.705816
-0.701064
-0.696437
-0.691942
-0.687584
-0.683371
-0.67931
-0.67541
-0.671676
-0.668115
-0.664737
-0.661543
-0.658542
-0.655742
-0.653147
-0.650764
-0.6486
-0.646658
-0.644944
-0.643464
-0.642223
-0.641223
-0.64047
-0.639967
-0.639716
-0.639721
-0.639981
-0.640503
-0.641286
-0.642329
-0.643636
-0.645203
-0.647033
-0.649121
-0.651469
-0.654075
-0.656934
-0.660044
-0.663403
-0.667006
-0.670851
-0.674934
-0.679246
-0.683784
-0.688544
-0.69352
-0.698705
-0.704095
-0.709682
-0.715459
-0.721422
-0.727562
-0.733874
-0.740351
-0.746984
-0.753768
-0.760695
-0.767758
-0.774948
-0.782262
-0.789692
-0.797231
-0.804869
-0.812599
-0.820419
-0.828318
-0.836292
-0.844332
-0.852433
-0.860591
-0.868795
-0.87704
-0.885323
-0.893633
-0.901969
-0.910321
-0.918686
-0.927059
-0.935434
-0.943804
-0.952167
-0.960515
-0.968847
-0.977156
-0.985438
-0.993688
-1.0019
-1.01008
-1.01821
-1.02629
-1.03432
-1.04229
-1.05021
-1.05806
-1.06585
-1.07357
-1.08123
-1.0888
-1.0963
-1.10372
-1.11105
-1.1183
-1.12547
-1.13254
-1.13953
-1.14642
-1.15321
-1.15991
-1.16651
-1.17302
-1.17941
-1.18571
-1.1919
-1.19799
-1.20397
-1.20984
-1.2156
-1.22126
-1.2268
-1.23224
-1.23756
-1.24277
-1.24787
-1.25286
-1.25773
-1.26249
-1.26714
-1.27167
-1.27609
-1.28039
-1.28458
-1.28866
-1.29262
-1.29647
-1.3002
-1.30382
-1.30733
-1.31073
-1.31401
-1.31718
-1.32024
-1.32319
-1.32603
-1.32876
-1.33138
-1.33389
-1.33629
-1.33858
-1.34076
-1.34285
-1.34482
-1.34669
-1.34845
-1.35011
-1.35167
-1.35313
-1.35449
-1.35574
-1.3569
-1.35796
-1.35891
-1.35978
-1.36055
-1.36122
-1.3618
-1.36229
-1.36269
-1.363
-1.36322
-1.36335
-1.36339
-1.36336
-1.36323
-1.36302
-1.36273
-1.36237
-1.36192
-1.36139
-1.36079
-1.36011
-1.35936
-1.35854
-1.35764
-1.35668
-1.35565
-1.35455
-1.35339
-1.35217
-1.35089
-1.34955
-1.34815
-1.34669
-1.34518
-1.34362
-1.34201
-1.34034
-1.33864
-1.33688
-1.33509
-1.33325
-1.33137
-1.32946
-1.32751
-1.32553
-1.32351
-1.32147
-1.3194
-1.31731
-1.31519
-1.31306
-1.3109
-1.30873
-1.30655
-1.30435
-1.30215
-1.29994
-1.29773
-1.29551
-1.29329
-1.29108
-1.28887
-1.28666
-1.28447
-1.28228
-1.28012
-1.27797
-1.27583
-1.27372
-1.27163
-1.26957
-1.26753
-1.26553
-1.26356
-1.26163
-1.25973
-1.25786
-1.25605
-1.25427
-1.25254
-1.25085
-1.24922
-1.24764
-1.24611
-1.24464
-1.24322
-1.24186
-1.24056
-1.23933
-1.23815
-1.23704
-1.23599
-1.23502
-1.23411
-1.23326
-1.23249
-1.23179
-1.23116
-1.2306
-1.23011
-1.22969
-1.22935
-1.22908
-1.22888
-1.22875
-1.22869
-1.22871
-1.22879
-1.22894
-1.22916
-1.22944
-1.22978
-1.23019
-1.23064
-1.23116
-1.23173
-1.23234
-1.233
-1.23369
-1.23443
-1.23519
-1.23597
-1.23677
-1.23758
-1.2384
-1.23921
-1.24001
-1.24078
-1.24152
-1.24222
-1.24287
-0.776785
-0.771094
-0.765451
-0.759863
-0.754338
-0.748879
-0.743493
-0.738184
-0.73296
-0.727828
-0.722794
-0.717867
-0.713051
-0.708355
-0.703783
-0.699344
-0.695044
-0.69089
-0.686889
-0.683047
-0.679376
-0.675874
-0.672553
-0.669418
-0.666475
-0.663732
-0.661193
-0.658865
-0.656752
-0.65486
-0.653195
-0.651761
-0.650562
-0.649603
-0.648886
-0.648416
-0.648192
-0.648222
-0.648506
-0.649044
-0.649838
-0.650889
-0.652197
-0.653761
-0.655581
-0.657656
-0.659985
-0.662564
-0.665392
-0.668465
-0.671781
-0.675336
-0.679125
-0.683148
-0.687393
-0.691859
-0.69654
-0.701432
-0.706527
-0.711821
-0.717305
-0.722976
-0.728826
-0.73485
-0.741039
-0.747387
-0.753888
-0.760533
-0.767315
-0.774231
-0.781272
-0.788432
-0.795698
-0.803071
-0.810542
-0.818102
-0.825745
-0.833467
-0.841256
-0.84911
-0.857021
-0.864983
-0.872992
-0.881038
-0.889118
-0.897226
-0.905353
-0.913497
-0.921654
-0.929814
-0.937975
-0.946129
-0.954274
-0.962403
-0.970517
-0.978605
-0.986666
-0.994691
-1.00268
-1.01063
-1.01854
-1.0264
-1.0342
-1.04196
-1.04965
-1.05728
-1.06485
-1.07235
-1.07978
-1.08713
-1.09441
-1.1016
-1.10872
-1.11576
-1.12271
-1.12957
-1.13634
-1.14303
-1.14962
-1.15611
-1.16251
-1.16881
-1.17501
-1.18112
-1.18712
-1.19301
-1.19881
-1.2045
-1.21008
-1.21556
-1.22093
-1.22619
-1.23135
-1.23639
-1.24133
-1.24616
-1.25089
-1.25549
-1.25999
-1.26438
-1.26866
-1.27283
-1.27689
-1.28084
-1.28467
-1.2884
-1.29202
-1.29553
-1.29893
-1.30222
-1.3054
-1.30847
-1.31144
-1.31429
-1.31704
-1.31969
-1.32223
-1.32466
-1.32699
-1.32921
-1.33133
-1.33335
-1.33526
-1.33707
-1.33879
-1.3404
-1.34191
-1.34333
-1.34464
-1.34586
-1.34698
-1.34801
-1.34894
-1.34978
-1.35053
-1.35118
-1.35175
-1.35223
-1.35262
-1.35292
-1.35314
-1.35327
-1.35332
-1.35328
-1.35316
-1.35297
-1.35269
-1.35234
-1.35191
-1.3514
-1.35082
-1.35017
-1.34944
-1.34865
-1.34779
-1.34686
-1.34587
-1.3448
-1.34369
-1.34251
-1.34127
-1.33998
-1.33863
-1.33722
-1.33577
-1.33426
-1.3327
-1.3311
-1.32945
-1.32776
-1.32603
-1.32426
-1.32245
-1.32061
-1.31873
-1.31682
-1.31488
-1.31292
-1.31093
-1.30892
-1.30689
-1.30483
-1.30277
-1.30068
-1.29859
-1.29649
-1.29437
-1.29226
-1.29014
-1.28802
-1.2859
-1.28378
-1.28167
-1.27957
-1.27748
-1.2754
-1.27334
-1.2713
-1.26928
-1.26727
-1.2653
-1.26335
-1.26143
-1.25954
-1.25769
-1.25587
-1.25409
-1.25235
-1.25065
-1.249
-1.24739
-1.24583
-1.24433
-1.24288
-1.24148
-1.24013
-1.23884
-1.23762
-1.23645
-1.23535
-1.23431
-1.23333
-1.23242
-1.23158
-1.23081
-1.2301
-1.22947
-1.22891
-1.22842
-1.228
-1.22766
-1.22738
-1.22718
-1.22705
-1.227
-1.22701
-1.2271
-1.22726
-1.22748
-1.22778
-1.22814
-1.22856
-1.22905
-1.22959
-1.23019
-1.23084
-1.23154
-1.23229
-1.23308
-1.23391
-1.23476
-1.23564
-1.23654
-1.23746
-1.23838
-1.23929
-1.2402
-1.24108
-1.24193
-1.24274
-1.24349
-0.789071
-0.783362
-0.777701
-0.77209
-0.766535
-0.761042
-0.755619
-0.750269
-0.744999
-0.739817
-0.734729
-0.729741
-0.72486
-0.720093
-0.715445
-0.710923
-0.706534
-0.702285
-0.698183
-0.694237
-0.690448
-0.686826
-0.683376
-0.680107
-0.677022
-0.67413
-0.671435
-0.668943
-0.66666
-0.664591
-0.662741
-0.661115
-0.659717
-0.658552
-0.657623
-0.656931
-0.656484
-0.656282
-0.656328
-0.656622
-0.657167
-0.657963
-0.659011
-0.660311
-0.661861
-0.663663
-0.665715
-0.668014
-0.670558
-0.673345
-0.676373
-0.679637
-0.683134
-0.686862
-0.690812
-0.694982
-0.699367
-0.703962
-0.70876
-0.713758
-0.718946
-0.724323
-0.72988
-0.735611
-0.741509
-0.747568
-0.753784
-0.760143
-0.766644
-0.773281
-0.780043
-0.786925
-0.793922
-0.801024
-0.808228
-0.815525
-0.822907
-0.830369
-0.837905
-0.845507
-0.85317
-0.860888
-0.868654
-0.876464
-0.884309
-0.892186
-0.900086
-0.908005
-0.915941
-0.923885
-0.931832
-0.939777
-0.947714
-0.955642
-0.963554
-0.97145
-0.979316
-0.987156
-0.994962
-1.00273
-1.01046
-1.01815
-1.02578
-1.03337
-1.0409
-1.04837
-1.05578
-1.06313
-1.07041
-1.07762
-1.08476
-1.09182
-1.09881
-1.10572
-1.11254
-1.11929
-1.12594
-1.13251
-1.13899
-1.14539
-1.15168
-1.15789
-1.164
-1.17001
-1.17593
-1.18174
-1.18746
-1.19308
-1.19859
-1.204
-1.20931
-1.21452
-1.21962
-1.22462
-1.22951
-1.2343
-1.23898
-1.24356
-1.24803
-1.25239
-1.25665
-1.26079
-1.26483
-1.26877
-1.2726
-1.27632
-1.27994
-1.28345
-1.28685
-1.29015
-1.29334
-1.29643
-1.29941
-1.30229
-1.30507
-1.30774
-1.31031
-1.31277
-1.31513
-1.3174
-1.31956
-1.32162
-1.32358
-1.32544
-1.32721
-1.32887
-1.33044
-1.33192
-1.33329
-1.33458
-1.33576
-1.33686
-1.33786
-1.33877
-1.33959
-1.34032
-1.34097
-1.34153
-1.342
-1.34238
-1.34268
-1.3429
-1.34304
-1.34309
-1.34306
-1.34296
-1.34278
-1.34252
-1.34218
-1.34177
-1.34129
-1.34073
-1.34011
-1.33941
-1.33865
-1.33783
-1.33694
-1.33598
-1.33496
-1.33389
-1.33275
-1.33157
-1.33032
-1.32902
-1.32767
-1.32627
-1.32482
-1.32332
-1.32178
-1.3202
-1.31857
-1.31691
-1.3152
-1.31346
-1.31169
-1.30989
-1.30806
-1.3062
-1.30431
-1.3024
-1.30047
-1.29852
-1.29656
-1.29458
-1.29258
-1.29058
-1.28857
-1.28655
-1.28452
-1.2825
-1.28048
-1.27846
-1.27644
-1.27443
-1.27243
-1.27045
-1.26848
-1.26652
-1.26459
-1.26268
-1.26079
-1.25892
-1.25709
-1.25528
-1.25351
-1.25178
-1.25008
-1.24842
-1.2468
-1.24523
-1.2437
-1.24222
-1.24079
-1.23941
-1.23808
-1.23681
-1.2356
-1.23444
-1.23335
-1.23232
-1.23135
-1.23045
-1.22961
-1.22883
-1.22814
-1.2275
-1.22694
-1.22645
-1.22603
-1.22568
-1.2254
-1.2252
-1.22507
-1.22502
-1.22504
-1.22513
-1.22529
-1.22552
-1.22583
-1.2262
-1.22665
-1.22715
-1.22772
-1.22835
-1.22904
-1.22978
-1.23057
-1.23142
-1.2323
-1.23323
-1.23418
-1.23517
-1.23618
-1.23721
-1.23824
-1.23927
-1.24029
-1.24129
-1.24226
-1.24319
-1.24406
-0.801202
-0.795474
-0.789789
-0.784151
-0.778565
-0.773039
-0.767576
-0.762184
-0.756867
-0.751634
-0.746489
-0.741439
-0.736492
-0.731652
-0.726926
-0.72232
-0.717841
-0.7135
-0.709296
-0.705239
-0.701336
-0.697592
-0.694015
-0.69061
-0.687383
-0.684342
-0.681491
-0.678836
-0.676382
-0.674136
-0.672102
-0.670284
-0.668688
-0.667318
-0.666174
-0.665266
-0.664594
-0.664161
-0.663968
-0.664019
-0.664315
-0.664857
-0.665645
-0.66668
-0.667962
-0.66949
-0.671264
-0.673282
-0.675542
-0.678042
-0.68078
-0.683751
-0.686954
-0.690384
-0.69404
-0.697912
-0.701998
-0.706295
-0.710794
-0.715493
-0.720384
-0.725463
-0.730723
-0.736159
-0.741763
-0.747529
-0.75345
-0.75952
-0.765739
-0.77209
-0.778572
-0.785176
-0.791896
-0.798725
-0.805657
-0.812685
-0.819803
-0.827004
-0.834281
-0.841629
-0.849041
-0.85651
-0.864032
-0.871599
-0.879207
-0.886851
-0.894521
-0.902214
-0.909925
-0.91765
-0.92538
-0.933111
-0.940842
-0.948566
-0.956275
-0.96397
-0.971648
-0.979298
-0.986918
-0.994505
-1.00206
-1.00957
-1.01704
-1.02445
-1.03182
-1.03913
-1.04639
-1.05359
-1.06072
-1.06779
-1.07479
-1.08172
-1.08857
-1.09535
-1.10205
-1.10868
-1.11522
-1.12168
-1.12805
-1.13434
-1.14054
-1.14665
-1.15267
-1.15859
-1.16442
-1.17016
-1.17581
-1.18135
-1.1868
-1.19215
-1.1974
-1.20255
-1.2076
-1.21255
-1.2174
-1.22215
-1.22679
-1.23133
-1.23577
-1.24011
-1.24435
-1.24848
-1.2525
-1.25643
-1.26025
-1.26397
-1.26759
-1.2711
-1.27451
-1.27782
-1.28102
-1.28413
-1.28713
-1.29003
-1.29283
-1.29553
-1.29813
-1.30063
-1.30303
-1.30533
-1.30753
-1.30964
-1.31165
-1.31356
-1.31538
-1.3171
-1.31873
-1.32026
-1.3217
-1.32305
-1.3243
-1.32546
-1.32654
-1.32752
-1.32842
-1.32923
-1.32995
-1.33059
-1.33114
-1.33161
-1.33199
-1.3323
-1.33252
-1.33266
-1.33273
-1.33271
-1.33262
-1.33246
-1.33222
-1.3319
-1.33152
-1.33106
-1.33053
-1.32994
-1.32928
-1.32856
-1.32777
-1.32692
-1.326
-1.32503
-1.324
-1.32291
-1.32177
-1.32058
-1.31933
-1.31804
-1.31669
-1.3153
-1.31387
-1.31239
-1.31087
-1.30931
-1.30772
-1.30608
-1.30442
-1.30272
-1.30099
-1.29923
-1.29745
-1.29564
-1.29382
-1.29197
-1.29011
-1.28823
-1.28633
-1.28443
-1.28252
-1.2806
-1.27867
-1.27674
-1.27482
-1.27289
-1.27097
-1.26905
-1.26715
-1.26526
-1.26337
-1.26151
-1.25967
-1.25784
-1.25604
-1.25426
-1.25251
-1.25079
-1.2491
-1.24745
-1.24583
-1.24425
-1.24271
-1.24122
-1.23977
-1.23837
-1.23701
-1.23571
-1.23446
-1.23326
-1.23212
-1.23104
-1.23002
-1.22906
-1.22816
-1.22733
-1.22656
-1.22586
-1.22523
-1.22467
-1.22418
-1.22375
-1.22341
-1.22313
-1.22293
-1.2228
-1.22274
-1.22276
-1.22286
-1.22302
-1.22326
-1.22358
-1.22396
-1.22442
-1.22495
-1.22554
-1.22619
-1.22691
-1.22769
-1.22853
-1.22942
-1.23036
-1.23135
-1.23238
-1.23344
-1.23453
-1.23566
-1.2368
-1.23795
-1.2391
-1.24025
-1.24138
-1.24248
-1.24354
-1.24454
-0.813175
-0.807426
-0.801715
-0.796048
-0.790429
-0.784868
-0.779365
-0.773928
-0.768563
-0.763276
-0.758073
-0.75296
-0.747945
-0.743031
-0.738226
-0.733536
-0.728969
-0.724528
-0.720222
-0.716056
-0.712037
-0.708172
-0.704466
-0.700926
-0.697558
-0.694367
-0.691361
-0.688542
-0.685919
-0.683496
-0.681277
-0.679269
-0.677475
-0.675897
-0.674544
-0.673418
-0.672521
-0.671857
-0.671427
-0.671235
-0.671281
-0.671569
-0.672097
-0.672867
-0.67388
-0.675135
-0.676631
-0.678368
-0.680343
-0.682556
-0.685003
-0.687681
-0.690588
-0.693721
-0.697075
-0.70065
-0.704435
-0.708428
-0.712626
-0.717024
-0.721614
-0.726392
-0.731352
-0.736489
-0.741794
-0.747262
-0.752891
-0.758676
-0.7646
-0.770664
-0.77686
-0.783181
-0.78962
-0.796172
-0.80283
-0.809587
-0.816437
-0.823373
-0.830388
-0.837478
-0.844635
-0.851853
-0.859126
-0.86645
-0.873816
-0.881221
-0.888659
-0.896124
-0.90361
-0.911112
-0.918621
-0.926139
-0.93366
-0.941175
-0.948684
-0.95618
-0.96366
-0.97112
-0.978555
-0.985962
-0.993333
-1.00067
-1.00796
-1.01522
-1.02242
-1.02957
-1.03668
-1.04372
-1.05071
-1.05763
-1.06449
-1.07129
-1.07801
-1.08466
-1.09125
-1.09775
-1.10418
-1.11053
-1.11679
-1.12298
-1.12908
-1.1351
-1.14103
-1.14687
-1.15262
-1.15828
-1.16385
-1.16933
-1.17471
-1.18
-1.18519
-1.19029
-1.19528
-1.20019
-1.205
-1.20971
-1.21432
-1.21883
-1.22324
-1.22756
-1.23177
-1.23589
-1.2399
-1.24382
-1.24764
-1.25135
-1.25497
-1.25849
-1.26191
-1.26523
-1.26845
-1.27157
-1.27459
-1.27752
-1.28034
-1.28307
-1.2857
-1.28824
-1.29068
-1.29302
-1.29527
-1.29742
-1.29948
-1.30144
-1.30331
-1.30509
-1.30677
-1.30837
-1.30987
-1.31128
-1.3126
-1.31384
-1.31498
-1.31604
-1.31701
-1.3179
-1.3187
-1.31941
-1.32005
-1.3206
-1.32107
-1.32146
-1.32177
-1.322
-1.32216
-1.32224
-1.32224
-1.32216
-1.32202
-1.3218
-1.32152
-1.32116
-1.32073
-1.32024
-1.31968
-1.31905
-1.31837
-1.31762
-1.31681
-1.31594
-1.31501
-1.31403
-1.31299
-1.31191
-1.31077
-1.30958
-1.30834
-1.30705
-1.30572
-1.30435
-1.30294
-1.30148
-1.29999
-1.29846
-1.2969
-1.29531
-1.29368
-1.29203
-1.29035
-1.28865
-1.28692
-1.28518
-1.28342
-1.28164
-1.27984
-1.27804
-1.27623
-1.27441
-1.27258
-1.27075
-1.26892
-1.26709
-1.26526
-1.26344
-1.26162
-1.25982
-1.25803
-1.25626
-1.2545
-1.25276
-1.25105
-1.24936
-1.24769
-1.24606
-1.24445
-1.24288
-1.24134
-1.23984
-1.23838
-1.23697
-1.2356
-1.23427
-1.23299
-1.23177
-1.23059
-1.22947
-1.2284
-1.2274
-1.22645
-1.22556
-1.22474
-1.22398
-1.22328
-1.22265
-1.22209
-1.2216
-1.22118
-1.22083
-1.22055
-1.22035
-1.22022
-1.22016
-1.22018
-1.22028
-1.22045
-1.22069
-1.22101
-1.22141
-1.22187
-1.22241
-1.22302
-1.2237
-1.22444
-1.22525
-1.22613
-1.22706
-1.22805
-1.22909
-1.23019
-1.23132
-1.2325
-1.23371
-1.23496
-1.23622
-1.2375
-1.23878
-1.24006
-1.24133
-1.24257
-1.24377
-1.24492
-0.824988
-0.819215
-0.813477
-0.80778
-0.80213
-0.796529
-0.790984
-0.7855
-0.780085
-0.774744
-0.769481
-0.764305
-0.759219
-0.75423
-0.749345
-0.744572
-0.739911
-0.735373
-0.730963
-0.726688
-0.722553
-0.718566
-0.714731
-0.711056
-0.707545
-0.704206
-0.701043
-0.698063
-0.695269
-0.692669
-0.690267
-0.688068
-0.686074
-0.684294
-0.68273
-0.681386
-0.680265
-0.67937
-0.678703
-0.678268
-0.678066
-0.678101
-0.678369
-0.678875
-0.679618
-0.680599
-0.681817
-0.683272
-0.684961
-0.686884
-0.689039
-0.691422
-0.694032
-0.696866
-0.699919
-0.703192
-0.706674
-0.710364
-0.714258
-0.718351
-0.722637
-0.727112
-0.731768
-0.736603
-0.741608
-0.74678
-0.752113
-0.757598
-0.763229
-0.769001
-0.774908
-0.780943
-0.787099
-0.79337
-0.79975
-0.806231
-0.81281
-0.819477
-0.826228
-0.833055
-0.839954
-0.846918
-0.85394
-0.861016
-0.868139
-0.875304
-0.882506
-0.889739
-0.896995
-0.90427
-0.911562
-0.918863
-0.92617
-0.933479
-0.940783
-0.948079
-0.955362
-0.962633
-0.96988
-0.9771
-0.984292
-0.991451
-0.998576
-1.00566
-1.0127
-1.0197
-1.02664
-1.03353
-1.04037
-1.04716
-1.05388
-1.06054
-1.06714
-1.07367
-1.08012
-1.08651
-1.09283
-1.09907
-1.10523
-1.11131
-1.11732
-1.12325
-1.12909
-1.13484
-1.14051
-1.1461
-1.1516
-1.157
-1.16232
-1.16755
-1.17269
-1.17773
-1.18269
-1.18755
-1.19232
-1.19699
-1.20157
-1.20605
-1.21044
-1.21473
-1.21893
-1.22303
-1.22704
-1.23095
-1.23476
-1.23848
-1.2421
-1.24562
-1.24905
-1.25238
-1.25562
-1.25876
-1.2618
-1.26475
-1.26761
-1.27037
-1.27304
-1.27561
-1.27808
-1.28047
-1.28276
-1.28496
-1.28707
-1.28909
-1.29101
-1.29285
-1.29459
-1.29625
-1.29781
-1.29929
-1.30068
-1.30198
-1.3032
-1.30433
-1.30537
-1.30634
-1.30722
-1.30801
-1.30873
-1.30936
-1.30992
-1.3104
-1.31079
-1.31111
-1.31136
-1.31153
-1.31162
-1.31165
-1.3116
-1.31148
-1.31129
-1.31103
-1.3107
-1.3103
-1.30985
-1.30932
-1.30874
-1.30809
-1.30738
-1.30661
-1.30579
-1.30492
-1.30398
-1.303
-1.30196
-1.30088
-1.29975
-1.29857
-1.29734
-1.29608
-1.29477
-1.29342
-1.29203
-1.29061
-1.28915
-1.28766
-1.28614
-1.28459
-1.28302
-1.28142
-1.27979
-1.27815
-1.27649
-1.27481
-1.27312
-1.27141
-1.2697
-1.26797
-1.26624
-1.26451
-1.26277
-1.26104
-1.25931
-1.25757
-1.25585
-1.25414
-1.25245
-1.25076
-1.24909
-1.24744
-1.24581
-1.24421
-1.24263
-1.24108
-1.23956
-1.23807
-1.23661
-1.23519
-1.23381
-1.23248
-1.23118
-1.22993
-1.22873
-1.22758
-1.22648
-1.22544
-1.22444
-1.22351
-1.22263
-1.22182
-1.22107
-1.22038
-1.21975
-1.21919
-1.2187
-1.21828
-1.21793
-1.21766
-1.21745
-1.21732
-1.21727
-1.21729
-1.21738
-1.21755
-1.2178
-1.21812
-1.21852
-1.21899
-1.21954
-1.22016
-1.22086
-1.22162
-1.22246
-1.22336
-1.22433
-1.22536
-1.22646
-1.2276
-1.22881
-1.23005
-1.23135
-1.23268
-1.23405
-1.23544
-1.23685
-1.23828
-1.2397
-1.24111
-1.2425
-1.24386
-1.24517
-0.83664
-0.830842
-0.825076
-0.819347
-0.813661
-0.80802
-0.802432
-0.796901
-0.791434
-0.786036
-0.780713
-0.775471
-0.770314
-0.765249
-0.760285
-0.755423
-0.75067
-0.746034
-0.74152
-0.737135
-0.732884
-0.728774
-0.72481
-0.720999
-0.717346
-0.713857
-0.710539
-0.707395
-0.704433
-0.701657
-0.699071
-0.696679
-0.69449
-0.692508
-0.690733
-0.689171
-0.687826
-0.6867
-0.685798
-0.68512
-0.68467
-0.684448
-0.684457
-0.684699
-0.685173
-0.685879
-0.686818
-0.68799
-0.689393
-0.691026
-0.692887
-0.694975
-0.697287
-0.699819
-0.702571
-0.705536
-0.708717
-0.712102
-0.715689
-0.719473
-0.723455
-0.727623
-0.731975
-0.736503
-0.741206
-0.746077
-0.751107
-0.756293
-0.761627
-0.767105
-0.772719
-0.778464
-0.784332
-0.79032
-0.796418
-0.802621
-0.808924
-0.815319
-0.821801
-0.828364
-0.835001
-0.841707
-0.848476
-0.855301
-0.862178
-0.8691
-0.876064
-0.883062
-0.890084
-0.897135
-0.904204
-0.911288
-0.918381
-0.925479
-0.932578
-0.939672
-0.94676
-0.953833
-0.960893
-0.967928
-0.97494
-0.981923
-0.988874
-0.995791
-1.00267
-1.0095
-1.0163
-1.02304
-1.02973
-1.03637
-1.04296
-1.04949
-1.05595
-1.06236
-1.0687
-1.07497
-1.08117
-1.08731
-1.09337
-1.09935
-1.10526
-1.1111
-1.11685
-1.12252
-1.12812
-1.13363
-1.13906
-1.1444
-1.14966
-1.15483
-1.15991
-1.16491
-1.16982
-1.17463
-1.17937
-1.184
-1.18855
-1.19301
-1.19737
-1.20165
-1.20583
-1.20992
-1.21391
-1.21782
-1.22163
-1.22535
-1.22897
-1.23251
-1.23595
-1.23929
-1.24255
-1.24571
-1.24878
-1.25175
-1.25464
-1.25743
-1.26013
-1.26274
-1.26526
-1.26769
-1.27003
-1.27227
-1.27443
-1.2765
-1.27848
-1.28037
-1.28217
-1.28389
-1.28552
-1.28706
-1.28852
-1.28989
-1.29118
-1.29239
-1.29351
-1.29455
-1.29551
-1.29639
-1.29719
-1.29791
-1.29855
-1.29911
-1.29959
-1.3
-1.30034
-1.3006
-1.30079
-1.30091
-1.30095
-1.30093
-1.30083
-1.30067
-1.30044
-1.30015
-1.29979
-1.29937
-1.29888
-1.29834
-1.29773
-1.29707
-1.29635
-1.29557
-1.29475
-1.29387
-1.29294
-1.29196
-1.29093
-1.28985
-1.28873
-1.28757
-1.28637
-1.28512
-1.28384
-1.28252
-1.28117
-1.27979
-1.27837
-1.27692
-1.27545
-1.27395
-1.27243
-1.27089
-1.26933
-1.26775
-1.26615
-1.26455
-1.26293
-1.2613
-1.25967
-1.25803
-1.2564
-1.25475
-1.25311
-1.25148
-1.24985
-1.24823
-1.24662
-1.24502
-1.24344
-1.24188
-1.24034
-1.23882
-1.23733
-1.23586
-1.23442
-1.23301
-1.23164
-1.2303
-1.229
-1.22774
-1.22652
-1.22535
-1.22423
-1.22315
-1.22212
-1.22115
-1.22023
-1.21937
-1.21857
-1.21783
-1.21714
-1.21652
-1.21597
-1.21548
-1.21507
-1.21472
-1.21444
-1.21423
-1.2141
-1.21404
-1.21406
-1.21415
-1.21432
-1.21457
-1.21489
-1.21529
-1.21577
-1.21632
-1.21695
-1.21766
-1.21844
-1.2193
-1.22022
-1.22122
-1.22229
-1.22342
-1.22461
-1.22587
-1.22718
-1.22854
-1.22996
-1.23142
-1.23291
-1.23444
-1.23599
-1.23756
-1.23913
-1.2407
-1.24225
-1.24377
-1.24525
-0.84813
-0.842306
-0.83651
-0.830747
-0.825023
-0.819342
-0.813708
-0.808129
-0.802609
-0.797153
-0.791768
-0.786458
-0.78123
-0.77609
-0.771042
-0.766092
-0.761245
-0.756511
-0.751892
-0.747397
-0.743029
-0.738796
-0.734702
-0.730756
-0.72696
-0.723323
-0.719849
-0.716543
-0.713411
-0.710459
-0.707688
-0.705108
-0.702723
-0.700536
-0.698551
-0.696771
-0.695202
-0.693847
-0.692708
-0.691788
-0.691089
-0.690613
-0.690363
-0.69034
-0.690544
-0.690976
-0.691636
-0.692524
-0.69364
-0.694982
-0.69655
-0.698341
-0.700353
-0.702582
-0.70503
-0.707691
-0.71056
-0.713641
-0.716921
-0.720398
-0.724068
-0.727928
-0.731969
-0.736194
-0.74059
-0.745153
-0.74988
-0.754763
-0.759797
-0.764976
-0.770295
-0.775746
-0.781324
-0.787023
-0.792836
-0.798758
-0.804783
-0.810903
-0.817113
-0.823408
-0.829781
-0.836226
-0.842737
-0.84931
-0.855937
-0.862614
-0.869337
-0.876095
-0.882886
-0.889707
-0.896553
-0.903416
-0.910295
-0.917182
-0.924075
-0.930966
-0.937853
-0.944732
-0.951597
-0.958452
-0.965282
-0.972089
-0.978868
-0.985617
-0.99233
-0.999009
-1.00565
-1.01224
-1.01879
-1.02529
-1.03174
-1.03813
-1.04447
-1.05075
-1.05697
-1.06313
-1.06922
-1.07525
-1.0812
-1.08709
-1.09291
-1.09866
-1.10433
-1.10992
-1.11544
-1.12088
-1.12624
-1.13152
-1.13671
-1.14183
-1.14686
-1.15181
-1.15667
-1.16145
-1.16615
-1.17075
-1.17527
-1.1797
-1.18405
-1.1883
-1.19247
-1.19655
-1.20054
-1.20444
-1.20825
-1.21197
-1.2156
-1.21915
-1.2226
-1.22596
-1.22923
-1.23242
-1.23551
-1.23852
-1.24143
-1.24426
-1.24699
-1.24964
-1.2522
-1.25467
-1.25706
-1.25935
-1.26156
-1.26369
-1.26572
-1.26767
-1.26953
-1.27131
-1.27301
-1.27462
-1.27615
-1.27759
-1.27895
-1.28023
-1.28143
-1.28255
-1.28359
-1.28454
-1.28543
-1.28623
-1.28695
-1.2876
-1.28818
-1.28868
-1.2891
-1.28945
-1.28974
-1.28995
-1.29009
-1.29016
-1.29016
-1.2901
-1.28997
-1.28977
-1.28951
-1.28919
-1.28881
-1.28836
-1.28786
-1.2873
-1.28669
-1.28601
-1.28529
-1.28451
-1.28368
-1.28281
-1.28188
-1.28091
-1.2799
-1.27884
-1.27774
-1.2766
-1.27542
-1.27421
-1.27296
-1.27168
-1.27037
-1.26902
-1.26765
-1.26625
-1.26483
-1.26339
-1.26193
-1.26045
-1.25896
-1.25745
-1.25593
-1.2544
-1.25286
-1.25132
-1.24977
-1.24823
-1.24668
-1.24514
-1.2436
-1.24207
-1.24055
-1.23904
-1.23755
-1.23608
-1.23462
-1.23319
-1.23178
-1.23039
-1.22904
-1.22771
-1.22642
-1.22516
-1.22394
-1.22276
-1.22162
-1.22052
-1.21947
-1.21847
-1.21752
-1.21662
-1.21577
-1.21498
-1.21425
-1.21358
-1.21297
-1.21242
-1.21193
-1.21152
-1.21117
-1.21089
-1.21069
-1.21055
-1.21049
-1.2105
-1.21059
-1.21075
-1.211
-1.21132
-1.21172
-1.21219
-1.21275
-1.21338
-1.21409
-1.21488
-1.21575
-1.2167
-1.21771
-1.2188
-1.21997
-1.2212
-1.2225
-1.22387
-1.22528
-1.22677
-1.22831
-1.22989
-1.23152
-1.23319
-1.23488
-1.2366
-1.23833
-1.24006
-1.24178
-1.24348
-1.24514
-0.859458
-0.853605
-0.847777
-0.84198
-0.836216
-0.830493
-0.824813
-0.819183
-0.813608
-0.808093
-0.802645
-0.797267
-0.791967
-0.786748
-0.781616
-0.776578
-0.771638
-0.766804
-0.76208
-0.757473
-0.752989
-0.748632
-0.744409
-0.740326
-0.736388
-0.732602
-0.728971
-0.725502
-0.722202
-0.719071
-0.71612
-0.713351
-0.710768
-0.708378
-0.706183
-0.704187
-0.702395
-0.70081
-0.699434
-0.698272
-0.697326
-0.696596
-0.696087
-0.695798
-0.695732
-0.695889
-0.69627
-0.696875
-0.697703
-0.698754
-0.700026
-0.701519
-0.703229
-0.705157
-0.707299
-0.709653
-0.712215
-0.714982
-0.717953
-0.721119
-0.724478
-0.728024
-0.731759
-0.735671
-0.739757
-0.744012
-0.748432
-0.75301
-0.75774
-0.762618
-0.767637
-0.772792
-0.778076
-0.783484
-0.789009
-0.794646
-0.800388
-0.806231
-0.812166
-0.81819
-0.824295
-0.830476
-0.836728
-0.843045
-0.849421
-0.85585
-0.862327
-0.868845
-0.875404
-0.881995
-0.888614
-0.895256
-0.901918
-0.908592
-0.915276
-0.921963
-0.92865
-0.935333
-0.942009
-0.948674
-0.955326
-0.961955
-0.968562
-0.975143
-0.981693
-0.988211
-0.994696
-1.00114
-1.00754
-1.0139
-1.02022
-1.02648
-1.03269
-1.03885
-1.04495
-1.05099
-1.05698
-1.0629
-1.06876
-1.07455
-1.08028
-1.08594
-1.09152
-1.09704
-1.10248
-1.10785
-1.11314
-1.11836
-1.1235
-1.12856
-1.13354
-1.13844
-1.14327
-1.14801
-1.15267
-1.15724
-1.16174
-1.16615
-1.17047
-1.17471
-1.17886
-1.18293
-1.18692
-1.19082
-1.19463
-1.19835
-1.20199
-1.20555
-1.20902
-1.2124
-1.21569
-1.21889
-1.22201
-1.22505
-1.22799
-1.23085
-1.23363
-1.23632
-1.23892
-1.24144
-1.24387
-1.24622
-1.24848
-1.25065
-1.25274
-1.25475
-1.25668
-1.25852
-1.26028
-1.26196
-1.26355
-1.26507
-1.26651
-1.26786
-1.26913
-1.27033
-1.27145
-1.27249
-1.27345
-1.27434
-1.27515
-1.27588
-1.27655
-1.27713
-1.27765
-1.2781
-1.27847
-1.27877
-1.27901
-1.27917
-1.27927
-1.27931
-1.27928
-1.27918
-1.27902
-1.2788
-1.27851
-1.27817
-1.27777
-1.27732
-1.2768
-1.27623
-1.27561
-1.27494
-1.27421
-1.27344
-1.27262
-1.27175
-1.27084
-1.26989
-1.26889
-1.26786
-1.26678
-1.26567
-1.26452
-1.26335
-1.26213
-1.26089
-1.25962
-1.25833
-1.25701
-1.25567
-1.25431
-1.25293
-1.25153
-1.25012
-1.2487
-1.24726
-1.24582
-1.24437
-1.24292
-1.24147
-1.24001
-1.23856
-1.23711
-1.23567
-1.23425
-1.23283
-1.23142
-1.23003
-1.22866
-1.22731
-1.22599
-1.22468
-1.22341
-1.22216
-1.22095
-1.21977
-1.21863
-1.21752
-1.21646
-1.21544
-1.21446
-1.21353
-1.21265
-1.21182
-1.21105
-1.21033
-1.20967
-1.20907
-1.20853
-1.20805
-1.20764
-1.20729
-1.20701
-1.2068
-1.20666
-1.2066
-1.20661
-1.20669
-1.20685
-1.20709
-1.2074
-1.20779
-1.20827
-1.20882
-1.20945
-1.21016
-1.21095
-1.21182
-1.21278
-1.21381
-1.21492
-1.2161
-1.21736
-1.21869
-1.2201
-1.22156
-1.2231
-1.2247
-1.22636
-1.22808
-1.22984
-1.23165
-1.23349
-1.23536
-1.23725
-1.23915
-1.24105
-1.24294
-1.24479
-0.870623
-0.86474
-0.858878
-0.853045
-0.847241
-0.841473
-0.835745
-0.830063
-0.824433
-0.818859
-0.813348
-0.8079
-0.802524
-0.797226
-0.79201
-0.786882
-0.781848
-0.776913
-0.772084
-0.767365
-0.762762
-0.758282
-0.753929
-0.74971
-0.745629
-0.741693
-0.737907
-0.734276
-0.730804
-0.727499
-0.724365
-0.721407
-0.718628
-0.716034
-0.71363
-0.711418
-0.709403
-0.707589
-0.705978
-0.704574
-0.703378
-0.702396
-0.701627
-0.701074
-0.700738
-0.70062
-0.700721
-0.701042
-0.701581
-0.70234
-0.703318
-0.704509
-0.705918
-0.707543
-0.709378
-0.711423
-0.713675
-0.716131
-0.71879
-0.721641
-0.724685
-0.727922
-0.73134
-0.734939
-0.738713
-0.742657
-0.746766
-0.751036
-0.75546
-0.760034
-0.764751
-0.769606
-0.774592
-0.779706
-0.78494
-0.790288
-0.795746
-0.801307
-0.806964
-0.812714
-0.818549
-0.824464
-0.830454
-0.836512
-0.842634
-0.848809
-0.855041
-0.861321
-0.867643
-0.874002
-0.880395
-0.886814
-0.893255
-0.899714
-0.906186
-0.912668
-0.919156
-0.925644
-0.932128
-0.938606
-0.945077
-0.951528
-0.957963
-0.964374
-0.970762
-0.977123
-0.983452
-0.989751
-0.996007
-1.00223
-1.0084
-1.01454
-1.02062
-1.02666
-1.03264
-1.03858
-1.04445
-1.05027
-1.05603
-1.06173
-1.06736
-1.07294
-1.07844
-1.08388
-1.08925
-1.09455
-1.09978
-1.10494
-1.11002
-1.11503
-1.11996
-1.12482
-1.12961
-1.13431
-1.13894
-1.14348
-1.14795
-1.15234
-1.15665
-1.16087
-1.16502
-1.16908
-1.17306
-1.17696
-1.18077
-1.1845
-1.18815
-1.19172
-1.1952
-1.1986
-1.20192
-1.20515
-1.20829
-1.21136
-1.21434
-1.21723
-1.22004
-1.22277
-1.22542
-1.22798
-1.23046
-1.23286
-1.23517
-1.2374
-1.23955
-1.24162
-1.24361
-1.24552
-1.24734
-1.24909
-1.25075
-1.25234
-1.25385
-1.25528
-1.25663
-1.2579
-1.2591
-1.26022
-1.26127
-1.26224
-1.26313
-1.26396
-1.26471
-1.26539
-1.26599
-1.26653
-1.26699
-1.26739
-1.26772
-1.26798
-1.26818
-1.26831
-1.26838
-1.26838
-1.26832
-1.2682
-1.26801
-1.26777
-1.26747
-1.26712
-1.26671
-1.26624
-1.26572
-1.26515
-1.26453
-1.26386
-1.26314
-1.26238
-1.26157
-1.26072
-1.25983
-1.25889
-1.25792
-1.25691
-1.25587
-1.25479
-1.25368
-1.25254
-1.25137
-1.25018
-1.24896
-1.24772
-1.24646
-1.24517
-1.24388
-1.24256
-1.24123
-1.23989
-1.23855
-1.23719
-1.23583
-1.23447
-1.23311
-1.23175
-1.23039
-1.22904
-1.2277
-1.22637
-1.22505
-1.22375
-1.22246
-1.2212
-1.21995
-1.21873
-1.21754
-1.21637
-1.21524
-1.21414
-1.21307
-1.21204
-1.21105
-1.2101
-1.2092
-1.20834
-1.20754
-1.20678
-1.20607
-1.20542
-1.20483
-1.2043
-1.20382
-1.20341
-1.20307
-1.20279
-1.20258
-1.20244
-1.20237
-1.20237
-1.20244
-1.2026
-1.20283
-1.20313
-1.20352
-1.20398
-1.20452
-1.20515
-1.20585
-1.20664
-1.20751
-1.20846
-1.2095
-1.21062
-1.21181
-1.21309
-1.21444
-1.21587
-1.21737
-1.21895
-1.2206
-1.22232
-1.2241
-1.22595
-1.22784
-1.22979
-1.23178
-1.23381
-1.23587
-1.23795
-1.24003
-1.24211
-1.24416
-0.881623
-0.875708
-0.869814
-0.863941
-0.858095
-0.852281
-0.846505
-0.84077
-0.835082
-0.829449
-0.82387
-0.818352
-0.812901
-0.807523
-0.802222
-0.797004
-0.791874
-0.786838
-0.781902
-0.777071
-0.772351
-0.767746
-0.763264
-0.758908
-0.754684
-0.750599
-0.746657
-0.742861
-0.739222
-0.735742
-0.732425
-0.729278
-0.726304
-0.723507
-0.720893
-0.718465
-0.716228
-0.714185
-0.712339
-0.710694
-0.709251
-0.708014
-0.706986
-0.706168
-0.705562
-0.705169
-0.70499
-0.705028
-0.705279
-0.705743
-0.706422
-0.707316
-0.708423
-0.709741
-0.711268
-0.713003
-0.714943
-0.717085
-0.719427
-0.721965
-0.724697
-0.727615
-0.730718
-0.734
-0.737459
-0.741089
-0.744887
-0.748845
-0.75296
-0.757226
-0.761638
-0.76619
-0.770877
-0.775693
-0.780633
-0.78569
-0.79086
-0.796136
-0.801513
-0.806986
-0.812548
-0.818194
-0.823919
-0.829716
-0.835577
-0.841504
-0.847489
-0.853525
-0.859611
-0.865735
-0.871896
-0.87809
-0.884311
-0.890554
-0.896816
-0.903092
-0.909377
-0.915668
-0.921962
-0.928252
-0.934537
-0.940815
-0.947076
-0.953318
-0.959544
-0.965746
-0.971923
-0.97807
-0.984187
-0.990268
-0.996311
-1.00231
-1.00827
-1.01419
-1.02006
-1.02588
-1.03165
-1.03737
-1.04303
-1.04864
-1.05418
-1.05967
-1.0651
-1.07046
-1.07576
-1.08099
-1.08616
-1.09126
-1.09629
-1.10124
-1.10613
-1.11095
-1.11569
-1.12036
-1.12496
-1.12948
-1.13393
-1.13829
-1.14258
-1.1468
-1.15093
-1.15499
-1.15897
-1.16286
-1.16668
-1.17042
-1.17408
-1.17766
-1.18116
-1.18458
-1.18791
-1.19118
-1.19435
-1.19745
-1.20046
-1.20339
-1.20624
-1.20902
-1.21171
-1.21432
-1.21684
-1.21929
-1.22166
-1.22394
-1.22615
-1.22828
-1.23033
-1.2323
-1.2342
-1.23601
-1.23775
-1.23941
-1.24099
-1.24249
-1.24392
-1.24527
-1.24655
-1.24775
-1.24888
-1.24993
-1.25092
-1.25183
-1.25267
-1.25343
-1.25413
-1.25476
-1.25532
-1.25581
-1.25623
-1.25659
-1.25688
-1.25711
-1.25727
-1.25737
-1.25741
-1.25739
-1.2573
-1.25716
-1.25697
-1.25671
-1.2564
-1.25604
-1.25562
-1.25515
-1.25463
-1.25407
-1.25345
-1.25279
-1.25209
-1.25134
-1.25055
-1.24972
-1.24885
-1.24794
-1.247
-1.24602
-1.24501
-1.24397
-1.2429
-1.24181
-1.24069
-1.23955
-1.23838
-1.2372
-1.23599
-1.23478
-1.23354
-1.2323
-1.23104
-1.22978
-1.22852
-1.22725
-1.22598
-1.2247
-1.22344
-1.22217
-1.22092
-1.21967
-1.21844
-1.21722
-1.21602
-1.21484
-1.21368
-1.21253
-1.21142
-1.21033
-1.20927
-1.20825
-1.20726
-1.2063
-1.20539
-1.20451
-1.20368
-1.2029
-1.20216
-1.20147
-1.20084
-1.20025
-1.19973
-1.19926
-1.19886
-1.19851
-1.19823
-1.19802
-1.19787
-1.1978
-1.19779
-1.19786
-1.198
-1.19822
-1.19851
-1.19889
-1.19934
-1.19987
-1.20048
-1.20118
-1.20196
-1.20282
-1.20376
-1.20479
-1.20591
-1.20711
-1.20839
-1.20975
-1.2112
-1.21272
-1.21432
-1.21601
-1.21776
-1.2196
-1.2215
-1.22347
-1.2255
-1.22759
-1.22973
-1.23191
-1.23414
-1.23639
-1.23866
-1.24093
-1.24321
-0.892458
-0.88651
-0.880579
-0.874667
-0.868778
-0.862917
-0.857091
-0.851302
-0.845558
-0.83986
-0.834213
-0.828624
-0.823097
-0.817638
-0.812252
-0.806943
-0.801717
-0.79658
-0.791537
-0.786593
-0.781754
-0.777025
-0.772412
-0.76792
-0.763553
-0.759318
-0.755219
-0.751263
-0.747455
-0.743799
-0.7403
-0.736964
-0.733794
-0.730795
-0.727972
-0.725329
-0.72287
-0.720598
-0.718517
-0.716631
-0.714941
-0.713451
-0.712164
-0.711082
-0.710208
-0.70954
-0.709079
-0.70883
-0.70879
-0.708963
-0.709346
-0.70994
-0.710743
-0.711754
-0.712973
-0.714396
-0.716023
-0.71785
-0.719873
-0.722095
-0.72451
-0.72711
-0.729895
-0.73286
-0.736001
-0.739314
-0.742796
-0.746441
-0.750244
-0.754199
-0.758303
-0.76255
-0.766933
-0.771449
-0.776092
-0.780855
-0.785735
-0.790724
-0.795818
-0.80101
-0.806297
-0.811671
-0.817127
-0.822659
-0.828265
-0.833937
-0.839675
-0.845466
-0.851308
-0.857197
-0.863126
-0.869093
-0.875093
-0.881119
-0.887169
-0.893237
-0.899321
-0.905415
-0.911513
-0.917616
-0.92372
-0.929816
-0.935908
-0.941986
-0.948048
-0.954093
-0.960117
-0.966116
-0.972089
-0.978032
-0.983942
-0.989814
-0.995651
-1.00145
-1.0072
-1.01292
-1.01858
-1.0242
-1.02976
-1.03528
-1.04074
-1.04614
-1.05149
-1.05678
-1.06201
-1.06718
-1.07228
-1.07732
-1.0823
-1.08721
-1.09206
-1.09683
-1.10154
-1.10618
-1.11074
-1.11524
-1.11966
-1.12401
-1.12828
-1.13249
-1.13661
-1.14067
-1.14464
-1.14854
-1.15237
-1.15612
-1.15979
-1.16338
-1.1669
-1.17034
-1.1737
-1.17699
-1.1802
-1.18332
-1.18637
-1.18934
-1.19223
-1.19505
-1.19778
-1.20044
-1.20302
-1.20552
-1.20794
-1.21028
-1.21255
-1.21474
-1.21686
-1.21889
-1.22085
-1.22273
-1.22454
-1.22627
-1.22792
-1.2295
-1.23101
-1.23244
-1.2338
-1.23509
-1.2363
-1.23744
-1.2385
-1.2395
-1.24043
-1.24128
-1.24207
-1.24279
-1.24344
-1.24402
-1.24454
-1.24499
-1.24538
-1.2457
-1.24597
-1.24616
-1.2463
-1.24638
-1.2464
-1.24635
-1.24626
-1.2461
-1.24589
-1.24563
-1.24532
-1.24495
-1.24453
-1.24407
-1.24355
-1.24299
-1.24239
-1.24174
-1.24106
-1.24033
-1.23956
-1.23875
-1.23791
-1.23703
-1.23612
-1.23519
-1.23422
-1.23322
-1.2322
-1.23115
-1.23009
-1.229
-1.22789
-1.22676
-1.22563
-1.22448
-1.22332
-1.22215
-1.22097
-1.2198
-1.21861
-1.21743
-1.21625
-1.21508
-1.21391
-1.21275
-1.2116
-1.21046
-1.20934
-1.20824
-1.20715
-1.20609
-1.20506
-1.20405
-1.20306
-1.20211
-1.2012
-1.20032
-1.19947
-1.19867
-1.19791
-1.19719
-1.19653
-1.19591
-1.19534
-1.19482
-1.19436
-1.19396
-1.19362
-1.19334
-1.19312
-1.19297
-1.19288
-1.19287
-1.19293
-1.19306
-1.19327
-1.19355
-1.19391
-1.19434
-1.19486
-1.19546
-1.19613
-1.1969
-1.19774
-1.19867
-1.19969
-1.20079
-1.20198
-1.20326
-1.20462
-1.20607
-1.2076
-1.20921
-1.21091
-1.2127
-1.21456
-1.2165
-1.21852
-1.22061
-1.22277
-1.225
-1.22729
-1.22963
-1.23202
-1.23444
-1.2369
-1.23938
-1.24186
-0.903126
-0.897145
-0.891175
-0.885222
-0.879289
-0.873381
-0.867502
-0.86166
-0.855855
-0.850093
-0.844379
-0.838717
-0.833114
-0.827573
-0.8221
-0.816699
-0.811376
-0.806138
-0.800987
-0.79593
-0.790972
-0.786119
-0.781375
-0.776746
-0.772236
-0.76785
-0.763597
-0.759479
-0.755502
-0.751671
-0.74799
-0.744465
-0.7411
-0.7379
-0.734869
-0.732011
-0.72933
-0.72683
-0.724514
-0.722386
-0.72045
-0.718709
-0.717163
-0.715817
-0.714669
-0.713726
-0.712988
-0.712453
-0.712124
-0.712003
-0.71209
-0.712382
-0.71288
-0.713584
-0.714492
-0.715603
-0.716916
-0.718426
-0.720134
-0.722034
-0.724129
-0.72641
-0.728874
-0.73152
-0.734342
-0.737336
-0.740499
-0.743828
-0.747316
-0.750958
-0.754752
-0.75869
-0.762768
-0.766981
-0.771323
-0.77579
-0.780375
-0.785075
-0.789883
-0.794794
-0.799802
-0.8049
-0.810085
-0.815354
-0.820701
-0.826117
-0.831601
-0.837145
-0.842745
-0.848395
-0.854092
-0.859831
-0.865607
-0.871413
-0.87725
-0.883111
-0.888991
-0.894887
-0.900795
-0.90671
-0.912628
-0.91855
-0.924467
-0.93038
-0.93628
-0.942167
-0.948039
-0.95389
-0.95972
-0.965525
-0.971302
-0.977049
-0.982761
-0.98844
-0.994081
-0.999684
-1.00525
-1.01077
-1.01624
-1.02166
-1.02704
-1.03236
-1.03763
-1.04285
-1.04801
-1.05311
-1.05816
-1.06315
-1.06807
-1.07293
-1.07773
-1.08247
-1.08714
-1.09175
-1.09629
-1.10076
-1.10516
-1.10949
-1.11376
-1.11795
-1.12207
-1.12612
-1.1301
-1.134
-1.13784
-1.1416
-1.14528
-1.14889
-1.15243
-1.15589
-1.15928
-1.16259
-1.16583
-1.16899
-1.17207
-1.17508
-1.17802
-1.18087
-1.18365
-1.18636
-1.18899
-1.19155
-1.19402
-1.19643
-1.19875
-1.20101
-1.20318
-1.20528
-1.20731
-1.20926
-1.21114
-1.21294
-1.21467
-1.21633
-1.21791
-1.21942
-1.22086
-1.22222
-1.22352
-1.22474
-1.2259
-1.22698
-1.22799
-1.22894
-1.22982
-1.23063
-1.23137
-1.23205
-1.23266
-1.2332
-1.23369
-1.23411
-1.23447
-1.23476
-1.235
-1.23517
-1.23529
-1.23535
-1.23535
-1.2353
-1.23519
-1.23503
-1.23481
-1.23455
-1.23423
-1.23386
-1.23345
-1.233
-1.23249
-1.23195
-1.23136
-1.23073
-1.23006
-1.22936
-1.22862
-1.22784
-1.22703
-1.22619
-1.22532
-1.22442
-1.2235
-1.22255
-1.22157
-1.22058
-1.21956
-1.21854
-1.21749
-1.21644
-1.21537
-1.21429
-1.21321
-1.21212
-1.21102
-1.20993
-1.20884
-1.20775
-1.20666
-1.20559
-1.20452
-1.20347
-1.20242
-1.2014
-1.2004
-1.19941
-1.19845
-1.19751
-1.19661
-1.19573
-1.19489
-1.19408
-1.19331
-1.19257
-1.19188
-1.19123
-1.19063
-1.19008
-1.18957
-1.18912
-1.18873
-1.18839
-1.18811
-1.18789
-1.18773
-1.18764
-1.18762
-1.18766
-1.18778
-1.18797
-1.18824
-1.18858
-1.189
-1.18949
-1.19007
-1.19073
-1.19147
-1.19229
-1.1932
-1.1942
-1.19528
-1.19646
-1.19772
-1.19907
-1.2005
-1.20203
-1.20365
-1.20534
-1.20713
-1.20901
-1.21097
-1.21302
-1.21515
-1.21735
-1.21964
-1.22199
-1.22442
-1.22691
-1.22946
-1.23206
-1.2347
-1.23738
-1.24008
-0.913627
-0.907611
-0.901602
-0.895606
-0.889627
-0.88367
-0.877741
-0.871841
-0.865975
-0.860148
-0.854365
-0.848631
-0.842949
-0.837326
-0.831766
-0.826273
-0.820853
-0.815511
-0.810253
-0.805083
-0.800006
-0.795027
-0.790152
-0.785386
-0.780731
-0.776198
-0.771789
-0.76751
-0.763364
-0.759358
-0.755496
-0.751783
-0.748223
-0.744822
-0.741582
-0.738509
-0.735607
-0.732881
-0.730332
-0.727963
-0.725781
-0.723784
-0.72198
-0.72037
-0.718954
-0.717736
-0.716716
-0.715898
-0.715281
-0.714866
-0.714654
-0.714644
-0.714838
-0.715234
-0.715831
-0.716629
-0.717624
-0.718817
-0.720206
-0.721785
-0.723556
-0.725518
-0.72766
-0.729983
-0.732484
-0.735159
-0.738001
-0.74101
-0.744181
-0.747509
-0.750988
-0.754615
-0.758385
-0.762292
-0.766332
-0.770499
-0.774789
-0.779197
-0.783716
-0.78834
-0.793067
-0.797889
-0.802806
-0.807807
-0.812888
-0.818046
-0.823274
-0.82857
-0.833924
-0.839335
-0.844798
-0.850307
-0.855859
-0.861449
-0.867072
-0.872724
-0.8784
-0.884098
-0.889812
-0.895538
-0.901274
-0.907017
-0.912761
-0.918508
-0.924246
-0.929975
-0.935695
-0.941402
-0.94709
-0.952756
-0.958401
-0.964022
-0.969613
-0.975174
-0.980703
-0.986197
-0.991658
-0.997077
-1.00246
-1.00779
-1.01308
-1.01833
-1.02352
-1.02867
-1.03376
-1.0388
-1.04379
-1.04872
-1.0536
-1.05842
-1.06318
-1.06788
-1.07252
-1.07709
-1.0816
-1.08605
-1.09044
-1.09475
-1.09901
-1.10319
-1.10731
-1.11136
-1.11534
-1.11925
-1.12309
-1.12686
-1.13056
-1.13419
-1.13775
-1.14123
-1.14465
-1.14799
-1.15126
-1.15445
-1.15757
-1.16062
-1.1636
-1.1665
-1.16933
-1.17209
-1.17477
-1.17738
-1.17991
-1.18237
-1.18476
-1.18707
-1.18931
-1.19148
-1.19358
-1.1956
-1.19755
-1.19942
-1.20123
-1.20296
-1.20462
-1.20621
-1.20773
-1.20918
-1.21055
-1.21186
-1.2131
-1.21427
-1.21537
-1.21641
-1.21738
-1.21828
-1.21911
-1.21988
-1.22059
-1.22123
-1.22181
-1.22232
-1.22278
-1.22317
-1.2235
-1.22378
-1.22399
-1.22415
-1.22425
-1.2243
-1.22429
-1.22423
-1.22411
-1.22395
-1.22373
-1.22347
-1.22316
-1.2228
-1.2224
-1.22195
-1.22146
-1.22093
-1.22037
-1.21976
-1.21912
-1.21844
-1.21773
-1.21699
-1.21621
-1.21541
-1.21458
-1.21373
-1.21285
-1.21195
-1.21103
-1.2101
-1.20914
-1.20818
-1.2072
-1.20622
-1.20522
-1.20422
-1.20321
-1.2022
-1.20119
-1.20019
-1.19919
-1.1982
-1.19721
-1.19624
-1.19527
-1.19433
-1.1934
-1.19249
-1.19161
-1.19075
-1.18991
-1.18911
-1.18833
-1.18759
-1.18689
-1.18622
-1.1856
-1.18501
-1.18448
-1.18399
-1.18355
-1.18316
-1.18282
-1.18254
-1.18232
-1.18216
-1.18206
-1.18203
-1.18207
-1.18217
-1.18234
-1.18259
-1.18291
-1.1833
-1.18378
-1.18433
-1.18496
-1.18568
-1.18648
-1.18736
-1.18833
-1.18939
-1.19053
-1.19177
-1.19309
-1.19451
-1.19602
-1.19762
-1.1993
-1.20108
-1.20295
-1.20492
-1.20697
-1.20911
-1.21134
-1.21366
-1.21605
-1.21853
-1.2211
-1.22373
-1.22643
-1.22919
-1.23201
-1.23488
-1.23779
-0.923961
-0.917906
-0.911857
-0.905819
-0.899793
-0.893788
-0.887804
-0.881846
-0.875919
-0.870026
-0.864173
-0.858364
-0.852604
-0.846898
-0.84125
-0.835664
-0.830147
-0.824702
-0.819335
-0.814051
-0.808854
-0.80375
-0.798744
-0.793839
-0.789044
-0.784362
-0.779797
-0.775356
-0.771042
-0.766861
-0.762818
-0.758917
-0.755163
-0.75156
-0.748115
-0.744828
-0.741705
-0.738751
-0.735968
-0.733358
-0.73093
-0.728683
-0.726621
-0.724747
-0.723062
-0.721568
-0.72027
-0.719166
-0.71826
-0.717552
-0.717041
-0.716731
-0.716619
-0.716706
-0.716991
-0.717474
-0.718153
-0.719027
-0.720094
-0.721353
-0.722801
-0.724436
-0.726257
-0.728257
-0.730434
-0.732785
-0.735306
-0.737994
-0.740846
-0.743855
-0.747019
-0.750332
-0.753791
-0.75739
-0.761125
-0.76499
-0.768982
-0.773094
-0.77732
-0.781659
-0.786103
-0.790649
-0.795289
-0.800016
-0.804833
-0.80973
-0.814703
-0.819748
-0.824859
-0.830029
-0.835256
-0.840535
-0.84586
-0.85123
-0.856638
-0.86208
-0.867552
-0.87305
-0.878572
-0.88411
-0.889663
-0.895227
-0.9008
-0.906375
-0.911954
-0.917528
-0.923095
-0.928653
-0.934198
-0.939729
-0.945243
-0.950736
-0.956208
-0.961654
-0.967071
-0.97246
-0.977816
-0.98314
-0.988422
-0.99367
-0.998877
-1.00404
-1.00917
-1.01424
-1.01927
-1.02426
-1.02919
-1.03407
-1.0389
-1.04367
-1.04839
-1.05305
-1.05766
-1.06221
-1.0667
-1.07112
-1.07549
-1.0798
-1.08404
-1.08822
-1.09233
-1.09638
-1.10036
-1.10428
-1.10813
-1.11192
-1.11564
-1.11928
-1.12286
-1.12637
-1.12982
-1.13319
-1.13649
-1.13972
-1.14288
-1.14597
-1.14899
-1.15194
-1.15482
-1.15762
-1.16036
-1.16302
-1.16561
-1.16813
-1.17058
-1.17295
-1.17526
-1.17749
-1.17966
-1.18175
-1.18377
-1.18572
-1.1876
-1.18941
-1.19115
-1.19282
-1.19442
-1.19595
-1.19741
-1.1988
-1.20013
-1.20138
-1.20257
-1.2037
-1.20475
-1.20575
-1.20667
-1.20754
-1.20833
-1.20907
-1.20974
-1.21035
-1.2109
-1.21139
-1.21182
-1.2122
-1.21251
-1.21276
-1.21297
-1.21311
-1.2132
-1.21324
-1.21322
-1.21316
-1.21305
-1.21288
-1.21267
-1.21241
-1.21211
-1.21176
-1.21137
-1.21094
-1.21047
-1.20997
-1.20942
-1.20884
-1.20823
-1.20758
-1.2069
-1.2062
-1.20546
-1.2047
-1.20392
-1.20311
-1.20229
-1.20145
-1.20058
-1.19971
-1.19882
-1.19793
-1.19702
-1.1961
-1.19518
-1.19426
-1.19333
-1.19241
-1.19149
-1.19058
-1.18967
-1.18878
-1.18789
-1.18703
-1.18617
-1.18534
-1.18453
-1.18374
-1.18297
-1.18224
-1.18153
-1.18086
-1.18022
-1.17962
-1.17906
-1.17854
-1.17806
-1.17764
-1.17725
-1.17693
-1.17665
-1.17643
-1.17626
-1.17616
-1.17612
-1.17614
-1.17623
-1.17638
-1.1766
-1.1769
-1.17728
-1.17772
-1.17825
-1.17885
-1.17954
-1.18031
-1.18116
-1.1821
-1.18312
-1.18423
-1.18543
-1.18672
-1.18811
-1.18959
-1.19116
-1.19282
-1.19457
-1.19642
-1.19836
-1.2004
-1.20254
-1.20476
-1.20709
-1.2095
-1.212
-1.21459
-1.21727
-1.22003
-1.22287
-1.22579
-1.22877
-1.23182
-1.23493
-0.934125
-0.928032
-0.921942
-0.91586
-0.909788
-0.90373
-0.897691
-0.891674
-0.885684
-0.879726
-0.873802
-0.867919
-0.86208
-0.856289
-0.850552
-0.844873
-0.839257
-0.833709
-0.828233
-0.822835
-0.817518
-0.812289
-0.80715
-0.80211
-0.797171
-0.79234
-0.787621
-0.783018
-0.778536
-0.774181
-0.769956
-0.76587
-0.761922
-0.758119
-0.754465
-0.750965
-0.747621
-0.74444
-0.741424
-0.738577
-0.735903
-0.733405
-0.731086
-0.728947
-0.726994
-0.725227
-0.723649
-0.722261
-0.721065
-0.720064
-0.719255
-0.718643
-0.718225
-0.718003
-0.717976
-0.718144
-0.718505
-0.719059
-0.719805
-0.720741
-0.721864
-0.723174
-0.724667
-0.726344
-0.728196
-0.730222
-0.732419
-0.734784
-0.737314
-0.740003
-0.742849
-0.745846
-0.748992
-0.752281
-0.755708
-0.759269
-0.762958
-0.766773
-0.770707
-0.774754
-0.778913
-0.783177
-0.78754
-0.791998
-0.796548
-0.801182
-0.805897
-0.81069
-0.815553
-0.820483
-0.825473
-0.830519
-0.835619
-0.840766
-0.845958
-0.85119
-0.856456
-0.861753
-0.867079
-0.872429
-0.877798
-0.883184
-0.888584
-0.893992
-0.899405
-0.904824
-0.91024
-0.915653
-0.921058
-0.926454
-0.931837
-0.937205
-0.942553
-0.947883
-0.953193
-0.958476
-0.963731
-0.968954
-0.97415
-0.979312
-0.984437
-0.989526
-0.994578
-0.999587
-1.00455
-1.00948
-1.01435
-1.01918
-1.02396
-1.0287
-1.03338
-1.03801
-1.04258
-1.0471
-1.05157
-1.05598
-1.06033
-1.06462
-1.06886
-1.07303
-1.07714
-1.0812
-1.08518
-1.08911
-1.09297
-1.09677
-1.10051
-1.10418
-1.10778
-1.11132
-1.11479
-1.11819
-1.12153
-1.12479
-1.12799
-1.13113
-1.13419
-1.13719
-1.14011
-1.14297
-1.14576
-1.14848
-1.15112
-1.15371
-1.15622
-1.15866
-1.16103
-1.16333
-1.16556
-1.16772
-1.16981
-1.17184
-1.17379
-1.17568
-1.1775
-1.17925
-1.18093
-1.18254
-1.18409
-1.18556
-1.18697
-1.18832
-1.1896
-1.19081
-1.19195
-1.19304
-1.19406
-1.19501
-1.1959
-1.19673
-1.1975
-1.19821
-1.19885
-1.19944
-1.19997
-1.20043
-1.20084
-1.2012
-1.2015
-1.20174
-1.20193
-1.20207
-1.20215
-1.20219
-1.20217
-1.20211
-1.20199
-1.20183
-1.20163
-1.20138
-1.20109
-1.20076
-1.20039
-1.19998
-1.19953
-1.19905
-1.19853
-1.19798
-1.1974
-1.19678
-1.19614
-1.19548
-1.19479
-1.19408
-1.19334
-1.19259
-1.19182
-1.19103
-1.19024
-1.18942
-1.1886
-1.18777
-1.18694
-1.1861
-1.18525
-1.18441
-1.18358
-1.18274
-1.18191
-1.1811
-1.18029
-1.17949
-1.17871
-1.17795
-1.17721
-1.17649
-1.1758
-1.17513
-1.17449
-1.17388
-1.1733
-1.17277
-1.17227
-1.17181
-1.17139
-1.17102
-1.1707
-1.17043
-1.17021
-1.17004
-1.16993
-1.16988
-1.16989
-1.16996
-1.1701
-1.1703
-1.17058
-1.17092
-1.17134
-1.17183
-1.17241
-1.17306
-1.17379
-1.17461
-1.1755
-1.17649
-1.17756
-1.17872
-1.17997
-1.18131
-1.18275
-1.18428
-1.1859
-1.18761
-1.18943
-1.19134
-1.19334
-1.19545
-1.19765
-1.19996
-1.20236
-1.20485
-1.20744
-1.21014
-1.21292
-1.21579
-1.21875
-1.2218
-1.22493
-1.22814
-1.23143
-0.94412
-0.937987
-0.931857
-0.925728
-0.919607
-0.913497
-0.907402
-0.901326
-0.895272
-0.889246
-0.883252
-0.877293
-0.871373
-0.865499
-0.859673
-0.853899
-0.848185
-0.842533
-0.836948
-0.831435
-0.825999
-0.820642
-0.815374
-0.810196
-0.805115
-0.800135
-0.79526
-0.790496
-0.785848
-0.781319
-0.776914
-0.772639
-0.768498
-0.764494
-0.760634
-0.756921
-0.753359
-0.749953
-0.746704
-0.74362
-0.740701
-0.737953
-0.735376
-0.732975
-0.730754
-0.728714
-0.726856
-0.725184
-0.7237
-0.722404
-0.721298
-0.720384
-0.719661
-0.719129
-0.718789
-0.718641
-0.718684
-0.718919
-0.719342
-0.719953
-0.720752
-0.721735
-0.722902
-0.724252
-0.725776
-0.727476
-0.729347
-0.731387
-0.733593
-0.73596
-0.738486
-0.741166
-0.743996
-0.746969
-0.750085
-0.753338
-0.756725
-0.760243
-0.76388
-0.767637
-0.771511
-0.775491
-0.779575
-0.78376
-0.78804
-0.79241
-0.796866
-0.801404
-0.806017
-0.8107
-0.815451
-0.820264
-0.825136
-0.830061
-0.835035
-0.840055
-0.845114
-0.850212
-0.855343
-0.860503
-0.865688
-0.870895
-0.876122
-0.881364
-0.886615
-0.891875
-0.897141
-0.902407
-0.907673
-0.912933
-0.918186
-0.923429
-0.928659
-0.933874
-0.939073
-0.94425
-0.949405
-0.954536
-0.959641
-0.964719
-0.969765
-0.974778
-0.979759
-0.984701
-0.989605
-0.994469
-0.999293
-1.00407
-1.00881
-1.0135
-1.01815
-1.02274
-1.02729
-1.03179
-1.03623
-1.04062
-1.04496
-1.04924
-1.05347
-1.05764
-1.06175
-1.06581
-1.0698
-1.07374
-1.07762
-1.08143
-1.08519
-1.08888
-1.09251
-1.09607
-1.09957
-1.10301
-1.10637
-1.10968
-1.11292
-1.1161
-1.11921
-1.12225
-1.12523
-1.12813
-1.13098
-1.13375
-1.13646
-1.1391
-1.14167
-1.14418
-1.14662
-1.14899
-1.15129
-1.15352
-1.15569
-1.15778
-1.15982
-1.16178
-1.16367
-1.1655
-1.16727
-1.16896
-1.17059
-1.17215
-1.17365
-1.17508
-1.17645
-1.17775
-1.17898
-1.18016
-1.18127
-1.18232
-1.1833
-1.18422
-1.18509
-1.18589
-1.18663
-1.18731
-1.18793
-1.1885
-1.18901
-1.18946
-1.18985
-1.1902
-1.19048
-1.19072
-1.1909
-1.19104
-1.19112
-1.19115
-1.19114
-1.19108
-1.19097
-1.19082
-1.19063
-1.19039
-1.19012
-1.18981
-1.18945
-1.18906
-1.18864
-1.18819
-1.1877
-1.18718
-1.18663
-1.18606
-1.18546
-1.18484
-1.1842
-1.18354
-1.18286
-1.18216
-1.18144
-1.18072
-1.17998
-1.17924
-1.17848
-1.17772
-1.17696
-1.1762
-1.17544
-1.17469
-1.17393
-1.17319
-1.17246
-1.17174
-1.17103
-1.17034
-1.16967
-1.16901
-1.16838
-1.16778
-1.16721
-1.16666
-1.16615
-1.16567
-1.16523
-1.16483
-1.16447
-1.16415
-1.16388
-1.16366
-1.1635
-1.16338
-1.16332
-1.16332
-1.16338
-1.1635
-1.16368
-1.16393
-1.16425
-1.16464
-1.1651
-1.16563
-1.16625
-1.16694
-1.16771
-1.16857
-1.16951
-1.17054
-1.17165
-1.17285
-1.17414
-1.17553
-1.177
-1.17858
-1.18024
-1.182
-1.18387
-1.18583
-1.18789
-1.19005
-1.19231
-1.19467
-1.19713
-1.1997
-1.20236
-1.20513
-1.208
-1.21097
-1.21403
-1.21719
-1.22045
-1.22379
-1.22722
-0.953943
-0.947773
-0.941598
-0.935422
-0.929251
-0.923088
-0.916937
-0.9108
-0.904683
-0.898589
-0.892522
-0.886487
-0.880487
-0.874528
-0.868611
-0.862744
-0.85693
-0.851174
-0.845479
-0.839852
-0.834294
-0.828813
-0.823414
-0.818099
-0.812877
-0.807748
-0.802719
-0.797793
-0.792977
-0.788275
-0.783691
-0.779227
-0.774894
-0.770692
-0.766626
-0.762701
-0.758921
-0.755289
-0.75181
-0.748488
-0.745326
-0.742326
-0.739494
-0.736832
-0.734344
-0.732031
-0.729895
-0.72794
-0.726167
-0.724578
-0.723174
-0.721958
-0.720929
-0.720088
-0.719435
-0.718971
-0.718696
-0.718609
-0.718709
-0.718997
-0.719469
-0.720125
-0.720963
-0.721981
-0.72318
-0.724552
-0.726095
-0.727807
-0.729687
-0.731731
-0.733933
-0.736293
-0.738808
-0.741467
-0.744272
-0.747219
-0.7503
-0.753512
-0.756852
-0.760316
-0.763897
-0.767591
-0.771395
-0.775304
-0.779312
-0.783415
-0.78761
-0.791891
-0.796253
-0.800691
-0.805201
-0.809779
-0.814421
-0.819123
-0.823879
-0.828684
-0.833538
-0.838436
-0.843371
-0.848341
-0.853342
-0.85837
-0.863422
-0.868496
-0.873586
-0.878688
-0.883801
-0.888924
-0.894049
-0.899174
-0.904299
-0.909418
-0.914528
-0.919631
-0.924718
-0.929792
-0.934851
-0.939888
-0.944904
-0.949899
-0.954865
-0.959803
-0.964714
-0.969591
-0.974435
-0.979243
-0.984014
-0.988746
-0.993439
-0.998093
-1.0027
-1.00727
-1.01179
-1.01626
-1.02068
-1.02506
-1.02938
-1.03366
-1.03788
-1.04205
-1.04616
-1.05022
-1.05423
-1.05817
-1.06206
-1.0659
-1.06967
-1.07339
-1.07704
-1.08063
-1.08416
-1.08763
-1.09104
-1.09439
-1.09767
-1.10089
-1.10404
-1.10713
-1.11016
-1.11312
-1.11602
-1.11885
-1.12162
-1.12433
-1.12696
-1.12953
-1.13203
-1.13447
-1.13684
-1.13915
-1.14139
-1.14356
-1.14567
-1.14771
-1.14968
-1.15159
-1.15344
-1.15521
-1.15693
-1.15857
-1.16016
-1.16168
-1.16313
-1.16452
-1.16585
-1.16711
-1.16831
-1.16945
-1.17053
-1.17155
-1.1725
-1.1734
-1.17424
-1.17501
-1.17573
-1.17639
-1.177
-1.17755
-1.17804
-1.17848
-1.17887
-1.1792
-1.17948
-1.17971
-1.17989
-1.18002
-1.18011
-1.18014
-1.18013
-1.18008
-1.17999
-1.17984
-1.17967
-1.17945
-1.17919
-1.1789
-1.17857
-1.17821
-1.17781
-1.17739
-1.17694
-1.17646
-1.17595
-1.17542
-1.17486
-1.17429
-1.17369
-1.17308
-1.17246
-1.17181
-1.17116
-1.1705
-1.16983
-1.16915
-1.16847
-1.16778
-1.1671
-1.16642
-1.16574
-1.16507
-1.16441
-1.16376
-1.16312
-1.1625
-1.1619
-1.16131
-1.16074
-1.1602
-1.15969
-1.15921
-1.15875
-1.15833
-1.15795
-1.1576
-1.15729
-1.15703
-1.15681
-1.15664
-1.15652
-1.15646
-1.15644
-1.15649
-1.15659
-1.15675
-1.15698
-1.15727
-1.15763
-1.15806
-1.15856
-1.15913
-1.15978
-1.1605
-1.16131
-1.1622
-1.16317
-1.16423
-1.16538
-1.16662
-1.16794
-1.16936
-1.17087
-1.17248
-1.17418
-1.17598
-1.17788
-1.17988
-1.18197
-1.18418
-1.18648
-1.18889
-1.1914
-1.19401
-1.19674
-1.19957
-1.2025
-1.20554
-1.20868
-1.21192
-1.21527
-1.21872
-1.22227
